Year,2017
January-2017,00:00:00,01:00:00,02:00:00,03:00:00,04:00:00,05:00:00,06:00:00,07:00:00,08:00:00,09:00:00,10:00:00,11:00:00,12:00:00,13:00:00,14:00:00,15:00:00,16:00:00,17:00:00,18:00:00,19:00:00,20:00:00,21:00:00,22:00:00,23:00:00
"
"
February-2017,00:00:00,01:00:00,02:00:00,03:00:00,04:00:00,05:00:00,06:00:00,07:00:00,08:00:00,09:00:00,10:00:00,11:00:00,12:00:00,13:00:00,14:00:00,15:00:00,16:00:00,17:00:00,18:00:00,19:00:00,20:00:00,21:00:00,22:00:00,23:00:00
"
"
March-2017,00:00:00,01:00:00,02:00:00,03:00:00,04:00:00,05:00:00,06:00:00,07:00:00,08:00:00,09:00:00,10:00:00,11:00:00,12:00:00,13:00:00,14:00:00,15:00:00,16:00:00,17:00:00,18:00:00,19:00:00,20:00:00,21:00:00,22:00:00,23:00:00
"
"
April-2017,00:00:00,01:00:00,02:00:00,03:00:00,04:00:00,05:00:00,06:00:00,07:00:00,08:00:00,09:00:00,10:00:00,11:00:00,12:00:00,13:00:00,14:00:00,15:00:00,16:00:00,17:00:00,18:00:00,19:00:00,20:00:00,21:00:00,22:00:00,23:00:00
"
"
May-2017,00:00:00,01:00:00,02:00:00,03:00:00,04:00:00,05:00:00,06:00:00,07:00:00,08:00:00,09:00:00,10:00:00,11:00:00,12:00:00,13:00:00,14:00:00,15:00:00,16:00:00,17:00:00,18:00:00,19:00:00,20:00:00,21:00:00,22:00:00,23:00:00
"
"
June-2017,00:00:00,01:00:00,02:00:00,03:00:00,04:00:00,05:00:00,06:00:00,07:00:00,08:00:00,09:00:00,10:00:00,11:00:00,12:00:00,13:00:00,14:00:00,15:00:00,16:00:00,17:00:00,18:00:00,19:00:00,20:00:00,21:00:00,22:00:00,23:00:00
"
"
July-2017,00:00:00,01:00:00,02:00:00,03:00:00,04:00:00,05:00:00,06:00:00,07:00:00,08:00:00,09:00:00,10:00:00,11:00:00,12:00:00,13:00:00,14:00:00,15:00:00,16:00:00,17:00:00,18:00:00,19:00:00,20:00:00,21:00:00,22:00:00,23:00:00
1,,,,,,,,,,,,,,,,,,,,,,,,
2,,,,,,,,,,,,,,,,,,,,,,,,
"
"
August-2017,00:00:00,01:00:00,02:00:00,03:00:00,04:00:00,05:00:00,06:00:00,07:00:00,08:00:00,09:00:00,10:00:00,11:00:00,12:00:00,13:00:00,14:00:00,15:00:00,16:00:00,17:00:00,18:00:00,19:00:00,20:00:00,21:00:00,22:00:00,23:00:00
1,,,,,,,,,,,,,,,,,,,,,,,,
2,,,,,,,,,,,,,,,,,,,,,,,,
3,,,,,,,,,,,,,,,,,,,,,,,,
4,,,,,,,,,,,,,,,,,,,,,,,,
5,,,,,,,,,,,,,,,,,,,,,,,,
6,,,,,,,,,,,,,,,,,,,,,,,,
7,,,,,,,,,,,,,,,,,,,,,,,,
8,,,,,,,,,,,,,,,,,,,,,,,,
9,,,,,,,,,,,,,,,,,,,,,,,,
10,,,,,,,,,,,,,,,,,,,,,,,,
11,,,,,,,,,,,,,,,,,,,,,,,,
12,,,,,,,,,,,,,,,,,,,,,,,,
13,,,,,,,,,,,,,,,,,,,,,,,,
14,,,,,,,,,,,,,,,,,,,,,,,,
15,,,,,,,,,,,,,,,,,,,,,,,,
16,,,,,,,,,,,,,,,,,,,,,,,,
17,,,,,,,,,,,,,,,,,,,,,,,,
18,,,,,,,,,,,,,,,,,,,,,,,,
19,,,,,,,,,,,,,,,,,,,,,,,,
20,,,,,,,,,,,,,,,,,,,,,,,,
21,,,,,,,,,,,,,,,,,,,,,,,,
22,,,,,,,,,,,,,,,,,,,,,,,,
23,,,,,,,,,,,,,,,,,,,,,,,,
24,,,,,,,,,,,,,,,,,,,,,,,,
25,,,,,,,,,,,,,,,,,,,,,,,,
26,,,,,,,,,,,,,,,,,,,,,,,,
27,,,,,,,,,,,,,,,,,,,,,,,,
28,,,,,,,,,,,,,,,,,,,,,,,,
29,,,,,,,,,,,,,,,,,,,,,,,,
30,,,,,,,,,,,,,,,,,,,,,,,,
31,,,,,,,,,,,,,,,,,,,,,,,,
"
"
September-2017,00:00:00,01:00:00,02:00:00,03:00:00,04:00:00,05:00:00,06:00:00,07:00:00,08:00:00,09:00:00,10:00:00,11:00:00,12:00:00,13:00:00,14:00:00,15:00:00,16:00:00,17:00:00,18:00:00,19:00:00,20:00:00,21:00:00,22:00:00,23:00:00
1,,,,,,,,,,,,,,,,,,,,,,,,
2,,,,,,,,,,,,,,,,,,,,,,,,
3,,,,,,,,,,,,,,,,,,,,,,,,
4,,,,,,,,,,,,,,,,,,,,,,,,
5,,,,,,,,,,,,,,,,,,,,,,,,
6,,,,,,,,,,,,,,,,,,,,,,,,
7,,,,,,,,,,,,,,,,,,,,,,,,
8,,,,,,,,,,,,,,,,,,,,,,,,
9,,,,,,,,,,,,,,,,,,,,,,,,
10,,,,,,,,,,,,,,,,,,,,,,,,
11,,,,,,,,,,,,,,,,,,,,,,,,
12,,,,,,,,,,,,,,,,,,,,,,,,
13,,,,,,,,,,,,,,,,,,,,,,,,
14,,,,,,,,,,,,,,,,,,,,,,,,
15,,,,,,,,,,,,,,,,,,,,,,,,
16,,,,,,,,,,,,,,,,,,,,,,,,
17,,,,,,,,,,,,,,,,,,,,,,,,
18,,,,,,,,,,,,,,,,,,,,,,,,
19,,,,,,,,,,,,,,,,,,,,,,,,
20,,,,,,,,,,,,,,,,,,,,,,,,
21,,,,,,,,,,,,,,,,,,,,,,,,
22,,,,,,,,,,,,,,,,,,,,,,,,
23,,,,,,,,,,,,,,,,,,,,,,,,
24,,,,,,,,,,,,,,,,,,,,,,,,
25,,,,,,,,,,,,,,,,,,,,,,,,
26,,,,,,,,,,,,,,,,,,,,,,,,
27,,,,,,,,,,,,,,,,,,,,,,,,
28,,,,,,,,,,,,,,,,,,,,,,,,
29,,,,,,,,,,,,,,,,,,,,,,,,
30,,,,,,,,,,,,,,,,,,,,,,,,
"
"
October-2017,00:00:00,01:00:00,02:00:00,03:00:00,04:00:00,05:00:00,06:00:00,07:00:00,08:00:00,09:00:00,10:00:00,11:00:00,12:00:00,13:00:00,14:00:00,15:00:00,16:00:00,17:00:00,18:00:00,19:00:00,20:00:00,21:00:00,22:00:00,23:00:00
1,,,,,,,,,,,,,,,,,,,,,,,,
2,,,,,,,,,,,,,,,,,,,,,,,,
3,,,,,,,,,,,,,,,,,,,,,,,,
4,,,,,,,,,,,,,,,,,,,,,,,,
5,,,,,,,,,,,,,,,,,,,,,,,,
6,,,,,,,,,,,,,,,,,,,,,,,,
7,,,,,,,,,,,,,,,,,,,,,,,,
8,,,,,,,,,,,,,,,,,,,,,,,,
9,,,,,,,,,,,,,,,,,,,,,,,,
10,,,,,,,,,,,,,,,,,,,,,,,,
11,,,,,,,,,,,,,,,,,,,,,,,,
12,,,,,,,,,,,,,,,,,,,,,,,,
13,,,,,,,,,,,,,,,,,,,,,,,,
14,,,,,,,,,,,,,,,,,,,,,,,,
15,,,,,,,,,,,,,,,,,,,,,,,,
16,,,,,,,,,,,,,,,,,,,,,,,,
17,,,130.0,143.0,144.0,,,,,,154.0,116.0,117.0,369.0,301.0,243.0,116.0,,,,,,,
18,,,,,,,,,,143.0,150.0,170.0,127.0,94.0,117.0,,,,115.0,128.0,,,,131.0
19,146.0,142.0,125.0,117.0,119.0,95.0,91.0,93.0,107.0,134.0,100.0,93.0,108.0,109.0,68.0,74.0,77.0,95.0,140.0,124.0,119.0,131.0,132.0,139.0
20,174.0,117.0,111.0,178.0,112.0,113.0,121.0,119.0,274.0,126.0,88.0,90.0,159.0,182.0,219.0,,153.0,149.0,158.0,142.0,147.0,173.0,222.0,188.0
21,167.0,183.0,144.0,159.0,143.0,137.0,138.0,131.0,152.0,154.0,156.0,127.0,154.0,125.0,117.0,117.0,153.0,149.0,145.0,159.0,160.0,,,
22,151.0,148.0,133.0,119.0,121.0,116.0,124.0,122.0,125.0,158.0,149.0,77.0,97.0,82.0,138.0,81.0,118.0,125.0,166.0,149.0,155.0,124.0,140.0,178.0
23,,141.0,121.0,110.0,105.0,104.0,113.0,105.0,114.0,148.0,178.0,178.0,,186.0,178.0,169.0,120.0,96.0,,,,,,182.0
24,193.0,,,,174.0,144.0,154.0,136.0,149.0,137.0,149.0,,,166.0,449.0,359.0,338.0,272.0,272.0,454.0,454.0,454.0,454.0,454.0
25,461.0,465.0,454.0,454.0,473.0,454.0,468.0,500.0,500.0,500.0,500.0,500.0,500.0,500.0,431.0,350.0,,339.0,500.0,500.0,500.0,500.0,500.0,500.0
26,500.0,500.0,500.0,500.0,500.0,500.0,500.0,500.0,500.0,500.0,500.0,500.0,500.0,472.0,500.0,350.0,308.0,303.0,306.0,328.0,500.0,500.0,500.0,412.0
27,362.0,388.0,465.0,366.0,353.0,365.0,358.0,385.0,448.0,500.0,500.0,404.0,,,,,,,308.0,500.0,500.0,500.0,500.0,500.0
28,500.0,500.0,500.0,500.0,500.0,500.0,500.0,500.0,500.0,500.0,500.0,500.0,482.0,379.0,332.0,318.0,317.0,267.0,500.0,440.0,440.0,440.0,440.0,448.0
29,500.0,490.0,440.0,500.0,500.0,500.0,500.0,500.0,500.0,500.0,475.0,383.0,418.0,368.0,358.0,399.0,352.0,446.0,308.0,328.0,368.0,381.0,401.0,432.0
30,500.0,411.0,411.0,500.0,500.0,500.0,500.0,500.0,474.0,500.0,500.0,500.0,429.0,455.0,456.0,345.0,,,,,,,,
31,,,,,,,,,,,,,,,,,,495.0,495.0,495.0,444.0,495.0,500.0,500.0
"
"
November-2017,00:00:00,01:00:00,02:00:00,03:00:00,04:00:00,05:00:00,06:00:00,07:00:00,08:00:00,09:00:00,10:00:00,11:00:00,12:00:00,13:00:00,14:00:00,15:00:00,16:00:00,17:00:00,18:00:00,19:00:00,20:00:00,21:00:00,22:00:00,23:00:00
1.0,500.0,484.0,462.0,399.0,379.0,380.0,405.0,392.0,402.0,384.0,351.0,365.0,,,,,,,,,,,,345.0
2.0,336.0,336.0,300.0,314.0,317.0,324.0,352.0,348.0,365.0,367.0,354.0,375.0,355.0,,,,325.0,312.0,312.0,411.0,411.0,440.0,428.0,414.0
3.0,423.0,500.0,421.0,500.0,500.0,500.0,410.0,451.0,383.0,382.0,382.0,358.0,346.0,339.0,339.0,319.0,323.0,350.0,330.0,340.0,378.0,425.0,482.0,415.0
4.0,500.0,500.0,500.0,461.0,461.0,461.0,416.0,459.0,469.0,500.0,500.0,500.0,392.0,340.0,328.0,309.0,322.0,305.0,332.0,452.0,500.0,500.0,500.0,500.0
5.0,500.0,500.0,500.0,,500.0,500.0,500.0,500.0,500.0,500.0,459.0,500.0,500.0,337.0,314.0,307.0,339.0,342.0,344.0,500.0,500.0,500.0,,500.0
6.0,500.0,500.0,500.0,500.0,500.0,500.0,500.0,500.0,500.0,500.0,500.0,500.0,500.0,462.0,369.0,366.0,415.0,429.0,412.0,412.0,412.0,485.0,500.0,500.0
7.0,500.0,500.0,412.0,412.0,412.0,412.0,412.0,412.0,500.0,500.0,500.0,412.0,,500.0,500.0,500.0,448.0,396.0,423.0,500.0,500.0,112.0,106.0,112.0
8.0,106.0,500.0,500.0,76.0,80.0,500.0,500.0,500.0,500.0,500.0,500.0,500.0,210.0,,,,,,,,,,,
9.0,,,,,500.0,500.0,500.0,500.0,500.0,500.0,500.0,500.0,500.0,500.0,500.0,500.0,490.0,486.0,445.0,500.0,500.0,500.0,500.0,500.0
10.0,500.0,500.0,500.0,500.0,500.0,500.0,500.0,500.0,500.0,500.0,500.0,233.0,197.0,,430.0,338.0,279.0,324.0,346.0,389.0,447.0,500.0,500.0,500.0
11.0,500.0,500.0,500.0,137.0,134.0,500.0,500.0,500.0,500.0,490.0,500.0,500.0,500.0,500.0,500.0,500.0,500.0,500.0,500.0,500.0,500.0,500.0,500.0,500.0
12.0,150.0,115.0,116.0,500.0,500.0,500.0,500.0,500.0,111.0,103.0,141.0,122.0,500.0,500.0,500.0,500.0,500.0,500.0,480.0,500.0,500.0,500.0,500.0,500.0
13.0,500.0,500.0,500.0,500.0,500.0,500.0,500.0,500.0,500.0,500.0,500.0,500.0,500.0,500.0,500.0,486.0,448.0,388.0,363.0,500.0,500.0,500.0,500.0,500.0
14.0,500.0,500.0,457.0,478.0,482.0,500.0,482.0,478.0,466.0,455.0,445.0,445.0,449.0,408.0,405.0,388.0,388.0,390.0,384.0,398.0,424.0,467.0,494.0,484.0
15.0,445.0,405.0,370.0,408.0,,,,,,,392.0,388.0,386.0,398.0,332.0,311.0,313.0,327.0,328.0,370.0,395.0,412.0,448.0,500.0
16.0,498.0,469.0,436.0,428.0,445.0,428.0,416.0,395.0,417.0,429.0,473.0,500.0,415.0,432.0,385.0,332.0,325.0,334.0,327.0,327.0,338.0,381.0,382.0,361.0
17.0,358.0,371.0,379.0,417.0,472.0,417.0,383.0,408.0,412.0,349.0,335.0,333.0,327.0,322.0,308.0,308.0,237.0,187.0,269.0,312.0,314.0,362.0,365.0,
,,,,,,,,,,,,,,,,,,,,,,,,
"
"
December-2017,00:00:00,01:00:00,02:00:00,03:00:00,04:00:00,05:00:00,06:00:00,07:00:00,08:00:00,09:00:00,10:00:00,11:00:00,12:00:00,13:00:00,14:00:00,15:00:00,16:00:00,17:00:00,18:00:00,19:00:00,20:00:00,21:00:00,22:00:00,23:00:00
1,500.0,500.0,500.0,500.0,500.0,500.0,500.0,500.0,500.0,500.0,500.0,500.0,429.0,395.0,352.0,305.0,250.0,271.0,332.0,500.0,500.0,500.0,500.0,500.0
2,500.0,500.0,500.0,500.0,500.0,500.0,500.0,500.0,500.0,500.0,500.0,500.0,500.0,500.0,486.0,352.0,311.0,332.0,415.0,500.0,463.0,500.0,500.0,500.0
3,500.0,500.0,500.0,500.0,500.0,500.0,500.0,500.0,500.0,500.0,500.0,500.0,500.0,396.0,409.0,478.0,404.0,358.0,415.0,500.0,500.0,500.0,500.0,500.0
4,500.0,500.0,500.0,500.0,500.0,500.0,500.0,500.0,500.0,500.0,500.0,500.0,500.0,358.0,372.0,405.0,394.0,426.0,500.0,500.0,500.0,500.0,500.0,500.0
5,500.0,500.0,500.0,500.0,500.0,500.0,500.0,500.0,500.0,500.0,500.0,500.0,500.0,398.0,382.0,373.0,358.0,341.0,368.0,500.0,500.0,500.0,446.0,425.0
6,437.0,444.0,394.0,331.0,314.0,327.0,335.0,350.0,366.0,352.0,480.0,331.0,338.0,297.0,273.0,223.0,181.0,151.0,171.0,226.0,299.0,217.0,314.0,322.0
7,308.0,485.0,326.0,190.0,167.0,157.0,180.0,227.0,243.0,253.0,259.0,192.0,171.0,268.0,306.0,289.0,289.0,184.0,283.0,181.0,232.0,301.0,312.0,500.0
8,350.0,324.0,266.0,301.0,302.0,263.0,257.0,315.0,331.0,409.0,486.0,276.0,276.0,260.0,277.0,320.0,277.0,238.0,281.0,475.0,500.0,500.0,500.0,500.0
9,477.0,500.0,500.0,500.0,500.0,500.0,500.0,500.0,500.0,500.0,500.0,500.0,500.0,500.0,432.0,480.0,500.0,391.0,431.0,500.0,412.0,500.0,495.0,500.0
10,500.0,500.0,500.0,500.0,500.0,500.0,500.0,500.0,500.0,500.0,500.0,500.0,500.0,450.0,335.0,331.0,336.0,310.0,439.0,500.0,472.0,500.0,500.0,500.0
11,500.0,500.0,500.0,500.0,500.0,500.0,500.0,500.0,500.0,500.0,500.0,500.0,500.0,161.0,389.0,358.0,308.0,315.0,323.0,384.0,412.0,358.0,387.0,350.0
12,173.0,94.0,92.0,107.0,243.0,270.0,267.0,267.0,305.0,316.0,283.0,306.0,342.0,346.0,342.0,327.0,388.0,352.0,328.0,339.0,366.0,352.0,365.0,362.0
13,323.0,337.0,328.0,319.0,327.0,319.0,354.0,332.0,318.0,343.0,307.0,287.0,325.0,339.0,344.0,336.0,474.0,375.0,432.0,401.0,425.0,352.0,382.0,450.0
14,402.0,366.0,335.0,342.0,335.0,335.0,322.0,358.0,328.0,336.0,307.0,352.0,380.0,352.0,347.0,362.0,340.0,319.0,297.0,283.0,382.0,461.0,423.0,372.0
15,372.0,358.0,412.0,463.0,358.0,308.0,301.0,311.0,318.0,364.0,333.0,500.0,419.0,468.0,385.0,332.0,313.0,257.0,,,,,,
16,,,,,,,,,,,,,,,,,,,,,,,,
17,,,,,,,,,,,395.0,321.0,323.0,335.0,354.0,299.0,227.0,201.0,173.0,181.0,222.0,360.0,404.0,320.0
18,460.0,328.0,155.0,212.0,195.0,170.0,181.0,193.0,226.0,239.0,240.0,391.0,375.0,339.0,363.0,324.0,260.0,217.0,374.0,287.0,500.0,500.0,500.0,484.0
19,500.0,500.0,500.0,391.0,429.0,387.0,392.0,345.0,374.0,500.0,405.0,385.0,386.0,110.0,378.0,424.0,341.0,358.0,498.0,500.0,500.0,500.0,500.0,500.0
20,500.0,500.0,500.0,500.0,500.0,428.0,453.0,500.0,500.0,500.0,500.0,500.0,500.0,500.0,500.0,500.0,500.0,500.0,500.0,500.0,500.0,500.0,500.0,500.0
21,500.0,500.0,500.0,500.0,500.0,500.0,500.0,500.0,500.0,500.0,500.0,500.0,500.0,500.0,500.0,500.0,500.0,472.0,422.0,478.0,500.0,500.0,500.0,500.0
22,500.0,500.0,500.0,500.0,407.0,412.0,401.0,393.0,394.0,402.0,471.0,464.0,381.0,334.0,329.0,252.0,259.0,300.0,300.0,158.0,321.0,308.0,335.0,322.0
23,341.0,329.0,318.0,346.0,352.0,342.0,325.0,315.0,315.0,318.0,336.0,335.0,320.0,312.0,300.0,247.0,175.0,181.0,308.0,243.0,500.0,500.0,500.0,500.0
24,495.0,500.0,500.0,500.0,500.0,500.0,500.0,500.0,500.0,500.0,500.0,436.0,440.0,362.0,385.0,307.0,329.0,440.0,418.0,500.0,500.0,500.0,500.0,500.0
25,500.0,500.0,500.0,500.0,500.0,500.0,500.0,500.0,500.0,500.0,500.0,500.0,500.0,500.0,335.0,283.0,280.0,243.0,316.0,352.0,500.0,500.0,500.0,500.0
26,500.0,500.0,500.0,500.0,467.0,456.0,448.0,500.0,475.0,500.0,500.0,500.0,500.0,500.0,440.0,391.0,337.0,311.0,369.0,500.0,500.0,500.0,500.0,500.0
27,500.0,500.0,500.0,500.0,500.0,500.0,500.0,500.0,449.0,500.0,500.0,500.0,,431.0,378.0,362.0,339.0,300.0,325.0,500.0,460.0,500.0,500.0,500.0
28,500.0,500.0,500.0,500.0,478.0,500.0,500.0,500.0,488.0,500.0,500.0,500.0,500.0,452.0,342.0,330.0,297.0,312.0,308.0,317.0,500.0,500.0,500.0,500.0
29,500.0,500.0,500.0,500.0,500.0,500.0,450.0,500.0,500.0,500.0,500.0,500.0,500.0,382.0,315.0,315.0,310.0,307.0,314.0,500.0,500.0,500.0,500.0,500.0
30,500.0,500.0,500.0,500.0,500.0,500.0,500.0,500.0,500.0,500.0,500.0,500.0,500.0,500.0,409.0,378.0,388.0,458.0,410.0,500.0,500.0,500.0,500.0,500.0
31,500.0,500.0,500.0,500.0,,,,,,,,500.0,500.0,500.0,500.0,500.0,500.0,500.0,500.0,495.0,500.0,500.0,500.0,500.0
"
"
Year,2018
January-2018,00:00:00,01:00:00,02:00:00,03:00:00,04:00:00,05:00:00,06:00:00,07:00:00,08:00:00,09:00:00,10:00:00,11:00:00,12:00:00,13:00:00,14:00:00,15:00:00,16:00:00,17:00:00,18:00:00,19:00:00,20:00:00,21:00:00,22:00:00,23:00:00
1,500.0,500.0,500.0,500.0,500.0,500.0,500.0,419.0,389.0,384.0,402.0,499.0,500.0,500.0,500.0,500.0,460.0,376.0,398.0,432.0,500.0,500.0,500.0,500.0
2,500.0,449.0,440.0,462.0,423.0,399.0,395.0,382.0,365.0,375.0,464.0,479.0,500.0,500.0,500.0,500.0,500.0,500.0,500.0,500.0,500.0,500.0,500.0,500.0
3,500.0,500.0,370.0,354.0,354.0,354.0,366.0,358.0,358.0,358.0,382.0,411.0,398.0,437.0,466.0,500.0,500.0,460.0,500.0,500.0,500.0,500.0,500.0,500.0
4,500.0,500.0,500.0,500.0,500.0,500.0,445.0,378.0,368.0,368.0,368.0,492.0,488.0,475.0,500.0,500.0,500.0,500.0,500.0,500.0,481.0,500.0,500.0,475.0
5,402.0,402.0,402.0,397.0,397.0,397.0,397.0,397.0,397.0,397.0,397.0,397.0,469.0,469.0,469.0,469.0,469.0,469.0,469.0,488.0,500.0,500.0,500.0,500.0
6,485.0,500.0,500.0,485.0,485.0,500.0,500.0,500.0,485.0,462.0,462.0,462.0,500.0,500.0,500.0,403.0,426.0,335.0,309.0,500.0,500.0,500.0,500.0,500.0
7,500.0,500.0,500.0,500.0,500.0,493.0,493.0,493.0,493.0,493.0,428.0,500.0,478.0,372.0,331.0,319.0,300.0,287.0,287.0,294.0,459.0,500.0,500.0,500.0
8,500.0,500.0,426.0,492.0,380.0,296.0,404.0,425.0,375.0,391.0,500.0,335.0,288.0,287.0,228.0,218.0,118.0,137.0,237.0,312.0,500.0,500.0,500.0,500.0
9,500.0,500.0,500.0,500.0,500.0,500.0,500.0,500.0,500.0,500.0,500.0,500.0,500.0,378.0,314.0,314.0,314.0,314.0,314.0,319.0,500.0,500.0,500.0,500.0
10,500.0,500.0,500.0,492.0,451.0,415.0,454.0,436.0,500.0,500.0,500.0,488.0,410.0,405.0,391.0,424.0,410.0,401.0,227.0,315.0,500.0,500.0,396.0,500.0
11,335.0,354.0,401.0,355.0,358.0,368.0,362.0,365.0,358.0,384.0,442.0,432.0,370.0,354.0,388.0,344.0,344.0,290.0,279.0,316.0,421.0,500.0,500.0,500.0
12,500.0,485.0,436.0,321.0,339.0,345.0,357.0,375.0,375.0,474.0,484.0,485.0,484.0,396.0,342.0,290.0,267.0,233.0,267.0,371.0,500.0,500.0,500.0,500.0
13,500.0,500.0,500.0,500.0,500.0,500.0,500.0,500.0,500.0,500.0,500.0,500.0,452.0,383.0,326.0,344.0,210.0,145.0,185.0,287.0,500.0,500.0,500.0,500.0
14,500.0,500.0,500.0,500.0,500.0,500.0,480.0,439.0,408.0,500.0,500.0,500.0,500.0,500.0,360.0,308.0,344.0,266.0,298.0,500.0,386.0,447.0,500.0,500.0
15,500.0,500.0,486.0,500.0,500.0,500.0,500.0,500.0,500.0,500.0,500.0,500.0,500.0,486.0,352.0,334.0,366.0,410.0,415.0,306.0,314.0,300.0,335.0,362.0
16,370.0,398.0,346.0,342.0,342.0,342.0,223.0,287.0,287.0,305.0,485.0,444.0,405.0,421.0,305.0,217.0,257.0,257.0,266.0,309.0,500.0,396.0,491.0,491.0
17,491.0,491.0,500.0,500.0,500.0,417.0,417.0,417.0,417.0,417.0,417.0,494.0,471.0,455.0,455.0,401.0,375.0,375.0,375.0,375.0,444.0,498.0,460.0,409.0
18,500.0,500.0,500.0,500.0,500.0,500.0,500.0,500.0,500.0,500.0,500.0,500.0,500.0,500.0,500.0,500.0,500.0,500.0,500.0,500.0,500.0,500.0,500.0,500.0
19,500.0,500.0,500.0,500.0,500.0,500.0,500.0,500.0,500.0,500.0,500.0,500.0,435.0,374.0,426.0,324.0,326.0,143.0,318.0,368.0,500.0,500.0,500.0,500.0
20,471.0,422.0,423.0,413.0,403.0,383.0,382.0,350.0,350.0,352.0,388.0,412.0,159.0,,,,,,,,,,,
21,,,,,,,,,,,,,320.0,322.0,250.0,376.0,237.0,260.0,391.0,440.0,500.0,272.0,474.0,500.0
22,223.0,500.0,164.0,500.0,500.0,132.0,489.0,430.0,149.0,435.0,500.0,159.0,406.0,360.0,336.0,315.0,293.0,283.0,306.0,358.0,450.0,498.0,435.0,414.0
23,414.0,432.0,382.0,387.0,407.0,379.0,387.0,361.0,364.0,378.0,380.0,388.0,395.0,447.0,337.0,342.0,368.0,371.0,338.0,328.0,342.0,348.0,311.0,270.0
24,331.0,385.0,325.0,313.0,312.0,312.0,319.0,339.0,312.0,300.0,305.0,323.0,325.0,328.0,338.0,332.0,331.0,,,,,,,392.0
25,380.0,,,,,,,,,,,,,,,342.0,332.0,320.0,313.0,428.0,403.0,405.0,437.0,451.0
26,394.0,381.0,412.0,463.0,336.0,308.0,267.0,312.0,308.0,323.0,315.0,333.0,335.0,382.0,382.0,396.0,372.0,372.0,352.0,325.0,342.0,366.0,354.0,358.0
27,382.0,389.0,365.0,357.0,328.0,322.0,314.0,334.0,348.0,364.0,391.0,400.0,419.0,432.0,419.0,372.0,319.0,338.0,385.0,445.0,455.0,483.0,482.0,500.0
28,500.0,458.0,386.0,500.0,500.0,379.0,341.0,257.0,341.0,329.0,330.0,366.0,389.0,392.0,394.0,385.0,332.0,239.0,308.0,339.0,416.0,422.0,410.0,435.0
29,487.0,476.0,500.0,478.0,450.0,463.0,481.0,467.0,473.0,446.0,358.0,382.0,392.0,402.0,334.0,263.0,260.0,271.0,268.0,253.0,304.0,435.0,414.0,403.0
30,385.0,362.0,319.0,287.0,247.0,302.0,328.0,398.0,389.0,387.0,447.0,355.0,352.0,327.0,304.0,401.0,407.0,267.0,226.0,197.0,247.0,270.0,311.0,329.0
31,312.0,304.0,332.0,358.0,346.0,338.0,337.0,344.0,333.0,359.0,372.0,332.0,370.0,416.0,262.0,239.0,240.0,224.0,245.0,197.0,351.0,400.0,410.0,426.0
"
"
February-2018,00:00:00,01:00:00,02:00:00,03:00:00,04:00:00,05:00:00,06:00:00,07:00:00,08:00:00,09:00:00,10:00:00,11:00:00,12:00:00,13:00:00,14:00:00,15:00:00,16:00:00,17:00:00,18:00:00,19:00:00,20:00:00,21:00:00,22:00:00,23:00:00
1,378,415,436,456,445,444,470,500,500,427,454,425,407,342,314,290,234,287,333,411,488,486,459,428
2,348,333,247,453,243,302,452,449,483,407,403,389,395,403,329,263,202,242,276,229,230,250,223,185
3,220,237,190,207,187,193,234,438,500,429,422,335,328,318,308,179,177,159,257,181,153,216,290,338
4,333,346,319,287,306,302,293,377,394,318,325,330,322,304,260,241,164,140,200,211,452,498,489,432
5,376,402,424,439,500,500,500,426,500,484,441,380,362,302,227,177,190,185,229,228,312,311,360,384
6,445,406,447,456,476,374,315,314,389,318,310,305,302,257,209,200,194,248,251,170,193,233,210,322
7,328,322,325,332,312,301,290,341,328,347,345,314,347,309,270,193,247,173,278,260,409,391,403,426
8,410,500,405,473,449,500,459,446,500,500,500,410,336,324,250,180,200,202,190,320,332,428,500,500
9,500,500,500,500,500,438,465,471,460,500,431,415,328,308,223,317,287,277,266,244,362,335,435,422
10,480,500,500,500,500,500,500,483,500,500,500,469,347,335,329,315,243,211,360,256,332,500,500,479
11,475,487,500,500,500,369,317,336,323,426,423,406,305,306,311,482,185,186,216,183,182,187,230,277
12,146,127,112,137,138,137,130,123,157,148,149,159,177,240,169,141,144,206,159,107,101,115,109,91
13,101,85,86,169,273,294,334,354,403,342,349,301,445,380,325,316,144,243,204,173,187,273,237,240
14,277,270,139,140,121,117,121,184,269,230,273,270,173,284,306,460,207,248,159,211,148,159,207,197
15,257,223,230,247,270,303,287,277,283,272,270,263,250,183,396,172,178,161,225,183,156,241,280,319
16,283,237,213,424,247,302,316,382,412,396,381,353,329,243,180,204,232,200,203,197,209,287,317,353
17,331,328,346,339,483,465,324,396,395,388,382,335,332,273,224,210,320,271,222,245,271,319,293,328
18,287,308,396,403,403,500,368,410,407,378,390,389,348,361,161,327,148,167,142,264,376,360,348,409
19,443,454,491,500,500,500,500,499,500,441,443,500,448,426,366,313,279,235,279,413,410,459,500,374
20,417,464,490,430,496,432,500,500,500,500,415,432,358,455,320,406,289,271,215,398,500,500,486,422
21,500,422,500,478,435,443,468,476,468,473,500,478,381,420,437,260,302,244,235,220,187,348,380,402
22,456,443,425,484,473,476,491,443,451,449,473,433,364,355,418,360,306,250,189,217,410,420,433,395
23,439,478,439,413,413,468,428,494,500,449,420,500,500,425,370,346,406,309,289,346,406,426,451,396
24,500,466,443,410,435,356,328,398,401,438,425,358,316,319,389,319,328,337,324,391,316,358,405,338
25,389,432,498,495,416,417,327,308,141,302,232,175,217,223,237,362,204,212,233,193,174,169,170,213
26,233,175,116,120,130,157,203,263,188,167,217,199,240,218,467,329,415,348,436,249,167,150,190,170
27,180,147,180,137,227,187,335,390,317,293,297,314,233,217,186,179,272,209,272,218,234,262,356,318
28,352,371,341,416,344,348,427,328,395,376,414,500,329,334,369,369,300,216,197,290,224,256,279,309
"
"
March-2018,00:00:00,01:00:00,02:00:00,03:00:00,04:00:00,05:00:00,06:00:00,07:00:00,08:00:00,09:00:00,10:00:00,11:00:00,12:00:00,13:00:00,14:00:00,15:00:00,16:00:00,17:00:00,18:00:00,19:00:00,20:00:00,21:00:00,22:00:00,23:00:00
1,381.0,433.0,495.0,500.0,489.0,430.0,497.0,461.0,442.0,404.0,480.0,361.0,307.0,336.0,270.0,241.0,202.0,173.0,166.0,199.0,181.0,238.0,416.0,384.0
2,409.0,429.0,443.0,426.0,500.0,500.0,486.0,423.0,368.0,407.0,429.0,352.0,362.0,376.0,270.0,240.0,133.0,115.0,160.0,131.0,147.0,270.0,257.0,300.0
3,302.0,305.0,240.0,290.0,200.0,150.0,252.0,196.0,383.0,351.0,401.0,316.0,313.0,273.0,210.0,140.0,159.0,193.0,162.0,215.0,183.0,166.0,302.0,290.0
4,411.0,421.0,443.0,313.0,230.0,122.0,167.0,302.0,237.0,223.0,230.0,237.0,169.0,131.0,232.0,289.0,463.0,171.0,170.0,175.0,193.0,183.0,270.0,280.0
5,340.0,325.0,223.0,160.0,330.0,342.0,230.0,305.0,302.0,198.0,305.0,234.0,149.0,155.0,153.0,166.0,161.0,167.0,177.0,190.0,201.0,271.0,207.0,230.0
6,240.0,164.0,143.0,148.0,145.0,145.0,187.0,279.0,359.0,353.0,333.0,318.0,233.0,349.0,283.0,356.0,272.0,202.0,164.0,161.0,175.0,178.0,185.0,188.0
7,243.0,315.0,218.0,257.0,283.0,237.0,173.0,243.0,332.0,315.0,316.0,325.0,201.0,186.0,181.0,189.0,139.0,170.0,158.0,135.0,266.0,321.0,412.0,447.0
8,500.0,500.0,500.0,500.0,500.0,409.0,452.0,500.0,500.0,500.0,500.0,336.0,330.0,260.0,300.0,217.0,197.0,210.0,324.0,325.0,318.0,415.0,474.0,500.0
9,470.0,461.0,462.0,456.0,500.0,427.0,402.0,499.0,460.0,414.0,378.0,203.0,190.0,183.0,170.0,192.0,181.0,187.0,189.0,150.0,177.0,201.0,168.0,180.0
10,205.0,172.0,145.0,133.0,122.0,133.0,200.0,273.0,315.0,353.0,302.0,239.0,190.0,213.0,186.0,173.0,288.0,240.0,156.0,163.0,144.0,163.0,149.0,153.0
11,153.0,150.0,133.0,143.0,181.0,210.0,226.0,270.0,306.0,302.0,315.0,230.0,186.0,183.0,202.0,177.0,181.0,186.0,152.0,179.0,365.0,,,
12,,,,,,,,,,,,,,,,,,,,,,,,
13,,,,,,,,,,,,,,,,,,,,,,,,
14,,,,,,,,,,,,,346.0,325.0,326.0,273.0,221.0,257.0,272.0,267.0,360.0,459.0,404.0,421.0
15,352.0,487.0,490.0,497.0,424.0,335.0,335.0,401.0,438.0,426.0,409.0,326.0,500.0,419.0,279.0,452.0,401.0,256.0,197.0,182.0,223.0,235.0,332.0,362.0
16,338.0,334.0,375.0,464.0,392.0,458.0,465.0,500.0,450.0,473.0,444.0,500.0,409.0,295.0,252.0,189.0,255.0,191.0,189.0,156.0,165.0,163.0,178.0,179.0
17,163.0,168.0,246.0,199.0,189.0,180.0,187.0,217.0,320.0,276.0,330.0,417.0,,,,,,,,,,,,
18,,,,,,,,,,,,,,,,,,,,,,,,
19,,,,,,,,,,,,,,,,,,,,,,,,
20,,,,,,,,,,,,,,,,,4.0,128.0,295.0,261.0,295.0,406.0,452.0,482.0
21,500.0,428.0,414.0,416.0,413.0,429.0,431.0,410.0,438.0,433.0,414.0,378.0,302.0,270.0,233.0,290.0,265.0,350.0,228.0,185.0,200.0,213.0,190.0,223.0
22,230.0,304.0,210.0,131.0,220.0,357.0,328.0,358.0,364.0,382.0,375.0,361.0,240.0,207.0,197.0,181.0,414.0,339.0,205.0,171.0,185.0,166.0,156.0,150.0
23,160.0,162.0,133.0,155.0,145.0,138.0,122.0,131.0,141.0,197.0,191.0,201.0,181.0,163.0,164.0,148.0,137.0,151.0,162.0,155.0,187.0,193.0,224.0,354.0
24,428.0,436.0,257.0,253.0,200.0,193.0,185.0,262.0,297.0,293.0,302.0,217.0,219.0,195.0,185.0,177.0,142.0,155.0,163.0,191.0,191.0,197.0,,
25,,,,,,,,,,,325.0,322.0,260.0,309.0,183.0,430.0,332.0,186.0,157.0,137.0,189.0,186.0,240.0,191.0
26,287.0,293.0,240.0,160.0,203.0,250.0,306.0,339.0,321.0,277.0,303.0,309.0,305.0,218.0,178.0,240.0,185.0,238.0,250.0,196.0,213.0,341.0,447.0,360.0
27,351.0,476.0,382.0,392.0,500.0,500.0,500.0,489.0,406.0,444.0,418.0,374.0,248.0,250.0,207.0,179.0,300.0,207.0,192.0,156.0,237.0,416.0,455.0,470.0
28,487.0,500.0,500.0,496.0,460.0,488.0,416.0,500.0,449.0,437.0,451.0,413.0,295.0,200.0,160.0,199.0,184.0,182.0,232.0,294.0,227.0,234.0,301.0,249.0
29,247.0,240.0,207.0,318.0,348.0,311.0,364.0,462.0,414.0,328.0,333.0,302.0,240.0,361.0,322.0,305.0,285.0,182.0,336.0,218.0,199.0,266.0,296.0,414.0
30,421.0,283.0,355.0,307.0,447.0,428.0,309.0,372.0,410.0,222.0,326.0,288.0,,,,,,,,,,,,
31,,,,,,,,,,,,,,,,,,,,,,,,
"
"
April-2018,00:00:00,01:00:00,02:00:00,03:00:00,04:00:00,05:00:00,06:00:00,07:00:00,08:00:00,09:00:00,10:00:00,11:00:00,12:00:00,13:00:00,14:00:00,15:00:00,16:00:00,17:00:00,18:00:00,19:00:00,20:00:00,21:00:00,22:00:00,23:00:00
1,,,,,,,,,,,,,184.0,171.0,150.0,143.0,156.0,149.0,138.0,150.0,170.0,210.0,223.0,230.0
2,309.0,342.0,407.0,391.0,325.0,309.0,233.0,183.0,230.0,305.0,287.0,287.0,255.0,229.0,181.0,171.0,197.0,153.0,162.0,163.0,189.0,224.0,303.0,313.0
3,313.0,,,,,,,,,,,,,,,,,153.0,157.0,,,,,
4,,,,,,,,,,,,,,,,,193.0,156.0,237.0,228.0,282.0,420.0,,
5,,,,,,,,,,,,,,,,,302.0,208.0,199.0,265.0,,,,
6,,,,,,,,,,,,260.0,,98.0,180.0,183.0,157.0,147.0,179.0,241.0,500.0,188.0,139.0,104.0
7,86.0,104.0,133.0,219.0,134.0,307.0,148.0,197.0,140.0,181.0,213.0,181.0,145.0,127.0,120.0,105.0,104.0,118.0,107.0,112.0,140.0,207.0,183.0,173.0
8,119.0,436.0,115.0,105.0,94.0,70.0,75.0,105.0,113.0,187.0,127.0,144.0,148.0,127.0,135.0,162.0,133.0,127.0,127.0,131.0,167.0,90.0,185.0,140.0
9,137.0,122.0,115.0,112.0,38.0,,,,167.0,278.0,177.0,106.0,,,,,,,,,,,,
10,,,,,,,,,,,,,,,,,,,,,,,,
11,,,,,,,,,,,,,,141.0,312.0,22.0,111.0,102.0,122.0,44.0,,,,
12,,,,,,,,,,,,72.0,114.0,83.0,149.0,,273.0,336.0,2.0,95.0,266.0,417.0,479.0,471.0
13,432.0,410.0,410.0,301.0,338.0,500.0,500.0,500.0,95.0,386.0,117.0,420.0,327.0,325.0,252.0,241.0,283.0,191.0,174.0,188.0,237.0,325.0,349.0,387.0
14,495.0,500.0,421.0,414.0,334.0,434.0,405.0,353.0,321.0,378.0,108.0,110.0,108.0,4.0,108.0,90.0,84.0,120.0,100.0,4.0,,,,
15,,,,,,,,,,,,,,,,,,,,,,,,
16,,,,,,,,,,,,308.0,200.0,133.0,117.0,193.0,444.0,226.0,125.0,160.0,199.0,246.0,261.0,398.0
17,299.0,500.0,428.0,380.0,500.0,500.0,500.0,500.0,492.0,382.0,239.0,244.0,207.0,213.0,197.0,177.0,182.0,196.0,296.0,369.0,237.0,424.0,300.0,334.0
18,288.0,281.0,223.0,189.0,181.0,172.0,235.0,408.0,385.0,295.0,270.0,296.0,233.0,400.0,446.0,499.0,270.0,281.0,210.0,265.0,,,,
19,,,,,,,,,138.0,,,308.0,,16.0,304.0,,361.0,396.0,112.0,4.0,65.0,104.0,234.0,128.0
20,121.0,115.0,102.0,60.0,,,,,,,,384.0,442.0,431.0,298.0,196.0,270.0,356.0,249.0,52.0,65.0,,,
21,,,,,,,,,,,,,,,,,,,,,,,,
22,,,,,,,,,,,,170.0,,,261.0,326.0,500.0,386.0,106.0,310.0,203.0,260.0,141.0,119.0
23,,,,,,,,,,,330.0,223.0,429.0,171.0,164.0,203.0,197.0,197.0,197.0,197.0,197.0,217.0,375.0,333.0
24,364.0,387.0,375.0,344.0,443.0,348.0,312.0,341.0,358.0,440.0,425.0,406.0,321.0,213.0,125.0,330.0,209.0,239.0,209.0,209.0,209.0,209.0,301.0,
25,,,,500.0,500.0,428.0,,458.0,468.0,436.0,,301.0,,,,,197.0,378.0,342.0,344.0,405.0,500.0,500.0,500.0
26,500.0,500.0,453.0,353.0,348.0,219.0,,326.0,420.0,414.0,423.0,462.0,477.0,500.0,425.0,352.0,379.0,386.0,369.0,278.0,382.0,433.0,476.0,500.0
27,500.0,451.0,370.0,308.0,295.0,271.0,270.0,274.0,245.0,270.0,276.0,308.0,301.0,292.0,311.0,255.0,54.0,279.0,216.0,235.0,319.0,361.0,394.0,300.0
28,403.0,360.0,295.0,294.0,265.0,263.0,90.0,241.0,272.0,282.0,299.0,362.0,374.0,294.0,282.0,283.0,240.0,246.0,248.0,228.0,246.0,330.0,350.0,370.0
29,318.0,234.0,,,,,184.0,290.0,303.0,270.0,273.0,257.0,300.0,297.0,301.0,280.0,91.0,237.0,205.0,178.0,217.0,326.0,412.0,267.0
30,106.0,226.0,293.0,259.0,276.0,143.0,400.0,217.0,333.0,500.0,500.0,348.0,381.0,300.0,220.0,193.0,189.0,226.0,221.0,190.0,228.0,227.0,204.0,292.0
"
"
May-2018,00:00:00,01:00:00,02:00:00,03:00:00,04:00:00,05:00:00,06:00:00,07:00:00,08:00:00,09:00:00,10:00:00,11:00:00,12:00:00,13:00:00,14:00:00,15:00:00,16:00:00,17:00:00,18:00:00,19:00:00,20:00:00,21:00:00,22:00:00,23:00:00
1,216.0,245.0,168.0,142.0,127.0,134.0,129.0,192.0,114.0,82.0,174.0,170.0,189.0,171.0,179.0,149.0,143.0,137.0,157.0,142.0,149.0,150.0,173.0,101.0
2,155.0,124.0,123.0,129.0,113.0,113.0,109.0,87.0,133.0,90.0,95.0,108.0,160.0,159.0,137.0,126.0,134.0,50.0,302.0,92.0,101.0,281.0,,194.0
3,186.0,107.0,115.0,115.0,129.0,167.0,115.0,97.0,123.0,133.0,95.0,182.0,194.0,210.0,196.0,,,179.0,162.0,171.0,150.0,141.0,83.0,149.0
4,131.0,63.0,139.0,112.0,92.0,,,,,116.0,127.0,85.0,125.0,105.0,103.0,123.0,101.0,141.0,95.0,63.0,105.0,126.0,,193.0
5,245.0,,157.0,157.0,173.0,129.0,157.0,152.0,104.0,100.0,101.0,100.0,136.0,129.0,171.0,238.0,279.0,218.0,229.0,234.0,,,,482.0
6,472.0,,445.0,467.0,216.0,105.0,322.0,109.0,,,,265.0,282.0,420.0,312.0,418.0,265.0,153.0,130.0,150.0,297.0,,,215.0
7,,500.0,500.0,500.0,500.0,381.0,402.0,500.0,451.0,384.0,421.0,362.0,334.0,273.0,260.0,273.0,328.0,394.0,358.0,440.0,415.0,426.0,436.0,460.0
8,463.0,500.0,500.0,355.0,127.0,95.0,60.0,1.0,80.0,80.0,,,168.0,312.0,153.0,55.0,186.0,164.0,,,,,235.0,220.0
9,120.0,101.0,500.0,100.0,500.0,70.0,102.0,137.0,,,346.0,328.0,335.0,322.0,259.0,187.0,185.0,181.0,483.0,226.0,350.0,306.0,369.0,118.0
10,298.0,240.0,101.0,,,,,,427.0,416.0,405.0,296.0,283.0,219.0,221.0,183.0,260.0,265.0,348.0,216.0,368.0,315.0,229.0,
11,434.0,150.0,369.0,,,,,,368.0,361.0,401.0,431.0,320.0,311.0,301.0,287.0,352.0,330.0,,239.0,335.0,420.0,130.0,408.0
12,125.0,34.0,405.0,,,,,,,,382.0,375.0,378.0,396.0,366.0,359.0,354.0,60.0,,,,,,
13,,,,,,,,,,,,200.0,,,,94.0,217.0,,,500.0,20.0,102.0,,
14,,,,,,,,,,,164.0,195.0,181.0,156.0,140.0,133.0,134.0,135.0,134.0,133.0,152.0,168.0,164.0,148.0
15,75.0,133.0,135.0,143.0,,,,,147.0,164.0,152.0,144.0,145.0,134.0,120.0,144.0,,,137.0,19.0,112.0,111.0,321.0,350.0
16,348.0,243.0,308.0,293.0,223.0,32.0,34.0,128.0,191.0,259.0,173.0,212.0,174.0,133.0,147.0,169.0,152.0,201.0,272.0,209.0,69.0,190.0,369.0,340.0
17,304.0,253.0,,,,,,,,,,35.0,,101.0,260.0,,,,,292.0,277.0,109.0,,
18,,,,,,,,,390.0,315.0,336.0,224.0,203.0,203.0,203.0,190.0,139.0,164.0,159.0,182.0,213.0,116.0,245.0,119.0
19,,,,,,,,,,,,,,,,,,,,,,,,
20,,,,,,,,,,,,,,,,,,,,,,,,
21,,,,,,,,,,,,,,,,,171.0,188.0,181.0,165.0,223.0,255.0,295.0,267.0
22,85.0,109.0,,,,,189.0,321.0,403.0,380.0,134.0,326.0,317.0,362.0,65.0,224.0,,,,185.0,230.0,,,
23,451.0,451.0,451.0,223.0,404.0,82.0,,428.0,500.0,,,,375.0,99.0,,,,178.0,193.0,163.0,,,,
24,,,,287.0,72.0,76.0,193.0,263.0,405.0,423.0,424.0,452.0,96.0,152.0,,,,,,166.0,,500.0,500.0,500.0
25,448.0,174.0,340.0,122.0,121.0,120.0,424.0,449.0,470.0,,344.0,95.0,95.0,4.0,,413.0,232.0,162.0,223.0,8.0,,,,190.0
26,162.0,187.0,175.0,120.0,,,,,,,,,395.0,395.0,175.0,171.0,252.0,252.0,252.0,82.0,252.0,252.0,,
27,280.0,420.0,410.0,405.0,132.0,,,,388.0,396.0,340.0,103.0,,411.0,334.0,315.0,308.0,308.0,308.0,308.0,308.0,308.0,308.0,308.0
28,308.0,308.0,101.0,104.0,109.0,,,374.0,328.0,312.0,312.0,,311.0,227.0,98.0,235.0,197.0,193.0,175.0,184.0,185.0,,,
29,407.0,375.0,346.0,372.0,297.0,356.0,,338.0,342.0,315.0,297.0,222.0,202.0,309.0,237.0,192.0,105.0,163.0,164.0,2.0,,,,
30,,,,,,,,245.0,,226.0,,223.0,90.0,62.0,,,,,,,,301.0,238.0,257.0
31,292.0,361.0,285.0,76.0,,,,171.0,,172.0,209.0,195.0,95.0,63.0,,199.0,248.0,80.0,199.0,207.0,226.0,277.0,257.0,87.0
"
"
June-2018,00:00:00,01:00:00,02:00:00,03:00:00,04:00:00,05:00:00,06:00:00,07:00:00,08:00:00,09:00:00,10:00:00,11:00:00,12:00:00,13:00:00,14:00:00,15:00:00,16:00:00,17:00:00,18:00:00,19:00:00,20:00:00,21:00:00,22:00:00,23:00:00
1,,162.0,85.0,90.0,,,,202.0,171.0,161.0,163.0,184.0,189.0,46.0,95.0,,,,,,,263.0,462.0,193.0
2,195.0,113.0,109.0,105.0,,,99.0,101.0,108.0,94.0,119.0,133.0,151.0,167.0,155.0,156.0,163.0,168.0,80.0,172.0,,,,
3,,,,,,,,115.0,253.0,137.0,123.0,137.0,141.0,142.0,129.0,125.0,124.0,131.0,,155.0,155.0,155.0,140.0,135.0
4,137.0,129.0,90.0,,,,,,135.0,132.0,159.0,189.0,190.0,44.0,,,193.0,166.0,159.0,,,,,
5,62.0,137.0,116.0,75.0,70.0,,,,118.0,121.0,,,188.0,181.0,163.0,90.0,75.0,,,,,,,155.0
6,157.0,141.0,80.0,,,,,,100.0,102.0,,,,,,,,,,,,,,
7,,,,,,,,,,,,102.0,110.0,53.0,227.0,193.0,,170.0,160.0,500.0,102.0,,302.0,180.0
8,429.0,345.0,102.0,100.0,,,,,302.0,352.0,362.0,358.0,,,,,228.0,189.0,,,,,145.0,
9,115.0,100.0,85.0,70.0,,,,,,,,,,,,,,,129.0,,,,,
10,,,,,,,,,,,,,,,,,,,,,,,,
11,,,,,,,,,,,278.0,259.0,237.0,288.0,265.0,266.0,370.0,406.0,342.0,295.0,85.0,108.0,271.0,304.0
12,277.0,403.0,401.0,116.0,,,,,116.0,,,463.0,500.0,485.0,492.0,500.0,,,,,,,,
13,,,,,,,,,,,,90.0,375.0,,,89.0,,70.0,500.0,,75.0,,,
14,,,,,,,,,,,,,,,,,,,,,100.0,500.0,500.0,394.0
15,500.0,,,,,,,,,,,,,,,449.0,433.0,,,,424.0,90.0,,
16,,,,,,,,,,,,,,493.0,,88.0,375.0,,106.0,80.0,101.0,439.0,438.0,
17,114.0,32.0,80.0,,,,,,,197.0,,,,,,,,,,,243.0,185.0,170.0,175.0
18,162.0,142.0,,85.0,,,,,,329.0,112.0,104.0,110.0,29.0,,263.0,,33.0,,,,,,137.0
19,90.0,,,,,,,,,,,,,,,,,,217.0,,,,,179.0
20,,167.0,101.0,,,,204.0,,433.0,205.0,443.0,301.0,233.0,221.0,,244.0,284.0,183.0,233.0,145.0,177.0,219.0,177.0,227.0
21,240.0,267.0,190.0,382.0,207.0,267.0,295.0,375.0,266.0,403.0,422.0,418.0,310.0,223.0,207.0,257.0,237.0,,263.0,224.0,271.0,200.0,500.0,441.0
22,363.0,411.0,407.0,402.0,405.0,406.0,320.0,453.0,480.0,450.0,465.0,410.0,318.0,308.0,312.0,401.0,302.0,,254.0,,,,,
23,261.0,366.0,400.0,226.0,322.0,228.0,260.0,339.0,321.0,349.0,252.0,238.0,195.0,227.0,226.0,265.0,219.0,440.0,299.0,310.0,188.0,170.0,165.0,200.0
24,260.0,212.0,183.0,174.0,153.0,143.0,137.0,160.0,150.0,232.0,290.0,185.0,175.0,187.0,197.0,204.0,221.0,270.0,175.0,328.0,290.0,168.0,243.0,270.0
25,312.0,200.0,177.0,197.0,233.0,237.0,168.0,287.0,253.0,280.0,250.0,273.0,213.0,,,,,,,,,,,
26,,,,,,,,,,,,,,,,56.0,93.0,103.0,92.0,81.0,65.0,28.0,32.0,34.0
27,13.0,10.0,4.0,7.0,7.0,6.0,11.0,9.0,9.0,12.0,8.0,9.0,32.0,,,,,,,,,,,
28,,,,,,,,,,,,,,,,,,,,,,,,
29,,,,,,,,,,,,,,,,,,,,,,,,
30,,,,,,,,,,,,,,,,,,,,,,,,
"
"
July-2018,00:00:00,01:00:00,02:00:00,03:00:00,04:00:00,05:00:00,06:00:00,07:00:00,08:00:00,09:00:00,10:00:00,11:00:00,12:00:00,13:00:00,14:00:00,15:00:00,16:00:00,17:00:00,18:00:00,19:00:00,20:00:00,21:00:00,22:00:00,23:00:00
1,,,,,,,,,,,,,,,,,,,,,,,,
2,,,,,,,,,,,,,,,,,,,,,,,,
3,,,,,,,,,,,,,,,,,,,,,,,,
4,,,,,,,,,,,,,,,,,,,,,,,,
5,,,,,,,,,,,,,,,,,,,,,,,,
6,,,,,,,,,,,,,,,,,,,,,,,,
7,,,,,,,,,,,,,,,,,,,,,,,,
8,,,,,,,,,,,,,,,,,,,,,,,,
9,,,,,,,,,,,,,,,,,,,,,,,,
10,,,,,,,,,,,,,,,,,,,,,,,,
11,,,,,,,,,,,,,,,,,,,,,,,,
12,,,,,,,,,,,,,,,,,,,,,,,,
13,,,,,,,,,,,,,,,,,,,,,,,,
14,,,,,,,,,,,,,,,,,,,,,,,,
15,,,,,,,,,,,,,,,,,,,,,,,,
16,,,,,,,,,,,,,,,,,,,,,,,,
17,,,,,,,,,,,,,,,,,,,,,,,,
18,,,,,,,,,,,,,,,,,,,,,,,,
19,,,,,,,,,,,,,,,,,,,,,,,,
20,,,,,,,,,,,,,,,,,,,,,,,,
21,,,,,,,,,,,,,,,,,,,,,,,,
22,,,,,,,,,,,,,,,,,,,,,,,,
23,,,,,,,,,,,,,,,,,,,,,,,,
24,,,,,,,,,,,,,,,,,,,,,,,,
25,,,,,,,,,,,,,,,,,,,,,,,,
26,,,,,,,,,,,,,,,,,,,,,,,,
27,,,,,,,,,,,,,,,,,,,,,,,,
28,,,,,,,,,,,,,,,,,,,,,,,,
29,,,,,,,,,,,,,,,,,,,,,,,,
30,,,,,,,,,,,,,,,,,,,,,,,,
31,,,,,,,,,,,,,,,,,,,,,,,,
"
"
August-2018,00:00:00,01:00:00,02:00:00,03:00:00,04:00:00,05:00:00,06:00:00,07:00:00,08:00:00,09:00:00,10:00:00,11:00:00,12:00:00,13:00:00,14:00:00,15:00:00,16:00:00,17:00:00,18:00:00,19:00:00,20:00:00,21:00:00,22:00:00,23:00:00
1,,,,,,,,,,,,,,,,,,,,,,,,
2,,,,,,,,,,,,,,,,,,,,,,,,
3,,,,,,,,,,,,,,,,,,,,,,,,
4,,,,,,,,,,,,,,,,,,,,,,,,
5,,,,,,,,,,,,,,,,,,,,,,,,
6,,,,,,,,,,,,,,,,,,,,,,,,
7,,,,,,,,,,,,,,,,,,,,,,,,
8,,,,,,,,,,,,,,,,,,,,,,,,
9,,,,,,,,,,,,,,,,,,,,,,,,
10,,,,,,,,,,,,,,,,,,,,,,,,
11,,,,,,,,,,,,,,,,,,,,,,,,
12,,,,,,,,,,,,,,,,,,,,,,,,
13,,,,,,,,,,,,,,,,,,172.0,184.0,177.0,134.0,157.0,122.0,170.0
14,169.0,182.0,171.0,149.0,124.0,133.0,122.0,167.0,173.0,185.0,157.0,200.0,167.0,162.0,88.0,145.0,183.0,170.0,222.0,184.0,210.0,200.0,204.0,296.0
15,319.0,253.0,191.0,131.0,104.0,90.0,39.0,126.0,130.0,185.0,217.0,192.0,420.0,161.0,138.0,169.0,133.0,107.0,167.0,127.0,115.0,105.0,70.0,114.0
16,114.0,100.0,131.0,69.0,47.0,72.0,42.0,149.0,232.0,184.0,167.0,101.0,115.0,64.0,22.0,74.0,117.0,145.0,174.0,143.0,155.0,192.0,162.0,218.0
17,186.0,304.0,235.0,193.0,150.0,92.0,30.0,72.0,94.0,100.0,157.0,96.0,100.0,88.0,105.0,92.0,75.0,109.0,134.0,137.0,105.0,129.0,102.0,121.0
18,118.0,135.0,138.0,105.0,103.0,109.0,40.0,88.0,112.0,120.0,174.0,116.0,86.0,97.0,70.0,78.0,90.0,102.0,205.0,188.0,106.0,120.0,146.0,
19,148.0,129.0,178.0,109.0,,152.0,102.0,88.0,133.0,,153.0,112.0,111.0,207.0,318.0,149.0,155.0,147.0,235.0,196.0,187.0,183.0,167.0,237.0
20,302.0,196.0,293.0,240.0,187.0,193.0,306.0,260.0,247.0,283.0,334.0,,177.0,,111.0,179.0,156.0,,185.0,177.0,119.0,105.0,95.0,111.0
21,141.0,116.0,146.0,80.0,47.0,47.0,75.0,62.0,88.0,108.0,163.0,97.0,63.0,55.0,60.0,103.0,112.0,95.0,126.0,103.0,102.0,121.0,149.0,135.0
22,157.0,130.0,153.0,99.0,80.0,52.0,101.0,117.0,85.0,105.0,148.0,79.0,64.0,90.0,37.0,62.0,62.0,94.0,175.0,112.0,115.0,129.0,97.0,105.0
23,110.0,88.0,117.0,75.0,72.0,48.0,62.0,100.0,109.0,114.0,141.0,103.0,80.0,55.0,126.0,114.0,114.0,115.0,150.0,98.0,98.0,122.0,116.0,178.0
24,122.0,155.0,155.0,104.0,90.0,68.0,86.0,115.0,,134.0,150.0,98.0,113.0,113.0,102.0,137.0,152.0,160.0,219.0,209.0,112.0,114.0,188.0,206.0
25,227.0,185.0,162.0,110.0,98.0,55.0,105.0,147.0,144.0,127.0,172.0,90.0,78.0,48.0,109.0,155.0,157.0,67.0,69.0,75.0,72.0,78.0,93.0,155.0
26,215.0,150.0,304.0,113.0,67.0,55.0,57.0,148.0,187.0,146.0,201.0,77.0,57.0,42.0,35.0,109.0,113.0,125.0,179.0,68.0,97.0,47.0,62.0,93.0
27,100.0,70.0,124.0,173.0,66.0,133.0,35.0,37.0,45.0,57.0,96.0,67.0,,114.0,100.0,193.0,100.0,81.0,139.0,82.0,85.0,116.0,97.0,155.0
28,190.0,262.0,187.0,270.0,110.0,57.0,45.0,57.0,48.0,88.0,122.0,133.0,110.0,92.0,30.0,69.0,133.0,95.0,99.0,119.0,97.0,32.0,60.0,75.0
29,100.0,102.0,123.0,70.0,70.0,78.0,38.0,90.0,45.0,80.0,130.0,69.0,68.0,61.0,95.0,84.0,120.0,160.0,109.0,88.0,98.0,60.0,43.0,131.0
30,166.0,137.0,171.0,128.0,124.0,95.0,70.0,159.0,135.0,99.0,149.0,139.0,126.0,107.0,86.0,230.0,199.0,141.0,,,,263.0,227.0,163.0
31,138.0,127.0,130.0,129.0,149.0,161.0,96.0,179.0,209.0,221.0,263.0,241.0,196.0,183.0,,,,252.0,336.0,296.0,259.0,339.0,211.0,262.0
"
"
September-2018,00:00:00,01:00:00,02:00:00,03:00:00,04:00:00,05:00:00,06:00:00,07:00:00,08:00:00,09:00:00,10:00:00,11:00:00,12:00:00,13:00:00,14:00:00,15:00:00,16:00:00,17:00:00,18:00:00,19:00:00,20:00:00,21:00:00,22:00:00,23:00:00
1,186.0,124.0,117.0,112.0,124.0,115.0,100.0,100.0,96.0,90.0,56.0,85.0,111.0,62.0,106.0,101.0,88.0,116.0,157.0,141.0,141.0,179.0,163.0,250.0
2,305.0,197.0,207.0,182.0,183.0,165.0,149.0,237.0,147.0,95.0,283.0,243.0,107.0,77.0,55.0,100.0,98.0,110.0,91.0,82.0,102.0,73.0,95.0,95.0
3,200.0,187.0,263.0,,,,106.0,,166.0,,197.0,,,,,,,123.0,,117.0,109.0,130.0,126.0,130.0
4,207.0,187.0,180.0,152.0,202.0,203.0,155.0,203.0,325.0,332.0,253.0,301.0,250.0,133.0,98.0,110.0,134.0,165.0,225.0,227.0,163.0,138.0,133.0,174.0
5,181.0,167.0,152.0,123.0,133.0,134.0,88.0,123.0,145.0,115.0,63.0,93.0,130.0,135.0,115.0,150.0,201.0,229.0,245.0,202.0,261.0,217.0,226.0,201.0
6,348.0,346.0,299.0,287.0,252.0,190.0,184.0,193.0,218.0,190.0,199.0,239.0,201.0,205.0,218.0,187.0,265.0,339.0,322.0,114.0,152.0,147.0,127.0,114.0
7,120.0,109.0,124.0,117.0,131.0,110.0,110.0,106.0,111.0,107.0,116.0,124.0,173.0,189.0,209.0,315.0,117.0,124.0,188.0,190.0,287.0,366.0,165.0,107.0
8,131.0,107.0,123.0,100.0,82.0,101.0,80.0,111.0,121.0,153.0,97.0,97.0,103.0,95.0,75.0,74.0,92.0,108.0,129.0,116.0,127.0,85.0,114.0,113.0
9,108.0,92.0,92.0,79.0,57.0,45.0,82.0,55.0,58.0,97.0,97.0,,,,73.0,90.0,75.0,75.0,114.0,88.0,85.0,69.0,102.0,104.0
10,110.0,138.0,109.0,99.0,77.0,83.0,75.0,101.0,148.0,159.0,129.0,145.0,155.0,192.0,162.0,153.0,140.0,130.0,121.0,118.0,119.0,138.0,85.0,133.0
11,123.0,167.0,144.0,123.0,115.0,105.0,53.0,92.0,172.0,157.0,167.0,,,146.0,119.0,122.0,153.0,184.0,,137.0,144.0,219.0,165.0,175.0
12,263.0,219.0,161.0,164.0,109.0,111.0,70.0,122.0,191.0,184.0,186.0,209.0,164.0,179.0,115.0,149.0,161.0,183.0,204.0,170.0,230.0,181.0,168.0,155.0
13,215.0,175.0,155.0,144.0,90.0,79.0,90.0,156.0,172.0,181.0,241.0,246.0,207.0,169.0,164.0,185.0,199.0,189.0,205.0,213.0,224.0,175.0,177.0,197.0
14,171.0,160.0,143.0,126.0,90.0,90.0,111.0,145.0,127.0,160.0,165.0,173.0,137.0,159.0,137.0,127.0,167.0,159.0,197.0,175.0,174.0,188.0,171.0,245.0
15,396.0,369.0,329.0,272.0,175.0,123.0,105.0,175.0,232.0,190.0,211.0,243.0,153.0,140.0,132.0,172.0,148.0,168.0,178.0,157.0,156.0,154.0,162.0,180.0
16,182.0,186.0,198.0,206.0,120.0,250.0,123.0,143.0,230.0,,,,,,,,,,166.0,153.0,146.0,183.0,147.0,153.0
17,157.0,186.0,300.0,237.0,182.0,172.0,222.0,239.0,234.0,226.0,186.0,201.0,193.0,179.0,185.0,181.0,185.0,189.0,211.0,193.0,191.0,182.0,157.0,148.0
18,171.0,,,,,,,,,,,,193.0,175.0,164.0,210.0,175.0,175.0,245.0,178.0,201.0,191.0,145.0,138.0
19,240.0,255.0,355.0,315.0,294.0,199.0,163.0,197.0,300.0,265.0,244.0,271.0,204.0,193.0,175.0,166.0,217.0,255.0,319.0,183.0,161.0,164.0,,
20,,,,,,,,,,,,,,,,,,,,,,,,
21,,,,,,,,,,,,,,,,,,,,,,,,
22,,,,,,,,,,,,,,,,,,,,,,,,
23,,,,,,,,,,,,,,,,,,,,,,,,
24,,,,,,,,,,,,,,,,79.0,92.0,98.0,106.0,111.0,105.0,110.0,107.0,112.0
25,97.0,101.0,93.0,30.0,92.0,,,,,,,113.0,112.0,102.0,101.0,119.0,118.0,118.0,133.0,,,,,
26,,,,,,,,,,,,,139.0,145.0,134.0,139.0,186.0,207.0,197.0,193.0,243.0,215.0,212.0,417.0
27,409.0,422.0,419.0,360.0,354.0,366.0,220.0,267.0,318.0,314.0,289.0,181.0,257.0,197.0,221.0,245.0,259.0,210.0,270.0,251.0,279.0,342.0,420.0,395.0
28,500.0,500.0,500.0,447.0,436.0,423.0,281.0,349.0,388.0,267.0,300.0,244.0,217.0,196.0,276.0,,,,,,,,,
29,,,,,,,,,,,,,233.0,227.0,263.0,216.0,250.0,293.0,229.0,182.0,213.0,233.0,268.0,224.0
30,193.0,217.0,197.0,223.0,243.0,200.0,160.0,133.0,184.0,180.0,182.0,168.0,178.0,166.0,168.0,167.0,181.0,161.0,153.0,133.0,141.0,188.0,227.0,199.0
"
"
October-2018,00:00:00,01:00:00,02:00:00,03:00:00,04:00:00,05:00:00,06:00:00,07:00:00,08:00:00,09:00:00,10:00:00,11:00:00,12:00:00,13:00:00,14:00:00,15:00:00,16:00:00,17:00:00,18:00:00,19:00:00,20:00:00,21:00:00,22:00:00,23:00:00
1,168.0,156.0,160.0,119.0,177.0,167.0,153.0,197.0,179.0,239.0,185.0,164.0,170.0,181.0,170,175,194,,,,,,,
2,,,,,,,,,,,,,,,194,168,163,148.0,156.0,189.0,217.0,196.0,,146.0
3,175.0,186.0,284.0,279.0,288.0,,,,,,,,,20.0,237,162,170,187.0,239.0,231.0,178.0,332.0,182.0,354.0
4,220.0,237.0,341.0,241.0,340.0,428.0,408.0,323.0,346.0,399.0,322.0,272.0,306.0,304.0,243,323,323,307.0,259.0,209.0,191.0,220.0,288.0,456.0
5,471.0,459.0,379.0,449.0,444.0,407.0,406.0,423.0,467.0,463.0,401.0,307.0,401.0,456.0,314,282,314,272.0,270.0,196.0,205.0,400.0,167.0,279.0
6,413.0,436.0,426.0,443.0,336.0,405.0,430.0,428.0,451.0,403.0,301.0,211.0,227.0,417.0,235,182,192,170.0,219.0,296.0,227.0,264.0,162.0,319.0
7,421.0,221.0,283.0,207.0,274.0,301.0,273.0,308.0,193.0,223.0,250.0,277.0,267.0,280.0,231,244,225,218.0,228.0,220.0,296.0,432.0,461.0,466.0
8,377.0,430.0,441.0,413.0,429.0,356.0,438.0,409.0,363.0,399.0,405.0,387.0,371.0,270.0,391,279,243,234.0,267.0,347.0,259.0,398.0,350.0,392.0
9,382.0,394.0,417.0,277.0,252.0,306.0,304.0,308.0,278.0,282.0,302.0,276.0,262.0,239.0,198,202,189,186.0,198.0,203.0,258.0,166.0,174.0,378.0
10,402.0,327.0,419.0,432.0,419.0,420.0,416.0,,,,,,210.0,197.0,200,178,173,185.0,182.0,198.0,184.0,252.0,242.0,233.0
11,274.0,298.0,262.0,270.0,258.0,259.0,224.0,294.0,214.0,234.0,242.0,205.0,230.0,210.0,206,417,289,192.0,182.0,115.0,119.0,111.0,114.0,139.0
12,142.0,124.0,160.0,115.0,79.0,89.0,127.0,149.0,145.0,186.0,244.0,299.0,266.0,178.0,166,157,159,170.0,165.0,190.0,288.0,346.0,416.0,402.0
13,425.0,444.0,408.0,422.0,475.0,411.0,490.0,500.0,500.0,500.0,462.0,407.0,267.0,202.0,405,230,217,261.0,213.0,185.0,232.0,266.0,262.0,329.0
14,300.0,280.0,279.0,239.0,237.0,354.0,305.0,302.0,312.0,306.0,302.0,270.0,240.0,257.0,218,193,213,196.0,192.0,259.0,315.0,355.0,395.0,415.0
15,451.0,314.0,337.0,333.0,402.0,408.0,361.0,316.0,324.0,352.0,370.0,348.0,294.0,232.0,230,204,233,202.0,232.0,251.0,416.0,451.0,493.0,407.0
16,410.0,346.0,402.0,500.0,500.0,497.0,447.0,486.0,463.0,462.0,405.0,361.0,309.0,428.0,390,232,201,283.0,420.0,500.0,478.0,500.0,461.0,461.0
17,456.0,424.0,437.0,371.0,399.0,439.0,407.0,358.0,339.0,403.0,407.0,309.0,302.0,297.0,250,196,193,193.0,179.0,498.0,500.0,500.0,422.0,500.0
18,441.0,428.0,426.0,405.0,443.0,466.0,342.0,333.0,335.0,320.0,332.0,318.0,322.0,267.0,199,181,179,123.0,193.0,233.0,420.0,459.0,472.0,500.0
19,500.0,500.0,418.0,319.0,288.0,261.0,193.0,279.0,301.0,391.0,436.0,500.0,456.0,325.0,335,340,311,245.0,263.0,243.0,316.0,419.0,464.0,481.0
20,429.0,446.0,419.0,439.0,423.0,404.0,398.0,402.0,417.0,437.0,441.0,407.0,330.0,366.0,253,148,197,230.0,206.0,260.0,453.0,478.0,500.0,436.0
21,441.0,441.0,416.0,431.0,440.0,425.0,380.0,372.0,405.0,436.0,366.0,355.0,348.0,189.0,227,207,183,165.0,160.0,197.0,418.0,396.0,455.0,440.0
22,418.0,356.0,365.0,360.0,349.0,351.0,336.0,366.0,348.0,320.0,346.0,366.0,382.0,289.0,309,277,185,167.0,175.0,229.0,401.0,399.0,417.0,446.0
23,500.0,459.0,442.0,500.0,423.0,398.0,307.0,300.0,326.0,322.0,399.0,362.0,315.0,300.0,255,246,256,229.0,259.0,378.0,349.0,423.0,494.0,500.0
24,500.0,500.0,464.0,500.0,482.0,461.0,460.0,398.0,424.0,500.0,424.0,458.0,485.0,451.0,374,283,307,459.0,318.0,411.0,449.0,437.0,448.0,369.0
25,429.0,400.0,426.0,500.0,381.0,418.0,420.0,424.0,451.0,458.0,236.0,184.0,122.0,139.0,270,247,201,188.0,252.0,349.0,426.0,478.0,484.0,475.0
26,500.0,500.0,500.0,500.0,451.0,446.0,439.0,443.0,491.0,500.0,500.0,500.0,500.0,337.0,322,309,277,199.0,227.0,395.0,484.0,500.0,500.0,500.0
27,500.0,500.0,500.0,500.0,480.0,432.0,423.0,474.0,434.0,500.0,428.0,455.0,426.0,500.0,431,315,297,260.0,315.0,399.0,500.0,500.0,500.0,500.0
28,500.0,476.0,483.0,500.0,459.0,474.0,479.0,474.0,438.0,477.0,459.0,456.0,347.0,334.0,297,197,207,227.0,297.0,308.0,376.0,456.0,500.0,500.0
29,500.0,500.0,500.0,472.0,498.0,500.0,500.0,483.0,474.0,500.0,473.0,500.0,500.0,410.0,416,336,370,312.0,308.0,450.0,471.0,500.0,500.0,500.0
30,500.0,500.0,500.0,500.0,500.0,500.0,500.0,500.0,500.0,500.0,500.0,500.0,500.0,477.0,500,492,403,198.0,277.0,369.0,491.0,485.0,500.0,446.0
31,453.0,455.0,480.0,500.0,461.0,439.0,454.0,454.0,429.0,446.0,432.0,348.0,349.0,329.0,146,127,349,399.0,309.0,413.0,470.0,500.0,500.0,500.0
"
"
November-2018,00:00:00,01:00:00,02:00:00,03:00:00,04:00:00,05:00:00,06:00:00,07:00:00,08:00:00,09:00:00,10:00:00,11:00:00,12:00:00,13:00:00,14:00:00,15:00:00,16:00:00,17:00:00,18:00:00,19:00:00,20:00:00,21:00:00,22:00:00,23:00:00
1,472.0,480.0,495.0,500.0,500.0,500,484,500,500.0,500.0,500.0,489.0,405.0,235.0,314.0,322.0,,378.0,384.0,413,437,470,457,453.0
2,467.0,477.0,500.0,432.0,412.0,403,401,375,365.0,384.0,428.0,422.0,410.0,380.0,347.0,345.0,342.0,343.0,328.0,328,346,358,370,332.0
3,347.0,355.0,362.0,363.0,342.0,350,328,345,361.0,407.0,409.0,391.0,355.0,338.0,287.0,293.0,321.0,287.0,339.0,277,303,308,260,320.0
4,318.0,223.0,253.0,203.0,127.0,98,66,90,116.0,111.0,118.0,156.0,134.0,169.0,123.0,132.0,160.0,200.0,309.0,322,394,404,388,400.0
5,466.0,498.0,500.0,500.0,500.0,500,500,500,500.0,500.0,500.0,500.0,500.0,500.0,426.0,426.0,374.0,371.0,420.0,391,434,409,404,390.0
6,415.0,424.0,485.0,499.0,474.0,443,410,414,409.0,412.0,400.0,370.0,312.0,230.0,189.0,160.0,243.0,216.0,240.0,272,352,460,368,349.0
7,399.0,357.0,388.0,394.0,417.0,429,428,416,398.0,370.0,442.0,389.0,342.0,311.0,199.0,223.0,169.0,153.0,197.0,312,403,414,458,500.0
8,500.0,500.0,165.0,158.0,169.0,173,175,188,168.0,161.0,500.0,500.0,492.0,432.0,388.0,423.0,388.0,347.0,455.0,500,472,500,500,500.0
9,500.0,500.0,500.0,500.0,500.0,500,500,500,500.0,500.0,500.0,466.0,434.0,414.0,326.0,300.0,329.0,315.0,318.0,362,457,500,500,500.0
10,500.0,500.0,500.0,500.0,500.0,500,486,500,500.0,500.0,485.0,472.0,447.0,399.0,369.0,365.0,356.0,365.0,403.0,420,500,500,500,500.0
11,500.0,500.0,500.0,500.0,500.0,500,500,500,500.0,500.0,472.0,432.0,410.0,423.0,341.0,334.0,321.0,322.0,403.0,407,425,500,500,500.0
12,500.0,500.0,500.0,500.0,500.0,500,478,482,493.0,499.0,481.0,465.0,443.0,392.0,358.0,353.0,370.0,405.0,418.0,448,500,500,500,500.0
13,500.0,500.0,500.0,490.0,478.0,483,469,485,494.0,500.0,500.0,500.0,446.0,438.0,423.0,414.0,372.0,393.0,393.0,407,368,406,385,438.0
14,470.0,453.0,423.0,412.0,384.0,345,283,227,277.0,335.0,356.0,355.0,356.0,256.0,315.0,247.0,283.0,220.0,273.0,317,308,342,350,358.0
15,367.0,317.0,243.0,163.0,203.0,200,167,270,301.0,277.0,187.0,157.0,210.0,287.0,160.0,210.0,217.0,200.0,240.0,308,305,316,301,380.0
16,427.0,440.0,432.0,390.0,358.0,332,277,317,315.0,318.0,338.0,336.0,277.0,200.0,135.0,249.0,182.0,173.0,221.0,312,316,331,316,389.0
17,320.0,333.0,338.0,355.0,386.0,387,372,404,431.0,391.0,410.0,376.0,324.0,280.0,200.0,180.0,199.0,238.0,297.0,452,434,401,471,500.0
18,500.0,500.0,500.0,482.0,500.0,449,440,390,439.0,407.0,378.0,401.0,325.0,318.0,303.0,301.0,300.0,237.0,263.0,321,327,363,500,362.0
19,382.0,416.0,400.0,405.0,402.0,412,394,413,415.0,400.0,375.0,358.0,334.0,329.0,247.0,310.0,317.0,319.0,345.0,382,500,382,359,363.0
20,381.0,410.0,409.0,375.0,396.0,400,389,430,465.0,472.0,499.0,399.0,401.0,401.0,364.0,362.0,380.0,365.0,332.0,417,447,484,462,500.0
21,500.0,500.0,500.0,485.0,489.0,477,450,423,443.0,436.0,420.0,411.0,364.0,355.0,315.0,260.0,175.0,,190.0,442,466,499,470,465.0
22,447.0,495.0,450.0,457.0,454.0,329,308,316,310.0,320.0,433.0,403.0,384.0,347.0,304.0,247.0,166.0,,405.0,468,416,478,439,500.0
23,500.0,500.0,500.0,500.0,446.0,426,425,434,417.0,433.0,439.0,,,368.0,,251.0,191.0,,277.0,432,371,322,322,344.0
24,346.0,340.0,,311.0,305.0,316,200,230,213.0,297.0,307.0,253.0,293.0,260.0,232.0,209.0,201.0,187.0,,410,437,421,453,487.0
25,493.0,464.0,428.0,426.0,337.0,348,322,359,380.0,368.0,346.0,339.0,374.0,355.0,301.0,263.0,352.0,188.0,449.0,406,500,500,500,500.0
26,500.0,500.0,500.0,500.0,445.0,438,404,429,404.0,468.0,430.0,386.0,388.0,,,,305.0,223.0,287.0,500,468,487,477,500.0
27,500.0,500.0,500.0,500.0,462.0,447,434,467,495.0,500.0,500.0,467.0,405.0,344.0,187.0,223.0,173.0,135.0,160.0,430,454,461,429,500.0
28,435.0,441.0,449.0,427.0,367.0,385,416,403,,,,421.0,457.0,357.0,317.0,311.0,280.0,,319.0,343,469,462,500,500.0
29,500.0,500.0,495.0,500.0,500.0,500,423,440,401.0,405.0,460.0,424.0,407.0,376.0,346.0,365.0,340.0,308.0,322.0,479,470,479,478,
30,,,,,,427,395,403,419.0,429.0,440.0,433.0,497.0,343.0,310.0,302.0,293.0,197.0,308.0,453,458,482,455,500.0
"
"
December-2018,00:00:00,01:00:00,02:00:00,03:00:00,04:00:00,05:00:00,06:00:00,07:00:00,08:00:00,09:00:00,10:00:00,11:00:00,12:00:00,13:00:00,14:00:00,15:00:00,16:00:00,17:00:00,18:00:00,19:00:00,20:00:00,21:00:00,22:00:00,23:00:00
1,477.0,500.0,440.0,415.0,376.0,356.0,332.0,368.0,356.0,342.0,364.0,404.0,381.0,302.0,233.0,215,183,169,282.0,445.0,439,426,477,500
2,500.0,500.0,500.0,500.0,471.0,371.0,385.0,416.0,441.0,469.0,500.0,482.0,476.0,413.0,177.0,111,146,187,263.0,423.0,497,500,500,500
3,500.0,500.0,500.0,500.0,500.0,463.0,403.0,405.0,386.0,361.0,436.0,375.0,342.0,287.0,297.0,250,220,207,257.0,404.0,500,500,500,500
4,500.0,500.0,500.0,500.0,500.0,500.0,452.0,454.0,465.0,500.0,500.0,500.0,493.0,368.0,339.0,301,304,277,274.0,500.0,446,452,500,472
5,500.0,500.0,495.0,500.0,470.0,472.0,444.0,428.0,405.0,400.0,461.0,,,,,240,210,250,250.0,290.0,436,500,500,472
6,500.0,500.0,500.0,490.0,,,,,,,,461.0,467.0,465.0,371.0,385,320,277,287.0,360.0,461,461,468,500
7,500.0,500.0,500.0,,,,,,402.0,424.0,500.0,429.0,426.0,393.0,361.0,317,316,243,247.0,305.0,424,423,461,500
8,500.0,500.0,500.0,427.0,422.0,405.0,404.0,420.0,416.0,419.0,411.0,393.0,352.0,336.0,342.0,352,349,335,322.0,419.0,423,500,500,500
9,490.0,443.0,476.0,424.0,500.0,429.0,416.0,447.0,436.0,500.0,500.0,457.0,500.0,430.0,361.0,352,306,303,335.0,448.0,500,500,500,500
10,443.0,446.0,444.0,470.0,461.0,498.0,484.0,479.0,500.0,500.0,496.0,466.0,424.0,411.0,90.0,251,352,360,368.0,379.0,469,479,484,463
11,454.0,430.0,468.0,483.0,500.0,500.0,480.0,472.0,480.0,488.0,500.0,500.0,424.0,402.0,366.0,377,376,405,389.0,403.0,449,465,500,500
12,500.0,500.0,500.0,500.0,453.0,440.0,419.0,413.0,475.0,454.0,453.0,393.0,371.0,312.0,309.0,277,217,263,135.0,120.0,157,260,263,370
13,403.0,373.0,441.0,352.0,240.0,139.0,124.0,88.0,103.0,305.0,257.0,140.0,227.0,223.0,122.0,197,170,157,,190.0,277,323,325,315
14,280.0,273.0,303.0,233.0,290.0,309.0,322.0,270.0,310.0,316.0,336.0,333.0,330.0,300.0,170.0,207,177,129,151.0,151.0,267,280,302,312
15,338.0,325.0,326.0,309.0,307.0,308.0,273.0,309.0,317.0,317.0,335.0,322.0,317.0,314.0,309.0,300,270,217,177.0,213.0,270,287,308,325
16,318.0,321.0,297.0,309.0,415.0,321.0,331.0,335.0,352.0,352.0,405.0,376.0,370.0,374.0,352.0,322,277,280,287.0,328.0,356,453,435,362
17,398.0,399.0,358.0,338.0,358.0,382.0,376.0,343.0,348.0,349.0,372.0,373.0,392.0,334.0,335.0,324,335,233,,250.0,425,472,424,426
18,398.0,500.0,476.0,424.0,378.0,384.0,403.0,382.0,390.0,392.0,430.0,412.0,362.0,322.0,313.0,311,309,253,301.0,369.0,376,368,402,476
19,500.0,465.0,164.0,500.0,411.0,385.0,373.0,382.0,402.0,410.0,449.0,410.0,401.0,,322.0,314,314,302,323.0,,432,418,450,500
20,500.0,500.0,500.0,493.0,500.0,500.0,500.0,500.0,482.0,468.0,460.0,428.0,404.0,395.0,,344,307,318,353.0,406.0,431,492,500,500
21,,,,,,,,,,,,500.0,227.0,452.0,405.0,352,345,333,328.0,356.0,434,489,500,500
22,228.0,500.0,500.0,500.0,500.0,486.0,500.0,500.0,484.0,489.0,500.0,468.0,478.0,495.0,444.0,408,388,411,439.0,478.0,500,291,500,500
23,500.0,500.0,500.0,500.0,500.0,500.0,500.0,500.0,500.0,500.0,500.0,500.0,480.0,413.0,394.0,391,391,380,410.0,460.0,500,500,500,500
24,500.0,500.0,500.0,500.0,500.0,500.0,500.0,500.0,136.0,172.0,500.0,500.0,500.0,450.0,412.0,368,343,351,361.0,434.0,500,491,490,500
25,498.0,154.0,454.0,432.0,406.0,384.0,382.0,391.0,412.0,435.0,480.0,468.0,407.0,382.0,377.0,349,360,266,372.0,382.0,449,422,463,173
26,500.0,500.0,472.0,465.0,449.0,432.0,436.0,432.0,407.0,413.0,448.0,456.0,434.0,375.0,365.0,331,237,210,257.0,341.0,456,500,500,500
27,500.0,500.0,500.0,500.0,500.0,500.0,140.0,500.0,500.0,500.0,500.0,448.0,420.0,325.0,312.0,280,240,325,311.0,338.0,372,378,416,160
28,408.0,468.0,426.0,408.0,423.0,428.0,410.0,405.0,408.0,446.0,447.0,441.0,426.0,406.0,387.0,356,355,349,344.0,355.0,392,186,474,461
29,492.0,500.0,500.0,500.0,500.0,492.0,456.0,423.0,424.0,429.0,453.0,456.0,418.0,385.0,345.0,322,293,312,315.0,356.0,500,500,500,500
30,500.0,500.0,500.0,500.0,500.0,500.0,500.0,500.0,500.0,226.0,500.0,500.0,465.0,435.0,372.0,344,327,312,328.0,456.0,500,500,500,500
31,500.0,500.0,500.0,500.0,500.0,500.0,500.0,500.0,467.0,481.0,500.0,500.0,476.0,476.0,187.0,347,306,121,293.0,330.0,432,500,500,500
"
"
Year,2019
January-2019,00:00:00,01:00:00,02:00:00,03:00:00,04:00:00,05:00:00,06:00:00,07:00:00,08:00:00,09:00:00,10:00:00,11:00:00,12:00:00,13:00:00,14:00:00,15:00:00,16:00:00,17:00:00,18:00:00,19:00:00,20:00:00,21:00:00,22:00:00,23:00:00
1,500.0,500.0,500.0,500.0,500.0,500.0,500.0,499.0,500,491,454,467,446,420,358,319,318,297,321,348,440,500,500,500.0
2,500.0,500.0,500.0,500.0,500.0,500.0,500.0,500.0,500,500,500,500,475,418,399,348,334,342,355,372,411,493,500,
3,,,,,,,,,500,500,500,500,500,490,401,355,386,325,340,396,451,476,473,496.0
4,477.0,457.0,466.0,450.0,438.0,440.0,414.0,380.0,362,357,386,424,422,400,354,353,365,385,448,425,470,454,476,
5,,,,,,,,429.0,428,440,411,411,388,346,322,315,303,257,250,297,332,273,398,416.0
6,401.0,369.0,368.0,370.0,388.0,411.0,410.0,357.0,310,233,293,309,332,338,273,309,172,310,324,347,452,472,395,412.0
7,386.0,368.0,362.0,340.0,338.0,343.0,327.0,345.0,347,342,377,408,401,352,358,356,336,283,270,304,360,458,454,408.0
8,354.0,341.0,324.0,319.0,307.0,331.0,317.0,322.0,345,361,387,372,339,312,257,210,173,146,167,217,309,348,372,378.0
9,364.0,355.0,347.0,348.0,356.0,349.0,343.0,340.0,341,335,355,348,322,270,180,180,150,130,147,167,305,325,361,439.0
10,441.0,449.0,348.0,321.0,341.0,357.0,369.0,338.0,361,358,386,412,388,338,326,220,170,146,159,240,325,423,500,500.0
11,500.0,500.0,500.0,443.0,475.0,451.0,416.0,426.0,454,500,480,500,482,368,346,357,331,311,300,322,474,500,500,500.0
12,500.0,500.0,500.0,500.0,500.0,500.0,500.0,500.0,500,500,500,500,500,449,401,358,374,354,344,343,395,445,500,500.0
13,500.0,500.0,500.0,500.0,500.0,500.0,486.0,411.0,406,437,463,454,421,408,363,358,374,328,320,485,440,404,349,352.0
14,338.0,311.0,233.0,190.0,190.0,183.0,157.0,130.0,160,233,313,306,303,190,188,202,190,175,166,153,187,250,304,318.0
15,263.0,217.0,223.0,193.0,210.0,250.0,200.0,240.0,287,326,364,357,362,252,304,237,167,177,166,227,318,358,405,482.0
16,490.0,500.0,500.0,500.0,500.0,500.0,500.0,496.0,404,391,413,433,387,377,328,315,320,313,338,398,402,455,500,500.0
17,500.0,500.0,500.0,500.0,500.0,500.0,500.0,500.0,500,500,500,500,471,401,401,358,413,364,370,362,451,434,417,432.0
18,422.0,404.0,407.0,366.0,382.0,401.0,399.0,386.0,414,440,470,469,462,407,392,355,305,253,253,332,418,449,471,500.0
19,500.0,,,,,,,449.0,482,473,500,500,499,388,334,253,193,270,385,479,500,500,500,500.0
20,500.0,500.0,500.0,500.0,500.0,500.0,500.0,500.0,500,500,500,500,500,423,320,352,309,274,278,329,429,472,463,500.0
21,500.0,500.0,500.0,416.0,419.0,398.0,380.0,368.0,367,396,373,337,342,335,315,283,232,113,277,227,153,207,123,99.0
22,163.0,160.0,180.0,153.0,150.0,97.0,70.0,95.0,76,77,100,102,123,157,84,151,112,130,217,223,177,98,162,85.0
23,77.0,90.0,140.0,127.0,130.0,303.0,301.0,443.0,419,349,351,375,336,320,308,283,230,173,243,277,304,439,445,449.0
24,498.0,500.0,398.0,375.0,322.0,307.0,263.0,315.0,329,355,422,339,324,227,123,133,100,124,233,257,306,240,151,141.0
25,137.0,175.0,173.0,107.0,78.0,97.0,82.0,164.0,195,157,167,257,154,183,140,149,150,146,173,163,185,277,308,308.0
26,301.0,280.0,264.0,238.0,217.0,208.0,164.0,177.0,220,230,302,277,280,227,133,145,130,127,133,131,217,303,307,302.0
27,319.0,319.0,320.0,300.0,302.0,305.0,309.0,316.0,325,348,344,322,267,302,150,183,125,133,173,150,250,350,347,345.0
28,328.0,336.0,321.0,311.0,305.0,302.0,308.0,309.0,315,331,352,343,260,163,142,124,144,161,179,137,227,315,332,328.0
29,369.0,331.0,323.0,319.0,318.0,318.0,297.0,316.0,318,335,350,326,319,280,167,162,118,230,174,165,294,408,453,499.0
30,467.0,482.0,452.0,381.0,375.0,388.0,352.0,364.0,389,408,472,431,407,352,308,318,304,309,307,331,437,472,500,500.0
31,500.0,500.0,500.0,500.0,500.0,500.0,428.0,478.0,465,446,437,370,321,287,210,240,233,160,183,253,293,319,290,327.0
"
"
February-2019,00:00:00,01:00:00,02:00:00,03:00:00,04:00:00,05:00:00,06:00:00,07:00:00,08:00:00,09:00:00,10:00:00,11:00:00,12:00:00,13:00:00,14:00:00,15:00:00,16:00:00,17:00:00,18:00:00,19:00:00,20:00:00,21:00:00,22:00:00,23:00:00
1,332.0,325.0,352.0,364.0,357.0,340.0,307.0,363.0,385.0,382.0,415.0,362.0,321.0,311.0,177.0,223.0,334.0,398.0,388.0,388.0,400.0,411.0,402.0,424.0
2,410.0,404.0,404.0,380.0,365.0,350.0,316.0,332.0,332.0,333.0,350.0,346.0,366.0,368.0,365.0,362.0,372.0,379.0,400.0,415.0,414.0,416.0,424.0,434.0
3,420.0,407.0,362.0,345.0,304.0,293.0,137.0,260.0,307.0,302.0,312.0,307.0,318.0,318.0,316.0,328.0,333.0,318.0,314.0,321.0,385.0,420.0,423.0,455.0
4,395.0,361.0,349.0,339.0,342.0,332.0,293.0,362.0,359.0,335.0,352.0,381.0,405.0,381.0,347.0,314.0,,,253.0,312.0,403.0,498.0,500.0,500.0
5,500.0,500.0,500.0,500.0,500.0,500.0,500.0,500.0,500.0,500.0,500.0,476.0,403.0,375.0,,,,,,,142.0,453.0,500.0,500.0
6,440.0,416.0,406.0,390.0,386.0,398.0,383.0,389.0,416.0,410.0,415.0,390.0,325.0,311.0,280.0,213.0,267.0,237.0,310.0,301.0,324.0,321.0,329.0,329.0
7,327.0,280.0,315.0,227.0,210.0,170.0,117.0,117.0,177.0,130.0,147.0,140.0,92.0,83.0,88.0,90.0,107.0,113.0,187.0,131.0,128.0,148.0,122.0,153.0
8,100.0,96.0,117.0,113.0,287.0,213.0,305.0,313.0,303.0,360.0,391.0,332.0,273.0,167.0,160.0,123.0,130.0,107.0,110.0,130.0,139.0,200.0,101.0,130.0
9,237.0,203.0,167.0,207.0,203.0,233.0,100.0,95.0,137.0,173.0,167.0,137.0,130.0,122.0,127.0,130.0,113.0,135.0,129.0,164.0,162.0,210.0,273.0,332.0
10,310.0,304.0,297.0,305.0,267.0,302.0,250.0,330.0,326.0,335.0,352.0,330.0,302.0,167.0,140.0,127.0,132.0,140.0,177.0,181.0,237.0,312.0,322.0,335.0
11,362.0,356.0,355.0,353.0,367.0,357.0,365.0,342.0,346.0,365.0,371.0,356.0,315.0,306.0,217.0,177.0,140.0,220.0,297.0,306.0,318.0,325.0,345.0,352.0
12,343.0,395.0,377.0,385.0,397.0,404.0,401.0,435.0,382.0,382.0,390.0,382.0,315.0,333.0,309.0,297.0,321.0,339.0,321.0,334.0,376.0,403.0,443.0,481.0
13,462.0,419.0,417.0,439.0,408.0,388.0,367.0,373.0,381.0,398.0,420.0,419.0,377.0,342.0,377.0,368.0,335.0,339.0,334.0,315.0,342.0,358.0,349.0,397.0
14,398.0,393.0,389.0,395.0,368.0,352.0,348.0,349.0,383.0,418.0,397.0,365.0,355.0,347.0,319.0,302.0,293.0,250.0,290.0,267.0,305.0,302.0,240.0,303.0
15,227.0,257.0,270.0,267.0,207.0,193.0,147.0,193.0,310.0,354.0,355.0,343.0,319.0,318.0,280.0,150.0,137.0,177.0,392.0,332.0,317.0,335.0,321.0,316.0
16,322.0,320.0,342.0,304.0,300.0,304.0,270.0,301.0,322.0,325.0,332.0,347.0,310.0,309.0,300.0,307.0,270.0,230.0,293.0,257.0,270.0,301.0,307.0,311.0
17,322.0,317.0,321.0,301.0,300.0,302.0,273.0,253.0,270.0,263.0,319.0,325.0,237.0,217.0,183.0,172.0,177.0,150.0,233.0,171.0,185.0,358.0,416.0,440.0
18,438.0,433.0,361.0,332.0,301.0,361.0,213.0,171.0,285.0,320.0,358.0,303.0,304.0,243.0,141.0,125.0,129.0,145.0,144.0,163.0,181.0,217.0,207.0,217.0
19,210.0,240.0,270.0,253.0,180.0,223.0,240.0,273.0,260.0,260.0,324.0,306.0,293.0,240.0,287.0,199.0,263.0,316.0,400.0,309.0,374.0,428.0,465.0,495.0
20,454.0,374.0,375.0,353.0,339.0,346.0,344.0,353.0,327.0,217.0,177.0,321.0,193.0,103.0,90.0,109.0,126.0,153.0,135.0,133.0,164.0,129.0,111.0,108.0
21,134.0,123.0,123.0,230.0,167.0,181.0,257.0,170.0,183.0,183.0,247.0,187.0,145.0,157.0,141.0,134.0,150.0,142.0,159.0,171.0,221.0,244.0,304.0,424.0
22,500.0,500.0,500.0,403.0,277.0,220.0,253.0,,,,,100.0,368.0,230.0,150.0,138.0,141.0,119.0,155.0,129.0,127.0,133.0,149.0,149.0
23,133.0,127.0,122.0,107.0,101.0,100.0,76.0,103.0,143.0,187.0,250.0,220.0,209.0,186.0,186.0,103.0,,141.0,141.0,108.0,153.0,166.0,150.0,153.0
24,180.0,246.0,339.0,230.0,198.0,172.0,204.0,222.0,210.0,166.0,273.0,201.0,183.0,145.0,131.0,140.0,133.0,129.0,143.0,130.0,151.0,304.0,277.0,302.0
25,230.0,411.0,417.0,377.0,344.0,315.0,307.0,329.0,305.0,317.0,366.0,315.0,304.0,164.0,203.0,,153.0,166.0,,167.0,181.0,134.0,110.0,148.0
26,137.0,,,,,,,,,319.0,312.0,150.0,165.0,173.0,120.0,123.0,111.0,,163.0,105.0,79.0,113.0,137.0,103.0
27,85.0,90.0,200.0,83.0,88.0,84.0,74.0,107.0,309.0,253.0,247.0,152.0,193.0,,,,,,,,,,,
28,,,,,,,,,,,,,,,,,,,,,,149.0,190.0,187.0
"
"
March-2019,00:00:00,01:00:00,02:00:00,03:00:00,04:00:00,05:00:00,06:00:00,07:00:00,08:00:00,09:00:00,10:00:00,11:00:00,12:00:00,13:00:00,14:00:00,15:00:00,16:00:00,17:00:00,18:00:00,19:00:00,20:00:00,21:00:00,22:00:00,23:00:00
1,337.0,269.0,304,306.0,321.0,266.0,214.0,290.0,302.0,310.0,384.0,324.0,203,159.0,153,140,129,119.0,147.0,145.0,180,239.0,262,278.0
2,493.0,314.0,301,,240.0,314.0,328.0,245.0,,322.0,,,348,345.0,328,312,180,140.0,160.0,127.0,139,167.0,126,119.0
3,,,297,,203.0,90.0,130.0,85.0,,,197.0,,88,92.0,64,68,73,89.0,,123.0,421,233.0,185,216.0
4,439.0,440.0,423,329.0,,309.0,,,356.0,352.0,358.0,323.0,315,265.0,207,228,217,,252.0,200.0,212,,251,
5,161.0,142.0,142,,140.0,145.0,,,240.0,280.0,309.0,210.0,233,184.0,171,167,183,138.0,137.0,156.0,175,,232,
6,447.0,479.0,350,267.0,,153.0,,,350.0,355.0,458.0,326.0,230,188.0,164,149,147,146.0,127.0,137.0,153,181.0,272,355.0
7,,451.0,490,500.0,482.0,,454.0,440.0,459.0,435.0,438.0,310.0,200,,150,141,124,133.0,155.0,,175,,330,
8,349.0,,416,,500.0,,277.0,207.0,,,361.0,,191,173.0,185,159,153,142.0,131.0,139.0,172,281.0,402,358.0
9,358.0,378.0,322,376.0,338.0,205.0,179.0,312.0,197.0,247.0,305.0,280.0,188,185.0,153,129,143,135.0,149.0,153.0,137,145.0,151,145.0
10,153.0,147.0,497,,241.0,147.0,133.0,161.0,304.0,305.0,370.0,175.0,168,148.0,114,120,129,129.0,130.0,146.0,171,217.0,272,304.0
11,306.0,353.0,365,297.0,303.0,243.0,233.0,217.0,207.0,210.0,230.0,339.0,309,288.0,250,179,150,141.0,145.0,167.0,169,194.0,157,319.0
12,301.0,233.0,257,143.0,143.0,203.0,137.0,243.0,217.0,200.0,161.0,119.0,125,124.0,119,131,133,142.0,143.0,161.0,159,165.0,173,160.0
13,184.0,174.0,171,159.0,138.0,139.0,155.0,280.0,308.0,326.0,407.0,280.0,237,205.0,193,250,279,341.0,207.0,217.0,282,344.0,335,464.0
14,404.0,325.0,436,440.0,358.0,396.0,399.0,499.0,487.0,425.0,358.0,329.0,197,167.0,235,206,138,135.0,119.0,112.0,114,130.0,130,143.0
15,183.0,321.0,308,322.0,180.0,140.0,150.0,177.0,283.0,287.0,250.0,207.0,149,140.0,107,107,115,102.0,120.0,113.0,123,157.0,172,152.0
16,160.0,189.0,146,122.0,118.0,125.0,120.0,142.0,170.0,159.0,199.0,161.0,155,169.0,145,139,126,123.0,135.0,134.0,156,172.0,213,300.0
17,339.0,277.0,405,183.0,277.0,270.0,253.0,315.0,355.0,386.0,333.0,253.0,163,159.0,142,179,151,148.0,142.0,127.0,145,173.0,177,297.0
18,230.0,260.0,257,293.0,312.0,309.0,302.0,328.0,347.0,358.0,324.0,270.0,167,139.0,189,171,170,175.0,187.0,162.0,160,171.0,200,331.0
19,434.0,384.0,260,283.0,240.0,223.0,280.0,283.0,309.0,330.0,418.0,364.0,348,348.0,348,348,348,348.0,348.0,348.0,348,348.0,423,409.0
20,417.0,348.0,348,376.0,348.0,348.0,348.0,348.0,348.0,348.0,348.0,348.0,272,199.0,189,157,159,152.0,149.0,163.0,233,246.0,166,243.0
21,389.0,421.0,435,486.0,389.0,240.0,202.0,185.0,196.0,252.0,157.0,181.0,168,144.0,96,63,78,101.0,111.0,107.0,113,145.0,127,123.0
22,131.0,109.0,107,105.0,86.0,90.0,97.0,95.0,124.0,141.0,251.0,127.0,126,142.0,238,177,319,186.0,161.0,129.0,115,112.0,120,123.0
23,143.0,170.0,230,183.0,101.0,92.0,102.0,187.0,220.0,183.0,169.0,172.0,149,149.0,80,500,183,218.0,190.0,129.0,145,159.0,171,146.0
24,150.0,150.0,123,100.0,89.0,83.0,109.0,143.0,218.0,278.0,305.0,302.0,227,181.0,179,153,129,129.0,133.0,134.0,145,143.0,153,138.0
25,135.0,162.0,138,217.0,173.0,133.0,160.0,200.0,233.0,260.0,371.0,237.0,197,178.0,181,141,167,143.0,226.0,179.0,142,170.0,203,171.0
26,166.0,200.0,190,200.0,243.0,243.0,257.0,273.0,260.0,193.0,230.0,240.0,195,161.0,184,179,135,140.0,143.0,134.0,146,144.0,181,289.0
27,267.0,281.0,247,223.0,227.0,197.0,238.0,413.0,356.0,223.0,411.0,233.0,211,187.0,170,141,142,133.0,142.0,145.0,163,240.0,405,471.0
28,401.0,414.0,362,462.0,449.0,390.0,476.0,435.0,460.0,468.0,369.0,395.0,283,220.0,277,200,200,181.0,135.0,152.0,186,276.0,445,418.0
29,440.0,471.0,470,,428.0,,,,,444.0,487.0,302.0,408,223.0,183,249,193,171.0,169.0,159.0,173,207.0,405,361.0
30,352.0,376.0,384,375.0,446.0,401.0,408.0,478.0,439.0,481.0,410.0,290.0,213,170.0,179,155,185,177.0,182.0,185.0,300,241.0,309,394.0
31,280.0,308.0,312,413.0,203.0,167.0,147.0,161.0,161.0,185.0,181.0,197.0,330,250.0,197,177,189,194.0,189.0,141.0,149,164.0,157,172.0
"
"
April-2019,00:00:00,01:00:00,02:00:00,03:00:00,04:00:00,05:00:00,06:00:00,07:00:00,08:00:00,09:00:00,10:00:00,11:00:00,12:00:00,13:00:00,14:00:00,15:00:00,16:00:00,17:00:00,18:00:00,19:00:00,20:00:00,21:00:00,22:00:00,23:00:00
1,153,149,123,109,109,117.0,133,160,277.0,311,401.0,197.0,210.0,187.0,156.0,175.0,193.0,156.0,162.0,163.0,167.0,155.0,155.0,155.0
2,161,172,168,175,285,263.0,332,437,439.0,411,322.0,303.0,195.0,287.0,219.0,155.0,174.0,151.0,139.0,137.0,171.0,193.0,223.0,287.0
3,276,175,213,163,284,321.0,309,338,,233,409.0,199.0,190.0,183.0,189.0,152.0,126.0,116.0,102.0,145.0,165.0,202.0,433.0,474.0
4,424,380,400,470,385,349.0,371,472,436.0,461,430.0,348.0,253.0,197.0,195.0,191.0,182.0,196.0,167.0,177.0,215.0,260.0,401.0,412.0
5,409,428,443,455,462,429.0,430,480,475.0,500,400.0,300.0,290.0,213.0,167.0,193.0,221.0,255.0,185.0,150.0,205.0,431.0,497.0,492.0
6,468,374,412,263,375,438.0,221,355,398.0,346,384.0,342.0,340.0,271.0,330.0,369.0,340.0,273.0,190.0,230.0,238.0,362.0,484.0,451.0
7,451,405,430,420,422,463.0,447,388,390.0,345,326.0,325.0,318.0,302.0,235.0,197.0,199.0,187.0,185.0,178.0,171.0,181.0,391.0,422.0
8,256,104,125,223,243,321.0,290,413,344.0,470,443.0,446.0,432.0,430.0,394.0,389.0,332.0,352.0,419.0,227.0,166.0,178.0,157.0,162.0
9,201,185,179,309,324,324.0,273,273,233.0,197,223.0,181.0,203.0,192.0,168.0,204.0,155.0,175.0,174.0,193.0,204.0,341.0,395.0,412.0
10,500,500,428,500,451,500.0,500,500,399.0,283,287.0,295.0,206.0,175.0,141.0,139.0,140.0,143.0,137.0,191.0,229.0,388.0,350.0,294.0
11,215,300,270,253,283,290.0,253,270,307.0,406,336.0,403.0,228.0,197.0,184.0,181.0,181.0,172.0,178.0,189.0,215.0,276.0,235.0,238.0
12,200,293,297,200,307,229.0,478,410,328.0,230,220.0,221.0,308.0,259.0,179.0,138.0,149.0,151.0,166.0,179.0,200.0,260.0,308.0,306.0
13,420,302,199,158,198,,221,310,232.0,261,263.0,193.0,249.0,218.0,174.0,161.0,171.0,171.0,193.0,181.0,172.0,215.0,287.0,171.0
14,151,133,123,129,115,119.0,102,117,130.0,152,266.0,189.0,162.0,161.0,181.0,163.0,174.0,189.0,201.0,199.0,194.0,240.0,222.0,217.0
15,190,201,193,162,131,127.0,101,113,146.0,167,212.0,219.0,206.0,205.0,140.0,149.0,145.0,162.0,174.0,193.0,234.0,277.0,382.0,472.0
16,500,500,463,301,413,185.0,139,113,116.0,150,150.0,127.0,141.0,119.0,110.0,122.0,123.0,119.0,135.0,133.0,261.0,127.0,281.0,124.0
17,122,137,185,66,95,140.0,74,140,445.0,103,133.0,112.0,73.0,109.0,98.0,61.0,147.0,90.0,104.0,109.0,99.0,88.0,77.0,92.0
18,98,106,115,92,77,67.0,100,105,107.0,167,157.0,177.0,104.0,84.0,110.0,115.0,122.0,127.0,133.0,135.0,133.0,153.0,188.0,407.0
19,338,407,362,421,289,287.0,187,187,209.0,146,200.0,135.0,118.0,108.0,157.0,100.0,108.0,122.0,131.0,145.0,167.0,184.0,246.0,356.0
20,407,405,374,408,345,328.0,333,305,338.0,341,321.0,247.0,141.0,126.0,135.0,134.0,142.0,147.0,141.0,188.0,223.0,237.0,304.0,453.0
21,482,455,422,409,441,378.0,384,420,434.0,356,318.0,169.0,171.0,237.0,124.0,129.0,129.0,124.0,159.0,163.0,170.0,237.0,271.0,428.0
22,412,338,407,413,424,373.0,374,379,428.0,430,451.0,407.0,165.0,151.0,137.0,127.0,133.0,177.0,144.0,159.0,163.0,309.0,314.0,349.0
23,478,500,500,436,428,135.0,416,466,488.0,428,410.0,300.0,203.0,165.0,139.0,143.0,150.0,160.0,177.0,167.0,,334.0,314.0,257.0
24,316,500,500,240,187,170.0,177,172,195.0,219,345.0,354.0,354.0,,,,354.0,227.0,227.0,307.0,359.0,342.0,273.0,341.0
25,382,403,312,314,303,263.0,197,167,193.0,304,314.0,260.0,253.0,244.0,201.0,200.0,186.0,187.0,500.0,443.0,309.0,175.0,207.0,137.0
26,163,200,227,326,437,324.0,372,313,297.0,338,384.0,293.0,253.0,219.0,182.0,182.0,175.0,193.0,213.0,229.0,246.0,,,
27,302,276,279,245,193,171.0,164,160,,196,255.0,238.0,273.0,335.0,408.0,457.0,434.0,358.0,298.0,285.0,250.0,267.0,267.0,305.0
28,300,271,251,265,235,210.0,204,178,254.0,216,277.0,288.0,294.0,283.0,239.0,254.0,255.0,188.0,190.0,202.0,202.0,245.0,268.0,288.0
29,348,295,235,201,209,190.0,175,239,276.0,298,400.0,297.0,232.0,199.0,163.0,165.0,155.0,166.0,181.0,197.0,218.0,295.0,408.0,488.0
30,444,318,240,305,200,325.0,361,348,301.0,407,,,,,,,,,,,349.0,340.0,389.0,426.0
"
"
May-2019,00:00:00,01:00:00,02:00:00,03:00:00,04:00:00,05:00:00,06:00:00,07:00:00,08:00:00,09:00:00,10:00:00,11:00:00,12:00:00,13:00:00,14:00:00,15:00:00,16:00:00,17:00:00,18:00:00,19:00:00,20:00:00,21:00:00,22:00:00,23:00:00
1,319.0,350.0,358.0,378.0,314.0,411.0,402.0,335.0,401.0,308.0,360.0,389.0,425.0,437.0,352.0,315.0,230.0,243.0,270.0,301.0,371.0,415.0,318.0,263.0
2,301.0,382.0,416.0,382.0,262.0,277.0,223.0,166.0,129.0,170.0,247.0,329.0,318.0,340.0,289.0,336.0,290.0,254.0,227.0,244.0,320.0,171.0,268.0,153.0
3,182.0,123.0,108.0,117.0,115.0,143.0,122.0,197.0,307.0,317.0,217.0,167.0,126.0,122.0,233.0,167.0,213.0,253.0,263.0,183.0,395.0,149.0,136.0,194.0
4,211.0,240.0,263.0,240.0,257.0,246.0,140.0,315.0,369.0,206.0,234.0,237.0,170.0,155.0,140.0,,,,,,,,,
5,,,,,,,,,,,,,,,,,,,,,,,,
6,,,,,,,,,,,,306.0,403.0,328.0,211.0,319.0,179.0,157.0,173.0,,,,,
7,,,,,,,,,,,,,420.0,391.0,362.0,385.0,394.0,430.0,445.0,360.0,293.0,,,
8,500.0,500.0,417.0,500.0,500.0,500.0,500.0,500.0,444.0,487.0,445.0,445.0,478.0,461.0,418.0,390.0,320.0,305.0,285.0,335.0,332.0,412.0,406.0,447.0
9,481.0,451.0,500.0,435.0,428.0,436.0,312.0,289.0,261.0,382.0,487.0,498.0,463.0,453.0,461.0,410.0,319.0,303.0,313.0,331.0,366.0,431.0,421.0,470.0
10,499.0,449.0,432.0,428.0,423.0,402.0,317.0,223.0,281.0,396.0,396.0,325.0,361.0,328.0,368.0,352.0,328.0,305.0,293.0,201.0,270.0,398.0,369.0,409.0
11,464.0,500.0,500.0,369.0,317.0,402.0,348.0,263.0,319.0,401.0,424.0,407.0,365.0,385.0,318.0,257.0,237.0,309.0,322.0,263.0,216.0,302.0,313.0,340.0
12,369.0,410.0,417.0,353.0,345.0,355.0,376.0,399.0,416.0,416.0,500.0,500.0,500.0,500.0,480.0,375.0,315.0,302.0,311.0,270.0,284.0,304.0,360.0,456.0
13,441.0,411.0,422.0,452.0,437.0,427.0,429.0,419.0,460.0,468.0,500.0,500.0,491.0,378.0,340.0,316.0,350.0,316.0,308.0,480.0,346.0,157.0,131.0,410.0
14,429.0,432.0,97.0,101.0,98.0,83.0,305.0,349.0,240.0,167.0,243.0,313.0,253.0,223.0,195.0,149.0,152.0,134.0,172.0,145.0,310.0,200.0,207.0,334.0
15,223.0,315.0,398.0,463.0,462.0,332.0,303.0,312.0,243.0,307.0,302.0,290.0,92.0,153.0,113.0,88.0,103.0,101.0,111.0,111.0,107.0,187.0,332.0,482.0
16,192.0,131.0,149.0,324.0,328.0,308.0,319.0,500.0,422.0,135.0,153.0,167.0,124.0,118.0,103.0,147.0,153.0,144.0,131.0,137.0,157.0,160.0,220.0,321.0
17,317.0,431.0,388.0,290.0,325.0,223.0,318.0,169.0,443.0,500.0,500.0,500.0,500.0,414.0,237.0,199.0,167.0,293.0,132.0,130.0,164.0,122.0,74.0,169.0
18,73.0,85.0,208.0,75.0,68.0,72.0,118.0,101.0,103.0,108.0,114.0,123.0,101.0,109.0,,,,,137.0,141.0,178.0,150.0,166.0,183.0
19,199.0,189.0,148.0,210.0,283.0,267.0,257.0,253.0,160.0,217.0,237.0,230.0,175.0,147.0,146.0,137.0,140.0,173.0,133.0,154.0,178.0,204.0,192.0,194.0
20,370.0,329.0,304.0,305.0,354.0,361.0,312.0,308.0,385.0,398.0,334.0,304.0,204.0,177.0,147.0,132.0,154.0,125.0,123.0,152.0,163.0,169.0,183.0,178.0
21,220.0,234.0,213.0,267.0,293.0,305.0,309.0,302.0,257.0,302.0,303.0,283.0,240.0,148.0,135.0,128.0,111.0,140.0,142.0,142.0,157.0,133.0,130.0,150.0
22,166.0,224.0,171.0,140.0,197.0,167.0,277.0,187.0,318.0,170.0,160.0,157.0,179.0,172.0,172.0,140.0,145.0,147.0,127.0,201.0,209.0,255.0,220.0,418.0
23,197.0,261.0,223.0,290.0,306.0,315.0,277.0,312.0,325.0,365.0,334.0,290.0,212.0,308.0,183.0,163.0,227.0,207.0,230.0,167.0,290.0,,128.0,122.0
24,127.0,102.0,111.0,133.0,102.0,273.0,300.0,373.0,358.0,233.0,152.0,138.0,137.0,104.0,102.0,103.0,76.0,88.0,124.0,119.0,120.0,116.0,123.0,134.0
25,143.0,123.0,127.0,177.0,192.0,91.0,75.0,74.0,90.0,117.0,126.0,129.0,129.0,111.0,85.0,88.0,91.0,101.0,107.0,118.0,138.0,127.0,133.0,116.0
26,115.0,96.0,111.0,223.0,150.0,140.0,140.0,119.0,177.0,167.0,302.0,172.0,171.0,165.0,132.0,126.0,106.0,112.0,122.0,138.0,152.0,150.0,141.0,134.0
27,133.0,135.0,116.0,190.0,200.0,129.0,150.0,163.0,157.0,335.0,332.0,210.0,191.0,383.0,161.0,,145.0,124.0,165.0,145.0,145.0,169.0,166.0,238.0
28,239.0,371.0,234.0,220.0,193.0,178.0,192.0,326.0,349.0,330.0,314.0,230.0,171.0,133.0,144.0,147.0,156.0,167.0,202.0,171.0,161.0,179.0,245.0,308.0
29,349.0,407.0,411.0,267.0,161.0,311.0,284.0,266.0,268.0,303.0,300.0,253.0,181.0,150.0,160.0,130.0,137.0,155.0,174.0,167.0,175.0,273.0,305.0,450.0
30,500.0,467.0,417.0,409.0,430.0,400.0,310.0,403.0,300.0,296.0,309.0,346.0,184.0,171.0,157.0,181.0,170.0,137.0,141.0,150.0,175.0,274.0,403.0,455.0
31,402.0,484.0,420.0,390.0,428.0,423.0,415.0,410.0,404.0,403.0,411.0,428.0,426.0,410.0,335.0,217.0,244.0,213.0,234.0,221.0,266.0,349.0,396.0,478.0
"
"
June-2019,00:00:00,01:00:00,02:00:00,03:00:00,04:00:00,05:00:00,06:00:00,07:00:00,08:00:00,09:00:00,10:00:00,11:00:00,12:00:00,13:00:00,14:00:00,15:00:00,16:00:00,17:00:00,18:00:00,19:00:00,20:00:00,21:00:00,22:00:00,23:00:00
1,478.0,498.0,500.0,470.0,312.0,402.0,416.0,415.0,300.0,277.0,309.0,274.0,243.0,257.0,210.0,204.0,243.0,245.0,240.0,272.0,233.0,229.0,224.0,259.0
2,272.0,251.0,216.0,199.0,194.0,171.0,165.0,138.0,159.0,167.0,224.0,211.0,192.0,188.0,168.0,166.0,192.0,327.0,227.0,204.0,218.0,223.0,210.0,233.0
3,209.0,179.0,163.0,177.0,188.0,217.0,279.0,395.0,423.0,447.0,454.0,445.0,418.0,415.0,423.0,318.0,322.0,277.0,220.0,223.0,212.0,197.0,172.0,165.0
4,155.0,131.0,123.0,120.0,114.0,190.0,157.0,109.0,114.0,112.0,193.0,171.0,174.0,157.0,133.0,145.0,138.0,144.0,167.0,183.0,177.0,216.0,224.0,181.0
5,232.0,189.0,163.0,308.0,175.0,141.0,130.0,131.0,155.0,273.0,243.0,206.0,178.0,171.0,155.0,147.0,163.0,165.0,159.0,177.0,199.0,189.0,240.0,395.0
6,451.0,412.0,187.0,210.0,211.0,213.0,210.0,432.0,322.0,306.0,311.0,229.0,230.0,196.0,150.0,243.0,167.0,197.0,250.0,381.0,406.0,292.0,298.0,131.0
7,111.0,105.0,102.0,107.0,89.0,72.0,82.0,90.0,105.0,119.0,148.0,155.0,184.0,220.0,181.0,209.0,182.0,159.0,160.0,161.0,155.0,169.0,,179.0
8,201.0,162.0,210.0,230.0,200.0,127.0,134.0,227.0,260.0,178.0,207.0,207.0,155.0,133.0,128.0,146.0,163.0,142.0,176.0,,210.0,297.0,400.0,500.0
9,500.0,500.0,456.0,483.0,455.0,443.0,437.0,438.0,429.0,325.0,459.0,424.0,,230.0,149.0,143.0,122.0,287.0,177.0,,200.0,197.0,,493.0
10,463.0,472.0,434.0,360.0,321.0,358.0,446.0,407.0,439.0,298.0,213.0,,,,,,,,,,,,,
11,,,,,,,,,,,,,,500.0,439.0,190.0,173.0,349.0,268.0,274.0,309.0,375.0,417.0,414.0
12,425.0,406.0,360.0,423.0,177.0,129.0,85.0,125.0,213.0,409.0,293.0,281.0,199.0,311.0,153.0,167.0,153.0,136.0,141.0,151.0,142.0,319.0,128.0,324.0
13,458.0,230.0,222.0,188.0,170.0,260.0,177.0,149.0,177.0,302.0,216.0,205.0,159.0,153.0,127.0,115.0,117.0,,,199.0,178.0,167.0,252.0,201.0
14,195.0,137.0,157.0,172.0,155.0,137.0,159.0,187.0,199.0,244.0,246.0,257.0,260.0,216.0,157.0,183.0,213.0,194.0,199.0,218.0,161.0,181.0,240.0,400.0
15,420.0,414.0,207.0,470.0,437.0,274.0,243.0,375.0,341.0,401.0,360.0,318.0,268.0,261.0,254.0,290.0,336.0,325.0,295.0,272.0,270.0,330.0,388.0,321.0
16,263.0,265.0,335.0,473.0,487.0,159.0,113.0,90.0,130.0,164.0,252.0,447.0,152.0,120.0,101.0,105.0,105.0,123.0,142.0,124.0,133.0,205.0,155.0,138.0
17,188.0,199.0,183.0,,,,,,,,,183.0,86.0,345.0,164.0,160.0,152.0,139.0,177.0,182.0,155.0,191.0,157.0,243.0
18,141.0,108.0,115.0,103.0,121.0,77.0,104.0,104.0,112.0,131.0,104.0,148.0,136.0,,149.0,123.0,161.0,151.0,193.0,376.0,312.0,209.0,418.0,465.0
19,500.0,495.0,312.0,297.0,326.0,302.0,374.0,340.0,382.0,366.0,422.0,306.0,407.0,352.0,384.0,354.0,390.0,355.0,371.0,20.0,183.0,130.0,118.0,116.0
20,117.0,103.0,103.0,121.0,101.0,101.0,108.0,63.0,104.0,112.0,129.0,120.0,149.0,138.0,140.0,133.0,151.0,151.0,180.0,183.0,199.0,205.0,314.0,195.0
21,260.0,201.0,246.0,223.0,243.0,165.0,177.0,165.0,183.0,171.0,170.0,160.0,127.0,147.0,152.0,153.0,172.0,160.0,223.0,162.0,164.0,189.0,185.0,287.0
22,277.0,350.0,159.0,190.0,200.0,313.0,369.0,187.0,184.0,202.0,201.0,211.0,171.0,165.0,159.0,142.0,141.0,141.0,133.0,153.0,163.0,153.0,186.0,216.0
23,199.0,163.0,123.0,119.0,145.0,130.0,102.0,90.0,97.0,111.0,134.0,125.0,108.0,103.0,81.0,80.0,95.0,103.0,123.0,133.0,127.0,152.0,123.0,388.0
24,175.0,104.0,68.0,48.0,74.0,80.0,58.0,78.0,100.0,102.0,107.0,100.0,114.0,115.0,104.0,156.0,123.0,121.0,105.0,112.0,109.0,114.0,110.0,120.0
25,119.0,85.0,68.0,59.0,58.0,52.0,64.0,102.0,107.0,124.0,143.0,183.0,127.0,155.0,123.0,107.0,123.0,125.0,170.0,157.0,163.0,157.0,131.0,148.0
26,167.0,171.0,141.0,160.0,303.0,321.0,183.0,147.0,164.0,181.0,321.0,327.0,228.0,144.0,148.0,131.0,159.0,149.0,156.0,171.0,159.0,143.0,148.0,166.0
27,168.0,171.0,139.0,143.0,127.0,155.0,164.0,197.0,316.0,287.0,408.0,360.0,354.0,416.0,499.0,190.0,152.0,193.0,260.0,245.0,218.0,211.0,238.0,330.0
28,407.0,391.0,243.0,339.0,368.0,191.0,308.0,318.0,402.0,355.0,385.0,299.0,230.0,167.0,153.0,135.0,107.0,189.0,281.0,266.0,274.0,239.0,235.0,334.0
29,320.0,273.0,340.0,388.0,407.0,439.0,422.0,336.0,194.0,178.0,196.0,256.0,251.0,260.0,191.0,213.0,294.0,260.0,279.0,262.0,243.0,305.0,328.0,420.0
30,278.0,403.0,371.0,405.0,398.0,319.0,341.0,414.0,489.0,207.0,177.0,259.0,308.0,248.0,217.0,197.0,303.0,,229.0,271.0,257.0,257.0,348.0,248.0
"
"
July-2019,00:00:00,01:00:00,02:00:00,03:00:00,04:00:00,05:00:00,06:00:00,07:00:00,08:00:00,09:00:00,10:00:00,11:00:00,12:00:00,13:00:00,14:00:00,15:00:00,16:00:00,17:00:00,18:00:00,19:00:00,20:00:00,21:00:00,22:00:00,23:00:00
1,245.0,,,,200.0,156.0,,,,,,283.0,240.0,,243.0,181.0,,,,,,,,
2,,,,,,287.0,414.0,300.0,293.0,355.0,308.0,366.0,302.0,361.0,243.0,197.0,204.0,260.0,267.0,177.0,168.0,174.0,142.0,135.0
3,127.0,127.0,101.0,127.0,138.0,135.0,121.0,108.0,107.0,145.0,127.0,163.0,151.0,104.0,62.0,78.0,75.0,75.0,121.0,104.0,105.0,107.0,93.0,101.0
4,,105.0,105.0,116.0,114.0,126.0,115.0,100.0,93.0,102.0,123.0,120.0,104.0,113.0,103.0,105.0,108.0,100.0,88.0,108.0,113.0,120.0,207.0,141.0
5,135.0,133.0,155.0,167.0,220.0,335.0,314.0,345.0,223.0,352.0,410.0,230.0,161.0,177.0,160.0,114.0,106.0,105.0,73.0,102.0,102.0,123.0,111.0,113.0
6,122.0,108.0,115.0,68.0,101.0,84.0,79.0,85.0,106.0,130.0,140.0,113.0,198.0,111.0,82.0,80.0,75.0,70.0,101.0,108.0,75.0,109.0,110.0,75.0
7,85.0,83.0,101.0,61.0,80.0,68.0,85.0,104.0,99.0,108.0,157.0,217.0,142.0,272.0,108.0,100.0,150.0,135.0,131.0,175.0,158.0,164.0,142.0,148.0
8,186.0,170.0,107.0,163.0,139.0,139.0,131.0,118.0,161.0,240.0,190.0,153.0,193.0,169.0,135.0,147.0,191.0,173.0,197.0,206.0,178.0,139.0,139.0,115.0
9,118.0,155.0,143.0,153.0,97.0,102.0,88.0,87.0,93.0,57.0,117.0,129.0,274.0,156.0,140.0,262.0,168.0,96.0,103.0,113.0,131.0,130.0,151.0,153.0
10,142.0,99.0,103.0,127.0,124.0,114.0,125.0,130.0,118.0,120.0,203.0,183.0,204.0,292.0,339.0,423.0,457.0,448.0,459.0,499.0,495.0,471.0,439.0,466.0
11,456.0,445.0,478.0,413.0,205.0,,,177.0,188.0,186.0,300.0,407.0,500.0,470.0,455.0,447.0,476.0,478.0,467.0,489.0,300.0,283.0,174.0,177.0
12,175.0,171.0,144.0,187.0,143.0,138.0,153.0,149.0,159.0,248.0,407.0,487.0,484.0,500.0,500.0,500.0,500.0,500.0,449.0,422.0,463.0,447.0,464.0,435.0
13,,,,,,,,,,,418.0,98.0,500.0,468.0,398.0,420.0,424.0,385.0,382.0,354.0,382.0,312.0,197.0,173.0
14,199.0,278.0,255.0,199.0,223.0,233.0,184.0,155.0,196.0,262.0,407.0,451.0,448.0,227.0,234.0,260.0,405.0,325.0,370.0,358.0,340.0,232.0,153.0,109.0
15,115.0,100.0,104.0,80.0,91.0,95.0,112.0,92.0,78.0,101.0,138.0,134.0,157.0,227.0,328.0,251.0,221.0,434.0,68.0,121.0,111.0,116.0,100.0,102.0
16,137.0,135.0,100.0,115.0,85.0,98.0,178.0,85.0,83.0,210.0,127.0,190.0,117.0,103.0,106.0,111.0,120.0,129.0,117.0,118.0,138.0,120.0,126.0,222.0
17,127.0,118.0,103.0,118.0,96.0,69.0,66.0,78.0,124.0,102.0,102.0,105.0,110.0,87.0,80.0,95.0,109.0,142.0,170.0,145.0,135.0,139.0,141.0,156.0
18,131.0,172.0,162.0,174.0,117.0,46.0,51.0,87.0,68.0,68.0,101.0,51.0,50.0,98.0,105.0,102.0,115.0,113.0,143.0,184.0,158.0,233.0,185.0,175.0
19,210.0,215.0,213.0,255.0,219.0,182.0,204.0,190.0,326.0,325.0,273.0,143.0,155.0,126.0,129.0,133.0,185.0,210.0,235.0,237.0,239.0,171.0,209.0,189.0
20,227.0,126.0,147.0,149.0,129.0,113.0,105.0,88.0,120.0,123.0,144.0,138.0,141.0,139.0,175.0,112.0,104.0,132.0,140.0,137.0,121.0,137.0,166.0,217.0
21,240.0,,,,,,,74.0,109.0,114.0,150.0,130.0,125.0,113.0,110.0,122.0,134.0,133.0,102.0,102.0,102.0,120.0,200.0,179.0
22,200.0,257.0,308.0,186.0,137.0,180.0,183.0,207.0,137.0,142.0,155.0,152.0,140.0,118.0,115.0,104.0,125.0,179.0,137.0,147.0,110.0,123.0,129.0,170.0
23,243.0,374.0,398.0,382.0,220.0,230.0,187.0,197.0,247.0,253.0,257.0,187.0,155.0,153.0,189.0,186.0,185.0,175.0,127.0,131.0,146.0,181.0,187.0,262.0
24,369.0,474.0,234.0,260.0,344.0,376.0,364.0,358.0,103.0,147.0,186.0,175.0,124.0,213.0,181.0,306.0,203.0,138.0,197.0,181.0,80.0,95.0,127.0,229.0
25,193.0,105.0,90.0,85.0,50.0,45.0,32.0,38.0,,51.0,,131.0,105.0,131.0,131.0,137.0,116.0,130.0,114.0,107.0,109.0,92.0,192.0,109.0
26,116.0,97.0,89.0,119.0,92.0,52.0,66.0,37.0,38.0,56.0,79.0,94.0,89.0,74.0,78.0,102.0,78.0,75.0,167.0,166.0,60.0,60.0,90.0,212.0
27,90.0,124.0,53.0,56.0,64.0,73.0,60.0,47.0,51.0,40.0,74.0,,,,,,,,,,,,,
28,,,,,,,,,,,,,63.0,55.0,49.0,67.0,67.0,68.0,77.0,62.0,70.0,96.0,65.0,64.0
29,107.0,109.0,117.0,103.0,80.0,57.0,58.0,38.0,62.0,57.0,92.0,75.0,64.0,141.0,72.0,72.0,66.0,57.0,64.0,72.0,79.0,95.0,97.0,101.0
30,114.0,111.0,97.0,115.0,91.0,88.0,80.0,107.0,110.0,111.0,107.0,94.0,95.0,118.0,78.0,83.0,75.0,73.0,102.0,99.0,129.0,133.0,146.0,114.0
31,86.0,83.0,94.0,105.0,97.0,73.0,62.0,42.0,116.0,87.0,117.0,125.0,101.0,83.0,67.0,106.0,100.0,53.0,97.0,198.0,96.0,102.0,82.0,105.0
"
"
August-2019,00:00:00,01:00:00,02:00:00,03:00:00,04:00:00,05:00:00,06:00:00,07:00:00,08:00:00,09:00:00,10:00:00,11:00:00,12:00:00,13:00:00,14:00:00,15:00:00,16:00:00,17:00:00,18:00:00,19:00:00,20:00:00,21:00:00,22:00:00,23:00:00
1,122.0,116.0,124.0,119.0,99.0,73.0,72.0,63.0,72.0,113.0,126.0,127.0,100.0,137.0,119.0,69.0,95.0,101.0,90.0,82.0,87.0,86.0,63.0,84.0
2,67.0,58.0,102.0,75.0,73.0,79.0,72.0,61.0,70.0,86.0,121.0,99.0,129.0,128.0,104.0,113.0,120.0,133.0,113.0,114.0,131.0,134.0,119.0,166.0
3,241.0,104.0,116.0,112.0,115.0,111.0,102.0,73.0,113.0,103.0,123.0,99.0,86.0,105.0,121.0,112.0,118.0,108.0,83.0,127.0,109.0,88.0,109.0,109.0
4,113.0,117.0,133.0,137.0,135.0,101.0,102.0,91.0,92.0,109.0,120.0,137.0,140.0,150.0,113.0,82.0,86.0,88.0,83.0,107.0,129.0,118.0,174.0,137.0
5,143.0,135.0,122.0,115.0,86.0,89.0,107.0,105.0,123.0,109.0,123.0,131.0,121.0,149.0,106.0,108.0,121.0,149.0,85.0,86.0,105.0,115.0,118.0,130.0
6,100.0,104.0,103.0,95.0,109.0,110.0,95.0,73.0,109.0,111.0,112.0,57.0,114.0,93.0,101.0,114.0,182.0,226.0,124.0,113.0,91.0,114.0,89.0,105.0
7,151.0,170.0,223.0,142.0,322.0,250.0,161.0,109.0,88.0,152.0,203.0,115.0,73.0,131.0,107.0,148.0,148.0,132.0,193.0,89.0,124.0,142.0,136.0,126.0
8,163.0,91.0,70.0,48.0,75.0,83.0,64.0,94.0,149.0,119.0,127.0,109.0,105.0,245.0,65.0,48.0,73.0,50.0,78.0,56.0,67.0,73.0,137.0,107.0
9,92.0,62.0,73.0,68.0,65.0,56.0,107.0,65.0,133.0,109.0,94.0,97.0,95.0,,,,,,,,,,,
10,,,,,,,,,,,,,,,,,,,,,,,,
11,,,,,,,,,,,,,,,,,,,,,,,,
12,40.0,,,,,,,,,,,,,,,,,,,,,137.0,138.0,148.0
13,134.0,101.0,69.0,78.0,58.0,50.0,144.0,106.0,88.0,94.0,119.0,156.0,107.0,115.0,101.0,97.0,97.0,72.0,105.0,79.0,55.0,89.0,265.0,103.0
14,112.0,111.0,78.0,30.0,34.0,28.0,52.0,75.0,161.0,88.0,91.0,96.0,130.0,234.0,75.0,93.0,120.0,148.0,175.0,143.0,130.0,171.0,117.0,260.0
15,302.0,173.0,270.0,306.0,107.0,90.0,67.0,112.0,56.0,69.0,50.0,59.0,52.0,91.0,146.0,102.0,91.0,88.0,68.0,78.0,92.0,100.0,96.0,72.0
16,95.0,47.0,55.0,47.0,63.0,57.0,47.0,57.0,68.0,68.0,94.0,97.0,74.0,85.0,114.0,58.0,97.0,98.0,68.0,59.0,61.0,58.0,102.0,98.0
17,82.0,55.0,24.0,33.0,50.0,52.0,80.0,45.0,55.0,55.0,32.0,51.0,51.0,40.0,60.0,80.0,87.0,62.0,60.0,69.0,57.0,53.0,97.0,85.0
18,70.0,43.0,17.0,34.0,85.0,101.0,102.0,47.0,67.0,46.0,50.0,40.0,61.0,213.0,106.0,35.0,83.0,80.0,102.0,82.0,99.0,105.0,137.0,142.0
19,123.0,148.0,143.0,167.0,157.0,130.0,159.0,175.0,190.0,146.0,160.0,135.0,146.0,135.0,144.0,138.0,126.0,129.0,153.0,140.0,133.0,164.0,187.0,151.0
20,174.0,364.0,300.0,237.0,149.0,163.0,146.0,233.0,179.0,155.0,147.0,170.0,187.0,133.0,127.0,105.0,105.0,122.0,143.0,133.0,146.0,150.0,142.0,137.0
21,157.0,200.0,175.0,133.0,179.0,129.0,168.0,185.0,241.0,201.0,189.0,190.0,193.0,177.0,159.0,153.0,161.0,165.0,157.0,177.0,174.0,192.0,200.0,323.0
22,270.0,243.0,410.0,199.0,185.0,223.0,129.0,139.0,166.0,179.0,229.0,196.0,182.0,170.0,159.0,151.0,188.0,101.0,199.0,173.0,163.0,192.0,157.0,300.0
23,217.0,259.0,250.0,211.0,246.0,210.0,147.0,142.0,311.0,238.0,226.0,230.0,199.0,146.0,146.0,152.0,167.0,185.0,124.0,165.0,172.0,190.0,254.0,314.0
24,451.0,426.0,348.0,322.0,355.0,277.0,388.0,304.0,250.0,183.0,175.0,289.0,338.0,133.0,97.0,100.0,187.0,123.0,119.0,216.0,140.0,155.0,133.0,123.0
25,123.0,115.0,95.0,109.0,103.0,210.0,66.0,67.0,55.0,78.0,130.0,177.0,90.0,81.0,77.0,69.0,101.0,108.0,88.0,87.0,88.0,78.0,72.0,68.0
26,88.0,80.0,91.0,108.0,88.0,100.0,64.0,63.0,75.0,70.0,99.0,89.0,72.0,55.0,52.0,45.0,52.0,55.0,73.0,,,,,
27,,,,,,,224.0,240.0,312.0,268.0,,,92.0,140.0,67.0,170.0,111.0,97.0,109.0,113.0,145.0,179.0,156.0,233.0
28,185.0,170.0,108.0,140.0,146.0,109.0,107.0,92.0,109.0,115.0,152.0,115.0,105.0,99.0,83.0,58.0,73.0,80.0,103.0,109.0,91.0,112.0,115.0,123.0
29,135.0,149.0,127.0,113.0,140.0,101.0,84.0,79.0,94.0,111.0,142.0,135.0,90.0,108.0,86.0,68.0,107.0,101.0,96.0,99.0,133.0,112.0,84.0,107.0
30,101.0,137.0,89.0,96.0,162.0,95.0,100.0,153.0,177.0,163.0,164.0,213.0,127.0,119.0,84.0,109.0,119.0,148.0,167.0,122.0,118.0,123.0,145.0,152.0
31,185.0,191.0,178.0,135.0,163.0,105.0,107.0,107.0,111.0,131.0,184.0,279.0,133.0,129.0,125.0,111.0,163.0,,,185.0,190.0,237.0,312.0,332.0
"
"
September-2019,00:00:00,01:00:00,02:00:00,03:00:00,04:00:00,05:00:00,06:00:00,07:00:00,08:00:00,09:00:00,10:00:00,11:00:00,12:00:00,13:00:00,14:00:00,15:00:00,16:00:00,17:00:00,18:00:00,19:00:00,20:00:00,21:00:00,22:00:00,23:00:00
1,245.0,179.0,157.0,78.0,84.0,75.0,78,52,82,88,72,126,68,57,55,48,85,77.0,96.0,90.0,133.0,100.0,111.0,115.0
2,133.0,94.0,91.0,91.0,78.0,67.0,81,97,81,107,139,184,183,137,126,139,134,144.0,126.0,129.0,142.0,221.0,184.0,277.0
3,337.0,243.0,162.0,203.0,193.0,300.0,149,157,179,200,189,157,170,142,137,135,138,146.0,163.0,197.0,193.0,267.0,223.0,240.0
4,293.0,305.0,270.0,247.0,247.0,203.0,213,220,127,174,307,332,210,115,104,107,133,120.0,157.0,203.0,147.0,130.0,121.0,98.0
5,110.0,97.0,107.0,116.0,92.0,78.0,52,51,70,105,145,148,124,150,111,90,67,95.0,85.0,99.0,109.0,112.0,104.0,103.0
6,106.0,100.0,105.0,127.0,187.0,95.0,105,80,117,137,127,133,109,80,79,72,77,62.0,137.0,167.0,132.0,111.0,90.0,62.0
7,119.0,135.0,166.0,164.0,125.0,88.0,78,78,135,109,107,160,131,109,84,65,114,113.0,108.0,127.0,177.0,120.0,77.0,104.0
8,161.0,75.0,52.0,51.0,79.0,101.0,81,111,133,124,127,205,193,234,109,60,128,151.0,127.0,143.0,146.0,173.0,190.0,144.0
9,424.0,83.0,180.0,243.0,177.0,247.0,157,92,52,146,313,223,95,117,134,153,142,189.0,179.0,223.0,209.0,193.0,179.0,226.0
10,197.0,174.0,183.0,241.0,230.0,196.0,173,141,161,167,223,273,156,180,203,157,135,125.0,155.0,177.0,193.0,193.0,263.0,243.0
11,252.0,193.0,227.0,233.0,280.0,153.0,153,137,102,141,195,230,187,203,129,177,187,161.0,,201.0,240.0,238.0,237.0,
12,262.0,302.0,210.0,167.0,103.0,130.0,110,101,124,120,141,127,97,109,115,103,116,107.0,103.0,78.0,113.0,108.0,111.0,101.0
13,89.0,84.0,77.0,53.0,70.0,90.0,95,80,104,107,115,96,99,66,88,70,72,101.0,101.0,116.0,127.0,115.0,105.0,107.0
14,101.0,97.0,59.0,51.0,56.0,55.0,35,37,42,81,94,88,83,85,73,86,100,163.0,102.0,114.0,89.0,117.0,112.0,79.0
15,55.0,44.0,53.0,52.0,33.0,45.0,32,51,81,80,103,81,108,104,121,161,94,72.0,91.0,115.0,123.0,109.0,107.0,133.0
16,107.0,96.0,89.0,88.0,116.0,103.0,101,81,111,156,268,235,159,227,240,180,152,153.0,153.0,193.0,219.0,203.0,237.0,230.0
17,213.0,305.0,287.0,203.0,167.0,207.0,253,200,169,189,200,174,161,200,272,233,153,125.0,140.0,147.0,178.0,186.0,186.0,134.0
18,133.0,115.0,86.0,69.0,75.0,63.0,78,107,64,86,126,149,117,111,107,106,99,104.0,105.0,95.0,102.0,101.0,112.0,94.0
19,85.0,84.0,92.0,51.0,75.0,65.0,68,60,57,78,78,92,80,75,80,58,70,65.0,62.0,75.0,90.0,92.0,104.0,101.0
20,90.0,95.0,98.0,83.0,104.0,137.0,104,95,171,230,119,102,104,96,95,102,102,107.0,114.0,101.0,115.0,127.0,135.0,130.0
21,124.0,99.0,103.0,90.0,104.0,,103,90,94,125,185,149,103,109,111,112,121,108.0,141.0,,,,,
22,,,,,,,97,88,102,107,101,95,90,82,88,70,62,79.0,55.0,82.0,101.0,102.0,102.0,106.0
23,105.0,86.0,55.0,30.0,40.0,48.0,48,95,104,137,115,78,95,84,99,149,143,137.0,120.0,119.0,108.0,109.0,125.0,105.0
24,75.0,80.0,110.0,61.0,,109.0,113,188,227,172,179,155,134,107,101,102,98,101.0,101.0,115.0,105.0,90.0,91.0,109.0
25,101.0,86.0,100.0,41.0,92.0,112.0,124,172,170,197,127,127,104,80,66,78,108,100.0,107.0,409.0,105.0,111.0,113.0,105.0
26,104.0,107.0,103.0,68.0,92.0,102.0,95,80,100,92,92,88,95,72,58,92,98,95.0,85.0,95.0,95.0,101.0,105.0,109.0
27,109.0,100.0,82.0,22.0,101.0,102.0,102,82,88,108,105,102,50,201,85,80,75,100.0,101.0,105.0,112.0,111.0,111.0,106.0
28,106.0,65.0,61.0,58.0,92.0,90.0,88,70,92,122,102,86,101,81,89,66,58,64.0,47.0,58.0,66.0,114.0,111.0,69.0
29,90.0,65.0,104.0,25.0,107.0,103.0,105,95,100,100,82,78,68,72,70,72,78,78.0,101.0,102.0,101.0,100.0,98.0,101.0
30,85.0,75.0,102.0,28.0,105.0,72.0,75,75,62,80,88,91,70,83,109,111,113,,114.0,127.0,135.0,115.0,119.0,122.0
"
"
October-2019,00:00:00,01:00:00,02:00:00,03:00:00,04:00:00,05:00:00,06:00:00,07:00:00,08:00:00,09:00:00,10:00:00,11:00:00,12:00:00,13:00:00,14:00:00,15:00:00,16:00:00,17:00:00,18:00:00,19:00:00,20:00:00,21:00:00,22:00:00,23:00:00
1,124.0,114.0,108.0,57.0,104.0,100.0,95.0,106.0,103.0,86.0,92.0,109.0,101.0,115.0,108.0,88.0,91.0,103.0,,102.0,109.0,106.0,104.0,
2,106.0,,,,,,,,,,,111.0,,,,119.0,127.0,123.0,119.0,111.0,131.0,157.0,234.0,189.0
3,243.0,271.0,200.0,196.0,199.0,223.0,274.0,189.0,218.0,240.0,,223.0,297.0,127.0,113.0,130.0,167.0,167.0,149.0,166.0,192.0,267.0,193.0,103.0
4,105.0,98.0,83.0,72.0,83.0,107.0,118.0,122.0,126.0,137.0,135.0,169.0,185.0,169.0,139.0,150.0,155.0,160.0,146.0,192.0,175.0,137.0,179.0,189.0
5,200.0,144.0,155.0,135.0,122.0,90.0,80.0,117.0,123.0,152.0,175.0,130.0,144.0,129.0,113.0,117.0,109.0,113.0,116.0,143.0,160.0,162.0,232.0,235.0
6,230.0,200.0,157.0,112.0,119.0,108.0,119.0,171.0,164.0,200.0,191.0,210.0,182.0,166.0,157.0,148.0,134.0,155.0,167.0,179.0,219.0,218.0,215.0,181.0
7,193.0,190.0,170.0,123.0,119.0,110.0,114.0,153.0,171.0,183.0,257.0,263.0,156.0,163.0,159.0,150.0,142.0,131.0,107.0,179.0,173.0,175.0,182.0,165.0
8,146.0,130.0,120.0,109.0,101.0,83.0,79.0,117.0,148.0,153.0,189.0,160.0,159.0,135.0,100.0,123.0,117.0,38.0,112.0,120.0,146.0,152.0,166.0,272.0
9,301.0,250.0,221.0,217.0,250.0,216.0,173.0,195.0,235.0,247.0,273.0,233.0,163.0,137.0,144.0,122.0,116.0,116.0,167.0,174.0,171.0,240.0,207.0,227.0
10,192.0,220.0,300.0,297.0,293.0,307.0,315.0,319.0,342.0,420.0,445.0,312.0,184.0,181.0,133.0,113.0,149.0,140.0,217.0,281.0,305.0,306.0,322.0,
11,,,,,,,,321.0,303.0,320.0,338.0,,,,,,,,,,,,,322.0
12,312.0,312.0,284.0,326.0,333.0,346.0,338.0,344.0,336.0,349.0,355.0,396.0,316.0,151.0,143.0,143.0,145.0,200.0,219.0,197.0,238.0,300.0,414.0,358.0
13,427.0,369.0,411.0,401.0,449.0,426.0,378.0,372.0,383.0,423.0,453.0,346.0,313.0,,273.0,305.0,253.0,213.0,173.0,186.0,260.0,303.0,322.0,365.0
14,358.0,361.0,342.0,349.0,352.0,347.0,350.0,337.0,342.0,133.0,405.0,457.0,240.0,260.0,190.0,180.0,200.0,190.0,223.0,181.0,267.0,328.0,315.0,422.0
15,468.0,479.0,411.0,366.0,350.0,353.0,360.0,402.0,368.0,398.0,406.0,308.0,327.0,312.0,250.0,257.0,197.0,187.0,283.0,308.0,340.0,434.0,454.0,461.0
16,404.0,363.0,347.0,332.0,345.0,360.0,325.0,325.0,335.0,352.0,358.0,403.0,329.0,314.0,307.0,308.0,90.0,283.0,293.0,315.0,402.0,424.0,349.0,343.0
17,328.0,328.0,309.0,306.0,302.0,300.0,303.0,318.0,346.0,332.0,327.0,317.0,314.0,312.0,200.0,163.0,190.0,,,267.0,304.0,318.0,300.0,119.0
18,,,,,,,,,,,307.0,125.0,,,163.0,,,150.0,186.0,230.0,257.0,500.0,181.0,82.0
19,111.0,142.0,189.0,177.0,113.0,131.0,253.0,127.0,137.0,210.0,308.0,434.0,403.0,309.0,189.0,270.0,217.0,162.0,174.0,186.0,270.0,341.0,340.0,335.0
20,406.0,302.0,306.0,325.0,317.0,320.0,323.0,323.0,325.0,338.0,338.0,323.0,304.0,223.0,151.0,113.0,114.0,124.0,163.0,168.0,177.0,301.0,340.0,360.0
21,329.0,329.0,322.0,322.0,344.0,327.0,82.0,338.0,369.0,,,,,352.0,316.0,263.0,163.0,164.0,172.0,190.0,195.0,270.0,240.0,230.0
22,305.0,327.0,369.0,352.0,283.0,283.0,309.0,308.0,321.0,329.0,339.0,325.0,223.0,221.0,157.0,137.0,155.0,145.0,163.0,182.0,277.0,330.0,417.0,403.0
23,413.0,432.0,430.0,405.0,339.0,348.0,358.0,362.0,360.0,325.0,413.0,403.0,369.0,305.0,270.0,406.0,283.0,189.0,175.0,247.0,319.0,439.0,500.0,500.0
24,500.0,500.0,459.0,463.0,431.0,411.0,407.0,425.0,450.0,478.0,455.0,456.0,408.0,357.0,318.0,273.0,270.0,,297.0,,,487.0,500.0,410.0
25,438.0,405.0,332.0,302.0,304.0,305.0,308.0,310.0,315.0,384.0,321.0,303.0,277.0,290.0,213.0,167.0,210.0,170.0,299.0,296.0,411.0,500.0,500.0,500.0
26,500.0,500.0,431.0,318.0,389.0,335.0,308.0,308.0,328.0,328.0,366.0,414.0,320.0,,,,,,318.0,330.0,434.0,449.0,456.0,500.0
27,500.0,500.0,465.0,451.0,443.0,429.0,436.0,449.0,418.0,378.0,456.0,419.0,407.0,404.0,348.0,297.0,175.0,183.0,182.0,255.0,318.0,424.0,500.0,500.0
28,139.0,132.0,137.0,122.0,125.0,500.0,500.0,486.0,413.0,432.0,420.0,439.0,438.0,451.0,402.0,391.0,384.0,345.0,341.0,364.0,416.0,426.0,495.0,500.0
29,500.0,500.0,500.0,500.0,500.0,500.0,491.0,481.0,,,422.0,473.0,437.0,452.0,457.0,458.0,471.0,476.0,468.0,481.0,478.0,476.0,457.0,463.0
30,500.0,500.0,495.0,482.0,500.0,478.0,459.0,425.0,420.0,403.0,411.0,428.0,465.0,470.0,498.0,494.0,500.0,500.0,488.0,490.0,498.0,500.0,500.0,500.0
31,500.0,500.0,500.0,456.0,446.0,453.0,453.0,419.0,468.0,425.0,422.0,439.0,428.0,454.0,500.0,500.0,500.0,500.0,500.0,500.0,500.0,500.0,500.0,500.0
"
"
November-2019,00:00:00,01:00:00,02:00:00,03:00:00,04:00:00,05:00:00,06:00:00,07:00:00,08:00:00,09:00:00,10:00:00,11:00:00,12:00:00,13:00:00,14:00:00,15:00:00,16:00:00,17:00:00,18:00:00,19:00:00,20:00:00,21:00:00,22:00:00,23:00:00
1,500.0,500.0,500.0,500.0,500.0,500.0,500.0,500.0,500.0,500.0,500.0,500.0,500.0,500.0,500.0,500.0,500.0,478.0,454,459.0,483.0,478.0,459.0,428.0
2,461.0,406.0,419.0,421.0,443.0,446.0,441.0,458.0,481.0,406.0,420.0,500.0,500.0,500.0,500.0,477.0,379.0,423.0,490,500.0,500.0,500.0,500.0,500.0
3,500.0,500.0,500.0,500.0,500.0,500.0,500.0,500.0,500.0,500.0,128.0,153.0,152.0,151.0,151.0,500.0,500.0,500.0,500,499.0,416.0,443.0,442.0,404.0
4,368.0,365.0,410.0,500.0,500.0,500.0,500.0,500.0,500.0,500.0,500.0,500.0,446.0,369.0,333.0,309.0,270.0,213.0,263,247.0,307.0,308.0,308.0,330.0
5,395.0,465.0,500.0,500.0,500.0,500.0,500.0,500.0,474.0,444.0,405.0,355.0,330.0,317.0,233.0,155.0,163.0,145.0,157,223.0,283.0,,,
6,356.0,352.0,297.0,303.0,227.0,306.0,287.0,290.0,302.0,305.0,297.0,287.0,313.0,399.0,333.0,140.0,115.0,,163,210.0,273.0,307.0,267.0,312.0
7,349.0,342.0,330.0,315.0,304.0,322.0,333.0,340.0,380.0,375.0,373.0,365.0,369.0,408.0,441.0,430.0,366.0,338.0,390,411.0,394.0,371.0,362.0,414.0
8,447.0,434.0,453.0,485.0,472.0,452.0,386.0,326.0,352.0,344.0,,327.0,337.0,382.0,335.0,318.0,257.0,233.0,220,305.0,322.0,357.0,375.0,355.0
9,378.0,382.0,340.0,352.0,343.0,340.0,343.0,335.0,349.0,367.0,368.0,345.0,315.0,240.0,160.0,133.0,137.0,143.0,137,169.0,200.0,318.0,342.0,368.0
10,403.0,401.0,409.0,449.0,492.0,477.0,474.0,446.0,424.0,444.0,446.0,437.0,429.0,391.0,357.0,329.0,273.0,167.0,188,238.0,305.0,316.0,340.0,352.0
11,405.0,419.0,346.0,391.0,440.0,500.0,500.0,500.0,500.0,500.0,500.0,500.0,500.0,500.0,440.0,385.0,368.0,341.0,328,308.0,334.0,402.0,380.0,416.0
12,443.0,500.0,500.0,500.0,500.0,500.0,500.0,500.0,500.0,500.0,500.0,500.0,500.0,500.0,493.0,,386.0,393.0,410,436.0,447.0,457.0,474.0,483.0
13,500.0,500.0,500.0,500.0,500.0,500.0,500.0,462.0,464.0,486.0,458.0,420.0,426.0,438.0,459.0,471.0,455.0,483.0,500,500.0,500.0,500.0,500.0,492.0
14,469.0,472.0,494.0,500.0,500.0,,500.0,,,,,,500.0,472.0,490.0,500.0,460.0,420.0,419,439.0,460.0,500.0,500.0,500.0
15,500.0,500.0,500.0,484.0,500.0,500.0,500.0,,,,,,,,,,,328.0,351,360.0,452.0,500.0,486.0,500.0
16,500.0,459.0,429.0,403.0,405.0,390.0,355.0,372.0,339.0,354.0,360.0,339.0,311.0,283.0,203.0,196.0,193.0,294.0,421,272.0,228.0,227.0,323.0,379.0
17,376.0,344.0,353.0,312.0,303.0,237.0,220.0,213.0,250.0,240.0,210.0,237.0,159.0,165.0,175.0,161.0,164.0,165.0,139,129.0,177.0,177.0,233.0,343.0
18,404.0,395.0,394.0,399.0,382.0,352.0,318.0,283.0,283.0,310.0,283.0,217.0,230.0,200.0,137.0,120.0,138.0,124.0,163,197.0,234.0,312.0,322.0,401.0
19,412.0,341.0,290.0,320.0,328.0,319.0,338.0,347.0,355.0,,,448.0,443.0,438.0,352.0,322.0,312.0,170.0,182,,,,,
20,,,,,,,,,,,30.0,459.0,449.0,413.0,342.0,302.0,305.0,326.0,388,342.0,474.0,500.0,500.0,493.0
21,500.0,500.0,500.0,500.0,500.0,458.0,447.0,443.0,427.0,432.0,437.0,434.0,464.0,412.0,378.0,352.0,364.0,327.0,309,375.0,412.0,455.0,463.0,469.0
22,482.0,472.0,500.0,472.0,473.0,478.0,456.0,464.0,449.0,434.0,413.0,410.0,346.0,358.0,355.0,363.0,345.0,,319,328.0,362.0,448.0,449.0,440.0
23,426.0,423.0,365.0,329.0,312.0,311.0,318.0,322.0,334.0,334.0,327.0,332.0,331.0,336.0,307.0,307.0,250.0,179.0,201,233.0,224.0,354.0,304.0,325.0
24,325.0,320.0,310.0,,,,,,,,,,227.0,185.0,180.0,135.0,114.0,132.0,155,226.0,240.0,292.0,309.0,324.0
25,327.0,,329.0,334.0,293.0,264.0,271.0,278.0,278.0,313.0,327.0,311.0,,222.0,155.0,158.0,160.0,150.0,135,157.0,303.0,352.0,315.0,328.0
26,332.0,100.0,322.0,322.0,,,,,,,,346.0,330.0,75.0,230.0,253.0,308.0,287.0,200,241.0,230.0,155.0,117.0,101.0
27,105.0,112.0,96.0,85.0,78.0,63.0,69.0,92.0,108.0,113.0,157.0,211.0,212.0,279.0,226.0,254.0,257.0,253.0,361,308.0,304.0,332.0,304.0,113.0
28,101.0,100.0,91.0,61.0,49.0,44.0,58.0,80.0,75.0,113.0,78.0,72.0,110.0,103.0,107.0,99.0,104.0,83.0,89,64.0,66.0,91.0,95.0,81.0
29,92.0,97.0,114.0,85.0,70.0,66.0,81.0,95.0,101.0,130.0,173.0,164.0,147.0,107.0,92.0,110.0,137.0,148.0,133,159.0,147.0,200.0,287.0,273.0
30,,,,,,,,,,,,,,32.0,202.0,270.0,290.0,156.0,152,122.0,200.0,254.0,321.0,402.0
"
"
December-2019,00:00:00,01:00:00,02:00:00,03:00:00,04:00:00,05:00:00,06:00:00,07:00:00,08:00:00,09:00:00,10:00:00,11:00:00,12:00:00,13:00:00,14:00:00,15:00:00,16:00:00,17:00:00,18:00:00,19:00:00,20:00:00,21:00:00,22:00:00,23:00:00
1,405.0,329.0,317.0,313.0,302.0,263.0,308.0,333.0,374.0,331.0,329.0,322.0,310.0,293.0,260.0,290.0,220.0,180.0,170.0,157.0,302.0,310.0,355.0,398.0
2,414.0,403.0,357.0,352.0,345.0,336.0,357.0,411.0,422.0,362.0,323.0,310.0,312.0,305.0,312.0,260.0,145.0,145.0,170.0,207.0,315.0,358.0,352.0,412.0
3,409.0,443.0,374.0,359.0,335.0,328.0,327.0,342.0,349.0,352.0,352.0,343.0,320.0,250.0,301.0,263.0,177.0,157.0,173.0,268.0,405.0,403.0,452.0,437.0
4,478.0,500.0,449.0,414.0,338.0,312.0,304.0,308.0,297.0,311.0,332.0,363.0,366.0,362.0,322.0,250.0,174.0,213.0,230.0,316.0,416.0,407.0,474.0,500.0
5,500.0,500.0,500.0,500.0,456.0,462.0,481.0,498.0,447.0,455.0,,440.0,414.0,378.0,475.0,,,,,,,,,
6,,,,,,,,,,,,439.0,405.0,362.0,307.0,321.0,320.0,322.0,323.0,151.0,363.0,364.0,367.0,383.0
7,410.0,417.0,425.0,406.0,412.0,443.0,418.0,398.0,426.0,434.0,447.0,444.0,454.0,111.0,383.0,,,,,,,,464.0,500.0
8,500.0,500.0,500.0,500.0,494.0,483.0,486.0,464.0,468.0,485.0,499.0,499.0,496.0,,,,233.0,,,,,,,
9,,,,,,,,416.0,497.0,460.0,460.0,446.0,423.0,345.0,283.0,260.0,260.0,250.0,243.0,309.0,349.0,389.0,430.0,500.0
10,500.0,475.0,456.0,470.0,465.0,443.0,439.0,443.0,447.0,444.0,453.0,440.0,435.0,420.0,188.0,,157.0,347.0,350.0,,,,,
11,,,,,,,,,,,,,429.0,424.0,382.0,362.0,355.0,356.0,361.0,427.0,458.0,500.0,500.0,498.0
12,500.0,500.0,500.0,500.0,495.0,443.0,461.0,500.0,500.0,500.0,,,,405.0,402.0,387.0,382.0,368.0,371.0,354.0,379.0,373.0,358.0,352.0
13,319.0,301.0,300.0,308.0,309.0,315.0,304.0,167.0,156.0,175.0,216.0,149.0,162.0,207.0,217.0,293.0,240.0,257.0,328.0,313.0,305.0,267.0,253.0,243.0
14,65.0,,,,,,,,,,,,,,,,,,,,,,,
15,,,,,,,,,,,,,,,,,,,,,,,,
16,,,,,,,,,,,,,,,183.0,167.0,220.0,230.0,213.0,210.0,203.0,217.0,260.0,213.0
17,183.0,167.0,113.0,110.0,107.0,113.0,127.0,138.0,143.0,143.0,160.0,197.0,223.0,280.0,280.0,304.0,302.0,305.0,305.0,280.0,293.0,307.0,338.0,362.0
18,382.0,396.0,387.0,352.0,300.0,312.0,319.0,312.0,322.0,319.0,315.0,325.0,324.0,322.0,325.0,329.0,326.0,328.0,327.0,336.0,350.0,380.0,436.0,400.0
19,424.0,402.0,395.0,415.0,382.0,368.0,350.0,356.0,356.0,375.0,392.0,428.0,460.0,496.0,500.0,469.0,442.0,463.0,496.0,489.0,486.0,469.0,500.0,500.0
20,500.0,500.0,500.0,500.0,,,,,,,,,,,,,,,,,,,,
21,,,,,,,,,,,,473.0,463.0,456.0,437.0,429.0,394.0,388.0,399.0,395.0,426.0,413.0,432.0,411.0
22,365.0,349.0,341.0,337.0,342.0,338.0,341.0,309.0,290.0,311.0,328.0,312.0,305.0,323.0,314.0,322.0,328.0,330.0,327.0,342.0,359.0,358.0,362.0,361.0
23,325.0,325.0,330.0,317.0,312.0,314.0,318.0,318.0,328.0,325.0,330.0,345.0,349.0,355.0,371.0,390.0,395.0,395.0,394.0,392.0,401.0,407.0,411.0,400.0
24,390.0,434.0,405.0,403.0,406.0,434.0,437.0,447.0,423.0,401.0,410.0,436.0,432.0,454.0,462.0,488.0,500.0,484.0,456.0,420.0,468.0,473.0,477.0,475.0
25,488.0,500.0,461.0,405.0,317.0,307.0,305.0,306.0,318.0,322.0,306.0,313.0,338.0,353.0,336.0,335.0,339.0,344.0,360.0,369.0,366.0,372.0,361.0,345.0
26,356.0,355.0,347.0,345.0,,,348.0,,332.0,328.0,342.0,349.0,369.0,375.0,378.0,392.0,392.0,394.0,392.0,495.0,428.0,416.0,408.0,
27,,,,,,,,,,,,417.0,,,,,,,,,,,,
28,,,,,,,,,,,,423.0,407.0,417.0,423.0,438.0,452.0,419.0,416.0,426.0,484.0,460.0,488.0,500.0
29,500.0,490.0,457.0,444.0,423.0,446.0,443.0,442.0,423.0,422.0,421.0,425.0,463.0,471.0,500.0,471.0,420.0,409.0,391.0,431.0,500.0,500.0,500.0,500.0
30,500.0,486.0,484.0,468.0,455.0,462.0,500.0,478.0,400.0,398.0,404.0,437.0,456.0,500.0,500.0,500.0,500.0,500.0,500.0,500.0,497.0,454.0,466.0,424.0
31,407.0,344.0,345.0,343.0,333.0,325.0,328.0,340.0,345.0,356.0,361.0,353.0,358.0,361.0,359.0,360.0,362.0,361.0,,351.0,482.0,500.0,500.0,500.0
"
"
Year,2020
January-2020,00:00:00,01:00:00,02:00:00,03:00:00,04:00:00,05:00:00,06:00:00,07:00:00,08:00:00,09:00:00,10:00:00,11:00:00,12:00:00,13:00:00,14:00:00,15:00:00,16:00:00,17:00:00,18:00:00,19:00:00,20:00:00,21:00:00,22:00:00,23:00:00
1,500.0,500.0,500.0,492.0,448.0,459.0,494.0,485.0,496.0,500.0,500.0,468.0,408.0,362.0,322.0,308.0,315.0,257.0,183.0,223.0,409.0,479.0,500.0,500.0
2,500.0,500.0,465.0,460.0,478.0,481.0,465.0,486.0,498.0,500.0,500.0,475.0,431.0,368.0,233.0,257.0,177.0,187.0,180.0,287.0,500.0,500.0,500.0,500.0
3,500.0,500.0,500.0,500.0,500.0,500.0,500.0,500.0,500.0,500.0,500.0,478.0,325.0,87.0,100.0,135.0,90.0,100.0,,,,,,
4,,,,,,,,,,,,447.0,416.0,396.0,390.0,339.0,328.0,300.0,263.0,312.0,344.0,367.0,381.0,407.0
5,378.0,392.0,382.0,352.0,388.0,408.0,420.0,378.0,385.0,,405.0,403.0,393.0,342.0,240.0,203.0,199.0,218.0,227.0,277.0,333.0,352.0,358.0,362.0
6,380.0,371.0,362.0,332.0,328.0,338.0,353.0,348.0,352.0,365.0,396.0,369.0,440.0,424.0,98.0,302.0,90.0,280.0,308.0,311.0,315.0,301.0,260.0,283.0
7,308.0,287.0,267.0,240.0,210.0,277.0,312.0,305.0,319.0,309.0,315.0,316.0,326.0,301.0,312.0,341.0,342.0,335.0,348.0,355.0,379.0,342.0,322.0,260.0
8,270.0,302.0,263.0,304.0,290.0,317.0,323.0,322.0,300.0,263.0,316.0,302.0,331.0,325.0,328.0,322.0,317.0,337.0,350.0,356.0,352.0,336.0,,
9,,,,,,,,,,197.0,293.0,,,,,,,,,191.0,260.0,319.0,333.0,318.0
10,332.0,339.0,330.0,316.0,305.0,270.0,260.0,243.0,280.0,305.0,306.0,322.0,329.0,334.0,320.0,323.0,308.0,257.0,220.0,267.0,477.0,499.0,495.0,410.0
11,491.0,381.0,331.0,308.0,307.0,307.0,303.0,309.0,305.0,306.0,326.0,355.0,368.0,311.0,267.0,193.0,193.0,171.0,189.0,301.0,418.0,500.0,500.0,491.0
12,432.0,409.0,411.0,395.0,419.0,438.0,437.0,377.0,382.0,398.0,422.0,441.0,411.0,311.0,302.0,308.0,302.0,267.0,273.0,328.0,332.0,408.0,481.0,500.0
13,500.0,500.0,486.0,453.0,411.0,425.0,423.0,438.0,420.0,401.0,384.0,364.0,343.0,318.0,337.0,318.0,311.0,308.0,317.0,360.0,384.0,423.0,454.0,500.0
14,448.0,414.0,423.0,411.0,386.0,342.0,,257.0,248.0,,300.0,270.0,237.0,302.0,324.0,338.0,361.0,290.0,257.0,210.0,250.0,273.0,300.0,240.0
15,207.0,203.0,140.0,187.0,180.0,150.0,,173.0,160.0,217.0,297.0,306.0,310.0,318.0,321.0,329.0,335.0,300.0,223.0,253.0,310.0,322.0,328.0,334.0
16,340.0,334.0,311.0,312.0,317.0,305.0,313.0,314.0,314.0,344.0,377.0,347.0,332.0,319.0,328.0,273.0,95.0,312.0,328.0,317.0,352.0,395.0,398.0,401.0
17,348.0,127.0,48.0,63.0,64.0,64.0,120.0,137.0,140.0,253.0,273.0,290.0,309.0,316.0,75.0,250.0,,,210.0,283.0,316.0,332.0,325.0,328.0
18,,,,,,,,,,,304.0,306.0,,349.0,334.0,314.0,315.0,338.0,345.0,332.0,487.0,484.0,416.0,362.0
19,358.0,347.0,338.0,330.0,334.0,327.0,342.0,303.0,253.0,325.0,322.0,329.0,325.0,322.0,308.0,308.0,313.0,317.0,309.0,317.0,324.0,328.0,352.0,373.0
20,345.0,330.0,310.0,277.0,263.0,243.0,280.0,304.0,305.0,313.0,313.0,332.0,334.0,345.0,338.0,358.0,354.0,342.0,355.0,402.0,395.0,436.0,433.0,438.0
21,460.0,478.0,417.0,341.0,383.0,407.0,388.0,379.0,397.0,408.0,403.0,,,401.0,365.0,348.0,375.0,379.0,343.0,339.0,378.0,396.0,430.0,487.0
22,489.0,463.0,426.0,416.0,416.0,430.0,500.0,345.0,338.0,332.0,361.0,,,,,,,,,318.0,335.0,372.0,401.0,366.0
23,325.0,280.0,240.0,237.0,237.0,220.0,197.0,233.0,200.0,243.0,247.0,187.0,167.0,167.0,183.0,171.0,144.0,145.0,131.0,142.0,,,,
24,,,,,,,,,,160.0,253.0,218.0,227.0,172.0,155.0,152.0,156.0,155.0,150.0,180.0,206.0,267.0,317.0,322.0
25,454.0,500.0,,,,,,,,,,355.0,352.0,328.0,297.0,200.0,170.0,169.0,185.0,193.0,305.0,374.0,417.0,430.0
26,479.0,489.0,500.0,500.0,500.0,500.0,500.0,500.0,457.0,477.0,474.0,,404.0,361.0,302.0,190.0,157.0,160.0,155.0,157.0,240.0,416.0,500.0,500.0
27,500.0,500.0,500.0,488.0,476.0,434.0,422.0,459.0,471.0,443.0,417.0,435.0,438.0,429.0,367.0,316.0,217.0,159.0,407.0,306.0,368.0,382.0,401.0,304.0
28,173.0,127.0,257.0,303.0,260.0,280.0,223.0,293.0,220.0,150.0,180.0,217.0,263.0,304.0,318.0,300.0,159.0,220.0,220.0,130.0,217.0,233.0,311.0,306.0
29,243.0,306.0,319.0,147.0,187.0,187.0,203.0,177.0,183.0,217.0,322.0,217.0,193.0,153.0,128.0,140.0,133.0,149.0,155.0,205.0,232.0,237.0,307.0,
30,,273.0,,,157.0,152.0,137.0,130.0,160.0,260.0,280.0,305.0,287.0,233.0,157.0,171.0,177.0,146.0,131.0,109.0,194.0,226.0,193.0,118.0
31,263.0,203.0,223.0,148.0,157.0,120.0,160.0,200.0,305.0,332.0,322.0,316.0,315.0,115.0,260.0,119.0,148.0,137.0,135.0,133.0,171.0,195.0,266.0,309.0
"
"
February-2020,00:00:00,01:00:00,02:00:00,03:00:00,04:00:00,05:00:00,06:00:00,07:00:00,08:00:00,09:00:00,10:00:00,11:00:00,12:00:00,13:00:00,14:00:00,15:00:00,16:00:00,17:00:00,18:00:00,19:00:00,20:00:00,21:00:00,22:00:00,23:00:00
1,350.0,243.0,223.0,398.0,309.0,304.0,318.0,297.0,333.0,357.0,376,,,,,,193.0,191.0,179.0,151.0,175.0,247.0,302.0,359.0
2,300.0,310.0,280.0,304.0,270.0,233.0,240.0,227.0,243.0,277.0,309,311.0,283.0,312.0,305.0,,260.0,217.0,200.0,160.0,258.0,316.0,339.0,351.0
3,418.0,381.0,370.0,327.0,329.0,325.0,91.0,,352.0,377.0,378,359.0,301.0,243.0,185.0,183.0,175.0,148.0,127.0,185.0,221.0,312.0,420.0,500.0
4,500.0,500.0,412.0,400.0,428.0,385.0,95.0,,455.0,500.0,497,423.0,345.0,311.0,306.0,287.0,230.0,217.0,257.0,107.0,,,,
5,,,,,,,,,453.0,447.0,424,389.0,340.0,237.0,171.0,200.0,157.0,149.0,,,179.0,230.0,293.0,297.0
6,305.0,319.0,277.0,243.0,237.0,253.0,301.0,313.0,324.0,,371,334.0,303.0,180.0,140.0,153.0,163.0,147.0,167.0,184.0,263.0,391.0,350.0,405.0
7,441.0,359.0,403.0,391.0,380.0,380.0,349.0,395.0,354.0,370.0,387,365.0,348.0,375.0,277.0,253.0,240.0,233.0,170.0,155.0,139.0,220.0,300.0,308.0
8,328.0,443.0,428.0,333.0,343.0,344.0,344.0,347.0,350.0,367.0,362,362.0,348.0,315.0,315.0,223.0,167.0,153.0,147.0,140.0,230.0,302.0,317.0,308.0
9,318.0,317.0,287.0,302.0,233.0,287.0,324.0,364.0,388.0,428.0,433,382.0,340.0,303.0,237.0,217.0,187.0,167.0,183.0,164.0,287.0,325.0,344.0,330.0
10,366.0,406.0,468.0,398.0,368.0,346.0,334.0,374.0,402.0,418.0,463,420.0,354.0,318.0,247.0,253.0,210.0,183.0,173.0,175.0,240.0,411.0,405.0,491.0
11,484.0,115.0,447.0,451.0,408.0,352.0,90.0,391.0,467.0,445.0,431,399.0,339.0,332.0,311.0,25.0,,223.0,177.0,187.0,260.0,360.0,375.0,395.0
12,347.0,394.0,352.0,358.0,362.0,358.0,378.0,432.0,420.0,402.0,423,410.0,375.0,339.0,310.0,284.0,232.0,263.0,257.0,247.0,290.0,311.0,329.0,319.0
13,217.0,263.0,203.0,223.0,197.0,267.0,302.0,257.0,193.0,217.0,307,312.0,316.0,263.0,223.0,202.0,92.0,219.0,85.0,224.0,137.0,,,
14,167.0,177.0,162.0,160.0,160.0,177.0,170.0,180.0,193.0,243.0,233,207.0,197.0,217.0,265.0,,,,,,,,,
15,,,,,,,,,,159.0,233,233.0,237.0,227.0,197.0,215.0,175.0,189.0,193.0,141.0,150.0,168.0,320.0,290.0
16,309.0,416.0,303.0,325.0,332.0,325.0,342.0,327.0,382.0,361.0,319,321.0,340.0,280.0,328.0,233.0,129.0,119.0,119.0,148.0,179.0,319.0,349.0,406.0
17,500.0,461.0,414.0,402.0,449.0,422.0,408.0,410.0,432.0,494.0,464,130.0,348.0,267.0,28.0,155.0,25.0,144.0,97.0,,147.0,179.0,273.0,370.0
18,344.0,306.0,303.0,308.0,303.0,305.0,322.0,332.0,325.0,326.0,337,342.0,308.0,277.0,146.0,167.0,,151.0,144.0,104.0,190.0,126.0,421.0,454.0
19,472.0,500.0,500.0,478.0,441.0,461.0,455.0,137.0,449.0,476.0,385,328.0,233.0,200.0,150.0,170.0,169.0,181.0,189.0,179.0,183.0,237.0,290.0,230.0
20,223.0,240.0,200.0,197.0,247.0,273.0,300.0,302.0,301.0,309.0,315,304.0,267.0,308.0,405.0,263.0,228.0,193.0,174.0,161.0,168.0,270.0,305.0,302.0
21,308.0,333.0,316.0,303.0,257.0,150.0,133.0,87.0,51.0,50.0,56,66.0,75.0,,,125.0,62.0,62.0,66.0,75.0,72.0,105.0,101.0,113.0
22,109.0,183.0,311.0,313.0,81.0,78.0,92.0,107.0,102.0,111.0,183,131.0,101.0,107.0,92.0,104.0,102.0,103.0,101.0,105.0,141.0,222.0,344.0,411.0
23,408.0,315.0,352.0,301.0,253.0,310.0,341.0,345.0,337.0,352.0,348,360.0,280.0,227.0,183.0,134.0,129.0,131.0,121.0,143.0,133.0,167.0,156.0,94.0
24,116.0,194.0,185.0,185.0,307.0,90.0,297.0,117.0,115.0,170.0,184,193.0,147.0,135.0,113.0,112.0,103.0,101.0,101.0,76.0,,,,
25,,,,,,,,,313.0,318.0,310,300.0,247.0,250.0,200.0,146.0,124.0,133.0,108.0,123.0,152.0,166.0,260.0,308.0
26,328.0,304.0,313.0,352.0,341.0,315.0,325.0,290.0,306.0,335.0,407,399.0,316.0,257.0,220.0,157.0,145.0,126.0,120.0,134.0,193.0,318.0,314.0,360.0
27,290.0,301.0,283.0,177.0,193.0,82.0,197.0,187.0,250.0,303.0,307,302.0,237.0,137.0,101.0,141.0,,,,144.0,163.0,217.0,250.0,277.0
28,237.0,177.0,173.0,180.0,193.0,160.0,147.0,150.0,150.0,153.0,203,163.0,160.0,155.0,159.0,162.0,145.0,149.0,137.0,126.0,123.0,131.0,126.0,130.0
29,141.0,115.0,96.0,116.0,123.0,110.0,111.0,111.0,120.0,157.0,143,137.0,131.0,80.0,122.0,80.0,142.0,90.0,134.0,119.0,80.0,86.0,92.0,70.0
"
"
March-2020,00:00:00,01:00:00,02:00:00,03:00:00,04:00:00,05:00:00,06:00:00,07:00:00,08:00:00,09:00:00,10:00:00,11:00:00,12:00:00,13:00:00,14:00:00,15:00:00,16:00:00,17:00:00,18:00:00,19:00:00,20:00:00,21:00:00,22:00:00,23:00:00
1,72.0,70.0,72.0,28.0,,,,,,126.0,107.0,88.0,101.0,78.0,95.0,109.0,99.0,123.0,114.0,149.0,177.0,235.0,410.0,430.0
2,451.0,446.0,416.0,321.0,339.0,347.0,362.0,435.0,330.0,322.0,318.0,306.0,270.0,230.0,193.0,164.0,227.0,200.0,178.0,,,249.0,301.0,209.0
3,415.0,376.0,223.0,378.0,325.0,331.0,343.0,348.0,,302.0,277.0,115.0,,179.0,138.0,117.0,124.0,108.0,120.0,106.0,145.0,124.0,237.0,233.0
4,253.0,230.0,306.0,301.0,252.0,270.0,105.0,293.0,197.0,303.0,303.0,300.0,185.0,162.0,146.0,125.0,129.0,135.0,153.0,100.0,107.0,78.0,85.0,
5,,,,,,,,,105.0,123.0,104.0,95.0,90.0,85.0,84.0,95.0,95.0,98.0,90.0,98.0,101.0,108.0,135.0,105.0
6,100.0,113.0,80.0,41.0,80.0,72.0,72.0,103.0,105.0,101.0,92.0,90.0,78.0,82.0,88.0,82.0,72.0,90.0,103.0,92.0,100.0,101.0,92.0,80.0
7,75.0,68.0,45.0,44.0,52.0,57.0,57.0,60.0,65.0,72.0,72.0,75.0,90.0,100.0,101.0,88.0,102.0,105.0,101.0,,,172.0,193.0,220.0
8,200.0,174.0,167.0,,152.0,308.0,375.0,302.0,243.0,247.0,217.0,361.0,404.0,378.0,197.0,147.0,131.0,133.0,125.0,107.0,134.0,181.0,227.0,203.0
9,210.0,155.0,123.0,115.0,147.0,207.0,133.0,101.0,115.0,129.0,141.0,156.0,155.0,149.0,145.0,133.0,135.0,92.0,130.0,,133.0,155.0,199.0,126.0
10,440.0,455.0,428.0,371.0,342.0,316.0,290.0,210.0,,,,,,,,,,,,,,,,
11,,,,,,,,,,130.0,150.0,123.0,107.0,75.0,65.0,104.0,107.0,107.0,103.0,112.0,115.0,133.0,129.0,112.0
12,109.0,93.0,105.0,95.0,131.0,159.0,160.0,156.0,175.0,180.0,273.0,287.0,277.0,250.0,138.0,125.0,115.0,133.0,65.0,105.0,123.0,168.0,117.0,350.0
13,358.0,244.0,159.0,,,,250.0,342.0,,215.0,210.0,230.0,146.0,164.0,133.0,134.0,135.0,162.0,321.0,216.0,115.0,121.0,50.0,80.0
14,68.0,65.0,72.0,79.0,70.0,72.0,75.0,80.0,104.0,101.0,95.0,102.0,94.0,85.0,90.0,100.0,111.0,111.0,112.0,109.0,137.0,143.0,267.0,237.0
15,105.0,92.0,125.0,135.0,108.0,119.0,111.0,143.0,253.0,293.0,312.0,213.0,173.0,90.0,88.0,96.0,111.0,114.0,115.0,111.0,172.0,194.0,159.0,146.0
16,185.0,175.0,148.0,,,,,,,,,,148.0,90.0,234.0,137.0,150.0,141.0,65.0,146.0,92.0,315.0,114.0,296.0
17,348.0,273.0,200.0,149.0,75.0,139.0,90.0,223.0,292.0,206.0,197.0,183.0,172.0,155.0,143.0,82.0,83.0,,,,,,,
18,,,,,,,,,,,,,,,,,,48.0,106.0,115.0,127.0,181.0,240.0,216.0
19,364.0,364.0,425.0,305.0,237.0,250.0,227.0,315.0,339.0,374.0,374.0,321.0,227.0,223.0,147.0,145.0,155.0,159.0,166.0,157.0,157.0,110.0,,
20,,,,,,,,,,,,283.0,217.0,263.0,200.0,55.0,167.0,137.0,,,,,,
21,,,,,,,,,252.0,159.0,267.0,293.0,190.0,171.0,160.0,155.0,167.0,223.0,164.0,,188.0,342.0,410.0,410.0
22,350.0,325.0,329.0,338.0,340.0,332.0,230.0,190.0,220.0,200.0,233.0,283.0,233.0,150.0,114.0,95.0,90.0,96.0,100.0,88.0,79.0,78.0,94.0,98.0
23,85.0,121.0,120.0,183.0,167.0,253.0,200.0,153.0,133.0,180.0,141.0,97.0,91.0,74.0,86.0,107.0,154.0,162.0,101.0,,105.0,109.0,153.0,171.0
24,223.0,331.0,290.0,197.0,257.0,317.0,309.0,230.0,130.0,183.0,257.0,146.0,109.0,98.0,227.0,157.0,,,,,,,,
25,,,,,,,,,,167.0,99.0,92.0,82.0,73.0,78.0,59.0,66.0,65.0,57.0,57.0,61.0,70.0,,75.0
26,85.0,83.0,95.0,153.0,109.0,,,,,,,77.0,,70.0,75.0,,72.0,78.0,72.0,,78.0,92.0,92.0,90.0
27,120.0,88.0,93.0,83.0,62.0,65.0,55.0,65.0,42.0,72.0,63.0,55.0,62.0,72.0,68.0,62.0,75.0,62.0,78.0,68.0,72.0,75.0,80.0,80.0
28,72.0,62.0,62.0,33.0,68.0,65.0,72.0,72.0,72.0,67.0,85.0,45.0,48.0,53.0,48.0,52.0,55.0,55.0,57.0,57.0,60.0,68.0,70.0,70.0
29,70.0,62.0,60.0,46.0,60.0,57.0,55.0,60.0,62.0,68.0,65.0,78.0,55.0,147.0,87.0,76.0,90.0,92.0,88.0,75.0,65.0,68.0,72.0,89.0
30,67.0,65.0,62.0,67.0,65.0,66.0,70.0,80.0,88.0,82.0,85.0,100.0,78.0,72.0,77.0,77.0,96.0,103.0,101.0,101.0,78.0,75.0,88.0,93.0
31,99.0,111.0,143.0,107.0,73.0,65.0,65.0,43.0,57.0,70.0,79.0,76.0,75.0,88.0,89.0,94.0,100.0,100.0,101.0,91.0,79.0,79.0,67.0,127.0
"
"
April-2020,00:00:00,01:00:00,02:00:00,03:00:00,04:00:00,05:00:00,06:00:00,07:00:00,08:00:00,09:00:00,10:00:00,11:00:00,12:00:00,13:00:00,14:00:00,15:00:00,16:00:00,17:00:00,18:00:00,19:00:00,20:00:00,21:00:00,22:00:00,23:00:00
1,87.0,49.0,55.0,71.0,77.0,73.0,67.0,77.0,76.0,83.0,81.0,84.0,80.0,95.0,91.0,94.0,96.0,97.0,92.0,78.0,75.0,85.0,80.0,88.0
2,85.0,93.0,70.0,59.0,68.0,72.0,68.0,72.0,77.0,74.0,84.0,79.0,82.0,74.0,81.0,72.0,88.0,111.0,121.0,130.0,98.0,86.0,85.0,85.0
3,84.0,69.0,59.0,72.0,69.0,68.0,76.0,60.0,65.0,82.0,129.0,102.0,81.0,81.0,96.0,96.0,119.0,121.0,114.0,124.0,100.0,102.0,,
4,,,,,,,,70.0,87.0,95.0,109.0,100.0,84.0,101.0,94.0,97.0,112.0,133.0,143.0,131.0,116.0,79.0,89.0,107.0
5,121.0,130.0,119.0,109.0,105.0,117.0,119.0,115.0,114.0,114.0,133.0,96.0,123.0,103.0,108.0,98.0,119.0,135.0,141.0,118.0,179.0,,,149.0
6,187.0,194.0,204.0,173.0,163.0,159.0,147.0,143.0,129.0,139.0,187.0,130.0,,,101.0,,,,96.0,86.0,68.0,60.0,95.0,90.0
7,89.0,59.0,54.0,57.0,56.0,57.0,55.0,68.0,65.0,64.0,130.0,125.0,78.0,75.0,78.0,80.0,,,,,,,77.0,72.0
8,67.0,50.0,22.0,49.0,49.0,50.0,63.0,64.0,66.0,67.0,107.0,105.0,96.0,99.0,90.0,,,,,,,,,
9,,,,,,,,,,,,,,,,,,,,,,,,
10,,,,,,,,,,,,,,,,,,,,,,,,
11,,,,,,,,,,,,,,,,,,,,,,,,
12,,,,,,,,,,,,,,,,,,,,,,,,
13,,,,,,,,,,,,,,,,,,,,,,,,
14,,,,,,,,,,,,,,,,,,,,,,,,
15,,,,,,,,,,,,,,,,,,,,,,,,
16,,,,,,,,,,,,,,,,,,,,,,,,
17,,,,,,,,,,,,,,,,,,,,,,,,
18,,,,,,,,,,,,,,,,,,,,,,,,
19,,,,,,,,,,,,,,,,,,,,47.0,133.0,44.0,83.0,121.0
20,234.0,283.0,301.0,230.0,240.0,200.0,207.0,277.0,335.0,250.0,253.0,127.0,121.0,127.0,,44.0,124.0,131.0,154.0,71.0,80.0,151.0,148.0,127.0
21,134.0,103.0,108.0,99.0,91.0,95.0,104.0,90.0,50.0,101.0,130.0,280.0,95.0,73.0,63.0,86.0,131.0,95.0,103.0,,,,,112.0
22,128.0,123.0,146.0,180.0,267.0,304.0,300.0,300.0,301.0,304.0,160.0,173.0,111.0,89.0,93.0,107.0,128.0,128.0,140.0,138.0,131.0,229.0,127.0,250.0
23,230.0,197.0,230.0,167.0,140.0,76.0,127.0,137.0,157.0,149.0,203.0,140.0,149.0,126.0,85.0,107.0,98.0,91.0,90.0,89.0,82.0,88.0,140.0,
24,,,200.0,193.0,233.0,75.0,213.0,78.0,173.0,187.0,170.0,105.0,94.0,100.0,121.0,139.0,,199.0,199.0,205.0,127.0,140.0,123.0,130.0
25,160.0,200.0,200.0,62.0,80.0,66.0,51.0,81.0,90.0,86.0,91.0,108.0,103.0,115.0,125.0,131.0,164.0,192.0,186.0,178.0,134.0,75.0,85.0,123.0
26,185.0,233.0,233.0,140.0,137.0,130.0,173.0,17.0,200.0,233.0,203.0,83.0,127.0,98.0,89.0,92.0,94.0,97.0,101.0,97.0,95.0,98.0,85.0,70.0
27,79.0,74.0,27.0,54.0,50.0,57.0,53.0,62.0,58.0,68.0,85.0,92.0,94.0,109.0,126.0,145.0,150.0,177.0,162.0,78.0,94.0,84.0,53.0,75.0
28,84.0,103.0,102.0,78.0,52.0,83.0,80.0,82.0,83.0,74.0,85.0,100.0,108.0,118.0,114.0,139.0,10.0,151.0,25.0,,,,,
29,,,,,,,,,,143.0,127.0,122.0,118.0,113.0,132.0,90.0,,,,,,,,109.0
30,108.0,104.0,100.0,86.0,105.0,104.0,104.0,104.0,96.0,99.0,,,,,,,,,,,,,,
"
"
May-2020,00:00:00,01:00:00,02:00:00,03:00:00,04:00:00,05:00:00,06:00:00,07:00:00,08:00:00,09:00:00,10:00:00,11:00:00,12:00:00,13:00:00,14:00:00,15:00:00,16:00:00,17:00:00,18:00:00,19:00:00,20:00:00,21:00:00,22:00:00,23:00:00
1,,,,,,,,,,,,,,,,,,,,,,,,
2,,,,,,,,,,,,,,,,,,,,,,,,
3,,,,,,,,,,,,,,,,,,,,,,,,
4,,,,,,,,,,,,,,,,,,,,,,,,
5,,,,,,,,,,,,,,,,,,,,,,,,
6,,,,,,,,,,,,,,,,,,,,,,,,
7,,,,,,,,,,,,,,,,,,,,,,,,
8,,,,,,,,,,,,,,,,,,,,,,,,
9,,,,,,,,,,,,,,,,,,,,,,,,
10,,,,,,,,,,,,,,,,,,,,,,,,
11,,,,,,,,,,,,,,,,,,,,,,,,
12,,,,,,,,,,,,,,,,,,,,,,,,
13,,,,,,,,,,,,,,,,,,,,,,,,
14,,,,,,,,,,,,,,,,,,,,,,,,
15,,,,,,,,,,,,,,,,,,73.0,87.0,107.0,115.0,137.0,160.0,253.0
16,305.0,331.0,332.0,334.0,313.0,277.0,250.0,160.0,153.0,147.0,179.0,158.0,159.0,148.0,147.0,159.0,179.0,188.0,212.0,109.0,90.0,97.0,143.0,254.0
17,293.0,318.0,317.0,302.0,302.0,394.0,287.0,313.0,346.0,340.0,322.0,245.0,182.0,181.0,172.0,170.0,199.0,278.0,141.0,119.0,135.0,196.0,133.0,308.0
18,183.0,290.0,290.0,297.0,308.0,339.0,57.0,60.0,79.0,129.0,237.0,38.0,42.0,328.0,261.0,206.0,268.0,228.0,230.0,193.0,90.0,103.0,130.0,213.0
19,302.0,315.0,108.0,362.0,351.0,92.0,332.0,334.0,90.0,345.0,344.0,230.0,305.0,259.0,242.0,62.0,259.0,92.0,78.0,80.0,107.0,207.0,308.0,105.0
20,290.0,302.0,233.0,123.0,123.0,197.0,132.0,119.0,200.0,167.0,223.0,235.0,213.0,276.0,217.0,247.0,85.0,65.0,255.0,165.0,124.0,104.0,104.0,163.0
21,170.0,133.0,128.0,179.0,186.0,159.0,,,,,,,,,,,,,,,,,,
22,,,,,,,,,,,,,,,,,,,,,,,,
23,,,,,,,,,335.0,325.0,192.0,264.0,173.0,273.0,207.0,188.0,130.0,121.0,95.0,105.0,110.0,300.0,314.0,230.0
24,131.0,111.0,160.0,114.0,293.0,315.0,351.0,350.0,340.0,320.0,319.0,243.0,226.0,167.0,117.0,140.0,141.0,171.0,182.0,174.0,91.0,143.0,213.0,117.0
25,124.0,130.0,136.0,100.0,117.0,143.0,190.0,213.0,303.0,328.0,273.0,280.0,240.0,177.0,173.0,155.0,174.0,181.0,179.0,145.0,91.0,90.0,127.0,190.0
26,150.0,183.0,157.0,143.0,163.0,147.0,143.0,140.0,124.0,117.0,167.0,164.0,141.0,193.0,158.0,124.0,116.0,157.0,155.0,133.0,101.0,175.0,223.0,301.0
27,227.0,189.0,171.0,140.0,137.0,75.0,85.0,61.0,86.0,152.0,134.0,197.0,229.0,177.0,260.0,157.0,173.0,117.0,88.0,97.0,120.0,266.0,254.0,230.0
28,199.0,211.0,183.0,158.0,245.0,215.0,160.0,153.0,133.0,130.0,144.0,169.0,144.0,189.0,175.0,162.0,160.0,199.0,196.0,174.0,129.0,181.0,147.0,105.0
29,86.0,89.0,92.0,92.0,92.0,85.0,79.0,82.0,96.0,86.0,110.0,119.0,127.0,145.0,,157.0,149.0,134.0,163.0,117.0,156.0,110.0,106.0,104.0
30,82.0,58.0,106.0,108.0,113.0,112.0,115.0,101.0,108.0,69.0,87.0,101.0,108.0,117.0,128.0,126.0,152.0,176.0,186.0,176.0,163.0,145.0,154.0,171.0
31,165.0,65.0,63.0,63.0,125.0,90.0,93.0,66.0,80.0,88.0,108.0,98.0,121.0,133.0,110.0,108.0,142.0,162.0,151.0,151.0,52.0,79.0,90.0,78.0
"
"
June-2020,00:00:00,01:00:00,02:00:00,03:00:00,04:00:00,05:00:00,06:00:00,07:00:00,08:00:00,09:00:00,10:00:00,11:00:00,12:00:00,13:00:00,14:00:00,15:00:00,16:00:00,17:00:00,18:00:00,19:00:00,20:00:00,21:00:00,22:00:00,23:00:00
1,147.0,67.0,53.0,51.0,77.0,236.0,264.0,63.0,180.0,115.0,153.0,121.0,93.0,103.0,103.0,87.0,250.0,89.0,255.0,189.0,134.0,110.0,140.0,210.0
2,297.0,203.0,250.0,260.0,200.0,173.0,147.0,137.0,167.0,70.0,83.0,131.0,121.0,154.0,149.0,185.0,228.0,235.0,232.0,202.0,178.0,149.0,135.0,107.0
3,193.0,150.0,130.0,98.0,163.0,157.0,197.0,227.0,270.0,237.0,170.0,166.0,200.0,263.0,183.0,167.0,157.0,150.0,256.0,223.0,161.0,110.0,163.0,133.0
4,173.0,173.0,177.0,230.0,305.0,306.0,313.0,370.0,326.0,353.0,308.0,233.0,217.0,180.0,147.0,153.0,154.0,160.0,173.0,117.0,91.0,93.0,82.0,97.0
5,120.0,144.0,147.0,95.0,97.0,103.0,103.0,100.0,97.0,100.0,117.0,120.0,139.0,159.0,177.0,224.0,220.0,235.0,156.0,134.0,108.0,86.0,177.0,103.0
6,107.0,85.0,77.0,62.0,59.0,54.0,44.0,45.0,57.0,73.0,82.0,102.0,,,,,225.0,204.0,208.0,196.0,169.0,90.0,98.0,123.0
7,143.0,93.0,103.0,117.0,130.0,130.0,140.0,130.0,99.0,102.0,94.0,184.0,233.0,107.0,97.0,129.0,157.0,175.0,174.0,176.0,143.0,96.0,102.0,87.0
8,117.0,247.0,127.0,,127.0,140.0,,163.0,133.0,140.0,107.0,220.0,266.0,183.0,154.0,133.0,157.0,166.0,188.0,200.0,167.0,178.0,210.0,247.0
9,197.0,230.0,233.0,203.0,237.0,223.0,153.0,190.0,240.0,160.0,154.0,180.0,184.0,113.0,221.0,187.0,183.0,190.0,269.0,267.0,182.0,190.0,203.0,190.0
10,197.0,270.0,243.0,273.0,309.0,250.0,253.0,270.0,283.0,303.0,233.0,187.0,210.0,205.0,147.0,163.0,190.0,248.0,196.0,325.0,103.0,104.0,157.0,200.0
11,,,,,,,,,243.0,,,,,,50.0,130.0,123.0,157.0,123.0,127.0,170.0,223.0,300.0,318.0
12,306.0,302.0,220.0,177.0,200.0,163.0,173.0,180.0,180.0,157.0,137.0,147.0,147.0,137.0,167.0,177.0,229.0,200.0,146.0,167.0,213.0,223.0,243.0,267.0
13,243.0,170.0,170.0,113.0,113.0,97.0,113.0,97.0,113.0,153.0,183.0,193.0,190.0,180.0,183.0,150.0,180.0,127.0,100.0,95.0,301.0,223.0,302.0,305.0
14,308.0,318.0,309.0,338.0,355.0,425.0,314.0,317.0,305.0,309.0,273.0,183.0,147.0,127.0,156.0,154.0,153.0,177.0,138.0,130.0,113.0,127.0,193.0,260.0
15,213.0,107.0,93.0,79.0,75.0,95.0,83.0,104.0,123.0,103.0,177.0,147.0,143.0,150.0,137.0,130.0,147.0,132.0,142.0,139.0,130.0,223.0,237.0,227.0
16,321.0,250.0,177.0,85.0,82.0,97.0,73.0,68.0,55.0,62.0,75.0,95.0,93.0,115.0,135.0,164.0,115.0,112.0,130.0,143.0,160.0,113.0,167.0,140.0
17,98.0,163.0,100.0,84.0,83.0,63.0,48.0,45.0,62.0,60.0,63.0,80.0,83.0,87.0,98.0,114.0,165.0,189.0,184.0,136.0,100.0,97.0,100.0,98.0
18,94.0,68.0,62.0,50.0,55.0,67.0,70.0,92.0,92.0,87.0,100.0,92.0,90.0,115.0,,,,,,,,147.0,120.0,112.0
19,122.0,120.0,147.0,73.0,73.0,77.0,63.0,55.0,68.0,78.0,100.0,110.0,130.0,230.0,307.0,310.0,,317.0,314.0,309.0,302.0,210.0,197.0,210.0
20,143.0,130.0,84.0,69.0,67.0,57.0,93.0,228.0,167.0,87.0,150.0,153.0,180.0,147.0,149.0,173.0,133.0,227.0,206.0,207.0,163.0,104.0,90.0,348.0
21,101.0,82.0,97.0,83.0,77.0,95.0,157.0,85.0,85.0,200.0,83.0,103.0,107.0,93.0,90.0,107.0,,,,174.0,125.0,102.0,123.0,117.0
22,130.0,118.0,62.0,85.0,100.0,101.0,103.0,97.0,175.0,92.0,98.0,80.0,,102.0,127.0,131.0,146.0,140.0,185.0,171.0,167.0,143.0,293.0,193.0
23,140.0,117.0,73.0,68.0,54.0,45.0,49.0,45.0,55.0,55.0,64.0,72.0,76.0,,,,,,,,,,,
24,,,,,,,,,73.0,52.0,72.0,83.0,75.0,38.0,56.0,71.0,67.0,,,,,68.0,75.0,74.0
25,84.0,82.0,82.0,98.0,177.0,170.0,85.0,137.0,97.0,95.0,75.0,77.0,63.0,73.0,69.0,126.0,82.0,88.0,141.0,103.0,138.0,137.0,253.0,133.0
26,132.0,163.0,227.0,167.0,177.0,213.0,109.0,117.0,130.0,127.0,123.0,147.0,139.0,152.0,132.0,121.0,80.0,85.0,126.0,84.0,118.0,97.0,89.0,92.0
27,88.0,80.0,75.0,131.0,99.0,135.0,55.0,104.0,126.0,74.0,86.0,121.0,119.0,142.0,140.0,131.0,130.0,130.0,169.0,191.0,213.0,194.0,149.0,142.0
28,138.0,177.0,185.0,342.0,451.0,147.0,125.0,149.0,146.0,118.0,119.0,137.0,185.0,164.0,160.0,181.0,245.0,283.0,270.0,270.0,277.0,288.0,237.0,256.0
29,218.0,237.0,250.0,213.0,170.0,166.0,210.0,187.0,137.0,147.0,112.0,102.0,109.0,144.0,143.0,124.0,122.0,131.0,115.0,300.0,,,,
30,,,,,,,,,,,,70.0,84.0,90.0,117.0,123.0,135.0,149.0,132.0,106.0,101.0,110.0,108.0,91.0
"
"
July-2020,00:00:00,01:00:00,02:00:00,03:00:00,04:00:00,05:00:00,06:00:00,07:00:00,08:00:00,09:00:00,10:00:00,11:00:00,12:00:00,13:00:00,14:00:00,15:00:00,16:00:00,17:00:00,18:00:00,19:00:00,20:00:00,21:00:00,22:00:00,23:00:00
1,105.0,110.0,99.0,78.0,72.0,87.0,95.0,97.0,103.0,113.0,110.0,92.0,106.0,121.0,147.0,163.0,224.0,200.0,270.0,200.0,140.0,116.0,113.0,96.0
2,83.0,72.0,80.0,80.0,77.0,103.0,92.0,92.0,100.0,100.0,163.0,210.0,163.0,241.0,167.0,180.0,193.0,180.0,141.0,147.0,250.0,183.0,203.0,127.0
3,123.0,153.0,163.0,101.0,107.0,143.0,150.0,160.0,180.0,193.0,227.0,203.0,213.0,250.0,217.0,207.0,143.0,124.0,130.0,95.0,101.0,97.0,101.0,82.0
4,83.0,85.0,75.0,80.0,77.0,92.0,107.0,130.0,123.0,117.0,120.0,113.0,140.0,100.0,121.0,115.0,138.0,136.0,154.0,130.0,131.0,98.0,89.0,103.0
5,127.0,92.0,88.0,88.0,92.0,145.0,110.0,96.0,88.0,101.0,78.0,103.0,101.0,120.0,121.0,144.0,173.0,174.0,124.0,108.0,85.0,64.0,66.0,122.0
6,92.0,97.0,109.0,60.0,112.0,137.0,116.0,118.0,116.0,131.0,147.0,128.0,126.0,126.0,130.0,122.0,126.0,131.0,129.0,128.0,108.0,114.0,109.0,108.0
7,88.0,75.0,62.0,42.0,60.0,60.0,57.0,55.0,45.0,43.0,67.0,51.0,56.0,58.0,51.0,47.0,45.0,70.0,82.0,72.0,48.0,39.0,36.0,40.0
8,42.0,46.0,32.0,46.0,70.0,62.0,75.0,60.0,68.0,57.0,62.0,75.0,101.0,78.0,80.0,88.0,71.0,75.0,67.0,65.0,60.0,78.0,72.0,62.0
9,73.0,60.0,52.0,50.0,45.0,57.0,70.0,297.0,157.0,70.0,57.0,78.0,93.0,168.0,150.0,173.0,103.0,102.0,84.0,83.0,72.0,78.0,103.0,95.0
10,102.0,52.0,45.0,31.0,35.0,47.0,33.0,48.0,56.0,58.0,88.0,66.0,74.0,67.0,69.0,73.0,76.0,78.0,94.0,79.0,70.0,79.0,92.0,97.0
11,65.0,58.0,48.0,106.0,93.0,85.0,88.0,50.0,52.0,58.0,60.0,65.0,68.0,,,,,,,,,,,
12,,,,,,,,,,,,,,,,,,,,,,,,
13,,,,,,,,,,,,,,169.0,101.0,101.0,105.0,111.0,125.0,122.0,112.0,109.0,109.0,130.0
14,140.0,125.0,112.0,91.0,,,,,,,,107.0,112.0,179.0,164.0,152.0,118.0,127.0,122.0,126.0,126.0,127.0,125.0,145.0
15,129.0,113.0,99.0,85.0,81.0,85.0,81.0,73.0,61.0,67.0,75.0,72.0,132.0,107.0,118.0,159.0,116.0,117.0,111.0,103.0,106.0,107.0,92.0,78.0
16,95.0,65.0,51.0,56.0,,49.0,49.0,42.0,51.0,60.0,55.0,69.0,75.0,102.0,96.0,84.0,94.0,106.0,64.0,53.0,64.0,77.0,85.0,66.0
17,70.0,55.0,61.0,102.0,105.0,105.0,103.0,117.0,103.0,112.0,116.0,114.0,112.0,111.0,117.0,113.0,102.0,109.0,101.0,130.0,150.0,88.0,120.0,110.0
18,113.0,107.0,78.0,78.0,73.0,73.0,80.0,80.0,80.0,87.0,73.0,64.0,59.0,92.0,82.0,88.0,88.0,80.0,66.0,54.0,59.0,56.0,48.0,50.0
19,56.0,55.0,53.0,40.0,57.0,70.0,154.0,122.0,65.0,75.0,32.0,68.0,72.0,104.0,101.0,102.0,100.0,112.0,119.0,121.0,116.0,111.0,118.0,114.0
20,109.0,93.0,72.0,60.0,98.0,88.0,92.0,108.0,106.0,45.0,100.0,102.0,95.0,102.0,109.0,110.0,117.0,86.0,108.0,104.0,118.0,119.0,119.0,124.0
21,139.0,74.0,23.0,91.0,87.0,67.0,52.0,62.0,34.0,60.0,50.0,107.0,92.0,74.0,99.0,69.0,43.0,39.0,62.0,58.0,85.0,85.0,172.0,171.0
22,167.0,45.0,58.0,45.0,46.0,36.0,31.0,62.0,93.0,65.0,52.0,50.0,68.0,160.0,55.0,61.0,61.0,51.0,49.0,70.0,77.0,57.0,80.0,190.0
23,58.0,80.0,72.0,51.0,55.0,47.0,65.0,56.0,78.0,88.0,107.0,79.0,97.0,115.0,127.0,147.0,123.0,162.0,134.0,144.0,142.0,169.0,165.0,175.0
24,161.0,230.0,210.0,95.0,108.0,117.0,111.0,122.0,107.0,113.0,78.0,83.0,100.0,97.0,107.0,114.0,120.0,124.0,113.0,111.0,109.0,124.0,134.0,114.0
25,101.0,55.0,285.0,189.0,55.0,57.0,70.0,42.0,35.0,46.0,53.0,67.0,83.0,94.0,111.0,91.0,95.0,80.0,78.0,75.0,84.0,59.0,79.0,66.0
26,50.0,55.0,68.0,67.0,62.0,88.0,90.0,65.0,65.0,77.0,82.0,91.0,109.0,163.0,146.0,131.0,99.0,97.0,111.0,80.0,95.0,201.0,196.0,432.0
27,305.0,277.0,305.0,304.0,220.0,170.0,134.0,107.0,118.0,138.0,267.0,81.0,85.0,,,128.0,117.0,130.0,119.0,102.0,92.0,82.0,101.0,98.0
28,85.0,53.0,35.0,43.0,44.0,48.0,62.0,80.0,68.0,60.0,64.0,69.0,101.0,73.0,71.0,83.0,89.0,76.0,91.0,82.0,72.0,82.0,92.0,101.0
29,112.0,79.0,103.0,101.0,104.0,103.0,104.0,105.0,104.0,70.0,95.0,81.0,118.0,138.0,78.0,76.0,51.0,76.0,65.0,70.0,116.0,108.0,60.0,68.0
30,95.0,60.0,67.0,52.0,46.0,49.0,56.0,35.0,38.0,57.0,60.0,82.0,105.0,100.0,90.0,64.0,90.0,105.0,102.0,70.0,77.0,62.0,102.0,100.0
31,86.0,88.0,92.0,61.0,60.0,48.0,92.0,123.0,130.0,56.0,137.0,210.0,233.0,150.0,193.0,130.0,110.0,124.0,117.0,114.0,114.0,112.0,105.0,105.0
"
"
August-2020,00:00:00,01:00:00,02:00:00,03:00:00,04:00:00,05:00:00,06:00:00,07:00:00,08:00:00,09:00:00,10:00:00,11:00:00,12:00:00,13:00:00,14:00:00,15:00:00,16:00:00,17:00:00,18:00:00,19:00:00,20:00:00,21:00:00,22:00:00,23:00:00
1,101.0,75.0,82.0,55.0,114.0,114.0,113.0,118.0,115.0,111.0,113.0,111,104,111,112,112.0,110.0,112.0,113,117,118,123,124.0,120.0
2,118.0,90.0,85.0,44.0,78.0,70.0,75.0,100.0,101.0,100.0,103.0,90,85,80,80,75.0,80.0,85.0,78,78,101,102,102.0,104.0
3,101.0,102.0,117.0,85.0,62.0,63.0,68.0,75.0,75.0,72.0,82.0,70,72,66,50,65.0,61.0,58.0,69,64,67,77,62.0,52.0
4,47.0,65.0,62.0,36.0,27.0,34.0,67.0,50.0,90.0,85.0,83.0,92,97,47,51,65.0,50.0,48.0,56,45,53,56,58.0,
5,270.0,101.0,88.0,63.0,72.0,125.0,131.0,131.0,130.0,160.0,108.0,121,116,118,115,131.0,125.0,141.0,160,131,131,128,,
6,,,,70.0,53.0,84.0,71.0,78.0,78.0,103.0,88.0,70,64,67,70,47.0,61.0,62.0,62,54,104,108,101.0,72.0
7,68.0,85.0,98.0,38.0,68.0,68.0,,,,68.0,56.0,66,78,75,98,98.0,101.0,101.0,85,125,137,127,118.0,111.0
8,106.0,65.0,65.0,50.0,75.0,150.0,115.0,114.0,141.0,147.0,144.0,129,131,187,172,147.0,153.0,140.0,139,126,189,206,214.0,188.0
9,170.0,157.0,83.0,29.0,65.0,65.0,78.0,82.0,92.0,80.0,94.0,121,152,145,133,136.0,123.0,71.0,102,106,108,106,107.0,106.0
10,110.0,90.0,70.0,38.0,62.0,70.0,62.0,60.0,52.0,44.0,80.0,83,85,92,78,72.0,77.0,90.0,60,57,50,120,129.0,123.0
11,99.0,80.0,82.0,55.0,58.0,70.0,70.0,75.0,60.0,73.0,150.0,147,168,200,162,122.0,115.0,109.0,169,196,205,182,177.0,142.0
12,104.0,78.0,72.0,29.0,70.0,85.0,85.0,92.0,91.0,52.0,78.0,126,109,108,105,101.0,,96.0,81,95,105,74,64.0,52.0
13,40.0,70.0,80.0,38.0,68.0,45.0,35.0,43.0,49.0,88.0,101.0,104,104,96,88,98.0,104.0,106.0,91,100,101,98,100.0,82.0
14,82.0,80.0,78.0,30.0,72.0,70.0,85.0,65.0,60.0,78.0,88.0,72,72,72,80,82.0,62.0,80.0,78,95,92,105,106.0,105.0
15,112.0,91.0,72.0,50.0,78.0,63.0,62.0,80.0,72.0,78.0,87.0,70,73,63,64,55.0,48.0,55.0,52,76,97,103,84.0,
16,63.0,80.0,78.0,34.0,75.0,85.0,85.0,72.0,82.0,178.0,101.0,90,82,60,62,52.0,60.0,60.0,90,108,104,106,98.0,89.0
17,70.0,70.0,78.0,57.0,65.0,62.0,95.0,70.0,102.0,105.0,105.0,107,108,108,109,111.0,116.0,117.0,151,182,155,148,140.0,121.0
18,116.0,105.0,82.0,34.0,64.0,74.0,75.0,72.0,78.0,74.0,72.0,120,113,107,102,,120.0,131.0,106,139,153,174,153.0,141.0
19,120.0,126.0,105.0,31.0,69.0,90.0,75.0,75.0,123.0,84.0,93.0,109,136,160,136,147.0,119.0,94.0,92,98,92,104,109.0,92.0
20,88.0,95.0,88.0,42.0,82.0,88.0,,,75.0,72.0,115.0,152,140,110,116,160.0,157.0,70.0,25,88,75,102,104.0,230.0
21,68.0,55.0,75.0,62.0,183.0,88.0,98.0,102.0,101.0,85.0,101.0,101,101,103,105,104.0,30.0,106.0,104,101,104,106,179.0,107.0
22,119.0,,,,,,,,,,,104,95,92,98,90.0,92.0,90.0,95,100,103,103,98.0,90.0
23,90.0,75.0,80.0,33.0,46.0,57.0,57.0,55.0,53.0,51.0,51.0,40,41,45,57,72.0,78.0,68.0,72,65,60,68,62.0,98.0
24,108.0,65.0,62.0,21.0,55.0,38.0,55.0,55.0,28.0,22.0,48.0,42,45,28,31,31.0,33.0,79.0,84,96,115,109,105.0,106.0
25,82.0,75.0,75.0,19.0,70.0,75.0,65.0,72.0,72.0,80.0,88.0,88,88,88,92,85.0,92.0,95.0,101,98,108,111,91.0,85.0
26,85.0,78.0,69.0,28.0,57.0,63.0,68.0,67.0,75.0,79.0,101.0,82,134,178,63,83.0,80.0,67.0,85,75,75,88,101.0,116.0
27,101.0,90.0,75.0,36.0,90.0,88.0,90.0,90.0,95.0,88.0,98.0,101,103,95,85,95.0,101.0,100.0,102,101,110,108,111.0,106.0
28,111.0,104.0,92.0,34.0,95.0,72.0,102.0,103.0,101.0,107.0,114.0,127,140,80,78,48.0,75.0,,69,95,104,116,97.0,107.0
29,72.0,80.0,78.0,21.0,109.0,302.0,200.0,107.0,72.0,65.0,105.0,220,97,70,78,65.0,72.0,70.0,75,90,111,117,106.0,131.0
30,160.0,107.0,110.0,98.0,75.0,60.0,52.0,62.0,45.0,48.0,32.0,50,68,99,97,,,,81,75,75,64,,65.0
31,60.0,109.0,109.0,20.0,102.0,103.0,103.0,106.0,115.0,109.0,106.0,106,104,108,107,109.0,108.0,104.0,102,102,106,103,102.0,98.0
"
"
September-2020,00:00:00,01:00:00,02:00:00,03:00:00,04:00:00,05:00:00,06:00:00,07:00:00,08:00:00,09:00:00,10:00:00,11:00:00,12:00:00,13:00:00,14:00:00,15:00:00,16:00:00,17:00:00,18:00:00,19:00:00,20:00:00,21:00:00,22:00:00,23:00:00
1,98.0,80.0,78.0,22.0,80.0,68.0,72.0,75.0,75.0,75.0,80.0,90.0,69,60,53,49,51,60,73,85,108,101,84.0,70.0
2,71.0,74.0,75.0,28.0,75.0,44.0,80.0,106.0,101.0,90.0,102.0,111.0,115,110,100,95,84,89,72,108,105,129,118.0,110.0
3,105.0,102.0,95.0,83.0,88.0,100.0,98.0,78.0,52.0,60.0,75.0,82.0,65,60,62,58,62,55,47,65,68,72,80.0,87.0
4,78.0,80.0,101.0,57.0,101.0,82.0,88.0,112.0,104.0,109.0,100.0,78.0,78,92,82,85,86,86,90,126,131,106,112.0,109.0
5,106.0,106.0,94.0,53.0,86.0,107.0,123.0,276.0,153.0,80.0,110.0,147.0,82,88,63,100,123,72,78,52,75,80,92.0,88.0
6,95.0,324.0,98.0,95.0,55.0,75.0,92.0,104.0,112.0,111.0,104.0,141.0,106,120,110,151,119,211,261,142,78,90,103.0,104.0
7,100.0,98.0,102.0,100.0,140.0,120.0,183.0,480.0,473.0,260.0,136.0,89.0,156,130,102,42,68,102,125,108,104,100,114.0,116.0
8,116.0,70.0,70.0,15.0,31.0,22.0,70.0,75.0,98.0,60.0,70.0,90.0,83,82,79,64,66,55,82,90,103,111,108.0,118.0
9,109.0,85.0,113.0,88.0,83.0,169.0,82.0,121.0,121.0,124.0,116.0,112.0,114,112,110,111,116,112,124,115,112,120,112.0,102.0
10,101.0,82.0,80.0,72.0,119.0,149.0,127.0,155.0,133.0,107.0,137.0,107.0,111,99,92,88,78,72,78,88,92,98,104.0,97.0
11,104.0,85.0,80.0,131.0,75.0,68.0,153.0,150.0,150.0,193.0,170.0,117.0,108,99,98,91,92,75,79,88,96,88,102.0,240.0
12,170.0,210.0,150.0,93.0,144.0,153.0,180.0,200.0,147.0,147.0,101.0,92.0,102,107,109,119,117,119,119,119,120,127,117.0,116.0
13,117.0,147.0,130.0,38.0,193.0,103.0,110.0,137.0,170.0,177.0,130.0,111.0,106,123,103,104,101,107,120,130,120,153,127.0,111.0
14,140.0,207.0,250.0,183.0,207.0,133.0,115.0,163.0,177.0,303.0,340.0,326.0,217,193,140,128,141,131,132,129,133,150,132.0,131.0
15,131.0,108.0,98.0,87.0,72.0,311.0,77.0,130.0,70.0,304.0,220.0,143.0,150,89,122,309,177,157,159,163,149,169,194.0,181.0
16,163.0,140.0,160.0,127.0,141.0,143.0,123.0,155.0,223.0,263.0,241.0,251.0,179,185,171,163,155,133,135,149,149,155,155.0,174.0
17,152.0,137.0,109.0,101.0,109.0,107.0,99.0,141.0,153.0,160.0,190.0,215.0,149,171,127,131,114,119,137,129,112,131,149.0,139.0
18,134.0,121.0,94.0,99.0,103.0,107.0,103.0,155.0,145.0,157.0,179.0,148.0,141,149,125,120,127,107,119,121,133,130,,
19,,,,,,,,,,,,,55,52,199,145,133,123,121,133,151,138,160.0,141.0
20,149.0,133.0,135.0,143.0,162.0,172.0,179.0,199.0,199.0,179.0,196.0,175.0,160,156,149,145,142,137,144,148,147,145,157.0,149.0
21,137.0,119.0,65.0,99.0,101.0,101.0,111.0,125.0,138.0,156.0,177.0,193.0,175,157,173,150,141,150,139,156,166,162,157.0,155.0
22,150.0,160.0,140.0,159.0,107.0,98.0,100.0,112.0,134.0,97.0,112.0,100.0,82,91,95,119,111,107,169,177,183,187,194.0,177.0
23,117.0,90.0,82.0,64.0,78.0,98.0,75.0,89.0,104.0,103.0,104.0,104.0,108,92,122,90,75,85,68,101,127,109,106.0,107.0
24,98.0,80.0,85.0,30.0,88.0,90.0,95.0,85.0,85.0,109.0,88.0,89.0,75,105,168,129,133,141,133,149,164,162,,189.0
25,107.0,88.0,80.0,77.0,70.0,62.0,75.0,99.0,102.0,109.0,163.0,174.0,142,230,149,157,155,166,169,169,187,249,228.0,245.0
26,191.0,234.0,175.0,167.0,280.0,310.0,170.0,197.0,205.0,213.0,246.0,171.0,144,153,157,155,147,149,175,217,202,183,153.0,127.0
27,145.0,153.0,111.0,114.0,77.0,62.0,69.0,103.0,104.0,120.0,115.0,140.0,116,117,124,137,137,133,129,144,155,197,205.0,217.0
28,223.0,190.0,159.0,157.0,153.0,179.0,152.0,191.0,191.0,229.0,223.0,202.0,187,320,172,185,254,179,173,167,179,212,206.0,185.0
29,178.0,177.0,168.0,157.0,157.0,157.0,145.0,171.0,197.0,226.0,262.0,315.0,226,204,181,183,199,163,166,164,185,185,200.0,173.0
30,175.0,159.0,127.0,109.0,130.0,155.0,137.0,163.0,179.0,190.0,219.0,,199,179,166,188,175,153,169,149,167,183,171.0,175.0
"
"
October-2020,00:00:00,01:00:00,02:00:00,03:00:00,04:00:00,05:00:00,06:00:00,07:00:00,08:00:00,09:00:00,10:00:00,11:00:00,12:00:00,13:00:00,14:00:00,15:00:00,16:00:00,17:00:00,18:00:00,19:00:00,20:00:00,21:00:00,22:00:00,23:00:00
1,161,152,149,129,118,127,145,137,153,170,210,205,187,188,181,150,159.0,143,126,139,169,187,267,209
2,206,228,190,144,152,147,161,177,189,164,178,296,185,173,145,159,148.0,157,146,156,193,226,219,223
3,189,189,175,145,133,138,151,184,204,221,254,207,411,118,302,135,151.0,131,134,147,184,196,196,195
4,174,166,192,177,326,210,273,194,181,248,255,472,199,159,131,148,133.0,135,135,149,177,184,192,173
5,185,181,163,155,141,157,146,171,211,223,221,235,217,196,164,170,190.0,155,151,153,162,189,186,229
6,232,219,183,177,177,152,170,193,197,234,270,248,207,186,108,163,153.0,137,147,160,167,199,230,238
7,413,415,427,373,402,308,227,338,340,306,300,401,230,203,192,352,153.0,159,157,157,202,292,240,197
8,190,199,193,177,157,137,145,184,209,226,265,309,271,306,213,167,,150,153,189,228,192,200,193
9,188,180,190,183,177,187,163,200,250,224,319,438,385,354,312,170,147.0,163,237,185,270,320,207,163
10,250,187,157,165,227,223,230,210,230,293,290,342,315,287,239,257,153.0,152,162,183,215,243,215,227
11,187,183,151,193,200,217,210,250,300,250,306,325,308,306,237,277,153.0,183,152,171,243,271,268,270
12,250,263,309,322,326,452,422,381,365,408,426,358,401,342,333,270,177.0,250,247,247,203,260,318,421
13,428,428,418,385,350,358,345,337,347,312,293,293,303,273,257,183,160.0,153,141,180,253,325,322,319
14,319,313,312,325,325,316,314,250,304,382,349,346,322,302,213,223,167.0,177,157,189,263,309,384,341
15,412,415,434,392,388,392,382,395,422,406,405,423,405,356,159,145,122.0,114,112,129,177,179,278,306
16,326,325,388,349,325,320,318,328,309,344,304,287,302,205,163,142,156.0,203,153,207,312,293,321,318
17,410,422,407,452,405,362,332,332,329,349,448,474,325,389,226,152,156.0,174,222,413,270,325,322,361
18,305,306,260,247,332,253,277,305,321,324,350,384,325,300,237,188,262.0,159,157,165,255,259,277,244
19,301,325,314,325,416,243,311,342,404,398,436,426,405,306,233,251,222.0,181,163,162,237,290,312,237
20,210,202,167,181,199,149,183,250,268,322,380,406,341,312,224,200,168.0,237,131,178,227,314,401,440
21,437,428,427,327,400,415,313,318,315,352,336,401,302,157,127,108,111.0,97,107,157,161,305,405,469
22,474,471,433,407,315,310,335,359,368,407,411,425,409,426,405,414,,270,210,310,399,406,432,440
23,449,426,417,401,421,444,453,456,500,500,500,495,451,375,313,170,140.0,302,283,310,375,453,500,500
24,484,433,449,446,462,486,455,430,452,431,472,500,487,378,336,354,325.0,304,273,303,354,424,439,484
25,500,500,472,449,462,482,500,500,500,500,470,441,422,391,343,321,233.0,283,283,310,403,481,500,500
26,489,474,451,441,431,429,486,483,458,435,469,462,428,420,434,431,346.0,306,193,220,282,302,327,338
27,337,410,395,402,395,416,412,414,410,400,412,402,343,344,330,220,159.0,189,160,265,292,414,401,426
28,432,418,360,345,328,333,333,353,362,348,380,421,433,371,362,346,357.0,344,348,423,448,491,500,500
29,500,500,500,500,500,500,500,500,500,480,440,437,429,340,391,321,309.0,312,320,396,394,464,476,463
30,480,483,477,480,441,447,439,449,495,481,495,500,434,349,304,263,197.0,213,153,150,250,417,376,431
31,462,500,500,500,500,500,500,500,500,484,456,428,401,336,305,185,,153,193,281,320,384,412,408
"
"
November-2020,00:00:00,01:00:00,02:00:00,03:00:00,04:00:00,05:00:00,06:00:00,07:00:00,08:00:00,09:00:00,10:00:00,11:00:00,12:00:00,13:00:00,14:00:00,15:00:00,16:00:00,17:00:00,18:00:00,19:00:00,20:00:00,21:00:00,22:00:00,23:00:00
1,431,497,500.0,500,500,500,500,500,500,500,500.0,475,458,398,328,233,197,181,177,232,406.0,401,430,412
2,418,342,360.0,389,432,418,373,328,315,267,330.0,460,402,407,391,370,355,343,297,315,339.0,438,461,495
3,487,453,453.0,435,358,334,354,401,433,441,418.0,342,307,317,159,153,140,182,220,255,292.0,443,447,500
4,500,486,477.0,418,371,335,337,356,349,347,389.0,406,423,447,500,500,500,500,500,500,500.0,500,500,500
5,500,500,500.0,500,500,500,500,495,481,471,458.0,449,460,404,420,316,311,314,329,416,437.0,491,500,499
6,500,500,500.0,440,443,465,491,468,453,460,462.0,466,448,452,457,386,368,320,330,418,463.0,475,491,499
7,498,499,,500,500,500,500,500,500,500,500.0,500,454,411,366,338,308,290,326,396,431.0,468,468,500
8,500,478,487.0,453,500,500,500,500,493,468,450.0,500,500,500,500,500,431,419,449,479,500.0,500,500,500
9,500,500,500.0,500,500,500,500,500,500,500,500.0,500,500,500,500,489,396,398,441,500,500.0,500,500,500
10,500,500,500.0,500,500,500,500,155,500,500,319.0,257,500,500,416,320,200,183,187,305,418.0,468,475,500
11,500,500,473.0,468,455,469,451,441,459,475,448.0,422,392,368,260,193,117,114,137,154,409.0,477,500,500
12,500,500,484.0,471,460,427,395,412,432,411,410.0,416,335,334,207,187,223,263,270,358,,493,455,479
13,454,424,455.0,486,500,500,500,500,458,457,457.0,453,453,355,313,273,248,315,270,399,432.0,449,442,460
14,496,490,500.0,500,500,500,500,500,500,500,500.0,500,500,500,500,425,350,368,441,500,500.0,500,500,500
15,500,149,145.0,126,500,115,500,500,467,464,113.0,465,102,402,88,343,328,325,340,316,193.0,102,315,347
16,207,367,338.0,305,315,308,309,302,183,167,183.0,170,107,123,107,92,100,101,119,143,190.0,287,194,273
17,308,315,92.0,280,230,127,123,170,164,179,220.0,223,200,137,151,123,116,127,141,215,195.0,185,302,335
18,325,309,273.0,227,253,283,267,302,346,267,267.0,280,233,167,240,163,190,398,277,267,271.0,341,320,312
19,334,335,349.0,382,468,500,474,372,337,420,372.0,383,352,287,183,257,167,140,308,283,314.0,362,409,399
20,387,375,385.0,389,381,389,382,351,338,352,337.0,325,308,307,243,163,164,145,148,159,267.0,403,336,349
21,328,309,309.0,273,283,277,309,309,190,329,341.0,333,304,193,189,137,142,134,129,137,280.0,308,406,385
22,342,352,342.0,335,322,336,335,354,365,365,372.0,381,408,302,257,155,139,124,127,177,217.0,318,408,463
23,446,381,399.0,415,406,402,402,438,385,381,,393,363,333,290,277,200,263,303,331,442.0,500,500,487
24,497,500,500.0,500,500,500,481,491,500,500,500.0,454,352,333,349,353,355,365,363,401,438.0,469,499,490
25,500,494,500.0,500,500,500,500,500,478,441,467.0,463,401,376,382,364,374,386,420,426,445.0,448,432,408
26,346,332,325.0,341,368,377,393,390,405,375,338.0,243,130,115,94,105,101,129,122,153,151.0,141,157,157
27,200,107,117.0,123,100,187,183,127,203,220,243.0,230,213,179,127,127,124,130,140,204,294.0,344,290,297
28,317,297,305.0,283,290,307,322,332,331,334,334.0,329,260,273,170,149,130,129,140,163,267.0,385,337,413
29,422,353,345.0,341,328,318,312,226,184,194,245.0,262,299,312,163,314,322,290,233,290,321.0,434,453,450
30,476,456,442.0,444,440,422,401,372,354,340,342.0,342,358,339,328,302,306,300,267,389,416.0,447,487,484
"
"
December-2020,00:00:00,01:00:00,02:00:00,03:00:00,04:00:00,05:00:00,06:00:00,07:00:00,08:00:00,09:00:00,10:00:00,11:00:00,12:00:00,13:00:00,14:00:00,15:00:00,16:00:00,17:00:00,18:00:00,19:00:00,20:00:00,21:00:00,22:00:00,23:00:00
1,500,499.0,500,491,477.0,448.0,437,425,416.0,422,424,426,422.0,411,312,284,210.0,282,350,358.0,437.0,425,466,500
2,500,500.0,497,462,455.0,442.0,444,434,415.0,413,417,417,417.0,373,345,352,336.0,317,319,339.0,363.0,428,464,443
3,468,416.0,392,389,395.0,392.0,394,377,382.0,382,382,391,398.0,358,343,335,318.0,323,309,334.0,417.0,413,459,470
4,476,497.0,487,470,,480.0,477,463,480.0,487,500,500,449.0,417,411,393,372.0,358,359,410.0,456.0,465,438,427
5,441,453.0,446,442,452.0,449.0,446,423,432.0,469,454,434,432.0,423,391,362,355.0,359,362,368.0,381.0,405,419,433
6,438,440.0,443,425,423.0,429.0,422,414,428.0,445,448,440,417.0,368,401,369,366.0,308,330,417.0,416.0,449,496,489
7,500,500.0,500,500,492.0,490.0,484,480,494.0,471,466,469,435.0,425,400,352,372.0,356,367,385.0,409.0,428,451,456
8,451,456.0,141,479,136.0,136.0,131,446,434.0,443,444,143,446.0,398,385,318,155.0,305,319,323.0,350.0,410,416,443
9,476,,434,393,378.0,382.0,443,500,500.0,484,497,500,500.0,440,338,304,280.0,250,160,303.0,319.0,404,398,422
10,396,,344,322,322.0,312.0,343,319,335.0,348,362,365,376.0,385,293,250,287.0,304,200,308.0,,342,350,360
11,345,335.0,338,365,350.0,359.0,325,336,319.0,348,395,422,377.0,390,386,365,313.0,313,318,352.0,362.0,390,408,391
12,393,392.0,404,399,423.0,422.0,417,106,111.0,114,109,106,399.0,399,397,111,455.0,440,439,106.0,107.0,114,127,419
13,430,416.0,104,382,80.0,90.0,370,315,317.0,349,343,361,345.0,85,137,130,105.0,95,102,104.0,157.0,153,177,177
14,200,297.0,325,328,314.0,253.0,338,344,318.0,375,333,227,227.0,247,193,147,110.0,123,130,143.0,123.0,321,318,307
15,302,325.0,328,314,287.0,257.0,277,267,240.0,257,328,383,340.0,336,355,310,342.0,364,353,348.0,336.0,333,335,325
16,321,310.0,283,270,297.0,95.0,318,315,320.0,326,338,340,337.0,322,337,277,200.0,100,120,163.0,317.0,337,339,327
17,341,338.0,305,316,318.0,123.0,88,90,302.0,304,325,325,332.0,318,308,302,300.0,257,270,307.0,358.0,375,385,401
18,391,380.0,344,330,85.0,320.0,98,328,328.0,342,340,328,308.0,305,203,145,131.0,147,140,243.0,322.0,383,402,399
19,385,,325,320,315.0,,334,342,374.0,376,378,366,338.0,306,142,139,160.0,151,180,164.0,253.0,365,417,452
20,478,,477,412,391.0,378.0,365,357,362.0,366,376,380,348.0,337,364,300,,277,283,,369.0,403,434,460
21,475,,472,463,444.0,404.0,397,374,372.0,381,397,404,382.0,414,407,367,322.0,273,303,334.0,401.0,466,491,500
22,500,500.0,500,500,144.0,115.0,123,500,500.0,500,500,500,,197,459,500,441.0,444,419,437.0,457.0,500,500,500
23,500,500.0,500,20,181.0,167.0,162,174,500.0,500,292,201,500.0,500,140,378,411.0,382,335,346.0,412.0,443,500,500
24,500,500.0,500,500,500.0,500.0,488,500,475.0,477,500,500,500.0,414,388,394,338.0,322,315,343.0,382.0,440,478,500
25,496,489.0,492,481,456.0,422.0,436,412,398.0,401,413,401,386.0,336,328,207,147.0,137,170,273.0,322.0,365,394,410
26,430,420.0,417,418,420.0,400.0,424,426,402.0,404,445,466,413.0,388,346,317,293.0,306,305,322.0,381.0,420,500,500
27,500,500.0,447,431,412.0,435.0,413,431,410.0,429,456,448,452.0,449,426,406,363.0,351,342,370.0,401.0,403,414,411
28,206,,150,210,247.0,310.0,283,217,305.0,270,283,210,336.0,204,221,149,153.0,149,153,148.0,277.0,273,302,325
29,309,,325,316,321.0,318.0,331,316,328.0,350,344,343,320.0,314,308,287,253.0,177,148,207.0,331.0,336,320,323
30,319,323.0,321,320,332.0,330.0,358,358,,367,375,378,362.0,364,358,344,328.0,328,327,342.0,385.0,391,379,390
31,388,,102,401,102.0,102.0,105,105,371.0,378,110,395,416.0,428,421,426,468.0,487,443,413.0,431.0,445,467,499
"
"
Year,2021
January-2021,00:00:00,01:00:00,02:00:00,03:00:00,04:00:00,05:00:00,06:00:00,07:00:00,08:00:00,09:00:00,10:00:00,11:00:00,12:00:00,13:00:00,14:00:00,15:00:00,16:00:00,17:00:00,18:00:00,19:00:00,20:00:00,21:00:00,22:00:00,23:00:00
1,500.0,152.0,154.0,156.0,464.0,165.0,171.0,150.0,,500.0,500.0,500.0,500.0,159.0,500.0,500.0,,401.0,340.0,391.0,436.0,500.0,500.0,500.0
2,500.0,,401.0,319.0,107.0,108.0,106.0,115.0,121.0,500.0,500.0,458.0,500.0,119.0,108.0,437.0,383.0,364.0,372.0,367.0,432.0,440.0,449.0,435.0
3,420.0,415.0,411.0,393.0,385.0,417.0,426.0,402.0,391.0,370.0,311.0,,318.0,283.0,240.0,200.0,190.0,123.0,100.0,90.0,100.0,140.0,101.0,163.0
4,177.0,140.0,180.0,180.0,133.0,315.0,82.0,104.0,143.0,193.0,263.0,325.0,347.0,343.0,334.0,317.0,312.0,330.0,341.0,365.0,332.0,173.0,153.0,75.0
5,103.0,95.0,75.0,87.0,80.0,80.0,88.0,70.0,82.0,101.0,153.0,230.0,210.0,260.0,267.0,345.0,325.0,322.0,150.0,217.0,227.0,230.0,304.0,173.0
6,193.0,,267.0,180.0,227.0,305.0,346.0,366.0,312.0,305.0,325.0,333.0,368.0,322.0,316.0,283.0,177.0,161.0,197.0,301.0,396.0,366.0,371.0,355.0
7,348.0,344.0,312.0,302.0,301.0,283.0,303.0,307.0,283.0,277.0,302.0,303.0,300.0,300.0,301.0,306.0,316.0,300.0,305.0,302.0,319.0,324.0,322.0,329.0
8,326.0,325.0,338.0,315.0,308.0,302.0,308.0,308.0,321.0,329.0,349.0,365.0,405.0,407.0,395.0,400.0,415.0,401.0,391.0,396.0,405.0,426.0,450.0,430.0
9,356.0,327.0,330.0,318.0,306.0,309.0,308.0,318.0,320.0,331.0,346.0,362.0,368.0,368.0,361.0,369.0,335.0,328.0,318.0,325.0,336.0,345.0,347.0,368.0
10,349.0,342.0,323.0,311.0,318.0,323.0,309.0,302.0,247.0,270.0,243.0,243.0,313.0,305.0,305.0,290.0,267.0,253.0,253.0,263.0,318.0,334.0,362.0,358.0
11,348.0,345.0,352.0,332.0,333.0,336.0,325.0,306.0,306.0,293.0,233.0,247.0,210.0,193.0,173.0,150.0,167.0,167.0,173.0,247.0,321.0,364.0,399.0,407.0
12,386.0,379.0,328.0,332.0,333.0,348.0,353.0,371.0,336.0,319.0,324.0,347.0,350.0,348.0,348.0,330.0,318.0,312.0,,,,,,
13,,,,,,,,,,,,347.0,401.0,405.0,429.0,407.0,382.0,348.0,187.0,343.0,405.0,448.0,500.0,500.0
14,500.0,500.0,500.0,500.0,446.0,433.0,411.0,408.0,416.0,451.0,500.0,500.0,500.0,500.0,500.0,500.0,500.0,500.0,450.0,443.0,,,,
15,,,,,,,,,,,,,,500.0,500.0,395.0,410.0,413.0,410.0,402.0,473.0,500.0,500.0,500.0
16,500.0,500.0,500.0,12.0,500.0,447.0,416.0,405.0,378.0,378.0,401.0,426.0,448.0,495.0,,,,431.0,363.0,388.0,390.0,391.0,408.0,398.0
17,459.0,376.0,349.0,343.0,362.0,341.0,405.0,384.0,356.0,378.0,395.0,395.0,413.0,422.0,415.0,423.0,431.0,426.0,441.0,419.0,418.0,411.0,420.0,391.0
18,384.0,358.0,367.0,367.0,348.0,358.0,375.0,391.0,412.0,400.0,417.0,402.0,350.0,395.0,356.0,333.0,302.0,301.0,328.0,349.0,410.0,444.0,500.0,500.0
19,500.0,500.0,167.0,16.0,156.0,129.0,486.0,480.0,463.0,499.0,492.0,495.0,500.0,414.0,372.0,351.0,352.0,345.0,352.0,362.0,223.0,355.0,371.0,374.0
20,348.0,331.0,326.0,329.0,327.0,318.0,306.0,319.0,320.0,331.0,337.0,347.0,343.0,342.0,334.0,336.0,322.0,317.0,318.0,324.0,337.0,362.0,367.0,378.0
21,358.0,358.0,349.0,334.0,356.0,335.0,320.0,324.0,341.0,357.0,385.0,382.0,348.0,330.0,301.0,200.0,169.0,155.0,149.0,237.0,,,,496.0
22,488.0,454.0,470.0,466.0,500.0,484.0,,492.0,451.0,399.0,346.0,351.0,360.0,370.0,369.0,359.0,363.0,363.0,358.0,368.0,380.0,387.0,383.0,381.0
23,372.0,340.0,332.0,308.0,302.0,311.0,303.0,297.0,290.0,335.0,352.0,349.0,353.0,341.0,355.0,345.0,332.0,332.0,345.0,371.0,390.0,416.0,410.0,
24,397.0,392.0,,398.0,378.0,415.0,,435.0,428.0,425.0,400.0,400.0,411.0,423.0,404.0,401.0,413.0,404.0,411.0,399.0,411.0,435.0,410.0,385.0
25,362.0,343.0,335.0,322.0,320.0,325.0,328.0,321.0,331.0,332.0,322.0,322.0,322.0,335.0,356.0,341.0,332.0,335.0,337.0,340.0,321.0,352.0,397.0,430.0
26,472.0,472.0,459.0,461.0,443.0,420.0,412.0,408.0,371.0,385.0,347.0,376.0,388.0,354.0,315.0,304.0,253.0,223.0,200.0,217.0,283.0,406.0,422.0,438.0
27,465.0,453.0,67.0,445.0,420.0,368.0,355.0,368.0,362.0,388.0,377.0,327.0,367.0,346.0,349.0,270.0,160.0,145.0,153.0,167.0,287.0,365.0,418.0,490.0
28,494.0,477.0,114.0,411.0,465.0,431.0,414.0,416.0,425.0,428.0,460.0,500.0,500.0,500.0,466.0,430.0,328.0,270.0,325.0,403.0,428.0,472.0,498.0,500.0
29,492.0,500.0,500.0,500.0,500.0,500.0,451.0,412.0,408.0,408.0,428.0,434.0,412.0,382.0,344.0,332.0,290.0,253.0,165.0,180.0,267.0,339.0,379.0,392.0
30,407.0,404.0,364.0,348.0,342.0,353.0,348.0,345.0,337.0,343.0,368.0,368.0,349.0,,311.0,,,,,,,,,
31,,,,,,,,,,,,,356.0,369.0,337.0,227.0,173.0,135.0,180.0,186.0,375.0,446.0,500.0,500.0
"
"
February-2021,00:00:00,01:00:00,02:00:00,03:00:00,04:00:00,05:00:00,06:00:00,07:00:00,08:00:00,09:00:00,10:00:00,11:00:00,12:00:00,13:00:00,14:00:00,15:00:00,16:00:00,17:00:00,18:00:00,19:00:00,20:00:00,21:00:00,22:00:00,23:00:00
1,500.0,500.0,128.0,498.0,474.0,487.0,478.0,490.0,484.0,481.0,498.0,466.0,500.0,382.0,360.0,362.0,401.0,308.0,304,342.0,353.0,406.0,,431.0
2,476.0,484.0,492.0,466.0,,500.0,461.0,435.0,428.0,440.0,450.0,456.0,449.0,410.0,361.0,334.0,303.0,312.0,332,461.0,479.0,425.0,398.0,398.0
3,397.0,407.0,405.0,410.0,399.0,393.0,389.0,396.0,384.0,383.0,395.0,384.0,369.0,355.0,310.0,270.0,210.0,217.0,306,314.0,327.0,346.0,351.0,332.0
4,327.0,350.0,398.0,405.0,416.0,428.0,382.0,386.0,381.0,366.0,384.0,348.0,358.0,329.0,328.0,270.0,200.0,137.0,141,208.0,112.0,101.0,110.0,116.0
5,113.0,,,,,,,,,,183.0,163.0,233.0,217.0,137.0,144.0,177.0,139.0,151,146.0,160.0,155.0,161.0,236.0
6,321.0,213.0,163.0,112.0,127.0,140.0,290.0,250.0,312.0,323.0,308.0,306.0,260.0,250.0,136.0,131.0,137.0,135.0,132,138.0,140.0,180.0,297.0,305.0
7,323.0,322.0,309.0,310.0,330.0,334.0,,335.0,,,,329.0,328.0,310.0,230.0,177.0,150.0,139.0,142,183.0,237.0,312.0,345.0,379.0
8,424.0,397.0,426.0,387.0,358.0,375.0,372.0,367.0,413.0,420.0,419.0,419.0,394.0,358.0,330.0,263.0,250.0,213.0,217,,,,,
9,,,,,,,,,,,,,,,,,253.0,161.0,190,207.0,410.0,452.0,460.0,
10,500.0,453.0,434.0,452.0,451.0,444.0,465.0,489.0,,486.0,416.0,350.0,311.0,301.0,139.0,125.0,159.0,238.0,300,,,300.0,106.0,384.0
11,403.0,366.0,363.0,359.0,363.0,444.0,448.0,445.0,397.0,400.0,405.0,419.0,424.0,363.0,343.0,270.0,320.0,304.0,288,265.0,296.0,322.0,401.0,412.0
12,388.0,387.0,401.0,362.0,350.0,349.0,348.0,363.0,363.0,378.0,400.0,441.0,,,,,,,500,447.0,419.0,432.0,445.0,442.0
13,451.0,484.0,462.0,387.0,322.0,330.0,348.0,370.0,406.0,435.0,449.0,457.0,485.0,489.0,440.0,363.0,332.0,396.0,368,378.0,424.0,491.0,500.0,500.0
14,500.0,500.0,500.0,495.0,425.0,400.0,375.0,380.0,403.0,434.0,433.0,433.0,403.0,362.0,340.0,322.0,299.0,262.0,325,334.0,367.0,439.0,500.0,495.0
15,454.0,403.0,381.0,378.0,378.0,371.0,380.0,428.0,423.0,434.0,418.0,437.0,359.0,344.0,326.0,241.0,146.0,192.0,245,300.0,316.0,379.0,410.0,419.0
16,386.0,379.0,375.0,378.0,405.0,441.0,435.0,435.0,400.0,406.0,410.0,387.0,381.0,340.0,317.0,238.0,177.0,218.0,302,302.0,310.0,318.0,323.0,330.0
17,444.0,435.0,345.0,351.0,366.0,381.0,398.0,411.0,395.0,404.0,420.0,443.0,428.0,342.0,313.0,262.0,138.0,169.0,233,238.0,271.0,311.0,412.0,429.0
18,365.0,423.0,422.0,354.0,346.0,356.0,348.0,359.0,362.0,366.0,361.0,373.0,346.0,336.0,307.0,252.0,179.0,244.0,236,252.0,309.0,339.0,409.0,449.0
19,402.0,433.0,440.0,353.0,319.0,357.0,382.0,,,,,,,342.0,391.0,301.0,304.0,210.0,300,293.0,302.0,337.0,369.0,375.0
20,382.0,372.0,364.0,361.0,365.0,350.0,330.0,340.0,322.0,327.0,339.0,372.0,387.0,358.0,354.0,186.0,167.0,153.0,171,157.0,194.0,303.0,328.0,401.0
21,319.0,356.0,331.0,309.0,332.0,350.0,359.0,374.0,411.0,424.0,456.0,431.0,400.0,378.0,354.0,308.0,250.0,243.0,220,207.0,243.0,311.0,333.0,356.0
22,365.0,375.0,371.0,361.0,355.0,367.0,388.0,448.0,405.0,338.0,316.0,320.0,322.0,315.0,309.0,301.0,183.0,161.0,160,159.0,187.0,287.0,364.0,443.0
23,457.0,418.0,337.0,375.0,382.0,337.0,320.0,407.0,424.0,421.0,342.0,305.0,270.0,199.0,165.0,157.0,145.0,147.0,176,181.0,240.0,396.0,382.0,496.0
24,500.0,500.0,500.0,,,,,,,,480.0,429.0,378.0,338.0,336.0,183.0,170.0,168.0,153,,,443.0,461.0,487.0
25,464.0,447.0,128.0,400.0,423.0,426.0,451.0,478.0,462.0,406.0,369.0,328.0,304.0,311.0,310.0,220.0,167.0,164.0,178,169.0,199.0,262.0,267.0,216.0
26,223.0,278.0,318.0,335.0,324.0,342.0,349.0,340.0,368.0,399.0,385.0,335.0,233.0,197.0,175.0,194.0,151.0,243.0,146,160.0,245.0,362.0,352.0,475.0
27,493.0,416.0,190.0,198.0,,186.0,258.0,311.0,,281.0,302.0,298.0,209.0,185.0,181.0,243.0,197.0,141.0,137,149.0,189.0,306.0,261.0,325.0
28,447.0,436.0,358.0,304.0,153.0,157.0,210.0,200.0,304.0,300.0,203.0,309.0,247.0,179.0,164.0,199.0,199.0,190.0,175,179.0,157.0,157.0,167.0,143.0
"
"
March-2021,00:00:00,01:00:00,02:00:00,03:00:00,04:00:00,05:00:00,06:00:00,07:00:00,08:00:00,09:00:00,10:00:00,11:00:00,12:00:00,13:00:00,14:00:00,15:00:00,16:00:00,17:00:00,18:00:00,19:00:00,20:00:00,21:00:00,22:00:00,23:00:00
1,156.0,150.0,135.0,233.0,133.0,131.0,123.0,163.0,197.0,260.0,330.0,220.0,190.0,178.0,171.0,172.0,209.0,413.0,166.0,175.0,129.0,135.0,145.0,167.0
2,173.0,177.0,127.0,143.0,187.0,210.0,223.0,233.0,273.0,270.0,157.0,205.0,221.0,267.0,306.0,261.0,296.0,304.0,202.0,149.0,140.0,149.0,112.0,135.0
3,141.0,,,,,,,,,,,330.0,346.0,304.0,217.0,171.0,165.0,142.0,144.0,137.0,164.0,340.0,427.0,500.0
4,500.0,492.0,458.0,461.0,438.0,433.0,398.0,405.0,479.0,500.0,488.0,348.0,358.0,325.0,317.0,310.0,200.0,158.0,194.0,224.0,303.0,282.0,424.0,405.0
5,450.0,401.0,428.0,446.0,420.0,303.0,312.0,321.0,343.0,350.0,321.0,195.0,187.0,216.0,185.0,257.0,,,,160.0,171.0,169.0,166.0,170.0
6,193.0,159.0,183.0,62.0,157.0,143.0,253.0,305.0,341.0,360.0,355.0,300.0,312.0,253.0,177.0,143.0,152.0,121.0,133.0,140.0,163.0,263.0,344.0,364.0
7,468.0,461.0,322.0,420.0,407.0,418.0,429.0,434.0,446.0,439.0,365.0,297.0,277.0,203.0,200.0,173.0,171.0,155.0,161.0,165.0,157.0,186.0,200.0,310.0
8,253.0,157.0,193.0,164.0,131.0,131.0,125.0,237.0,318.0,328.0,325.0,312.0,309.0,307.0,287.0,233.0,213.0,185.0,203.0,200.0,240.0,277.0,315.0,412.0
9,342.0,349.0,365.0,418.0,368.0,360.0,360.0,362.0,348.0,391.0,346.0,325.0,305.0,305.0,243.0,240.0,200.0,187.0,217.0,280.0,312.0,401.0,309.0,352.0
10,123.0,60.0,65.0,45.0,107.0,146.0,123.0,312.0,379.0,348.0,344.0,250.0,172.0,187.0,183.0,162.0,186.0,155.0,185.0,230.0,270.0,,,
11,,,,,,,,,,,,,273.0,187.0,193.0,133.0,131.0,,135.0,141.0,164.0,229.0,305.0,410.0
12,424.0,406.0,330.0,302.0,270.0,237.0,247.0,263.0,270.0,371.0,290.0,127.0,267.0,180.0,141.0,109.0,139.0,137.0,97.0,107.0,157.0,171.0,116.0,162.0
13,308.0,322.0,309.0,187.0,306.0,331.0,333.0,429.0,366.0,287.0,391.0,438.0,378.0,342.0,305.0,150.0,149.0,150.0,148.0,143.0,131.0,182.0,178.0,188.0
14,254.0,280.0,305.0,293.0,308.0,318.0,237.0,125.0,195.0,210.0,167.0,197.0,310.0,300.0,250.0,149.0,248.0,131.0,134.0,145.0,145.0,153.0,162.0,193.0
15,344.0,309.0,197.0,190.0,167.0,137.0,187.0,277.0,329.0,365.0,339.0,313.0,308.0,233.0,171.0,166.0,179.0,245.0,262.0,361.0,201.0,183.0,210.0,196.0
16,227.0,227.0,193.0,166.0,163.0,170.0,180.0,207.0,288.0,324.0,342.0,335.0,260.0,267.0,346.0,370.0,344.0,349.0,349.0,325.0,300.0,299.0,328.0,340.0
17,342.0,356.0,249.0,210.0,205.0,253.0,277.0,315.0,391.0,410.0,451.0,400.0,,,,330.0,292.0,250.0,273.0,272.0,290.0,300.0,,371.0
18,417.0,401.0,88.0,302.0,302.0,329.0,,,,415.0,,415.0,,326.0,255.0,245.0,298.0,263.0,230.0,241.0,256.0,272.0,342.0,356.0
19,402.0,362.0,287.0,305.0,366.0,328.0,307.0,297.0,297.0,255.0,314.0,385.0,292.0,240.0,177.0,196.0,213.0,250.0,175.0,168.0,178.0,184.0,183.0,223.0
20,192.0,202.0,71.0,197.0,297.0,287.0,325.0,335.0,390.0,384.0,414.0,353.0,327.0,302.0,300.0,189.0,173.0,157.0,181.0,145.0,155.0,167.0,189.0,303.0
21,374.0,356.0,121.0,322.0,342.0,330.0,391.0,415.0,445.0,435.0,289.0,265.0,173.0,195.0,149.0,152.0,152.0,153.0,178.0,187.0,169.0,195.0,260.0,240.0
22,325.0,267.0,193.0,321.0,222.0,217.0,127.0,130.0,160.0,141.0,149.0,183.0,274.0,417.0,382.0,161.0,500.0,188.0,,157.0,185.0,171.0,290.0,321.0
23,334.0,341.0,116.0,398.0,354.0,329.0,318.0,233.0,190.0,385.0,287.0,289.0,250.0,238.0,326.0,427.0,202.0,155.0,163.0,217.0,,,,260.0
24,216.0,202.0,171.0,118.0,118.0,121.0,113.0,135.0,271.0,309.0,440.0,354.0,277.0,329.0,300.0,293.0,205.0,201.0,199.0,199.0,213.0,165.0,181.0,166.0
25,172.0,163.0,127.0,134.0,115.0,187.0,107.0,111.0,124.0,139.0,143.0,141.0,171.0,155.0,144.0,144.0,135.0,145.0,129.0,131.0,118.0,140.0,161.0,143.0
26,133.0,237.0,163.0,112.0,115.0,111.0,130.0,177.0,187.0,163.0,149.0,164.0,176.0,182.0,179.0,155.0,132.0,131.0,150.0,164.0,131.0,221.0,205.0,166.0
27,200.0,243.0,307.0,385.0,404.0,322.0,305.0,255.0,289.0,385.0,329.0,243.0,201.0,224.0,,,165.0,152.0,165.0,174.0,167.0,197.0,328.0,390.0
28,370.0,367.0,417.0,422.0,427.0,434.0,393.0,332.0,332.0,374.0,,,,,,219.0,204.0,186.0,,,,,,
29,,,,,,,,,,,,,,,,,,,,,,,,
30,,,,,,,,,,,,,,,,429.0,,,,,,,,
31,,,,,,,,,,,,,,,,,,241.0,197.0,186.0,163.0,163.0,166.0,146.0
"
"
April-2021,00:00:00,01:00:00,02:00:00,03:00:00,04:00:00,05:00:00,06:00:00,07:00:00,08:00:00,09:00:00,10:00:00,11:00:00,12:00:00,13:00:00,14:00:00,15:00:00,16:00:00,17:00:00,18:00:00,19:00:00,20:00:00,21:00:00,22:00:00,23:00:00
1,153.0,120.0,104.0,101.0,135.0,146.0,145.0,171.0,233.0,192.0,209.0,350.0,259.0,196.0,432.0,411.0,293.0,276.0,285.0,216.0,157.0,285.0,139.0,123.0
2,150.0,167.0,154.0,149.0,149.0,306.0,163.0,287.0,307.0,290.0,318.0,160.0,205.0,219.0,182.0,137.0,281.0,111.0,113.0,119.0,122.0,148.0,176.0,174.0
3,149.0,154.0,184.0,332.0,339.0,358.0,315.0,277.0,306.0,213.0,240.0,217.0,233.0,230.0,225.0,210.0,187.0,183.0,111.0,107.0,146.0,169.0,184.0,221.0
4,204.0,141.0,157.0,133.0,237.0,318.0,180.0,121.0,184.0,207.0,233.0,240.0,249.0,247.0,220.0,194.0,135.0,,,,134.0,183.0,261.0,248.0
5,302.0,270.0,257.0,311.0,302.0,290.0,325.0,322.0,330.0,334.0,338.0,319.0,,287.0,169.0,,153.0,202.0,308.0,369.0,299.0,394.0,420.0,408.0
6,334.0,309.0,167.0,220.0,270.0,273.0,333.0,318.0,339.0,267.0,325.0,,316.0,403.0,339.0,340.0,312.0,297.0,289.0,306.0,284.0,277.0,271.0,302.0
7,281.0,287.0,230.0,255.0,216.0,500.0,199.0,145.0,150.0,237.0,240.0,304.0,337.0,308.0,250.0,200.0,188.0,169.0,165.0,150.0,137.0,165.0,171.0,173.0
8,142.0,142.0,114.0,105.0,119.0,120.0,116.0,156.0,116.0,130.0,181.0,209.0,223.0,214.0,215.0,222.0,132.0,151.0,151.0,124.0,107.0,147.0,201.0,257.0
9,200.0,148.0,125.0,,,,,,,,,263.0,186.0,183.0,171.0,179.0,158.0,131.0,151.0,156.0,123.0,207.0,339.0,348.0
10,412.0,,,,,,,,,,,295.0,299.0,340.0,313.0,217.0,304.0,251.0,293.0,329.0,319.0,340.0,402.0,348.0
11,284.0,302.0,260.0,157.0,119.0,138.0,174.0,213.0,272.0,318.0,334.0,327.0,335.0,281.0,297.0,247.0,156.0,217.0,245.0,229.0,335.0,320.0,401.0,407.0
12,312.0,376.0,315.0,359.0,426.0,388.0,325.0,258.0,316.0,405.0,410.0,374.0,313.0,240.0,141.0,143.0,150.0,145.0,141.0,162.0,199.0,190.0,298.0,362.0
13,232.0,212.0,270.0,324.0,230.0,193.0,187.0,338.0,318.0,390.0,407.0,418.0,297.0,210.0,185.0,156.0,153.0,197.0,181.0,141.0,168.0,199.0,243.0,329.0
14,221.0,179.0,159.0,150.0,140.0,133.0,143.0,151.0,163.0,179.0,197.0,290.0,200.0,167.0,150.0,137.0,133.0,141.0,161.0,172.0,172.0,204.0,207.0,211.0
15,211.0,223.0,199.0,190.0,161.0,297.0,321.0,322.0,308.0,219.0,200.0,227.0,240.0,250.0,241.0,207.0,329.0,156.0,164.0,151.0,169.0,181.0,210.0,224.0
16,267.0,336.0,232.0,307.0,308.0,332.0,343.0,,,,,,,,,,,155.0,500.0,183.0,500.0,175.0,181.0,116.0
17,89.0,77.0,89.0,97.0,72.0,117.0,98.0,88.0,111.0,147.0,,,,,,92.0,96.0,98.0,102.0,89.0,82.0,94.0,257.0,429.0
18,271.0,223.0,270.0,297.0,230.0,305.0,317.0,341.0,339.0,210.0,97.0,95.0,106.0,96.0,,,,,,,,,,
19,,,,,,,,,,,,,308.0,240.0,109.0,131.0,108.0,109.0,153.0,118.0,124.0,138.0,213.0,197.0
20,207.0,217.0,290.0,153.0,223.0,260.0,300.0,348.0,334.0,314.0,300.0,342.0,260.0,140.0,104.0,95.0,96.0,109.0,141.0,129.0,173.0,290.0,107.0,224.0
21,94.0,80.0,86.0,78.0,107.0,197.0,97.0,213.0,293.0,340.0,260.0,193.0,84.0,72.0,92.0,76.0,84.0,147.0,140.0,148.0,74.0,83.0,102.0,90.0
22,147.0,115.0,101.0,84.0,130.0,127.0,250.0,306.0,313.0,111.0,117.0,94.0,115.0,105.0,107.0,95.0,,,111.0,83.0,119.0,121.0,150.0,133.0
23,114.0,117.0,107.0,92.0,90.0,87.0,80.0,100.0,99.0,111.0,147.0,114.0,179.0,139.0,111.0,113.0,137.0,134.0,122.0,102.0,101.0,91.0,90.0,103.0
24,120.0,117.0,80.0,120.0,88.0,78.0,103.0,83.0,85.0,99.0,96.0,85.0,121.0,104.0,74.0,88.0,92.0,96.0,96.0,82.0,101.0,106.0,177.0,140.0
25,310.0,335.0,333.0,343.0,316.0,280.0,312.0,360.0,357.0,301.0,220.0,123.0,107.0,129.0,99.0,94.0,119.0,125.0,113.0,95.0,166.0,149.0,233.0,270.0
26,280.0,322.0,314.0,350.0,394.0,449.0,468.0,450.0,448.0,474.0,431.0,389.0,309.0,177.0,302.0,126.0,139.0,145.0,133.0,163.0,201.0,240.0,308.0,334.0
27,320.0,346.0,345.0,401.0,375.0,368.0,420.0,446.0,488.0,500.0,496.0,365.0,277.0,247.0,200.0,193.0,168.0,207.0,220.0,267.0,310.0,393.0,379.0,376.0
28,389.0,422.0,420.0,398.0,377.0,445.0,498.0,436.0,445.0,449.0,448.0,391.0,196.0,159.0,146.0,146.0,89.0,500.0,129.0,98.0,474.0,333.0,328.0,321.0
29,322.0,337.0,338.0,341.0,355.0,364.0,374.0,392.0,446.0,480.0,460.0,463.0,346.0,270.0,247.0,200.0,150.0,151.0,145.0,215.0,444.0,335.0,239.0,190.0
30,253.0,189.0,207.0,217.0,197.0,197.0,203.0,312.0,405.0,456.0,363.0,290.0,247.0,223.0,199.0,193.0,178.0,175.0,178.0,195.0,205.0,239.0,332.0,324.0
"
"
May-2021,00:00:00,01:00:00,02:00:00,03:00:00,04:00:00,05:00:00,06:00:00,07:00:00,08:00:00,09:00:00,10:00:00,11:00:00,12:00:00,13:00:00,14:00:00,15:00:00,16:00:00,17:00:00,18:00:00,19:00:00,20:00:00,21:00:00,22:00:00,23:00:00
1,335.0,321.0,142.0,174.0,167.0,170.0,239.0,229.0,235.0,243.0,205.0,303.0,358.0,308.0,301.0,270.0,170.0,203.0,148.0,144.0,183.0,384.0,155.0,146.0
2,152.0,293.0,270.0,332.0,190.0,200.0,157.0,200.0,144.0,126.0,145.0,223.0,210.0,187.0,133.0,117.0,85.0,205.0,179.0,114.0,108.0,260.0,196.0,434.0
3,360.0,405.0,349.0,219.0,164.0,163.0,175.0,240.0,293.0,401.0,460.0,429.0,395.0,235.0,181.0,164.0,489.0,213.0,133.0,147.0,141.0,425.0,449.0,498.0
4,452.0,500.0,418.0,477.0,500.0,148.0,145.0,193.0,163.0,220.0,180.0,145.0,141.0,119.0,109.0,121.0,90.0,84.0,111.0,100.0,117.0,135.0,267.0,148.0
5,178.0,146.0,163.0,147.0,163.0,257.0,230.0,163.0,160.0,142.0,144.0,152.0,181.0,173.0,162.0,138.0,127.0,138.0,190.0,183.0,207.0,180.0,223.0,153.0
6,177.0,143.0,120.0,145.0,117.0,104.0,102.0,112.0,134.0,129.0,153.0,180.0,173.0,183.0,151.0,145.0,,,,,,,,
7,,,,,,,,,,,,,,,,,,,,,,,,
8,,,,,,,,,,,,,,,,,,,,,,,,
9,,,,,,,,,,,,,,,,,130.0,124.0,144.0,173.0,124.0,127.0,68.0,80.0
10,81.0,135.0,78.0,66.0,100.0,68.0,80.0,117.0,133.0,125.0,147.0,,133.0,129.0,125.0,122.0,127.0,123.0,119.0,123.0,117.0,120.0,127.0,134.0
11,144.0,141.0,143.0,145.0,125.0,,,,,,,,,,,88.0,185.0,127.0,118.0,137.0,133.0,130.0,137.0,96.0
12,114.0,105.0,82.0,64.0,63.0,62.0,59.0,88.0,121.0,103.0,101.0,111.0,111.0,92.0,116.0,237.0,332.0,,,,,,,
13,,,,,,,,,,,,332.0,60.0,134.0,167.0,115.0,111.0,118.0,119.0,109.0,80.0,85.0,117.0,170.0
14,137.0,157.0,163.0,99.0,95.0,101.0,223.0,243.0,137.0,86.0,78.0,109.0,113.0,111.0,101.0,94.0,95.0,101.0,95.0,92.0,96.0,103.0,113.0,91.0
15,83.0,61.0,111.0,70.0,120.0,106.0,112.0,187.0,217.0,461.0,401.0,199.0,181.0,153.0,144.0,115.0,118.0,147.0,424.0,121.0,109.0,114.0,250.0,253.0
16,187.0,167.0,247.0,227.0,290.0,253.0,167.0,322.0,357.0,,,,,,,,,,,142.0,95.0,107.0,170.0,233.0
17,217.0,277.0,300.0,304.0,283.0,332.0,332.0,322.0,311.0,267.0,237.0,,187.0,160.0,130.0,140.0,140.0,137.0,121.0,137.0,217.0,197.0,155.0,75.0
18,75.0,67.0,98.0,30.0,38.0,51.0,44.0,50.0,67.0,92.0,104.0,83.0,75.0,81.0,102.0,103.0,98.0,92.0,90.0,95.0,94.0,101.0,101.0,120.0
19,96.0,97.0,80.0,80.0,117.0,82.0,65.0,87.0,82.0,88.0,82.0,92.0,80.0,73.0,70.0,77.0,73.0,65.0,57.0,85.0,106.0,102.0,101.0,90.0
20,100.0,90.0,47.0,16.0,28.0,28.0,22.0,43.0,42.0,42.0,55.0,45.0,30.0,70.0,88.0,160.0,167.0,150.0,133.0,137.0,145.0,243.0,167.0,95.0
21,103.0,107.0,108.0,43.0,108.0,103.0,129.0,117.0,62.0,101.0,40.0,102.0,47.0,42.0,118.0,111.0,83.0,95.0,98.0,112.0,113.0,111.0,88.0,98.0
22,124.0,105.0,82.0,105.0,23.0,116.0,90.0,114.0,46.0,104.0,50.0,95.0,119.0,100.0,94.0,119.0,111.0,123.0,139.0,118.0,157.0,185.0,150.0,192.0
23,193.0,187.0,170.0,150.0,130.0,180.0,500.0,500.0,500.0,500.0,500.0,500.0,500.0,493.0,485.0,476.0,474.0,449.0,335.0,330.0,200.0,133.0,153.0,170.0
24,157.0,140.0,130.0,113.0,122.0,157.0,133.0,243.0,203.0,217.0,277.0,183.0,160.0,118.0,109.0,129.0,127.0,,,,,,,
25,,,,,,,,,,,,,,163.0,109.0,107.0,91.0,,,,,,,
26,,,,,,,,,,,,149.0,92.0,133.0,101.0,,,,,,104.0,147.0,199.0,287.0
27,410.0,348.0,240.0,191.0,155.0,149.0,114.0,112.0,120.0,140.0,127.0,,,121.0,123.0,111.0,143.0,,,,140.0,230.0,243.0,240.0
28,213.0,147.0,129.0,108.0,111.0,,,,,,,,,97.0,64.0,68.0,80.0,103.0,94.0,103.0,100.0,109.0,109.0,105.0
29,111.0,100.0,92.0,53.0,52.0,47.0,39.0,57.0,51.0,86.0,85.0,,97.0,109.0,,109.0,107.0,137.0,141.0,116.0,105.0,99.0,102.0,103.0
30,139.0,84.0,101.0,36.0,149.0,173.0,96.0,68.0,92.0,,,,,,79.0,96.0,109.0,105.0,105.0,421.0,108.0,105.0,114.0,101.0
31,98.0,103.0,183.0,177.0,153.0,120.0,147.0,217.0,240.0,277.0,153.0,200.0,147.0,113.0,102.0,123.0,130.0,147.0,143.0,147.0,163.0,210.0,303.0,301.0
"
"
June-2021,00:00:00,01:00:00,02:00:00,03:00:00,04:00:00,05:00:00,06:00:00,07:00:00,08:00:00,09:00:00,10:00:00,11:00:00,12:00:00,13:00:00,14:00:00,15:00:00,16:00:00,17:00:00,18:00:00,19:00:00,20:00:00,21:00:00,22:00:00,23:00:00
1,267.0,297.0,500.0,403.0,320.0,79.0,38.0,45.0,119.0,62.0,50.0,90.0,103.0,108.0,104.0,137.0,108.0,133.0,127.0,120.0,118.0,177.0,160.0,280.0
2,300.0,273.0,217.0,197.0,210.0,277.0,313.0,301.0,213.0,127.0,193.0,200.0,140.0,157.0,,,131.0,163.0,119.0,111.0,119.0,120.0,107.0,101.0
3,157.0,133.0,153.0,187.0,210.0,247.0,308.0,330.0,334.0,362.0,325.0,207.0,167.0,147.0,120.0,308.0,267.0,267.0,,,,,,
4,,,,,,,,,,,,,100.0,82.0,190.0,183.0,160.0,240.0,170.0,,,,,
5,,,,,,,,,,,,,,88.0,179.0,129.0,126.0,129.0,144.0,205.0,135.0,145.0,123.0,138.0
6,,,,,,,,,,,,,,73.0,230.0,203.0,167.0,150.0,143.0,137.0,159.0,238.0,219.0,263.0
7,230.0,197.0,101.0,105.0,142.0,159.0,181.0,193.0,270.0,317.0,308.0,250.0,,207.0,167.0,167.0,160.0,134.0,133.0,147.0,183.0,237.0,313.0,325.0
8,314.0,267.0,270.0,220.0,187.0,190.0,233.0,263.0,261.0,223.0,,,,,,,,,,,,,500.0,500.0
9,500.0,491.0,422.0,346.0,169.0,134.0,125.0,150.0,187.0,187.0,340.0,270.0,302.0,293.0,322.0,295.0,375.0,312.0,280.0,297.0,370.0,319.0,349.0,500.0
10,401.0,356.0,327.0,263.0,167.0,173.0,147.0,115.0,112.0,113.0,123.0,157.0,,,197.0,227.0,240.0,293.0,283.0,227.0,174.0,166.0,115.0,105.0
11,,,,,,,,,,,,,,215.0,232.0,203.0,273.0,300.0,307.0,267.0,270.0,253.0,270.0,107.0
12,193.0,105.0,95.0,73.0,72.0,155.0,113.0,96.0,102.0,147.0,131.0,123.0,157.0,137.0,126.0,120.0,144.0,158.0,119.0,,,42.0,166.0,155.0
13,101.0,114.0,167.0,105.0,62.0,62.0,45.0,82.0,52.0,78.0,72.0,101.0,120.0,64.0,75.0,121.0,107.0,123.0,121.0,78.0,82.0,153.0,143.0,197.0
14,197.0,223.0,260.0,223.0,70.0,45.0,98.0,89.0,,74.0,74.0,,103.0,113.0,107.0,102.0,137.0,177.0,140.0,153.0,210.0,177.0,137.0,111.0
15,115.0,104.0,96.0,87.0,56.0,53.0,45.0,60.0,92.0,57.0,101.0,104.0,116.0,119.0,135.0,150.0,180.0,253.0,237.0,300.0,233.0,160.0,146.0,135.0
16,102.0,72.0,82.0,68.0,62.0,59.0,91.0,84.0,111.0,112.0,107.0,115.0,105.0,96.0,103.0,100.0,111.0,97.0,50.0,102.0,130.0,143.0,101.0,107.0
17,101.0,107.0,94.0,94.0,79.0,78.0,75.0,98.0,102.0,113.0,147.0,217.0,213.0,98.0,123.0,235.0,123.0,,,,,,,
18,,,,,,,,,,,,,,,,,,,,,,85.0,27.0,55.0
19,57.0,65.0,88.0,53.0,95.0,105.0,117.0,318.0,230.0,78.0,82.0,82.0,100.0,,,,,,100.0,88.0,92.0,88.0,103.0,106.0
20,92.0,88.0,100.0,55.0,110.0,112.0,118.0,114.0,,,,,,,,,,,,,,,,
21,,,,,,,,,,,,,170.0,123.0,100.0,108.0,101.0,103.0,95.0,97.0,108.0,115.0,223.0,111.0
22,107.0,79.0,100.0,98.0,94.0,100.0,105.0,146.0,152.0,167.0,167.0,153.0,145.0,150.0,,50.0,180.0,146.0,151.0,130.0,157.0,171.0,181.0,243.0
23,267.0,195.0,213.0,197.0,207.0,237.0,230.0,200.0,314.0,341.0,421.0,414.0,222.0,178.0,153.0,156.0,152.0,153.0,152.0,142.0,181.0,237.0,267.0,197.0
24,146.0,150.0,95.0,78.0,87.0,73.0,68.0,67.0,97.0,203.0,153.0,147.0,150.0,,160.0,183.0,,,102.0,78.0,177.0,137.0,126.0,157.0
25,133.0,124.0,112.0,107.0,127.0,305.0,304.0,240.0,315.0,302.0,302.0,315.0,244.0,312.0,197.0,193.0,213.0,230.0,203.0,260.0,328.0,190.0,129.0,143.0
26,96.0,100.0,101.0,90.0,129.0,177.0,152.0,,127.0,126.0,187.0,201.0,,212.0,192.0,170.0,217.0,,182.0,225.0,158.0,186.0,253.0,
27,314.0,323.0,312.0,312.0,270.0,182.0,140.0,163.0,193.0,210.0,220.0,240.0,306.0,301.0,297.0,302.0,263.0,260.0,247.0,233.0,240.0,240.0,290.0,273.0
28,227.0,197.0,170.0,233.0,190.0,127.0,170.0,140.0,147.0,120.0,133.0,200.0,237.0,233.0,223.0,203.0,197.0,200.0,230.0,223.0,290.0,301.0,311.0,321.0
29,348.0,326.0,307.0,263.0,,305.0,307.0,309.0,311.0,315.0,325.0,297.0,270.0,280.0,310.0,283.0,233.0,257.0,227.0,240.0,312.0,297.0,260.0,306.0
30,280.0,307.0,260.0,250.0,277.0,304.0,318.0,257.0,180.0,227.0,314.0,447.0,435.0,325.0,243.0,301.0,405.0,454.0,500.0,495.0,455.0,419.0,417.0,405.0
"
"
July-2021,00:00:00,01:00:00,02:00:00,03:00:00,04:00:00,05:00:00,06:00:00,07:00:00,08:00:00,09:00:00,10:00:00,11:00:00,12:00:00,13:00:00,14:00:00,15:00:00,16:00:00,17:00:00,18:00:00,19:00:00,20:00:00,21:00:00,22:00:00,23:00:00
1,411.0,319.0,217.0,131.0,131.0,120.0,162.0,191.0,217.0,342.0,414.0,405.0,407.0,,,100.0,232.0,197.0,211.0,211.0,209.0,283.0,224.0,226.0
2,312.0,244.0,366.0,326.0,289.0,228.0,141.0,199.0,222.0,298.0,401.0,405.0,409.0,416.0,421.0,407.0,403.0,328.0,348.0,500.0,101.0,112.0,105.0,153.0
3,217.0,120.0,116.0,100.0,94.0,79.0,101.0,115.0,170.0,162.0,150.0,189.0,192.0,192.0,183.0,429.0,302.0,283.0,297.0,362.0,101.0,131.0,123.0,120.0
4,247.0,300.0,160.0,217.0,140.0,137.0,290.0,240.0,277.0,247.0,315.0,345.0,357.0,321.0,327.0,297.0,305.0,312.0,308.0,267.0,305.0,220.0,293.0,409.0
5,311.0,203.0,75.0,143.0,131.0,137.0,220.0,310.0,321.0,315.0,260.0,253.0,237.0,302.0,270.0,301.0,257.0,260.0,263.0,302.0,303.0,310.0,350.0,263.0
6,257.0,213.0,163.0,134.0,129.0,119.0,135.0,172.0,187.0,200.0,237.0,217.0,283.0,240.0,250.0,203.0,230.0,233.0,230.0,253.0,287.0,247.0,302.0,227.0
7,220.0,227.0,193.0,187.0,207.0,210.0,265.0,368.0,319.0,223.0,233.0,270.0,247.0,200.0,210.0,179.0,180.0,183.0,179.0,179.0,177.0,190.0,243.0,233.0
8,207.0,166.0,167.0,203.0,131.0,129.0,137.0,237.0,255.0,381.0,349.0,302.0,251.0,310.0,253.0,247.0,203.0,240.0,233.0,200.0,197.0,235.0,325.0,391.0
9,407.0,104.0,80.0,118.0,83.0,85.0,82.0,95.0,88.0,109.0,122.0,119.0,127.0,118.0,130.0,143.0,120.0,134.0,125.0,,,163.0,131.0,123.0
10,129.0,102.0,80.0,101.0,111.0,,,,,,100.0,107.0,135.0,149.0,213.0,90.0,140.0,98.0,153.0,,,187.0,112.0,126.0
11,119.0,86.0,75.0,90.0,90.0,95.0,95.0,92.0,101.0,101.0,100.0,116.0,293.0,163.0,200.0,109.0,155.0,166.0,152.0,148.0,137.0,120.0,107.0,92.0
12,90.0,72.0,78.0,80.0,78.0,72.0,72.0,,85.0,,,153.0,145.0,161.0,171.0,117.0,159.0,171.0,148.0,,,,,
13,,,,,,,,,,,416.0,61.0,500.0,352.0,461.0,213.0,68.0,348.0,,152.0,188.0,251.0,197.0,159.0
14,125.0,131.0,108.0,103.0,105.0,120.0,118.0,140.0,107.0,122.0,112.0,114.0,131.0,167.0,76.0,68.0,40.0,186.0,130.0,112.0,101.0,89.0,111.0,115.0
15,133.0,140.0,163.0,103.0,85.0,150.0,293.0,95.0,101.0,85.0,165.0,280.0,,160.0,217.0,88.0,151.0,143.0,169.0,159.0,158.0,153.0,145.0,150.0
16,193.0,129.0,89.0,102.0,119.0,129.0,137.0,164.0,187.0,108.0,92.0,130.0,115.0,115.0,122.0,115.0,108.0,115.0,127.0,101.0,124.0,137.0,183.0,187.0
17,130.0,85.0,129.0,257.0,99.0,137.0,96.0,70.0,102.0,96.0,230.0,181.0,205.0,190.0,127.0,102.0,141.0,171.0,243.0,247.0,207.0,250.0,157.0,131.0
18,111.0,134.0,111.0,101.0,116.0,108.0,111.0,95.0,90.0,102.0,167.0,141.0,133.0,146.0,123.0,98.0,157.0,133.0,182.0,169.0,134.0,90.0,100.0,82.0
19,70.0,105.0,85.0,85.0,104.0,82.0,80.0,24.0,90.0,102.0,98.0,102.0,108.0,106.0,78.0,72.0,104.0,100.0,102.0,101.0,109.0,108.0,106.0,95.0
20,,95.0,80.0,127.0,103.0,113.0,101.0,104.0,95.0,217.0,207.0,257.0,104.0,104.0,95.0,95.0,109.0,219.0,129.0,104.0,80.0,102.0,104.0,104.0
21,105.0,109.0,103.0,110.0,168.0,101.0,111.0,114.0,110.0,112.0,163.0,140.0,115.0,137.0,123.0,148.0,183.0,297.0,247.0,159.0,212.0,191.0,157.0,92.0
22,90.0,75.0,111.0,115.0,93.0,72.0,75.0,198.0,160.0,83.0,138.0,173.0,139.0,149.0,142.0,72.0,133.0,152.0,182.0,168.0,104.0,90.0,92.0,95.0
23,90.0,101.0,80.0,96.0,90.0,98.0,100.0,92.0,85.0,90.0,92.0,124.0,108.0,85.0,270.0,120.0,96.0,82.0,119.0,75.0,130.0,152.0,135.0,127.0
24,121.0,103.0,88.0,144.0,307.0,193.0,153.0,,,,109.0,101.0,39.0,95.0,140.0,137.0,112.0,101.0,100.0,137.0,328.0,175.0,147.0,170.0
25,171.0,241.0,184.0,187.0,135.0,200.0,237.0,120.0,113.0,95.0,78.0,88.0,90.0,80.0,74.0,78.0,92.0,84.0,86.0,90.0,107.0,123.0,124.0,144.0
26,109.0,97.0,73.0,60.0,86.0,79.0,69.0,74.0,94.0,97.0,104.0,146.0,104.0,105.0,156.0,174.0,193.0,170.0,131.0,129.0,131.0,160.0,127.0,
27,,,,,,,,,,101.0,105.0,109.0,109.0,115.0,95.0,102.0,103.0,104.0,107.0,105.0,109.0,119.0,119.0,114.0
28,107.0,90.0,101.0,102.0,105.0,105.0,105.0,105.0,104.0,102.0,111.0,118.0,108.0,102.0,112.0,100.0,106.0,105.0,104.0,108.0,112.0,112.0,112.0,108.0
29,103.0,95.0,98.0,100.0,92.0,92.0,106.0,106.0,106.0,102.0,106.0,104.0,115.0,137.0,131.0,150.0,163.0,222.0,148.0,90.0,104.0,105.0,120.0,102.0
30,92.0,75.0,173.0,110.0,90.0,107.0,100.0,100.0,102.0,113.0,101.0,95.0,197.0,121.0,133.0,85.0,73.0,108.0,102.0,109.0,,,,
31,,,,,,,,,,,,,,,,,,,,,,,,
"
"
August-2021,00:00:00,01:00:00,02:00:00,03:00:00,04:00:00,05:00:00,06:00:00,07:00:00,08:00:00,09:00:00,10:00:00,11:00:00,12:00:00,13:00:00,14:00:00,15:00:00,16:00:00,17:00:00,18:00:00,19:00:00,20:00:00,21:00:00,22:00:00,23:00:00
1,,44.0,,,,,,,,,,,,,,,,,,,,,,
2,,,,,,,,,,,,,,,,,152.0,122.0,166.0,199.0,202.0,153.0,164.0,147.0
3,168.0,157.0,133.0,115.0,109.0,98.0,126.0,179.0,175.0,133.0,127.0,108.0,141.0,173.0,111.0,105.0,191.0,155.0,120.0,133.0,131.0,114.0,111.0,129.0
4,115.0,267.0,133.0,115.0,109.0,109.0,106.0,109.0,70.0,68.0,84.0,81.0,107.0,101.0,120.0,102.0,98.0,102.0,101.0,94.0,109.0,123.0,123.0,217.0
5,200.0,161.0,223.0,200.0,130.0,127.0,112.0,104.0,99.0,89.0,89.0,111.0,101.0,114.0,133.0,121.0,161.0,138.0,127.0,160.0,175.0,187.0,174.0,145.0
6,137.0,135.0,109.0,280.0,163.0,147.0,183.0,237.0,157.0,293.0,243.0,143.0,209.0,157.0,148.0,135.0,145.0,122.0,174.0,142.0,129.0,118.0,127.0,123.0
7,150.0,137.0,133.0,173.0,138.0,167.0,101.0,206.0,177.0,115.0,115.0,98.0,102.0,126.0,73.0,102.0,105.0,123.0,115.0,131.0,,,,212.0
8,307.0,200.0,223.0,227.0,126.0,140.0,120.0,89.0,91.0,106.0,114.0,170.0,137.0,111.0,108.0,116.0,124.0,122.0,118.0,121.0,137.0,140.0,137.0,129.0
9,102.0,117.0,133.0,98.0,106.0,107.0,109.0,113.0,127.0,119.0,123.0,143.0,123.0,180.0,170.0,167.0,146.0,133.0,129.0,133.0,113.0,123.0,117.0,135.0
10,109.0,112.0,147.0,119.0,122.0,170.0,197.0,328.0,390.0,217.0,409.0,256.0,278.0,321.0,348.0,339.0,283.0,326.0,318.0,378.0,354.0,371.0,318.0,318.0
11,321.0,361.0,182.0,155.0,137.0,133.0,159.0,335.0,396.0,267.0,361.0,284.0,334.0,271.0,259.0,221.0,249.0,248.0,315.0,265.0,334.0,378.0,407.0,354.0
12,391.0,240.0,139.0,131.0,105.0,131.0,140.0,273.0,290.0,271.0,402.0,299.0,267.0,235.0,241.0,328.0,207.0,232.0,249.0,266.0,272.0,246.0,325.0,278.0
13,418.0,341.0,160.0,144.0,112.0,125.0,137.0,201.0,234.0,283.0,295.0,266.0,249.0,230.0,199.0,183.0,186.0,202.0,243.0,294.0,255.0,283.0,329.0,411.0
14,319.0,224.0,160.0,137.0,124.0,109.0,127.0,153.0,350.0,211.0,362.0,266.0,207.0,207.0,207.0,240.0,199.0,240.0,257.0,265.0,257.0,224.0,268.0,406.0
15,218.0,179.0,157.0,138.0,102.0,100.0,114.0,193.0,200.0,228.0,281.0,199.0,238.0,183.0,169.0,181.0,178.0,178.0,199.0,211.0,215.0,213.0,255.0,301.0
16,290.0,273.0,234.0,187.0,195.0,177.0,151.0,221.0,221.0,239.0,259.0,246.0,172.0,205.0,200.0,206.0,229.0,249.0,237.0,243.0,246.0,241.0,240.0,403.0
17,411.0,273.0,223.0,203.0,273.0,330.0,313.0,420.0,418.0,409.0,331.0,411.0,293.0,305.0,251.0,270.0,244.0,290.0,271.0,298.0,265.0,249.0,260.0,240.0
18,290.0,223.0,207.0,200.0,273.0,227.0,227.0,402.0,418.0,381.0,297.0,293.0,314.0,329.0,263.0,283.0,319.0,233.0,283.0,224.0,217.0,260.0,263.0,303.0
19,316.0,273.0,230.0,257.0,306.0,328.0,328.0,312.0,308.0,341.0,332.0,320.0,321.0,319.0,250.0,253.0,227.0,302.0,300.0,297.0,270.0,270.0,,
20,,,,,,,,93.0,96.0,75.0,80.0,96.0,400.0,163.0,108.0,86.0,83.0,67.0,60.0,95.0,75.0,112.0,105.0,101.0
21,91.0,102.0,58.0,48.0,48.0,46.0,75.0,55.0,47.0,45.0,58.0,70.0,78.0,65.0,65.0,67.0,57.0,83.0,75.0,90.0,87.0,83.0,88.0,83.0
22,72.0,75.0,30.0,45.0,70.0,,,,,,,,,,,,,,,,,,,
23,,,,,,,,,,,,,,,,,,32.0,183.0,141.0,197.0,199.0,244.0,404.0
24,283.0,248.0,271.0,273.0,172.0,179.0,137.0,192.0,263.0,302.0,273.0,243.0,207.0,274.0,195.0,223.0,189.0,219.0,274.0,356.0,339.0,115.0,274.0,174.0
25,170.0,147.0,153.0,122.0,137.0,160.0,168.0,285.0,391.0,281.0,308.0,285.0,252.0,222.0,195.0,199.0,204.0,276.0,246.0,218.0,276.0,344.0,339.0,414.0
26,335.0,193.0,122.0,127.0,156.0,129.0,145.0,226.0,328.0,262.0,321.0,279.0,237.0,222.0,265.0,226.0,211.0,289.0,217.0,292.0,336.0,207.0,376.0,306.0
27,305.0,202.0,206.0,187.0,183.0,210.0,221.0,411.0,65.0,391.0,88.0,100.0,304.0,287.0,316.0,447.0,358.0,305.0,173.0,167.0,422.0,406.0,282.0,196.0
28,178.0,119.0,142.0,137.0,137.0,181.0,182.0,233.0,421.0,134.0,171.0,240.0,325.0,293.0,319.0,181.0,180.0,196.0,315.0,141.0,204.0,146.0,129.0,119.0
29,135.0,137.0,167.0,112.0,140.0,109.0,143.0,207.0,97.0,105.0,180.0,203.0,207.0,45.0,301.0,190.0,235.0,207.0,206.0,283.0,171.0,155.0,116.0,115.0
30,199.0,195.0,139.0,47.0,42.0,52.0,85.0,109.0,112.0,73.0,131.0,266.0,159.0,180.0,,,,,,,,,,
31,,,,,,,,177.0,126.0,48.0,94.0,104.0,57.0,36.0,130.0,114.0,172.0,104.0,66.0,67.0,,,83.0,88.0
"
"
September-2021,00:00:00,01:00:00,02:00:00,03:00:00,04:00:00,05:00:00,06:00:00,07:00:00,08:00:00,09:00:00,10:00:00,11:00:00,12:00:00,13:00:00,14:00:00,15:00:00,16:00:00,17:00:00,18:00:00,19:00:00,20:00:00,21:00:00,22:00:00,23:00:00
1,74,94.0,69.0,63.0,86.0,85.0,88.0,96.0,78,53.0,44.0,47.0,42.0,28,53.0,42.0,45.0,61.0,,54.0,84.0,130.0,101,147
2,82,85.0,103.0,83.0,123.0,90.0,58.0,67.0,75,61.0,70.0,80.0,71.0,86,78.0,54.0,352.0,114.0,66.0,102.0,157.0,122.0,137,190
3,133,126.0,127.0,230.0,110.0,52.0,123.0,47.0,134,147.0,87.0,133.0,110.0,85,78.0,52.0,56.0,80.0,90.0,104.0,189.0,98.0,102,106
4,190,113.0,100.0,163.0,312.0,90.0,60.0,75.0,80,70.0,68.0,58.0,310.0,95,82.0,115.0,160.0,166.0,111.0,223.0,330.0,316.0,270,204
5,159,163.0,133.0,170.0,167.0,153.0,92.0,90.0,90,80.0,75.0,82.0,102.0,130,119.0,124.0,197.0,181.0,285.0,318.0,349.0,325.0,412,402
6,391,325.0,247.0,318.0,259.0,277.0,308.0,190.0,342,243.0,220.0,80.0,80.0,111,127.0,141.0,180.0,258.0,152.0,,155.0,184.0,382,202
7,145,107.0,107.0,173.0,112.0,87.0,146.0,80.0,78,109.0,,,,101,,100.0,119.0,,,,172.0,127.0,111,137
8,141,121.0,70.0,77.0,101.0,106.0,,80.0,75,63.0,101.0,142.0,95.0,114,35.0,48.0,67.0,,,,102.0,121.0,54,57
9,80,80.0,65.0,85.0,78.0,65.0,103.0,60.0,100,92.0,101.0,125.0,105.0,121,55.0,90.0,85.0,88.0,131.0,137.0,104.0,101.0,92,111
10,95,79.0,101.0,111.0,104.0,100.0,128.0,40.0,107,95.0,111.0,160.0,107.0,157,40.0,38.0,68.0,89.0,126.0,170.0,117.0,109.0,111,111
11,116,85.0,62.0,81.0,113.0,121.0,111.0,65.0,68,,,,7.0,16,109.0,42.0,44.0,10.0,98.0,100.0,,,103,88
12,95,70.0,106.0,95.0,119.0,119.0,90.0,31.0,115,,,110.0,86.0,129,40.0,30.0,79.0,73.0,141.0,130.0,124.0,100.0,65,127
13,143,203.0,300.0,260.0,237.0,123.0,127.0,129.0,125,141.0,187.0,240.0,130.0,121,77.0,89.0,53.0,66.0,78.0,111.0,108.0,123.0,131,122
14,119,114.0,108.0,85.0,105.0,127.0,102.0,108.0,94,100.0,135.0,181.0,143.0,116,130.0,99.0,120.0,155.0,155.0,155.0,194.0,330.0,190,109
15,177,140.0,97.0,88.0,106.0,104.0,105.0,95.0,111,110.0,112.0,137.0,89.0,80,92.0,100.0,102.0,117.0,207.0,204.0,133.0,169.0,230,179
16,285,229.0,153.0,170.0,157.0,141.0,252.0,157.0,273,109.0,106.0,109.0,111.0,27,57.0,106.0,105.0,106.0,105.0,143.0,222.0,114.0,103,105
17,102,85.0,104.0,70.0,106.0,133.0,105.0,174.0,116,114.0,111.0,110.0,118.0,119,105.0,102.0,103.0,109.0,163.0,134.0,160.0,156.0,108,141
18,168,105.0,88.0,81.0,101.0,183.0,107.0,65.0,107,114.0,108.0,130.0,90.0,80,88.0,80.0,90.0,114.0,101.0,141.0,131.0,131.0,104,130
19,113,92.0,101.0,163.0,160.0,153.0,140.0,80.0,104,104.0,106.0,111.0,118.0,114,43.0,40.0,101.0,85.0,101.0,114.0,97.0,105.0,98,95
20,101,102.0,86.0,100.0,123.0,100.0,107.0,238.0,217,104.0,129.0,134.0,107.0,109,108.0,107.0,108.0,111.0,111.0,115.0,107.0,108.0,108,116
21,112,114.0,105.0,127.0,127.0,143.0,113.0,101.0,110,110.0,133.0,135.0,108.0,108,105.0,101.0,80.0,78.0,116.0,129.0,130.0,109.0,105,90
22,84,85.0,104.0,99.0,109.0,213.0,117.0,80.0,107,106.0,109.0,109.0,107.0,108,101.0,108.0,108.0,119.0,248.0,170.0,115.0,106.0,92,95
23,92,80.0,98.0,72.0,113.0,109.0,115.0,70.0,104,103.0,109.0,133.0,112.0,111,98.0,80.0,126.0,123.0,100.0,108.0,150.0,270.0,78,95
24,90,90.0,75.0,91.0,120.0,102.0,108.0,85.0,108,109.0,114.0,126.0,113.0,114,62.0,60.0,100.0,105.0,88.0,101.0,112.0,55.0,50,108
25,101,109.0,70.0,105.0,129.0,102.0,122.0,60.0,109,104.0,115.0,133.0,124.0,115,68.0,60.0,90.0,96.0,126.0,,108.0,114.0,139,100
26,88,100.0,100.0,107.0,109.0,111.0,122.0,104.0,106,110.0,127.0,108.0,110.0,112,,,,100.0,153.0,130.0,118.0,137.0,197,115
27,127,,,,,,,,114,96.0,152.0,145.0,177.0,164,166.0,130.0,116.0,137.0,194.0,207.0,340.0,288.0,157,247
28,210,171.0,133.0,150.0,109.0,263.0,170.0,141.0,123,122.0,153.0,,,111,122.0,109.0,78.0,75.0,127.0,130.0,140.0,131.0,115,118
29,111,102.0,111.0,109.0,128.0,129.0,57.0,114.0,130,108.0,115.0,124.0,121.0,102,114.0,82.0,75.0,88.0,114.0,,,,106,114
30,107,116.0,40.0,109.0,70.0,122.0,121.0,41.0,75,99.0,113.0,137.0,116.0,130,116.0,101.0,92.0,116.0,123.0,394.0,152.0,237.0,243,167
"
"
October-2021,00:00:00,01:00:00,02:00:00,03:00:00,04:00:00,05:00:00,06:00:00,07:00:00,08:00:00,09:00:00,10:00:00,11:00:00,12:00:00,13:00:00,14:00:00,15:00:00,16:00:00,17:00:00,18:00:00,19:00:00,20:00:00,21:00:00,22:00:00,23:00:00
1,205,177.0,169.0,192.0,193.0,170.0,122.0,142.0,198.0,237.0,312.0,303.0,270.0,181.0,,80.0,144.0,206.0,236.0,192.0,160,140.0,126.0,408
2,126,381.0,230.0,245.0,186.0,171.0,149.0,169.0,328.0,175.0,227.0,246.0,315.0,289.0,272.0,77.0,99.0,97.0,110.0,403.0,302,248.0,209.0,410
3,308,334.0,168.0,186.0,50.0,227.0,218.0,306.0,401.0,207.0,410.0,298.0,201.0,382.0,218.0,342.0,229.0,201.0,299.0,296.0,274,402.0,177.0,220
4,183,328.0,233.0,195.0,157.0,173.0,175.0,315.0,401.0,224.0,312.0,356.0,226.0,83.0,107.0,82.0,100.0,90.0,101.0,127.0,110,405.0,264.0,289
5,234,199.0,200.0,,320.0,66.0,60.0,85.0,95.0,105.0,145.0,203.0,139.0,91.0,178.0,279.0,360.0,348.0,301.0,210.0,189,282.0,199.0,218
6,196,179.0,,,,,,179.0,62.0,290.0,318.0,296.0,204.0,120.0,226.0,315.0,127.0,278.0,350.0,374.0,326,,,320
7,279,200.0,175.0,197.0,190.0,165.0,161.0,232.0,300.0,403.0,408.0,403.0,325.0,340.0,229.0,401.0,374.0,287.0,384.0,408.0,349,336.0,284.0,294
8,282,322.0,185.0,250.0,216.0,199.0,292.0,243.0,394.0,282.0,220.0,356.0,251.0,263.0,209.0,200.0,233.0,237.0,374.0,252.0,279,355.0,406.0,277
9,267,305.0,328.0,407.0,305.0,207.0,256.0,240.0,352.0,216.0,193.0,298.0,281.0,248.0,199.0,206.0,211.0,191.0,263.0,267.0,260,407.0,382.0,322
10,411,395.0,395.0,334.0,243.0,243.0,229.0,197.0,263.0,301.0,404.0,342.0,245.0,217.0,217.0,193.0,221.0,182.0,249.0,314.0,255,121.0,135.0,277
11,333,340.0,345.0,422.0,325.0,228.0,295.0,320.0,364.0,401.0,388.0,260.0,254.0,232.0,127.0,149.0,155.0,190.0,406.0,268.0,261,239.0,238.0,167
12,193,312.0,250.0,348.0,267.0,290.0,248.0,262.0,410.0,384.0,399.0,401.0,237.0,196.0,156.0,183.0,186.0,219.0,218.0,237.0,273,342.0,252.0,240
13,230,262.0,206.0,270.0,233.0,237.0,210.0,263.0,259.0,293.0,389.0,303.0,321.0,284.0,309.0,212.0,267.0,281.0,385.0,344.0,401,354.0,241.0,272
14,248,213.0,248.0,318.0,233.0,183.0,186.0,261.0,418.0,376.0,263.0,415.0,355.0,371.0,284.0,248.0,244.0,332.0,349.0,408.0,213,257.0,160.0,293
15,414,253.0,396.0,376.0,260.0,226.0,254.0,237.0,302.0,302.0,308.0,400.0,340.0,305.0,265.0,289.0,402.0,385.0,273.0,305.0,237,293.0,300.0,323
16,370,372.0,332.0,422.0,319.0,355.0,411.0,421.0,405.0,398.0,408.0,420.0,405.0,358.0,280.0,328.0,332.0,332.0,399.0,394.0,399,378.0,413.0,422
17,468,444.0,451.0,478.0,500.0,358.0,362.0,325.0,329.0,210.0,217.0,273.0,167.0,88.0,70.0,81.0,97.0,72.0,92.0,70.0,68,80.0,70.0,100
18,72,75.0,60.0,91.0,140.0,55.0,60.0,62.0,65.0,62.0,91.0,78.0,75.0,85.0,62.0,65.0,,,,95.0,85,77.0,85.0,95
19,104,97.0,70.0,123.0,109.0,120.0,85.0,80.0,92.0,80.0,143.0,123.0,126.0,142.0,96.0,133.0,188.0,239.0,260.0,267.0,406,412.0,404.0,380
20,395,335.0,334.0,336.0,341.0,79.0,101.0,272.0,241.0,297.0,342.0,414.0,403.0,364.0,270.0,84.0,287.0,370.0,223.0,217.0,311,322.0,328.0,344
21,322,334.0,319.0,418.0,405.0,304.0,349.0,,,,,416.0,396.0,394.0,402.0,356.0,290.0,263.0,314.0,161.0,180,293.0,260.0,303
22,309,314.0,309.0,11.0,237.0,273.0,80.0,85.0,368.0,189.0,100.0,304.0,210.0,183.0,157.0,165.0,163.0,181.0,350.0,169.0,273,419.0,287.0,304
23,309,327.0,122.0,4.0,102.0,402.0,404.0,290.0,317.0,267.0,348.0,272.0,,151.0,53.0,113.0,112.0,127.0,153.0,157.0,175,192.0,175.0,193
24,178,,,,,,,,,,,,,,,,125.0,91.0,149.0,111.0,348,101.0,72.0,75
25,65,58.0,55.0,94.0,68.0,62.0,177.0,45.0,85.0,227.0,109.0,123.0,93.0,161.0,115.0,140.0,173.0,175.0,103.0,,256,140.0,401.0,274
26,311,326.0,227.0,205.0,130.0,123.0,153.0,320.0,350.0,251.0,301.0,234.0,189.0,159.0,140.0,170.0,183.0,222.0,389.0,152.0,213,140.0,341.0,250
27,314,414.0,285.0,311.0,307.0,320.0,318.0,322.0,332.0,416.0,323.0,414.0,355.0,300.0,229.0,229.0,227.0,222.0,361.0,403.0,418,297.0,313.0,318
28,388,405.0,332.0,384.0,335.0,335.0,335.0,322.0,321.0,356.0,345.0,412.0,391.0,382.0,249.0,206.0,219.0,211.0,412.0,424.0,376,305.0,323.0,334
29,405,399.0,315.0,407.0,337.0,351.0,366.0,365.0,386.0,378.0,402.0,399.0,380.0,316.0,164.0,127.0,162.0,189.0,311.0,404.0,414,417.0,322.0,337
30,344,333.0,401.0,406.0,325.0,322.0,344.0,354.0,407.0,343.0,348.0,330.0,270.0,250.0,155.0,153.0,157.0,173.0,279.0,407.0,200,290.0,404.0,318
31,347,368.0,420.0,420.0,400.0,368.0,343.0,417.0,390.0,322.0,409.0,410.0,329.0,368.0,295.0,250.0,265.0,229.0,336.0,416.0,410,424.0,427.0,472
"
"
November-2021,00:00:00,01:00:00,02:00:00,03:00:00,04:00:00,05:00:00,06:00:00,07:00:00,08:00:00,09:00:00,10:00:00,11:00:00,12:00:00,13:00:00,14:00:00,15:00:00,16:00:00,17:00:00,18:00:00,19:00:00,20:00:00,21:00:00,22:00:00,23:00:00
1,446.0,455.0,375.0,444.0,410.0,374.0,325.0,326.0,380.0,459.0,408.0,300.0,241.0,287.0,250.0,187.0,160.0,167.0,304.0,326,281,260,227,263
2,257.0,280.0,270.0,309.0,315.0,308.0,260.0,210.0,303.0,330.0,389.0,420.0,267.0,207.0,253.0,248.0,217.0,170.0,243.0,252,273,293,237,310
3,330.0,468.0,418.0,464.0,327.0,314.0,312.0,310.0,328.0,328.0,339.0,318.0,273.0,280.0,312.0,,76.0,240.0,213.0,270,446,453,462,459
4,458.0,451.0,436.0,435.0,422.0,385.0,388.0,438.0,446.0,453.0,469.0,210.0,148.0,427.0,130.0,401.0,396.0,415.0,444.0,467,488,484,500,500
5,127.0,138.0,128.0,123.0,130.0,124.0,121.0,500.0,500.0,500.0,500.0,500.0,500.0,496.0,451.0,427.0,414.0,415.0,442.0,444,493,480,468,500
6,500.0,500.0,,,,,,,,,,451.0,173.0,466.0,359.0,378.0,388.0,380.0,406.0,441,488,500,500,500
7,500.0,497.0,499.0,500.0,500.0,497.0,481.0,446.0,457.0,441.0,469.0,436.0,443.0,402.0,348.0,302.0,307.0,213.0,341.0,445,453,479,449,500
8,500.0,490.0,446.0,461.0,464.0,500.0,493.0,500.0,,,,,,,159.0,348.0,338.0,389.0,346.0,470,449,446,468,440
9,500.0,449.0,444.0,484.0,500.0,500.0,500.0,454.0,462.0,484.0,500.0,500.0,454.0,424.0,383.0,378.0,359.0,333.0,305.0,428,434,500,499,500
10,500.0,500.0,500.0,500.0,425.0,390.0,384.0,398.0,478.0,458.0,451.0,500.0,500.0,481.0,432.0,374.0,399.0,394.0,456.0,484,464,422,451,500
11,500.0,500.0,474.0,442.0,436.0,439.0,431.0,434.0,459.0,459.0,500.0,493.0,480.0,476.0,457.0,482.0,449.0,453.0,484.0,500,500,500,500,500
12,500.0,500.0,500.0,500.0,500.0,500.0,500.0,500.0,500.0,500.0,175.0,500.0,500.0,500.0,493.0,426.0,413.0,369.0,438.0,498,500,500,500,500
13,500.0,472.0,450.0,453.0,454.0,446.0,,486.0,488.0,472.0,491.0,,,,411.0,361.0,234.0,239.0,355.0,488,500,465,473,500
14,500.0,500.0,453.0,433.0,434.0,418.0,369.0,398.0,381.0,396.0,400.0,402.0,422.0,406.0,303.0,194.0,197.0,267.0,430.0,435,470,500,500,473
15,466.0,453.0,424.0,410.0,345.0,342.0,342.0,388.0,352.0,391.0,396.0,137.0,430.0,151.0,407.0,360.0,356.0,407.0,430.0,474,477,478,465,452
16,446.0,458.0,449.0,451.0,462.0,477.0,462.0,466.0,432.0,423.0,441.0,441.0,428.0,416.0,341.0,381.0,350.0,334.0,358.0,410,470,474,475,500
17,491.0,461.0,457.0,500.0,463.0,456.0,436.0,432.0,447.0,438.0,426.0,500.0,443.0,362.0,203.0,109.0,187.0,167.0,284.0,340,421,420,443,500
18,455.0,455.0,449.0,422.0,395.0,388.0,430.0,465.0,490.0,,466.0,469.0,390.0,210.0,257.0,270.0,,,,212,429,438,416,461
19,500.0,490.0,470.0,441.0,425.0,424.0,440.0,426.0,448.0,459.0,462.0,466.0,429.0,401.0,313.0,326.0,324.0,482.0,488.0,345,426,424,433,418
20,440.0,426.0,426.0,388.0,374.0,376.0,384.0,375.0,402.0,425.0,430.0,420.0,403.0,381.0,327.0,332.0,329.0,358.0,429.0,470,500,494,500,494
21,480.0,479.0,462.0,471.0,457.0,401.0,418.0,411.0,424.0,500.0,454.0,401.0,312.0,300.0,168.0,196.0,233.0,226.0,388.0,428,455,414,428,500
22,,,,,,,,333.0,320.0,318.0,420.0,413.0,315.0,403.0,244.0,298.0,342.0,228.0,260.0,428,384,421,259,315
23,300.0,304.0,319.0,318.0,315.0,315.0,304.0,257.0,305.0,325.0,360.0,464.0,347.0,356.0,,,,,403.0,500,482,414,470,500
24,500.0,500.0,432.0,458.0,437.0,432.0,420.0,433.0,455.0,411.0,466.0,500.0,416.0,380.0,331.0,358.0,106.0,371.0,348.0,500,500,500,485,472
25,445.0,462.0,500.0,470.0,460.0,463.0,474.0,497.0,497.0,465.0,467.0,437.0,414.0,395.0,373.0,339.0,341.0,411.0,468.0,500,425,500,500,500
26,500.0,500.0,500.0,500.0,493.0,500.0,500.0,500.0,500.0,500.0,500.0,500.0,,423.0,358.0,392.0,382.0,365.0,413.0,500,500,500,490,500
27,500.0,500.0,500.0,500.0,500.0,500.0,500.0,500.0,500.0,500.0,495.0,460.0,378.0,394.0,351.0,358.0,342.0,337.0,341.0,362,407,408,437,413
28,422.0,485.0,485.0,481.0,468.0,462.0,466.0,478.0,480.0,468.0,486.0,454.0,434.0,405.0,365.0,348.0,,,432.0,495,447,478,500,500
29,500.0,492.0,498.0,500.0,500.0,500.0,500.0,500.0,485.0,467.0,487.0,472.0,431.0,362.0,325.0,277.0,220.0,239.0,348.0,431,475,446,500,500
30,500.0,449.0,360.0,356.0,348.0,348.0,347.0,343.0,342.0,337.0,360.0,457.0,360.0,407.0,366.0,317.0,301.0,270.0,421.0,463,476,449,494,500
"
"
December-2021,00:00:00,01:00:00,02:00:00,03:00:00,04:00:00,05:00:00,06:00:00,07:00:00,08:00:00,09:00:00,10:00:00,11:00:00,12:00:00,13:00:00,14:00:00,15:00:00,16:00:00,17:00:00,18:00:00,19:00:00,20:00:00,21:00:00,22:00:00,23:00:00
1,500.0,500.0,463.0,500.0,500.0,500.0,472.0,468.0,497.0,438.0,420.0,416.0,455,432.0,453.0,480.0,455.0,440.0,484.0,449.0,458.0,489.0,479.0,487.0
2,460.0,459.0,437.0,431.0,439.0,448.0,462.0,458.0,484.0,497.0,440.0,435.0,398,375.0,356.0,402.0,349.0,339.0,,379.0,353.0,353.0,368.0,352.0
3,338.0,325.0,336.0,357.0,360.0,378.0,392.0,415.0,425.0,415.0,436.0,428.0,427,424.0,410.0,409.0,401.0,390.0,364.0,456.0,495.0,467.0,461.0,429.0
4,472.0,490.0,475.0,481.0,495.0,456.0,440.0,401.0,407.0,429.0,461.0,432.0,433,,85.0,149.0,200.0,210.0,417.0,434.0,497.0,456.0,445.0,500.0
5,500.0,495.0,455.0,435.0,422.0,439.0,411.0,400.0,398.0,413.0,424.0,387.0,362,335.0,240.0,277.0,260.0,308.0,411.0,411.0,482.0,487.0,492.0,444.0
6,500.0,428.0,413.0,406.0,393.0,402.0,402.0,387.0,385.0,347.0,358.0,368.0,437,321.0,302.0,237.0,305.0,213.0,254.0,308.0,298.0,380.0,303.0,318.0
7,328.0,332.0,296.0,364.0,372.0,335.0,325.0,308.0,311.0,314.0,354.0,352.0,290,220.0,181.0,261.0,167.0,192.0,232.0,334.0,430.0,431.0,418.0,468.0
8,433.0,430.0,307.0,323.0,315.0,323.0,322.0,317.0,310.0,336.0,338.0,441.0,300,227.0,171.0,164.0,165.0,171.0,279.0,407.0,441.0,464.0,475.0,500.0
9,500.0,500.0,476.0,457.0,413.0,401.0,389.0,391.0,400.0,434.0,420.0,450.0,439,365.0,342.0,317.0,250.0,297.0,371.0,474.0,458.0,485.0,500.0,500.0
10,419.0,479.0,428.0,417.0,391.0,374.0,368.0,378.0,422.0,395.0,399.0,438.0,403,345.0,315.0,306.0,237.0,184.0,227.0,403.0,427.0,449.0,445.0,454.0
11,438.0,407.0,407.0,315.0,322.0,328.0,338.0,332.0,332.0,327.0,332.0,375.0,346,325.0,203.0,146.0,167.0,199.0,271.0,438.0,411.0,451.0,422.0,391.0
12,401.0,426.0,318.0,325.0,365.0,354.0,322.0,313.0,360.0,328.0,346.0,327.0,304,315.0,315.0,243.0,180.0,233.0,294.0,332.0,500.0,485.0,500.0,500.0
13,500.0,478.0,490.0,500.0,500.0,500.0,494.0,490.0,500.0,493.0,500.0,457.0,385,328.0,277.0,247.0,280.0,270.0,293.0,300.0,356.0,500.0,500.0,500.0
14,500.0,499.0,477.0,486.0,460.0,413.0,466.0,456.0,451.0,458.0,460.0,421.0,354,348.0,333.0,322.0,300.0,304.0,305.0,325.0,441.0,469.0,493.0,489.0
15,489.0,465.0,500.0,489.0,452.0,428.0,414.0,420.0,385.0,388.0,413.0,401.0,374,362.0,322.0,311.0,,,,310.0,341.0,402.0,410.0,479.0
16,500.0,445.0,485.0,500.0,500.0,425.0,362.0,355.0,375.0,388.0,432.0,448.0,436,416.0,407.0,348.0,342.0,319.0,342.0,345.0,352.0,410.0,399.0,388.0
17,364.0,358.0,366.0,383.0,380.0,364.0,363.0,352.0,362.0,380.0,406.0,389.0,354,346.0,202.0,267.0,270.0,268.0,,,,,,
18,,,,,,,,,332.0,352.0,362.0,403.0,364,358.0,334.0,339.0,341.0,290.0,308.0,340.0,346.0,341.0,329.0,324.0
19,323.0,326.0,368.0,358.0,417.0,312.0,351.0,301.0,302.0,319.0,353.0,430.0,341,325.0,309.0,312.0,302.0,297.0,385.0,334.0,359.0,387.0,390.0,407.0
20,404.0,407.0,375.0,389.0,375.0,378.0,376.0,349.0,362.0,385.0,385.0,403.0,389,328.0,331.0,325.0,315.0,175.0,384.0,411.0,479.0,467.0,480.0,500.0
21,500.0,500.0,500.0,500.0,500.0,500.0,500.0,500.0,500.0,500.0,500.0,500.0,473,446.0,429.0,446.0,315.0,334.0,440.0,429.0,,,,
22,,500.0,500.0,500.0,500.0,500.0,500.0,500.0,500.0,500.0,500.0,499.0,439,388.0,410.0,444.0,434.0,330.0,434.0,,,,,
23,,500.0,500.0,500.0,500.0,500.0,500.0,500.0,500.0,500.0,500.0,500.0,500,423.0,399.0,390.0,411.0,367.0,388.0,420.0,500.0,500.0,500.0,500.0
24,500.0,500.0,500.0,500.0,500.0,500.0,500.0,500.0,496.0,500.0,500.0,469.0,416,408.0,378.0,386.0,360.0,352.0,355.0,424.0,457.0,480.0,500.0,500.0
25,500.0,500.0,500.0,500.0,500.0,500.0,500.0,500.0,500.0,500.0,500.0,500.0,500,438.0,420.0,396.0,394.0,399.0,426.0,444.0,446.0,500.0,500.0,500.0
26,500.0,500.0,500.0,500.0,102.0,500.0,500.0,500.0,500.0,500.0,500.0,500.0,500,500.0,445.0,451.0,420.0,416.0,428.0,429.0,434.0,470.0,72.0,75.0
27,81.0,372.0,153.0,147.0,197.0,203.0,217.0,223.0,273.0,253.0,338.0,273.0,180,137.0,99.0,114.0,163.0,106.0,108.0,375.0,415.0,405.0,409.0,457.0
28,407.0,404.0,318.0,314.0,320.0,311.0,318.0,305.0,358.0,356.0,397.0,417.0,392,374.0,376.0,420.0,338.0,111.0,270.0,332.0,386.0,399.0,91.0,366.0
29,345.0,344.0,371.0,385.0,377.0,368.0,359.0,328.0,329.0,352.0,406.0,402.0,420,372.0,173.0,185.0,197.0,181.0,,,,,,
30,,,499.0,476.0,500.0,500.0,453.0,441.0,482.0,426.0,417.0,,325,,,,,,,,,,,
31,,,,,,,,,,,,432.0,436,317.0,304.0,312.0,302.0,376.0,450.0,488.0,500.0,404.0,465.0,456.0
"
"
Year,2022
January-2022,00:00:00,01:00:00,02:00:00,03:00:00,04:00:00,05:00:00,06:00:00,07:00:00,08:00:00,09:00:00,10:00:00,11:00:00,12:00:00,13:00:00,14:00:00,15:00:00,16:00:00,17:00:00,18:00:00,19:00:00,20:00:00,21:00:00,22:00:00,23:00:00
1,500,500,500,500.0,500,500.0,500.0,500.0,464.0,449.0,431.0,431.0,458,418,382.0,,,390.0,410.0,440.0,450.0,482.0,481,500
2,500,500,500,500.0,500,500.0,500.0,500.0,500.0,483.0,490.0,492.0,466,454,369.0,325.0,315.0,273.0,329.0,474.0,474.0,447.0,500,500
3,500,500,500,500.0,500,500.0,500.0,500.0,500.0,428.0,439.0,449.0,454,447,452.0,336.0,390.0,303.0,158.0,451.0,500.0,476.0,500,500
4,500,500,500,500.0,468,466.0,462.0,457.0,456.0,421.0,451.0,462.0,500,443,356.0,283.0,223.0,360.0,431.0,468.0,500.0,389.0,426,483
5,500,500,101,500.0,500,500.0,500.0,471.0,490.0,500.0,500.0,500.0,500,494,427.0,484.0,368.0,263.0,325.0,379.0,381.0,386.0,380,320
6,333,321,311,319.0,333,,,,,,,280.0,308,237,150.0,81.0,94.0,99.0,150.0,193.0,237.0,293.0,200,287
7,183,167,153,173.0,197,123.0,143.0,98.0,137.0,193.0,303.0,267.0,193,227,140.0,133.0,121.0,90.0,105.0,124.0,200.0,170.0,103,117
8,108,78,100,170.0,133,100.0,106.0,80.0,73.0,107.0,140.0,98.0,52,117,56.0,103.0,80.0,82.0,130.0,80.0,65.0,65.0,52,75
9,75,75,75,113.0,100,78.0,75.0,75.0,75.0,75.0,110.0,85.0,75,75,75.0,75.0,160.0,140.0,173.0,92.0,95.0,110.0,92,308
10,187,351,309,163.0,163,213.0,220.0,183.0,203.0,321.0,377.0,293.0,305,243,127.0,147.0,159.0,197.0,257.0,227.0,287.0,356.0,420,476
11,360,458,410,335.0,302,392.0,383.0,324.0,374.0,257.0,297.0,250.0,230,222,155.0,174.0,196.0,252.0,238.0,290.0,297.0,280.0,385,500
12,415,330,338,348.0,273,240.0,302.0,177.0,191.0,239.0,308.0,305.0,280,310,324.0,328.0,326.0,346.0,420.0,414.0,413.0,500.0,500,466
13,500,500,475,500.0,429,408.0,381.0,436.0,464.0,403.0,436.0,407.0,430,461,400.0,403.0,429.0,449.0,445.0,403.0,477.0,,468,500
14,442,416,415,404.0,416,457.0,445.0,398.0,378.0,230.0,318.0,362.0,342,376,377.0,476.0,429.0,426.0,431.0,,438.0,437.0,417,445
15,434,384,388,345.0,310,339.0,374.0,223.0,366.0,240.0,310.0,293.0,308,374,340.0,327.0,380.0,430.0,426.0,416.0,500.0,445.0,405,448
16,312,303,321,473.0,351,280.0,317.0,280.0,203.0,300.0,362.0,424.0,327,355,343.0,352.0,414.0,411.0,444.0,365.0,430.0,487.0,455,427
17,454,478,446,440.0,428,420.0,345.0,337.0,349.0,362.0,348.0,368.0,365,376,,433.0,109.0,422.0,,436.0,431.0,443.0,417,386
18,368,109,354,453.0,418,406.0,402.0,431.0,494.0,472.0,500.0,500.0,500,500,500.0,466.0,494.0,463.0,500.0,500.0,470.0,500.0,500,495
19,500,461,478,468.0,420,455.0,490.0,415.0,449.0,430.0,494.0,475.0,408,406,421.0,448.0,475.0,500.0,500.0,491.0,500.0,493.0,500,500
20,500,500,500,419.0,410,411.0,424.0,404.0,382.0,391.0,433.0,426.0,426,437,411.0,431.0,427.0,417.0,441.0,408.0,403.0,444.0,436,426
21,500,500,500,500.0,441,368.0,347.0,322.0,334.0,435.0,452.0,408.0,414,392,379.0,441.0,416.0,360.0,394.0,355.0,332.0,441.0,428,422
22,432,407,360,392.0,349,318.0,336.0,263.0,273.0,311.0,348.0,353.0,330,342,340.0,312.0,304.0,309.0,367.0,338.0,325.0,260.0,150,113
23,302,227,220,267.0,277,217.0,230.0,130.0,85.0,187.0,300.0,315.0,310,293,250.0,318.0,334.0,380.0,385.0,362.0,380.0,456.0,392,471
24,483,500,398,345.0,372,340.0,,,,,,,410,392,297.0,237.0,210.0,267.0,366.0,381.0,460.0,500.0,491,489
25,500,500,500,500.0,500,338.0,358.0,388.0,401.0,413.0,370.0,283.0,290,341,352.0,370.0,370.0,384.0,433.0,423.0,441.0,500.0,500,500
26,500,500,500,500.0,500,439.0,471.0,435.0,402.0,432.0,421.0,402.0,362,334,270.0,294.0,335.0,385.0,402.0,358.0,412.0,441.0,500,483
27,484,487,486,500.0,500,500.0,441.0,458.0,500.0,418.0,425.0,420.0,403,430,306.0,415.0,360.0,396.0,409.0,443.0,495.0,356.0,500,397
28,426,500,429,450.0,368,365.0,349.0,390.0,482.0,445.0,461.0,440.0,414,364,352.0,403.0,299.0,267.0,355.0,370.0,495.0,500.0,350,411
29,500,500,500,500.0,500,425.0,415.0,428.0,455.0,472.0,487.0,459.0,431,348,295.0,364.0,380.0,380.0,412.0,443.0,482.0,500.0,500,500
30,487,500,481,472.0,406,408.0,428.0,433.0,425.0,478.0,487.0,454.0,414,341,374.0,401.0,400.0,282.0,350.0,463.0,489.0,500.0,495,500
31,500,487,500,,500,500.0,500.0,492.0,,459.0,492.0,473.0,462,443,417.0,380.0,365.0,,403.0,,,418.0,388,400
"
"
February-2022,00:00:00,01:00:00,02:00:00,03:00:00,04:00:00,05:00:00,06:00:00,07:00:00,08:00:00,09:00:00,10:00:00,11:00:00,12:00:00,13:00:00,14:00:00,15:00:00,16:00:00,17:00:00,18:00:00,19:00:00,20:00:00,21:00:00,22:00:00,23:00:00
1,386.0,,,,,,,,,,,,,,435,466,433,444.0,444.0,454,472.0,499,488,500
2,475.0,417.0,443.0,416.0,401.0,404.0,400.0,418.0,428.0,427.0,451.0,409.0,370.0,338.0,310,382,301,430.0,411.0,367,385.0,392,382,384
3,344.0,338.0,342.0,355.0,350.0,357.0,366.0,367.0,353.0,346.0,347.0,287.0,243.0,315.0,302,304,305,309.0,327.0,311,332.0,342,358,382
4,342.0,304.0,283.0,318.0,153.0,306.0,173.0,250.0,165.0,211.0,297.0,302.0,267.0,277.0,189,237,215,294.0,366.0,332,425.0,429,432,500
5,470.0,500.0,434.0,339.0,359.0,405.0,492.0,385.0,200.0,237.0,313.0,342.0,347.0,414.0,340,290,346,450.0,447.0,463,492.0,437,500,465
6,500.0,500.0,500.0,500.0,500.0,500.0,500.0,485.0,446.0,444.0,500.0,480.0,402.0,311.0,190,166,213,268.0,391.0,426,451.0,491,418,468
7,500.0,500.0,460.0,500.0,450.0,417.0,358.0,482.0,500.0,420.0,371.0,328.0,280.0,272.0,260,237,215,197.0,240.0,222,237.0,388,349,451
8,500.0,447.0,500.0,500.0,494.0,491.0,407.0,500.0,487.0,481.0,410.0,396.0,348.0,200.0,170,168,189,202.0,403.0,325,418.0,486,441,410
9,499.0,469.0,495.0,447.0,401.0,345.0,358.0,83.0,80.0,103.0,280.0,237.0,177.0,131.0,103,125,138,159.0,163.0,147,160.0,193,165,371
10,447.0,456.0,438.0,308.0,280.0,267.0,177.0,335.0,268.0,204.0,260.0,403.0,395.0,380.0,270,355,325,325.0,404.0,390,418.0,500,478,500
11,500.0,479.0,432.0,440.0,331.0,315.0,403.0,500.0,500.0,438.0,468.0,95.0,68.0,73.0,284,325,342,188.0,251.0,249,281.0,362,465,478
12,500.0,439.0,395.0,305.0,297.0,240.0,200.0,216.0,405.0,403.0,370.0,410.0,325.0,260.0,177,183,199,168.0,213.0,255,390.0,447,500,347
13,500.0,402.0,500.0,500.0,500.0,500.0,470.0,500.0,500.0,500.0,437.0,332.0,240.0,160.0,142,159,193,163.0,197.0,205,398.0,494,468,500
14,500.0,500.0,493.0,486.0,500.0,500.0,500.0,500.0,401.0,414.0,382.0,300.0,186.0,153.0,130,142,159,219.0,230.0,234,193.0,500,500,500
15,,,,,,,,,,,,,77.0,237.0,173,153,156,114.0,199.0,227,389.0,441,500,416
16,500.0,398.0,459.0,486.0,500.0,500.0,500.0,500.0,442.0,500.0,500.0,500.0,416.0,413.0,327,355,274,237.0,218.0,222,,430,464,500
17,500.0,462.0,348.0,382.0,427.0,474.0,409.0,347.0,347.0,322.0,341.0,344.0,338.0,243.0,223,197,181,160.0,156.0,216,278.0,370,498,478
18,500.0,500.0,500.0,484.0,470.0,438.0,424.0,414.0,478.0,361.0,432.0,408.0,352.0,256.0,153,167,204,182.0,204.0,190,222.0,260,249,445
19,479.0,422.0,452.0,402.0,309.0,301.0,273.0,227.0,349.0,308.0,384.0,321.0,300.0,210.0,173,189,196,193.0,216.0,223,219.0,250,200,227
20,254.0,190.0,263.0,223.0,,,,,401.0,302.0,290.0,292.0,197.0,207.0,173,234,287,189.0,195.0,165,195.0,215,191,182
21,,180.0,243.0,242.0,,214.0,304.0,371.0,,282.0,301.0,328.0,243.0,201.0,180,188,197,186.0,230.0,213,439.0,490,500,419
22,441.0,500.0,500.0,500.0,420.0,500.0,409.0,301.0,313.0,323.0,302.0,267.0,299.0,254.0,206,244,238,251.0,265.0,157,149.0,160,157,187
23,230.0,280.0,277.0,277.0,273.0,302.0,290.0,253.0,300.0,302.0,305.0,287.0,287.0,280.0,233,270,273,180.0,187.0,223,247.0,293,305,414
24,425.0,428.0,404.0,395.0,400.0,375.0,362.0,372.0,393.0,391.0,385.0,358.0,332.0,308.0,310,304,329,,,197,237.0,311,360,362
25,350.0,365.0,340.0,363.0,372.0,374.0,395.0,384.0,407.0,417.0,436.0,412.0,386.0,312.0,263,197,177,155.0,155.0,148,233.0,423,80,107
26,59.0,72.0,88.0,62.0,68.0,60.0,60.0,57.0,57.0,78.0,70.0,68.0,111.0,100.0,99,95,81,71.0,65.0,68,88.0,115,178,200
27,171.0,175.0,90.0,68.0,92.0,110.0,90.0,100.0,107.0,237.0,163.0,113.0,162.0,145.0,147,193,184,168.0,184.0,182,179.0,191,222,202
28,224.0,145.0,99.0,58.0,70.0,277.0,309.0,309.0,333.0,222.0,262.0,284.0,301.0,127.0,171,162,162,148.0,135.0,137,182.0,289,281,391
"
"
March-2022,00:00:00,01:00:00,02:00:00,03:00:00,04:00:00,05:00:00,06:00:00,07:00:00,08:00:00,09:00:00,10:00:00,11:00:00,12:00:00,13:00:00,14:00:00,15:00:00,16:00:00,17:00:00,18:00:00,19:00:00,20:00:00,21:00:00,22:00:00,23:00:00
1,447.0,230.0,145.0,75.0,150.0,133.0,153.0,308.0,407.0,307.0,302.0,312.0,283.0,167.0,193.0,193.0,169.0,233.0,187.0,179.0,218.0,256.0,287.0,301.0
2,302.0,401.0,409.0,305.0,319.0,321.0,305.0,305.0,405.0,376.0,324.0,336.0,310.0,227.0,297.0,170.0,150.0,144.0,141.0,145.0,189.0,259.0,287.0,477.0
3,500.0,438.0,338.0,230.0,140.0,170.0,150.0,200.0,240.0,277.0,237.0,193.0,130.0,113.0,129.0,98.0,142.0,125.0,141.0,104.0,124.0,129.0,80.0,92.0
4,385.0,,,,,,,,,,318.0,311.0,282.0,197.0,219.0,,212.0,168.0,162.0,157.0,152.0,159.0,166.0,330.0
5,155.0,113.0,103.0,75.0,173.0,173.0,100.0,133.0,150.0,211.0,244.0,300.0,279.0,157.0,178.0,,,,72.0,103.0,219.0,,273.0,322.0
6,287.0,210.0,173.0,141.0,157.0,197.0,190.0,230.0,247.0,304.0,260.0,378.0,238.0,149.0,187.0,171.0,178.0,179.0,249.0,256.0,311.0,415.0,420.0,422.0
7,426.0,457.0,425.0,468.0,432.0,412.0,425.0,471.0,460.0,402.0,316.0,287.0,247.0,116.0,113.0,207.0,,,,,40.0,444.0,417.0,500.0
8,500.0,486.0,475.0,437.0,421.0,393.0,372.0,344.0,368.0,381.0,378.0,346.0,390.0,170.0,167.0,206.0,177.0,181.0,137.0,150.0,197.0,255.0,267.0,213.0
9,204.0,175.0,141.0,113.0,133.0,137.0,170.0,284.0,253.0,323.0,283.0,355.0,243.0,193.0,187.0,192.0,161.0,188.0,137.0,156.0,185.0,256.0,304.0,354.0
10,281.0,151.0,116.0,77.0,109.0,153.0,129.0,175.0,246.0,237.0,263.0,364.0,221.0,55.0,68.0,271.0,271.0,171.0,212.0,202.0,283.0,370.0,376.0,328.0
11,380.0,199.0,199.0,127.0,137.0,143.0,223.0,247.0,233.0,260.0,,390.0,308.0,189.0,175.0,223.0,221.0,175.0,216.0,199.0,254.0,295.0,314.0,405.0
12,425.0,270.0,270.0,124.0,159.0,166.0,151.0,355.0,425.0,399.0,332.0,371.0,358.0,289.0,,,,226.0,,,,272.0,439.0,500.0
13,500.0,401.0,326.0,228.0,233.0,220.0,235.0,296.0,403.0,417.0,385.0,263.0,234.0,183.0,207.0,234.0,246.0,233.0,219.0,202.0,360.0,371.0,364.0,449.0
14,,,,,,,,,407.0,433.0,407.0,424.0,248.0,197.0,193.0,229.0,209.0,209.0,216.0,181.0,191.0,199.0,295.0,385.0
15,440.0,380.0,240.0,304.0,304.0,322.0,226.0,358.0,388.0,395.0,341.0,285.0,320.0,293.0,193.0,230.0,210.0,227.0,202.0,179.0,230.0,219.0,237.0,283.0
16,307.0,297.0,207.0,220.0,293.0,260.0,243.0,326.0,336.0,318.0,308.0,330.0,255.0,290.0,255.0,407.0,314.0,278.0,385.0,219.0,199.0,230.0,229.0,272.0
17,249.0,233.0,217.0,177.0,213.0,243.0,250.0,332.0,361.0,334.0,388.0,308.0,336.0,302.0,305.0,303.0,280.0,250.0,217.0,267.0,280.0,308.0,310.0,345.0
18,373.0,368.0,327.0,309.0,322.0,317.0,320.0,339.0,352.0,342.0,327.0,247.0,257.0,213.0,230.0,247.0,230.0,200.0,230.0,140.0,183.0,210.0,247.0,414.0
19,380.0,318.0,329.0,217.0,303.0,283.0,304.0,349.0,308.0,325.0,322.0,302.0,293.0,153.0,190.0,193.0,157.0,157.0,153.0,153.0,,273.0,303.0,323.0
20,302.0,317.0,331.0,317.0,293.0,302.0,305.0,280.0,306.0,320.0,280.0,190.0,190.0,187.0,171.0,143.0,164.0,168.0,194.0,242.0,299.0,413.0,418.0,487.0
21,477.0,425.0,440.0,369.0,318.0,336.0,349.0,453.0,438.0,,466.0,420.0,415.0,332.0,293.0,230.0,227.0,238.0,199.0,172.0,192.0,196.0,226.0,250.0
22,210.0,203.0,190.0,137.0,130.0,137.0,,,,285.0,285.0,222.0,194.0,184.0,212.0,299.0,239.0,348.0,259.0,201.0,190.0,204.0,237.0,257.0
23,224.0,207.0,207.0,120.0,160.0,220.0,306.0,302.0,371.0,320.0,500.0,312.0,300.0,207.0,220.0,193.0,171.0,171.0,157.0,185.0,217.0,315.0,385.0,493.0
24,491.0,478.0,451.0,434.0,426.0,430.0,414.0,498.0,500.0,466.0,420.0,440.0,254.0,209.0,190.0,230.0,207.0,192.0,175.0,185.0,216.0,257.0,306.0,410.0
25,493.0,322.0,263.0,203.0,210.0,247.0,237.0,259.0,303.0,332.0,361.0,305.0,250.0,175.0,212.0,190.0,205.0,216.0,178.0,189.0,200.0,227.0,298.0,274.0
26,284.0,200.0,165.0,137.0,197.0,197.0,227.0,298.0,369.0,355.0,430.0,306.0,235.0,412.0,428.0,319.0,328.0,239.0,185.0,167.0,185.0,199.0,271.0,296.0
27,217.0,173.0,135.0,213.0,190.0,160.0,253.0,335.0,401.0,,,,,,,,,,,170.0,,,,
28,500.0,500.0,437.0,432.0,418.0,420.0,500.0,477.0,465.0,448.0,500.0,430.0,191.0,,,171.0,188.0,175.0,144.0,167.0,234.0,304.0,418.0,500.0
29,453.0,406.0,321.0,416.0,398.0,431.0,416.0,431.0,489.0,434.0,401.0,403.0,243.0,227.0,190.0,171.0,179.0,190.0,155.0,156.0,184.0,405.0,453.0,500.0
30,500.0,495.0,478.0,430.0,414.0,380.0,336.0,337.0,391.0,402.0,420.0,408.0,318.0,,229.0,180.0,214.0,175.0,192.0,217.0,263.0,344.0,461.0,500.0
31,500.0,500.0,500.0,469.0,381.0,343.0,381.0,441.0,466.0,413.0,317.0,287.0,302.0,316.0,283.0,230.0,210.0,161.0,184.0,189.0,257.0,316.0,350.0,445.0
"
"
April-2022,00:00:00,01:00:00,02:00:00,03:00:00,04:00:00,05:00:00,06:00:00,07:00:00,08:00:00,09:00:00,10:00:00,11:00:00,12:00:00,13:00:00,14:00:00,15:00:00,16:00:00,17:00:00,18:00:00,19:00:00,20:00:00,21:00:00,22:00:00,23:00:00
1,413.0,309.0,200.0,147.0,133.0,123.0,167.0,167.0,283.0,280.0,342.0,280,167.0,153,145.0,127.0,124.0,129.0,148.0,151.0,170.0,181.0,207.0,304.0
2,349.0,323.0,315.0,270.0,312.0,315.0,328.0,377.0,383.0,342.0,313.0,270,183.0,130,,213.0,239.0,158.0,,,,,,
3,,,,,,,,318.0,332.0,311.0,273.0,308,297.0,306,247.0,167.0,146.0,133.0,111.0,123.0,191.0,277.0,410.0,438.0
4,444.0,425.0,322.0,301.0,343.0,431.0,441.0,410.0,366.0,290.0,356.0,260,250.0,290,207.0,191.0,140.0,145.0,146.0,193.0,228.0,222.0,223.0,300.0
5,409.0,220.0,160.0,213.0,247.0,203.0,309.0,321.0,424.0,436.0,425.0,412,240.0,143,172.0,160.0,129.0,117.0,133.0,158.0,192.0,201.0,301.0,270.0
6,240.0,365.0,402.0,424.0,420.0,413.0,315.0,308.0,403.0,424.0,395.0,347,290.0,160,170.0,139.0,163.0,123.0,104.0,158.0,227.0,250.0,307.0,318.0
7,345.0,410.0,412.0,357.0,368.0,372.0,363.0,407.0,355.0,349.0,406.0,338,290.0,233,183.0,150.0,135.0,126.0,131.0,194.0,197.0,303.0,319.0,334.0
8,401.0,362.0,302.0,321.0,374.0,333.0,106.0,318.0,327.0,336.0,322.0,312,204.0,227,182.0,129.0,123.0,124.0,120.0,181.0,212.0,322.0,355.0,475.0
9,488.0,449.0,413.0,411.0,421.0,335.0,335.0,408.0,425.0,352.0,360.0,250,312.0,223,200.0,140.0,129.0,130.0,131.0,164.0,211.0,,348.0,422.0
10,420.0,,351.0,351.0,,331.0,336.0,363.0,,345.0,341.0,325,,290,184.0,,146.0,153.0,154.0,287.0,303.0,347.0,356.0,391.0
11,398.0,418.0,382.0,312.0,312.0,348.0,355.0,362.0,455.0,452.0,430.0,428,249.0,227,314.0,201.0,164.0,155.0,135.0,172.0,241.0,295.0,410.0,391.0
12,418.0,308.0,314.0,413.0,456.0,430.0,424.0,,314.0,221.0,,200,321.0,273,210.0,114.0,149.0,149.0,175.0,220.0,253.0,315.0,278.0,417.0
13,456.0,465.0,500.0,487.0,500.0,498.0,426.0,482.0,500.0,488.0,439.0,339,252.0,242,217.0,173.0,166.0,174.0,162.0,199.0,295.0,362.0,416.0,417.0
14,427.0,474.0,403.0,298.0,271.0,295.0,356.0,305.0,396.0,408.0,368.0,423,152.0,104,394.0,320.0,254.0,212.0,204.0,222.0,374.0,445.0,313.0,267.0
15,440.0,257.0,159.0,131.0,150.0,152.0,168.0,157.0,274.0,216.0,408.0,414,260.0,230,354.0,272.0,221.0,209.0,229.0,284.0,328.0,267.0,206.0,298.0
16,250.0,354.0,401.0,358.0,348.0,369.0,390.0,424.0,401.0,308.0,247.0,293,247.0,193,186.0,221.0,234.0,166.0,182.0,195.0,226.0,256.0,312.0,335.0
17,303.0,304.0,317.0,340.0,334.0,390.0,416.0,441.0,500.0,376.0,334.0,280,243.0,217,191.0,182.0,180.0,,,,224.0,330.0,335.0,381.0
18,368.0,384.0,436.0,483.0,441.0,500.0,496.0,405.0,482.0,426.0,302.0,328,197.0,212,188.0,263.0,210.0,217.0,173.0,213.0,321.0,409.0,457.0,500.0
19,500.0,500.0,500.0,500.0,423.0,369.0,441.0,464.0,469.0,,453.0,469,360.0,360,293.0,416.0,468.0,398.0,246.0,249.0,265.0,256.0,342.0,419.0
20,455.0,424.0,21.0,378.0,361.0,308.0,285.0,299.0,370.0,412.0,356.0,196,259.0,179,199.0,211.0,407.0,193.0,181.0,199.0,228.0,322.0,339.0,416.0
21,418.0,401.0,332.0,339.0,401.0,407.0,354.0,430.0,409.0,,409.0,307,500.0,500,499.0,,,175.0,174.0,196.0,232.0,251.0,369.0,450.0
22,431.0,438.0,316.0,287.0,437.0,90.0,95.0,257.0,239.0,220.0,318.0,305,310.0,260,220.0,167.0,245.0,186.0,187.0,190.0,199.0,369.0,322.0,416.0
23,432.0,471.0,461.0,468.0,395.0,486.0,337.0,369.0,415.0,350.0,322.0,308,237.0,159,179.0,157.0,153.0,156.0,156.0,171.0,192.0,265.0,405.0,429.0
24,403.0,403.0,304.0,346.0,417.0,247.0,313.0,312.0,396.0,427.0,375.0,386,368.0,334,302.0,181.0,250.0,268.0,307.0,260.0,251.0,270.0,351.0,289.0
25,290.0,287.0,297.0,277.0,348.0,315.0,326.0,263.0,229.0,308.0,267.0,326,307.0,287,309.0,297.0,302.0,250.0,287.0,302.0,283.0,309.0,425.0,490.0
26,500.0,,138.0,152.0,,156.0,153.0,158.0,,200.0,336.0,350,312.0,232,190.0,,,283.0,253.0,232.0,228.0,304.0,435.0,435.0
27,464.0,482.0,500.0,411.0,355.0,403.0,385.0,428.0,487.0,480.0,442.0,392,323.0,348,131.0,177.0,126.0,113.0,137.0,155.0,223.0,395.0,444.0,436.0
28,469.0,484.0,435.0,483.0,500.0,461.0,431.0,457.0,439.0,303.0,314.0,309,300.0,247,233.0,243.0,174.0,178.0,168.0,276.0,432.0,402.0,439.0,497.0
29,455.0,401.0,432.0,434.0,454.0,482.0,446.0,426.0,431.0,475.0,417.0,340,259.0,295,301.0,,,,193.0,254.0,292.0,298.0,402.0,432.0
30,412.0,435.0,407.0,429.0,429.0,393.0,373.0,424.0,444.0,409.0,355.0,403,304.0,183,191.0,159.0,178.0,233.0,,171.0,248.0,401.0,445.0,495.0
"
"
May-2022,00:00:00,01:00:00,02:00:00,03:00:00,04:00:00,05:00:00,06:00:00,07:00:00,08:00:00,09:00:00,10:00:00,11:00:00,12:00:00,13:00:00,14:00:00,15:00:00,16:00:00,17:00:00,18:00:00,19:00:00,20:00:00,21:00:00,22:00:00,23:00:00
1,500.0,500.0,500.0,465.0,402.0,350.0,284.0,279.0,308.0,215.0,251.0,265.0,300.0,300.0,267.0,235.0,240.0,287.0,270.0,246.0,251.0,250.0,241.0,216.0
2,205.0,212.0,212.0,191.0,204.0,193.0,157.0,144.0,151.0,173.0,177.0,207.0,250.0,233.0,232.0,241.0,265.0,249.0,254.0,237.0,239.0,213.0,205.0,188.0
3,177.0,173.0,155.0,157.0,150.0,,,149.0,113.0,107.0,119.0,139.0,157.0,204.0,320.0,423.0,435.0,447.0,472.0,283.0,447.0,453.0,408.0,325.0
4,441.0,292.0,238.0,311.0,237.0,150.0,420.0,165.0,250.0,177.0,185.0,210.0,221.0,226.0,223.0,249.0,244.0,244.0,222.0,391.0,94.0,96.0,124.0,118.0
5,103.0,94.0,100.0,105.0,109.0,126.0,309.0,210.0,177.0,220.0,180.0,167.0,157.0,177.0,197.0,189.0,228.0,221.0,271.0,325.0,405.0,408.0,419.0,432.0
6,422.0,413.0,355.0,317.0,315.0,297.0,293.0,402.0,329.0,389.0,388.0,369.0,330.0,335.0,399.0,360.0,344.0,326.0,305.0,282.0,204.0,179.0,257.0,306.0
7,,204.0,216.0,206.0,210.0,289.0,211.0,462.0,441.0,287.0,347.0,325.0,263.0,247.0,217.0,231.0,,245.0,,231.0,339.0,376.0,407.0,475.0
8,460.0,193.0,127.0,186.0,157.0,181.0,145.0,230.0,182.0,167.0,170.0,170.0,221.0,260.0,217.0,197.0,240.0,248.0,237.0,167.0,197.0,179.0,172.0,160.0
9,159.0,143.0,130.0,121.0,131.0,116.0,113.0,124.0,129.0,137.0,138.0,148.0,173.0,,,,183.0,153.0,183.0,145.0,137.0,148.0,151.0,149.0
10,139.0,124.0,123.0,120.0,133.0,121.0,175.0,,126.0,133.0,133.0,159.0,160.0,149.0,185.0,,195.0,171.0,150.0,128.0,127.0,147.0,159.0,162.0
11,,117.0,101.0,104.0,99.0,119.0,182.0,,153.0,141.0,175.0,163.0,160.0,176.0,202.0,223.0,204.0,261.0,137.0,149.0,168.0,171.0,175.0,
12,,113.0,115.0,108.0,114.0,145.0,146.0,123.0,125.0,123.0,137.0,303.0,147.0,176.0,236.0,272.0,256.0,178.0,144.0,184.0,252.0,243.0,179.0,193.0
13,167.0,107.0,172.0,437.0,99.0,178.0,171.0,105.0,,,147.0,167.0,173.0,232.0,218.0,254.0,230.0,188.0,202.0,200.0,218.0,288.0,323.0,500.0
14,500.0,425.0,420.0,407.0,423.0,418.0,402.0,439.0,418.0,416.0,382.0,409.0,319.0,199.0,174.0,171.0,180.0,166.0,219.0,225.0,258.0,302.0,378.0,483.0
15,,440.0,440.0,453.0,310.0,302.0,402.0,427.0,493.0,465.0,447.0,410.0,213.0,183.0,,148.0,268.0,197.0,145.0,163.0,279.0,258.0,239.0,409.0
16,334.0,309.0,303.0,350.0,334.0,168.0,167.0,246.0,311.0,371.0,402.0,444.0,421.0,451.0,428.0,389.0,329.0,292.0,279.0,305.0,395.0,384.0,468.0,432.0
17,296.0,127.0,99.0,79.0,89.0,77.0,70.0,,137.0,115.0,133.0,241.0,206.0,246.0,232.0,274.0,334.0,342.0,346.0,212.0,213.0,205.0,197.0,227.0
18,249.0,243.0,267.0,250.0,220.0,171.0,200.0,202.0,,,,,,,,,,,,,,,132.0,146.0
19,135.0,155.0,106.0,145.0,213.0,220.0,143.0,165.0,177.0,177.0,203.0,220.0,306.0,239.0,248.0,237.0,224.0,230.0,339.0,322.0,295.0,271.0,270.0,238.0
20,257.0,243.0,247.0,237.0,220.0,217.0,260.0,,337.0,335.0,332.0,375.0,426.0,444.0,436.0,410.0,319.0,355.0,320.0,,,500.0,395.0,445.0
21,290.0,462.0,414.0,381.0,432.0,470.0,276.0,187.0,239.0,380.0,358.0,403.0,412.0,422.0,404.0,361.0,361.0,416.0,432.0,432.0,395.0,305.0,410.0,403.0
22,,186.0,153.0,197.0,211.0,165.0,402.0,350.0,263.0,195.0,216.0,200.0,163.0,174.0,183.0,171.0,183.0,199.0,255.0,181.0,174.0,171.0,187.0,197.0
23,,186.0,183.0,164.0,138.0,126.0,447.0,227.0,107.0,107.0,67.0,83.0,114.0,107.0,112.0,113.0,88.0,90.0,108.0,121.0,117.0,89.0,76.0,85.0
24,,83.0,65.0,75.0,75.0,76.0,85.0,101.0,80.0,89.0,92.0,109.0,101.0,101.0,101.0,101.0,101.0,107.0,113.0,111.0,111.0,126.0,135.0,152.0
25,,244.0,274.0,293.0,385.0,320.0,,308.0,257.0,317.0,137.0,171.0,210.0,159.0,148.0,233.0,194.0,209.0,287.0,271.0,247.0,268.0,251.0,394.0
26,,342.0,403.0,429.0,445.0,436.0,437.0,500.0,474.0,304.0,237.0,220.0,217.0,185.0,163.0,194.0,254.0,267.0,273.0,209.0,181.0,240.0,283.0,277.0
27,,187.0,250.0,181.0,325.0,277.0,273.0,431.0,439.0,290.0,200.0,190.0,211.0,263.0,306.0,309.0,290.0,311.0,446.0,292.0,189.0,,,
28,,,,,,,,,,,199.0,309.0,375.0,430.0,423.0,416.0,405.0,390.0,406.0,388.0,380.0,298.0,284.0,349.0
29,,375.0,192.0,137.0,179.0,168.0,137.0,330.0,329.0,418.0,390.0,416.0,416.0,368.0,294.0,342.0,321.0,328.0,322.0,210.0,453.0,143.0,223.0,293.0
30,,174.0,155.0,119.0,118.0,146.0,193.0,277.0,222.0,177.0,226.0,165.0,283.0,192.0,195.0,305.0,92.0,270.0,412.0,116.0,109.0,135.0,177.0,217.0
31,,307.0,307.0,302.0,217.0,253.0,29.0,,207.0,207.0,217.0,164.0,205.0,364.0,341.0,403.0,384.0,402.0,410.0,,423.0,500.0,500.0,500.0
"
"
June-2022,00:00:00,01:00:00,02:00:00,03:00:00,04:00:00,05:00:00,06:00:00,07:00:00,08:00:00,09:00:00,10:00:00,11:00:00,12:00:00,13:00:00,14:00:00,15:00:00,16:00:00,17:00:00,18:00:00,19:00:00,20:00:00,21:00:00,22:00:00,23:00:00
1,,407.0,500.0,500.0,500.0,444.0,446.0,500.0,500.0,471.0,,,415,288.0,199,207.0,224.0,233.0,272.0,298.0,426.0,336.0,320.0,292.0
2,,305.0,215.0,204.0,205.0,278.0,,480.0,500.0,428.0,385.0,447.0,402,315.0,277,238.0,212.0,201.0,211.0,188.0,378.0,339.0,467.0,478.0
3,,473.0,483.0,416.0,412.0,420.0,274.0,483.0,495.0,429.0,414.0,421.0,306,237.0,183,173.0,187.0,204.0,230.0,254.0,255.0,335.0,500.0,500.0
4,,481.0,457.0,465.0,305.0,232.0,430.0,500.0,465.0,433.0,414.0,474.0,226,172.0,200,199.0,170.0,179.0,206.0,206.0,315.0,,500.0,500.0
5,,500.0,356.0,292.0,,242.0,328.0,453.0,,401.0,411.0,420.0,413,403.0,295,279.0,218.0,217.0,202.0,272.0,285.0,388.0,279.0,395.0
6,416.0,449.0,418.0,228.0,175.0,167.0,166.0,335.0,350.0,398.0,318.0,356.0,295,305.0,260,196.0,170.0,185.0,168.0,141.0,215.0,232.0,314.0,453.0
7,490.0,423.0,332.0,302.0,207.0,175.0,238.0,370.0,349.0,398.0,444.0,440.0,453,456.0,441,404.0,,293.0,293.0,254.0,329.0,433.0,465.0,488.0
8,460.0,441.0,441.0,356.0,272.0,234.0,399.0,410.0,451.0,422.0,488.0,500.0,500,500.0,495,378.0,282.0,263.0,245.0,276.0,300.0,401.0,478.0,480.0
9,469.0,430.0,299.0,188.0,161.0,175.0,175.0,414.0,,339.0,410.0,405.0,374,330.0,272,256.0,222.0,251.0,281.0,284.0,318.0,453.0,454.0,420.0
10,413.0,426.0,405.0,292.0,234.0,212.0,234.0,418.0,414.0,435.0,463.0,484.0,482,454.0,433,428.0,416.0,411.0,381.0,290.0,309.0,400.0,406.0,414.0
11,426.0,298.0,237.0,257.0,301.0,446.0,493.0,464.0,416.0,385.0,381.0,447.0,416,401.0,405,340.0,401.0,406.0,329.0,,279.0,391.0,433.0,448.0
12,424.0,443.0,285.0,276.0,256.0,265.0,251.0,415.0,340.0,378.0,288.0,394.0,320,320.0,412,326.0,228.0,249.0,268.0,261.0,288.0,370.0,376.0,422.0
13,396.0,369.0,382.0,167.0,149.0,138.0,145.0,182.0,222.0,167.0,195.0,221.0,267,336.0,273,290.0,364.0,292.0,282.0,287.0,285.0,420.0,439.0,415.0
14,287.0,223.0,162.0,233.0,130.0,177.0,153.0,241.0,395.0,431.0,422.0,378.0,388,403.0,356,330.0,352.0,410.0,348.0,289.0,342.0,287.0,249.0,227.0
15,169.0,135.0,116.0,99.0,100.0,103.0,,167.0,,,293.0,195.0,197,194.0,195,177.0,178.0,161.0,162.0,,218.0,218.0,,
16,,,441.0,,98.0,,,,,121.0,105.0,,124,123.0,163,,,,,,,173.0,,122.0
17,163.0,138.0,137.0,111.0,147.0,70.0,75.0,80.0,92.0,85.0,90.0,95.0,95,113.0,172,184.0,117.0,98.0,102.0,105.0,122.0,,,
18,,,,,,,,,102.0,106.0,123.0,92.0,105,129.0,128,128.0,103.0,126.0,143.0,137.0,141.0,172.0,150.0,179.0
19,195.0,210.0,133.0,114.0,109.0,117.0,203.0,267.0,314.0,274.0,267.0,222.0,216,,181,194.0,,198.0,202.0,255.0,,226.0,214.0,
20,336.0,251.0,199.0,147.0,168.0,181.0,197.0,378.0,296.0,254.0,233.0,123.0,212,149.0,186,204.0,209.0,287.0,305.0,206.0,189.0,219.0,157.0,178.0
21,,267.0,175.0,177.0,133.0,129.0,166.0,223.0,267.0,157.0,123.0,209.0,157,83.0,97,123.0,97.0,94.0,105.0,85.0,89.0,115.0,115.0,157.0
22,,168.0,200.0,223.0,197.0,170.0,170.0,203.0,408.0,311.0,217.0,205.0,219,167.0,185,145.0,170.0,159.0,266.0,,189.0,199.0,202.0,239.0
23,,164.0,88.0,159.0,129.0,157.0,147.0,173.0,200.0,201.0,197.0,191.0,205,257.0,196,173.0,197.0,250.0,209.0,252.0,237.0,271.0,348.0,322.0
24,,256.0,232.0,182.0,159.0,167.0,213.0,328.0,362.0,355.0,309.0,405.0,271,250.0,240,232.0,201.0,195.0,201.0,210.0,263.0,288.0,348.0,456.0
25,,445.0,500.0,491.0,468.0,438.0,418.0,500.0,498.0,308.0,311.0,199.0,190,160.0,173,157.0,146.0,171.0,217.0,190.0,175.0,187.0,247.0,210.0
26,,407.0,385.0,303.0,183.0,153.0,150.0,130.0,126.0,119.0,140.0,146.0,127,123.0,114,120.0,129.0,127.0,122.0,115.0,107.0,115.0,107.0,140.0
27,,147.0,130.0,115.0,101.0,94.0,94.0,108.0,111.0,111.0,115.0,152.0,147,141.0,119,125.0,105.0,111.0,108.0,111.0,122.0,133.0,197.0,193.0
28,,122.0,116.0,126.0,99.0,97.0,105.0,120.0,143.0,160.0,197.0,190.0,171,165.0,196,175.0,210.0,203.0,217.0,200.0,223.0,227.0,233.0,260.0
29,,267.0,217.0,257.0,119.0,73.0,90.0,108.0,143.0,103.0,127.0,194.0,146,148.0,157,167.0,143.0,135.0,147.0,163.0,142.0,127.0,144.0,119.0
30,,89.0,99.0,140.0,177.0,113.0,73.0,75.0,84.0,78.0,80.0,101.0,108,101.0,102,104.0,105.0,109.0,106.0,102.0,88.0,93.0,87.0,71.0
"
"
July-2022,00:00:00,01:00:00,02:00:00,03:00:00,04:00:00,05:00:00,06:00:00,07:00:00,08:00:00,09:00:00,10:00:00,11:00:00,12:00:00,13:00:00,14:00:00,15:00:00,16:00:00,17:00:00,18:00:00,19:00:00,20:00:00,21:00:00,22:00:00,23:00:00
1,,75.0,75.0,70.0,70.0,72.0,100.0,97.0,82.0,82.0,80.0,98.0,80.0,78.0,78.0,79,102.0,102.0,102.0,95.0,147.0,112.0,130.0,105.0
2,,96.0,88.0,95.0,113.0,290.0,163.0,203.0,267.0,118.0,107.0,86.0,81.0,223.0,137.0,121,145.0,75.0,75.0,82.0,95.0,157.0,133.0,121.0
3,,75.0,75.0,78.0,80.0,78.0,75.0,85.0,70.0,82.0,85.0,111.0,80.0,177.0,127.0,114,91.0,86.0,103.0,107.0,115.0,283.0,197.0,170.0
4,,106.0,137.0,65.0,75.0,173.0,163.0,137.0,243.0,160.0,68.0,107.0,97.0,177.0,157.0,127,159.0,159.0,187.0,163.0,247.0,227.0,250.0,300.0
5,,220.0,240.0,213.0,183.0,180.0,153.0,233.0,200.0,187.0,160.0,137.0,101.0,102.0,95.0,104,109.0,132.0,81.0,99.0,105.0,103.0,119.0,109.0
6,,115.0,95.0,113.0,72.0,84.0,88.0,113.0,92.0,92.0,101.0,119.0,108.0,96.0,107.0,164,,,,,,,,
7,,,,,,,,,,108.0,108.0,115.0,103.0,103.0,107.0,104,103.0,102.0,116.0,111.0,83.0,92.0,103.0,193.0
8,,135.0,102.0,89.0,101.0,107.0,86.0,92.0,107.0,103.0,117.0,127.0,101.0,100.0,101.0,92,95.0,98.0,101.0,103.0,104.0,106.0,129.0,178.0
9,,169.0,143.0,129.0,114.0,117.0,227.0,143.0,163.0,25.0,130.0,111.0,113.0,104.0,116.0,115,92.0,101.0,84.0,108.0,123.0,95.0,85.0,
10,72.0,109.0,112.0,119.0,127.0,101.0,117.0,250.0,88.0,102.0,106.0,106.0,106.0,107.0,108.0,155,139.0,146.0,135.0,149.0,146.0,,105.0,124.0
11,,134.0,112.0,134.0,183.0,119.0,138.0,155.0,149.0,145.0,116.0,123.0,105.0,96.0,140.0,144,133.0,179.0,107.0,238.0,179.0,191.0,193.0,206.0
12,,259.0,185.0,170.0,293.0,247.0,244.0,191.0,137.0,142.0,,94.0,95.0,105.0,115.0,112,109.0,112.0,112.0,124.0,148.0,129.0,138.0,122.0
13,,156.0,158.0,,136.0,131.0,,120.0,126.0,,130.0,131.0,80.0,,57.0,60,84.0,112.0,105.0,81.0,169.0,140.0,107.0,148.0
14,165.0,173.0,162.0,173.0,157.0,100.0,130.0,114.0,104.0,92.0,,,,94.0,100.0,95,102.0,108.0,129.0,210.0,192.0,152.0,131.0,120.0
15,,116.0,115.0,119.0,129.0,89.0,64.0,86.0,78.0,66.0,101.0,100.0,92.0,92.0,99.0,105,107.0,124.0,115.0,166.0,177.0,153.0,171.0,157.0
16,,105.0,92.0,85.0,72.0,78.0,85.0,96.0,90.0,92.0,90.0,123.0,98.0,101.0,119.0,106,112.0,110.0,114.0,112.0,114.0,116.0,118.0,118.0
17,,101.0,111.0,68.0,124.0,80.0,72.0,82.0,95.0,90.0,95.0,105.0,105.0,97.0,70.0,90,101.0,103.0,106.0,102.0,107.0,109.0,115.0,119.0
18,,223.0,147.0,213.0,233.0,188.0,217.0,346.0,193.0,134.0,129.0,111.0,72.0,42.0,75.0,72,102.0,114.0,68.0,103.0,112.0,292.0,251.0,334.0
19,,247.0,248.0,218.0,155.0,167.0,,,,,,,73.0,95.0,212.0,132,453.0,290.0,352.0,145.0,401.0,369.0,205.0,141.0
20,,115.0,113.0,129.0,116.0,129.0,111.0,129.0,197.0,216.0,411.0,342.0,293.0,306.0,210.0,171,105.0,103.0,101.0,,109.0,98.0,101.0,100.0
21,,76.0,75.0,72.0,72.0,72.0,78.0,80.0,82.0,102.0,125.0,133.0,144.0,121.0,141.0,105,127.0,115.0,113.0,301.0,163.0,417.0,183.0,183.0
22,,180.0,213.0,270.0,180.0,118.0,150.0,90.0,98.0,113.0,123.0,105.0,147.0,,102.0,83,105.0,98.0,115.0,121.0,109.0,88.0,95.0,107.0
23,,77.0,70.0,78.0,98.0,100.0,101.0,101.0,101.0,101.0,101.0,85.0,128.0,101.0,77.0,83,75.0,70.0,82.0,94.0,118.0,110.0,101.0,103.0
24,,141.0,109.0,,65.0,65.0,70.0,59.0,105.0,104.0,92.0,141.0,,90.0,85.0,78,83.0,88.0,92.0,95.0,106.0,272.0,369.0,329.0
25,,127.0,94.0,129.0,72.0,75.0,80.0,80.0,86.0,107.0,,95.0,145.0,169.0,165.0,141,137.0,173.0,132.0,126.0,97.0,95.0,79.0,82.0
26,,70.0,,60.0,66.0,62.0,59.0,62.0,81.0,107.0,88.0,126.0,132.0,131.0,102.0,160,89.0,109.0,94.0,94.0,175.0,152.0,106.0,108.0
27,,127.0,240.0,96.0,62.0,56.0,77.0,80.0,,,,,,107.0,151.0,83,62.0,118.0,72.0,85.0,193.0,118.0,88.0,86.0
28,97.0,91.0,,,,,,,,,,,,,,104,252.0,104.0,94.0,177.0,190.0,230.0,273.0,434.0
29,368.0,378.0,378.0,129.0,127.0,124.0,121.0,267.0,217.0,113.0,243.0,376.0,401.0,366.0,309.0,309,474.0,98.0,104.0,103.0,105.0,104.0,101.0,112.0
30,95.0,45.0,70.0,90.0,133.0,140.0,75.0,102.0,112.0,105.0,112.0,115.0,130.0,115.0,113.0,99,95.0,129.0,134.0,181.0,301.0,192.0,209.0,112.0
31,101.0,105.0,91.0,60.0,88.0,70.0,85.0,105.0,102.0,117.0,193.0,84.0,90.0,72.0,140.0,86,97.0,127.0,102.0,107.0,112.0,109.0,127.0,110.0
"
"
August-2022,00:00:00,01:00:00,02:00:00,03:00:00,04:00:00,05:00:00,06:00:00,07:00:00,08:00:00,09:00:00,10:00:00,11:00:00,12:00:00,13:00:00,14:00:00,15:00:00,16:00:00,17:00:00,18:00:00,19:00:00,20:00:00,21:00:00,22:00:00,23:00:00
1,101.0,147.0,243.0,167.0,101.0,100.0,149.0,118.0,118.0,99.0,85.0,101.0,100.0,102.0,114.0,179.0,183.0,191.0,66.0,105.0,116.0,130.0,165.0,160.0
2,159.0,133.0,102.0,92.0,101.0,123.0,149.0,174.0,194.0,172.0,159.0,135.0,177.0,248.0,254.0,466.0,467.0,469.0,470.0,399.0,485.0,500.0,474.0,327.0
3,309.0,287.0,468.0,221.0,356.0,287.0,320.0,453.0,412.0,439.0,268.0,150.0,268.0,126.0,105.0,145.0,135.0,133.0,126.0,,,,180.0,215.0
4,172.0,176.0,160.0,136.0,102.0,116.0,133.0,182.0,164.0,162.0,126.0,80.0,78.0,97.0,110.0,145.0,177.0,123.0,72.0,90.0,101.0,104.0,105.0,
5,100.0,70.0,,70.0,,,85.0,,101.0,,,106.0,102.0,,,109.0,,,,130.0,129.0,242.0,,190.0
6,170.0,250.0,137.0,90.0,,88.0,83.0,169.0,,,,,78.0,103.0,184.0,178.0,426.0,,,,,,,
7,233.0,,,213.0,,250.0,276.0,,233.0,267.0,227.0,,68.0,,75.0,75.0,75.0,75.0,75.0,78.0,81.0,115.0,115.0,101.0
8,138.0,75.0,103.0,118.0,115.0,148.0,143.0,162.0,147.0,123.0,115.0,,119.0,118.0,,,184.0,88.0,,,209.0,137.0,,165.0
9,212.0,145.0,,,,,,,,100.0,,91.0,,116.0,114.0,,85.0,119.0,103.0,,,,134.0,192.0
10,,,405.0,,,145.0,,146.0,105.0,,,105.0,75.0,90.0,,96.0,,167.0,,114.0,,96.0,,
11,,,,62.0,74.0,55.0,,,,,68.0,68.0,,,,85.0,77.0,82.0,75.0,91.0,240.0,173.0,142.0,135.0
12,,124.0,109.0,151.0,124.0,78.0,,,,,,,,,,,,,,,101.0,95.0,119.0,90.0
13,95.0,65.0,70.0,65.0,65.0,70.0,100.0,131.0,95.0,78.0,90.0,70.0,96.0,94.0,99.0,118.0,97.0,95.0,90.0,116.0,77.0,88.0,119.0,171.0
14,175.0,159.0,86.0,80.0,135.0,103.0,197.0,404.0,362.0,350.0,277.0,344.0,354.0,241.0,183.0,388.0,266.0,72.0,80.0,88.0,92.0,105.0,85.0,124.0
15,94.0,105.0,124.0,70.0,95.0,103.0,73.0,103.0,141.0,90.0,117.0,72.0,73.0,68.0,62.0,112.0,75.0,196.0,181.0,101.0,80.0,90.0,100.0,133.0
16,111.0,70.0,78.0,78.0,68.0,65.0,66.0,119.0,86.0,77.0,86.0,92.0,107.0,125.0,80.0,67.0,108.0,114.0,97.0,70.0,70.0,80.0,78.0,68.0
17,60.0,70.0,65.0,62.0,65.0,65.0,70.0,65.0,58.0,83.0,70.0,72.0,74.0,70.0,78.0,72.0,68.0,,68.0,70.0,88.0,72.0,82.0,78.0
18,83.0,109.0,69.0,126.0,75.0,70.0,75.0,124.0,123.0,150.0,160.0,182.0,292.0,222.0,145.0,206.0,288.0,312.0,314.0,301.0,326.0,249.0,378.0,271.0
19,270.0,336.0,239.0,199.0,104.0,72.0,82.0,116.0,221.0,194.0,193.0,289.0,293.0,358.0,200.0,193.0,224.0,240.0,255.0,360.0,288.0,261.0,234.0,193.0
20,339.0,202.0,196.0,195.0,160.0,142.0,199.0,133.0,167.0,137.0,255.0,444.0,262.0,213.0,157.0,80.0,92.0,102.0,155.0,206.0,186.0,184.0,187.0,283.0
21,196.0,183.0,315.0,118.0,109.0,141.0,189.0,271.0,247.0,,192.0,175.0,,229.0,306.0,,437.0,351.0,195.0,277.0,289.0,195.0,226.0,320.0
22,224.0,165.0,133.0,108.0,117.0,129.0,145.0,238.0,185.0,171.0,116.0,,79.0,96.0,114.0,137.0,105.0,114.0,91.0,74.0,83.0,99.0,133.0,139.0
23,105.0,105.0,81.0,70.0,74.0,79.0,,109.0,115.0,,122.0,122.0,97.0,119.0,150.0,157.0,115.0,118.0,79.0,65.0,75.0,70.0,70.0,83.0
24,97.0,60.0,62.0,60.0,62.0,65.0,68.0,64.0,90.0,74.0,70.0,70.0,62.0,60.0,70.0,79.0,105.0,72.0,81.0,75.0,75.0,80.0,83.0,105.0
25,116.0,86.0,62.0,65.0,72.0,85.0,101.0,142.0,233.0,168.0,162.0,152.0,81.0,256.0,314.0,335.0,140.0,193.0,322.0,308.0,396.0,265.0,263.0,289.0
26,376.0,327.0,181.0,153.0,163.0,159.0,145.0,304.0,416.0,360.0,215.0,254.0,200.0,229.0,308.0,301.0,342.0,252.0,193.0,268.0,290.0,230.0,223.0,293.0
27,266.0,160.0,120.0,83.0,62.0,108.0,118.0,255.0,406.0,262.0,235.0,322.0,201.0,295.0,267.0,385.0,342.0,414.0,381.0,388.0,321.0,262.0,228.0,216.0
28,276.0,155.0,129.0,123.0,88.0,112.0,133.0,211.0,311.0,279.0,266.0,322.0,227.0,277.0,263.0,355.0,344.0,260.0,319.0,348.0,336.0,262.0,321.0,340.0
29,348.0,215.0,181.0,149.0,90.0,126.0,159.0,229.0,,271.0,281.0,402.0,263.0,250.0,216.0,279.0,339.0,320.0,244.0,181.0,107.0,59.0,88.0,68.0
30,196.0,204.0,101.0,118.0,67.0,84.0,111.0,187.0,193.0,286.0,167.0,200.0,277.0,248.0,113.0,109.0,246.0,413.0,250.0,326.0,161.0,134.0,204.0,364.0
31,,,,,,,,,,262.0,209.0,,279.0,300.0,281.0,262.0,336.0,233.0,232.0,246.0,191.0,195.0,244.0,361.0
"
"
September-2022,00:00:00,01:00:00,02:00:00,03:00:00,04:00:00,05:00:00,06:00:00,07:00:00,08:00:00,09:00:00,10:00:00,11:00:00,12:00:00,13:00:00,14:00:00,15:00:00,16:00:00,17:00:00,18:00:00,19:00:00,20:00:00,21:00:00,22:00:00,23:00:00
1,452.0,462,462.0,289.0,171.0,107.0,166.0,448.0,421.0,396,454,281.0,223.0,195,200,370.0,276.0,209.0,213,227.0,292.0,330,432,454
2,,276,55.0,70.0,70.0,127.0,157.0,130.0,137.0,28,110,117.0,93.0,87,83,84.0,111.0,128.0,147,150.0,183.0,273,318,277
3,263.0,252,174.0,145.0,145.0,143.0,193.0,416.0,440.0,375,261,339.0,262.0,233,290,321.0,418.0,312.0,395,402.0,395.0,421,414,422
4,466.0,482,,,,,,,411.0,405,336,276.0,228.0,237,168,,,170.0,131,189.0,,149,146,179
5,213.0,311,341.0,169.0,148.0,147.0,137.0,395.0,459.0,376,255,320.0,241.0,206,168,218.0,202.0,,185,,249.0,230,205,263
6,197.0,301,130.0,133.0,200.0,193.0,196.0,405.0,,304,318,352.0,267.0,329,314,293.0,257.0,191.0,229,218.0,216.0,329,211,235
7,199.0,166,142.0,228.0,298.0,221.0,171.0,284.0,284.0,197,240,408.0,197.0,234,196,194.0,192.0,226.0,201,192.0,178.0,171,203,221
8,183.0,283,167.0,162.0,166.0,131.0,118.0,207.0,255.0,197,153,144.0,150.0,188,186,175.0,188.0,121.0,182,205.0,235.0,210,230,140
9,127.0,112,126.0,114.0,117.0,137.0,95.0,113.0,143.0,177,140,122.0,124.0,109,160,129.0,155.0,133.0,90,121.0,118.0,107,116,109
10,133.0,137,85.0,103.0,113.0,113.0,170.0,147.0,137.0,137,103,119.0,112.0,241,120,108.0,117.0,101.0,61,75.0,77.0,69,123,111
11,89.0,72,61.0,63.0,66.0,69.0,94.0,92.0,74.0,59,57,61.0,89.0,90,116,68.0,62.0,72.0,61,63.0,76.0,97,133,109
12,91.0,80,80.0,60.0,69.0,73.0,101.0,59.0,66.0,67,59,75.0,80.0,112,115,73.0,64.0,66.0,66,64.0,74.0,85,164,153
13,200.0,213,102.0,118.0,51.0,77.0,78.0,90.0,56.0,64,57,61.0,68.0,89,99,78.0,72.0,64.0,61,58.0,85.0,79,112,129
14,107.0,95,54.0,55.0,58.0,57.0,84.0,111.0,116.0,80,55,77.0,111.0,83,127,126.0,99.0,60.0,51,57.0,57.0,60,88,108
15,62.0,62,110.0,56.0,101.0,96.0,78.0,109.0,108.0,100,89,70.0,120.0,166,137,116.0,56.0,55.0,53,57.0,56.0,70,56,57
16,57.0,62,46.0,57.0,57.0,59.0,65.0,56.0,57.0,54,53,55.0,,59,56,57.0,62.0,55.0,56,53.0,56.0,67,105,84
17,83.0,73,57.0,61.0,58.0,64.0,59.0,58.0,67.0,70,75,100.0,120.0,143,199,248.0,389.0,429.0,301,294.0,326.0,195,157,107
18,104.0,91,344.0,163.0,233.0,370.0,139.0,144.0,175.0,265,195,,403.0,311,340,413.0,402.0,441.0,439,438.0,419.0,429,416,430
19,500.0,500,469.0,170.0,253.0,215.0,320.0,446.0,434.0,421,412,424.0,425.0,411,416,440.0,466.0,444.0,441,423.0,440.0,413,325,254
20,368.0,500,500.0,403.0,415.0,419.0,403.0,398.0,364.0,246,155,121.0,181.0,230,233,178.0,129.0,145.0,233,249.0,416.0,358,352,391
21,185.0,418,192.0,129.0,171.0,177.0,153.0,361.0,435.0,326,165,196.0,210.0,167,183,61.0,64.0,80.0,104,81.0,95.0,130,115,133
22,61.0,49,46.0,40.0,66.0,89.0,102.0,129.0,,60,55,,79.0,54,79,68.0,48.0,51.0,59,54.0,78.0,68,84,81
23,52.0,41,48.0,47.0,47.0,40.0,42.0,48.0,59.0,74,68,78.0,71.0,92,85,93.0,98.0,81.0,68,85.0,87.0,78,66,104
24,54.0,66,48.0,28.0,73.0,56.0,67.0,104.0,52.0,62,42,37.0,50.0,68,48,69.0,56.0,55.0,51,60.0,80.0,82,78,85
25,72.0,43,40.0,42.0,48.0,46.0,45.0,56.0,78.0,57,60,80.0,85.0,67,96,99.0,89.0,95.0,80,94.0,92.0,149,168,179
26,135.0,137,120.0,92.0,144.0,162.0,186.0,283.0,177.0,167,277,210.0,199.0,156,191,84.0,90.0,256.0,252,278.0,290.0,285,271,370
27,232.0,340,296.0,185.0,197.0,185.0,131.0,422.0,414.0,378,270,405.0,352.0,296,340,420.0,402.0,413.0,416,424.0,414.0,470,430,445
28,457.0,476,439.0,435.0,426.0,455.0,479.0,500.0,500.0,432,407,449.0,436.0,409,423,419.0,418.0,404.0,436,426.0,422.0,443,440,447
29,500.0,500,448.0,451.0,460.0,500.0,492.0,473.0,500.0,463,449,430.0,436.0,431,376,425.0,428.0,424.0,435,424.0,434.0,438,448,444
30,413.0,432,425.0,430.0,248.0,388.0,362.0,472.0,500.0,476,465,498.0,430.0,422,422,438.0,464.0,433.0,428,431.0,468.0,433,426,459
"
"
October-2022,00:00:00,01:00:00,02:00:00,03:00:00,04:00:00,05:00:00,06:00:00,07:00:00,08:00:00,09:00:00,10:00:00,11:00:00,12:00:00,13:00:00,14:00:00,15:00:00,16:00:00,17:00:00,18:00:00,19:00:00,20:00:00,21:00:00,22:00:00,23:00:00
1,500.0,425.0,289.0,340.0,273.0,435.0,315.0,500.0,500.0,458.0,464.0,428.0,426,455,376.0,431.0,428.0,465,429.0,418.0,500.0,476.0,464.0,500.0
2,342.0,500.0,491.0,444.0,457.0,417.0,366.0,500.0,500.0,478.0,428.0,463.0,478,418,409.0,434.0,382.0,390,328.0,420.0,407.0,384.0,430.0,443.0
3,434.0,340.0,232.0,194.0,182.0,171.0,245.0,455.0,500.0,500.0,414.0,425.0,432,428,412.0,436.0,425.0,390,396.0,400.0,416.0,381.0,404.0,402.0
4,435.0,215.0,166.0,146.0,145.0,130.0,155.0,344.0,476.0,500.0,418.0,433.0,445,368,251.0,340.0,371.0,401,493.0,408.0,427.0,500.0,500.0,500.0
5,330.0,469.0,407.0,334.0,340.0,329.0,305.0,440.0,430.0,375.0,416.0,348.0,426,403,352.0,446.0,147.0,146,126.0,84.0,110.0,137.0,135.0,262.0
6,141.0,88.0,67.0,80.0,72.0,75.0,65.0,72.0,75.0,78.0,75.0,85.0,89,80,97.0,107.0,64.0,69,88.0,60.0,62.0,60.0,63.0,86.0
7,85.0,68.0,70.0,80.0,80.0,90.0,90.0,80.0,70.0,70.0,70.0,85.0,85,80,88.0,119.0,84.0,127,118.0,98.0,90.0,100.0,82.0,88.0
8,80.0,68.0,,,,,,,,82.0,78.0,82.0,95,88,92.0,92.0,75.0,62,41.0,43.0,39.0,49.0,,22.0
9,29.0,84.0,25.0,51.0,43.0,53.0,25.0,74.0,31.0,73.0,61.0,40.0,32,45,111.0,,,17,,109.0,42.0,72.0,111.0,44.0
10,122.0,91.0,33.0,54.0,115.0,15.0,25.0,27.0,33.0,64.0,39.0,80.0,40,39,36.0,63.0,38.0,74,51.0,64.0,51.0,45.0,52.0,41.0
11,40.0,52.0,45.0,45.0,52.0,50.0,35.0,35.0,52.0,66.0,82.0,71.0,89,98,91.0,54.0,63.0,51,114.0,155.0,149.0,185.0,182.0,277.0
12,307.0,302.0,328.0,335.0,368.0,361.0,270.0,230.0,233.0,305.0,312.0,305.0,280,77,173.0,185.0,215.0,256,330.0,388.0,369.0,424.0,412.0,315.0
13,260.0,355.0,181.0,206.0,304.0,318.0,206.0,494.0,465.0,88.0,227.0,380.0,369,276,252.0,342.0,342.0,274,352.0,407.0,434.0,468.0,463.0,418.0
14,406.0,449.0,283.0,325.0,319.0,267.0,289.0,500.0,491.0,426.0,366.0,456.0,341,412,276.0,408.0,352.0,407,,,,,,
15,,,,,,,,,,,,,433,370,265.0,368.0,434.0,398,489.0,500.0,500.0,322.0,500.0,500.0
16,368.0,500.0,482.0,396.0,429.0,385.0,408.0,500.0,375.0,436.0,453.0,451.0,318,361,273.0,294.0,418.0,412,440.0,500.0,314.0,349.0,352.0,372.0
17,386.0,500.0,469.0,411.0,425.0,486.0,460.0,500.0,99.0,169.0,422.0,500.0,415,372,250.0,227.0,422.0,463,,,322.0,353.0,350.0,348.0
18,395.0,378.0,500.0,497.0,412.0,409.0,418.0,500.0,500.0,441.0,455.0,461.0,156,428,412.0,376.0,330.0,424,445.0,308.0,339.0,388.0,414.0,
19,,,,,,,,,500.0,500.0,408.0,420.0,156,177,175.0,241.0,371.0,249,425.0,484.0,500.0,365.0,500.0,405.0
20,500.0,368.0,368.0,411.0,439.0,419.0,360.0,500.0,500.0,500.0,368.0,410.0,404,270,267.0,234.0,390.0,210,314.0,305.0,435.0,455.0,500.0,500.0
21,418.0,417.0,428.0,313.0,401.0,453.0,455.0,476.0,443.0,402.0,308.0,405.0,388,425,274.0,328.0,240.0,239,282.0,441.0,500.0,355.0,500.0,472.0
22,483.0,468.0,462.0,446.0,441.0,426.0,418.0,493.0,495.0,480.0,430.0,448.0,348,374,334.0,341.0,282.0,299,290.0,315.0,422.0,429.0,454.0,436.0
23,415.0,319.0,207.0,250.0,314.0,441.0,482.0,500.0,500.0,,416.0,439.0,371,412,401.0,309.0,232.0,304,251.0,418.0,500.0,500.0,500.0,500.0
24,500.0,500.0,,358.0,323.0,358.0,348.0,453.0,453.0,432.0,403.0,432.0,385,352,315.0,287.0,358.0,245,211.0,259.0,328.0,384.0,432.0,486.0
25,500.0,500.0,500.0,462.0,362.0,318.0,313.0,405.0,319.0,361.0,260.0,310.0,290,260,349.0,326.0,126.0,354,300.0,289.0,421.0,407.0,447.0,469.0
26,413.0,407.0,411.0,382.0,342.0,316.0,318.0,376.0,424.0,332.0,245.0,374.0,439,356,,,308.0,250,282.0,334.0,447.0,500.0,490.0,497.0
27,156.0,500.0,500.0,474.0,454.0,417.0,437.0,443.0,453.0,455.0,477.0,405.0,497,352,349.0,380.0,362.0,349,311.0,431.0,500.0,500.0,500.0,500.0
28,500.0,500.0,426.0,414.0,477.0,476.0,478.0,500.0,500.0,500.0,454.0,453.0,410,456,459.0,458.0,441.0,403,374.0,451.0,500.0,500.0,500.0,500.0
29,488.0,446.0,424.0,421.0,424.0,438.0,444.0,485.0,500.0,458.0,468.0,499.0,500,446,424.0,427.0,330.0,406,458.0,485.0,500.0,500.0,500.0,500.0
30,500.0,500.0,500.0,482.0,500.0,494.0,500.0,487.0,451.0,500.0,428.0,451.0,350,332,324.0,395.0,416.0,413,405.0,446.0,500.0,489.0,472.0,490.0
31,484.0,493.0,475.0,458.0,466.0,422.0,421.0,423.0,407.0,369.0,346.0,362.0,420,389,394.0,415.0,,438,452.0,,472.0,495.0,500.0,500.0
"
"
November-2022,00:00:00,01:00:00,02:00:00,03:00:00,04:00:00,05:00:00,06:00:00,07:00:00,08:00:00,09:00:00,10:00:00,11:00:00,12:00:00,13:00:00,14:00:00,15:00:00,16:00:00,17:00:00,18:00:00,19:00:00,20:00:00,21:00:00,22:00:00,23:00:00
1,500.0,500.0,500.0,500.0,500.0,492.0,451.0,450.0,458,469.0,440.0,433.0,385.0,402.0,408.0,376.0,335.0,317.0,304.0,468.0,465.0,418.0,430.0,421.0
2,431.0,440.0,424.0,435.0,411.0,413.0,402.0,454.0,440,419.0,416.0,438.0,437.0,423.0,449.0,415.0,413.0,445.0,408.0,422.0,445.0,468.0,487.0,500.0
3,500.0,488.0,444.0,487.0,,500.0,500.0,,500,,500.0,,489.0,482.0,500.0,,430.0,387.0,412.0,,436.0,470.0,476.0,
4,500.0,500.0,482.0,489.0,486.0,500.0,490.0,448.0,465,463.0,478.0,,484.0,493.0,452.0,441.0,459.0,457.0,439.0,442.0,391.0,406.0,381.0,375.0
5,413.0,351.0,359.0,354.0,341.0,323.0,337.0,330.0,328,340.0,340.0,342.0,342.0,371.0,347.0,322.0,325.0,331.0,328.0,301.0,348.0,356.0,353.0,356.0
6,345.0,325.0,318.0,303.0,325.0,333.0,396.0,361.0,335,335.0,316.0,280.0,220.0,318.0,333.0,339.0,327.0,315.0,317.0,309.0,324.0,395.0,427.0,419.0
7,438.0,414.0,376.0,383.0,376.0,384.0,400.0,420.0,365,365.0,355.0,,,305.0,342.0,317.0,250.0,,326.0,,412.0,420.0,412.0,
8,,,,,,,,,380,369.0,335.0,348.0,344.0,,386.0,,,,,370.0,371.0,426.0,428.0,428.0
9,253.0,152.0,156.0,233.0,,283.0,277.0,416.0,380,307.0,,293.0,183.0,160.0,137.0,163.0,200.0,335.0,318.0,320.0,421.0,421.0,454.0,436.0
10,466.0,479.0,500.0,480.0,492.0,442.0,408.0,385.0,340,331.0,322.0,451.0,303.0,422.0,338.0,338.0,315.0,256.0,388.0,437.0,394.0,418.0,382.0,406.0
11,467.0,426.0,423.0,434.0,442.0,419.0,414.0,420.0,443,465.0,,391.0,316.0,243.0,430.0,274.0,171.0,159.0,165.0,261.0,306.0,402.0,380.0,398.0
12,305.0,408.0,443.0,429.0,428.0,420.0,405.0,402.0,406,403.0,476.0,366.0,318.0,321.0,322.0,223.0,85.0,297.0,215.0,405.0,432.0,411.0,422.0,470.0
13,421.0,401.0,308.0,362.0,365.0,372.0,,425.0,441,389.0,349.0,421.0,315.0,293.0,319.0,290.0,191.0,183.0,232.0,385.0,401.0,463.0,468.0,
14,500.0,500.0,453.0,480.0,,418.0,488.0,452.0,500,,,293.0,326.0,327.0,,217.0,190.0,166.0,211.0,411.0,407.0,341.0,270.0,273.0
15,250.0,293.0,293.0,308.0,405.0,306.0,319.0,200.0,277,253.0,267.0,268.0,171.0,179.0,197.0,305.0,307.0,207.0,199.0,271.0,408.0,426.0,447.0,470.0
16,419.0,233.0,263.0,315.0,332.0,372.0,338.0,327.0,312,270.0,335.0,355.0,329.0,283.0,149.0,164.0,173.0,107.0,111.0,125.0,183.0,325.0,334.0,335.0
17,325.0,313.0,302.0,305.0,347.0,375.0,398.0,371.0,378,358.0,318.0,227.0,306.0,253.0,307.0,189.0,145.0,137.0,117.0,174.0,213.0,300.0,405.0,403.0
18,420.0,369.0,345.0,349.0,358.0,372.0,375.0,405.0,420,467.0,413.0,436.0,339.0,230.0,185.0,164.0,162.0,138.0,135.0,293.0,368.0,410.0,411.0,422.0
19,467.0,449.0,434.0,435.0,480.0,469.0,500.0,500.0,424,411.0,395.0,445.0,345.0,325.0,217.0,203.0,161.0,178.0,193.0,434.0,464.0,493.0,459.0,433.0
20,479.0,453.0,438.0,474.0,427.0,380.0,454.0,467.0,421,420.0,469.0,418.0,318.0,257.0,293.0,213.0,181.0,177.0,181.0,410.0,432.0,457.0,477.0,470.0
21,455.0,414.0,364.0,362.0,368.0,428.0,410.0,340.0,348,336.0,342.0,353.0,381.0,353.0,317.0,237.0,199.0,184.0,215.0,445.0,441.0,426.0,446.0,434.0
22,430.0,405.0,328.0,322.0,330.0,337.0,329.0,314.0,310,313.0,350.0,454.0,250.0,233.0,233.0,187.0,169.0,182.0,147.0,218.0,318.0,395.0,433.0,443.0
23,441.0,422.0,362.0,293.0,305.0,320.0,317.0,411.0,410,371.0,398.0,327.0,317.0,221.0,250.0,239.0,285.0,184.0,187.0,,,,,
24,,,,,,,,,293,420.0,250.0,233.0,230.0,193.0,182.0,207.0,175.0,173.0,222.0,274.0,388.0,429.0,422.0,443.0
25,497.0,500.0,500.0,486.0,474.0,443.0,379.0,409.0,414,424.0,500.0,374.0,358.0,333.0,358.0,326.0,327.0,307.0,305.0,318.0,415.0,418.0,391.0,441.0
26,434.0,436.0,500.0,431.0,380.0,386.0,388.0,352.0,418,455.0,360.0,408.0,375.0,335.0,312.0,277.0,240.0,213.0,277.0,419.0,422.0,437.0,455.0,449.0
27,462.0,,451.0,480.0,500.0,442.0,386.0,381.0,423,428.0,416.0,414.0,382.0,335.0,270.0,203.0,200.0,207.0,213.0,407.0,436.0,447.0,471.0,470.0
28,500.0,500.0,500.0,500.0,500.0,471.0,430.0,408.0,421,421.0,430.0,423.0,474.0,418.0,352.0,283.0,308.0,273.0,244.0,411.0,480.0,463.0,459.0,500.0
29,500.0,500.0,500.0,500.0,477.0,480.0,500.0,492.0,456,472.0,477.0,459.0,445.0,343.0,337.0,322.0,306.0,305.0,394.0,442.0,443.0,453.0,490.0,500.0
30,500.0,500.0,500.0,474.0,477.0,460.0,414.0,407.0,412,389.0,428.0,477.0,445.0,159.0,367.0,347.0,336.0,301.0,297.0,402.0,413.0,470.0,482.0,500.0
"
"
December-2022,00:00:00,01:00:00,02:00:00,03:00:00,04:00:00,05:00:00,06:00:00,07:00:00,08:00:00,09:00:00,10:00:00,11:00:00,12:00:00,13:00:00,14:00:00,15:00:00,16:00:00,17:00:00,18:00:00,19:00:00,20:00:00,21:00:00,22:00:00,23:00:00
1,500,500,500,500,444,500,473.0,432,427,430,421,390.0,389,365,337,318,358,325.0,328,410.0,405.0,382.0,432.0,445.0
2,500,458,449,429,411,388,,368,406,362,403,500.0,368,361,351,305,302,303.0,306,396.0,,443.0,466.0,500.0
3,500,500,498,470,437,434,466.0,444,447,484,478,368.0,317,333,335,341,352,334.0,375,,,,447.0,463.0
4,500,493,500,500,500,500,471.0,472,500,460,461,472.0,442,370,338,329,240,283.0,304,325.0,400.0,414.0,390.0,456.0
5,500,500,491,410,406,406,367.0,408,368,369,401,382.0,366,374,290,301,197,283.0,303,370.0,419.0,431.0,450.0,461.0
6,406,429,378,446,414,392,383.0,346,342,409,358,410.0,371,356,348,342,331,305.0,200,311.0,339.0,352.0,382.0,378.0
7,355,325,318,330,319,317,321.0,316,315,328,338,338.0,323,312,302,240,167,161.0,167,217.0,311.0,339.0,345.0,348.0
8,362,353,365,335,360,332,325.0,322,313,331,335,342.0,333,303,267,210,150,177.0,217,290.0,350.0,381.0,417.0,500.0
9,500,477,444,414,430,407,409.0,358,318,325,333,329.0,335,312,302,157,197,217.0,200,302.0,366.0,419.0,415.0,443.0
10,500,500,500,500,500,481,500.0,494,442,440,463,469.0,464,405,396,326,302,160.0,190,305.0,328.0,362.0,413.0,412.0
11,416,471,500,419,432,364,362.0,330,342,345,355,344.0,325,287,277,247,220,153.0,177,290.0,375.0,328.0,325.0,375.0
12,323,300,355,357,312,358,309.0,163,287,293,310,297.0,305,270,233,144,153,138.0,132,205.0,263.0,314.0,301.0,323.0
13,306,283,160,177,407,322,207.0,193,142,173,220,181.0,177,210,201,263,267,,148,165.0,181.0,163.0,159.0,157.0
14,137,492,301,257,290,207,210.0,213,180,263,267,250.0,263,187,163,159,179,145.0,141,149.0,149.0,240.0,253.0,334.0
15,367,355,318,335,336,309,230.0,180,207,207,294,213.0,157,159,135,126,118,116.0,133,164.0,290.0,309.0,323.0,321.0
16,480,414,440,357,363,293,312.0,317,308,293,290,310.0,305,290,270,243,217,240.0,233,250.0,325.0,390.0,414.0,500.0
17,500,500,500,500,487,417,404.0,368,340,366,360,345.0,338,333,315,250,283,316.0,179,277.0,308.0,402.0,417.0,500.0
18,500,500,500,500,500,500,453.0,395,382,380,398,480.0,414,409,408,414,401,411.0,392,414.0,480.0,500.0,500.0,500.0
19,500,500,500,500,500,500,498.0,493,453,443,439,453.0,455,439,338,355,309,315.0,302,350.0,438.0,466.0,485.0,500.0
20,481,468,477,449,477,493,423.0,426,406,401,407,421.0,436,428,398,372,257,309.0,209,390.0,420.0,433.0,433.0,
21,398,377,379,335,346,380,421.0,459,451,355,324,315.0,320,330,355,345,318,358.0,374,422.0,441.0,447.0,455.0,500.0
22,486,449,418,352,330,311,358.0,304,297,313,412,440.0,465,469,459,458,437,461.0,480,472.0,500.0,448.0,,500.0
23,422,407,391,431,404,364,342.0,342,303,277,314,328.0,360,373,346,340,181,210.0,260,334.0,434.0,410.0,443.0,456.0
24,449,414,405,380,380,353,358.0,353,342,340,358,400.0,384,338,312,308,159,173.0,195,260.0,331.0,353.0,388.0,457.0
25,378,368,348,338,349,349,356.0,366,375,346,355,366.0,395,398,377,368,302,329.0,329,318.0,345.0,358.0,398.0,414.0
26,389,405,362,364,358,348,334.0,300,247,315,321,,404,427,433,425,396,419.0,438,445.0,414.0,429.0,453.0,487.0
27,444,460,447,435,431,393,378.0,364,247,319,342,355.0,385,388,454,332,227,217.0,205,331.0,382.0,408.0,396.0,421.0
28,401,400,385,378,380,403,401.0,386,104,317,354,409.0,362,328,287,199,218,167.0,174,246.0,403.0,454.0,402.0,425.0
29,403,388,388,410,362,342,340.0,342,338,322,315,410.0,337,336,332,338,312,303.0,328,429.0,401.0,414.0,422.0,416.0
30,401,411,441,378,383,375,386.0,379,385,407,399,402.0,393,367,350,332,308,328.0,344,378.0,418.0,444.0,483.0,498.0
31,500,500,500,483,456,423,393.0,378,371,342,290,301.0,270,297,263,203,193,183.0,207,243.0,305.0,305.0,287.0,338.0
"
"
Year,2023
January-2023,00:00:00,01:00:00,02:00:00,03:00:00,04:00:00,05:00:00,06:00:00,07:00:00,08:00:00,09:00:00,10:00:00,11:00:00,12:00:00,13:00:00,14:00:00,15:00:00,16:00:00,17:00:00,18:00:00,19:00:00,20:00:00,21:00:00,22:00:00,23:00:00
1,308,322.0,216.0,319.0,351.0,305.0,320.0,348.0,325,320,293,325.0,321,304,300,230,200,213,183.0,173.0,321.0,405,416,452.0
2,500,472.0,412.0,408.0,402.0,382.0,434.0,430.0,388,398,412,405.0,414,418,392,352,358,348,355.0,352.0,367.0,378,388,423.0
3,405,413.0,460.0,462.0,435.0,423.0,403.0,395.0,389,380,382,419.0,395,405,411,407,419,416,410.0,382.0,378.0,405,440,436.0
4,429,461.0,425.0,420.0,431.0,398.0,355.0,342.0,357,302,310,346.0,431,362,365,380,384,393,408.0,356.0,411.0,466,444,465.0
5,436,500.0,500.0,500.0,378.0,373.0,350.0,348.0,358,418,500,481.0,472,443,453,431,416,388,391.0,412.0,461.0,487,500,500.0
6,500,493.0,492.0,453.0,441.0,429.0,407.0,411.0,392,394,402,432.0,474,472,486,475,468,461,421.0,393.0,443.0,486,500,500.0
7,500,500.0,500.0,500.0,439.0,406.0,428.0,471.0,417,378,361,376.0,390,389,409,410,391,396,385.0,426.0,454.0,438,500,
8,489,499.0,500.0,500.0,500.0,429.0,425.0,398.0,388,368,373,395.0,426,421,431,454,465,432,398.0,411.0,474.0,500,500,500.0
9,500,500.0,500.0,500.0,500.0,446.0,444.0,451.0,477,436,428,479.0,500,500,500,500,500,499,,,,500,500,500.0
10,500,500.0,496.0,492.0,498.0,471.0,414.0,398.0,402,370,355,,381,408,425,407,382,398,346.0,407.0,417.0,460,500,460.0
11,463,428.0,348.0,335.0,385.0,342.0,308.0,310.0,305,315,312,324.0,345,402,458,429,403,400,406.0,406.0,391.0,353,348,362.0
12,396,374.0,391.0,392.0,403.0,401.0,370.0,363.0,358,365,379,390.0,378,377,386,366,363,361,361.0,358.0,368.0,362,362,400.0
13,407,,,,,401.0,389.0,367.0,380,394,392,401.0,394,380,348,332,335,332,342.0,335.0,401.0,416,418,394.0
14,420,427.0,402.0,425.0,398.0,382.0,388.0,386.0,358,359,367,348.0,366,337,332,319,263,250,267.0,267.0,332.0,345,338,372.0
15,356,348.0,335.0,312.0,308.0,322.0,297.0,283.0,277,250,287,500.0,217,193,205,177,168,163,163.0,171.0,279.0,352,460,458.0
16,500,500.0,479.0,500.0,500.0,451.0,345.0,408.0,500,411,442,500.0,366,311,230,193,230,257,227.0,197.0,293.0,358,416,488.0
17,487,468.0,500.0,500.0,384.0,353.0,452.0,428.0,466,461,426,396.0,398,240,181,175,160,151,150.0,186.0,243.0,380,425,500.0
18,500,,500.0,500.0,500.0,500.0,492.0,480.0,500,500,441,448.0,356,234,196,197,190,191,216.0,256.0,420.0,445,500,500.0
19,500,500.0,500.0,493.0,459.0,384.0,354.0,404.0,428,443,414,420.0,396,325,325,341,391,403,340.0,424.0,491.0,500,500,497.0
20,403,388.0,388.0,391.0,317.0,220.0,77.0,94.0,133,170,257,301.0,306,213,149,149,127,161,188.0,171.0,280.0,328,337,343.0
21,310,,,361.0,316.0,312.0,318.0,308.0,350,374,442,441.0,441,402,352,332,316,316,310.0,409.0,474.0,473,500,500.0
22,500,474.0,471.0,500.0,441.0,443.0,444.0,435.0,434,480,468,440.0,432,405,399,329,290,308,308.0,428.0,466.0,458,500,500.0
23,425,451.0,411.0,416.0,342.0,341.0,339.0,388.0,358,398,407,476.0,433,350,233,318,250,149,188.0,276.0,444.0,459,477,425.0
24,447,324.0,325.0,401.0,395.0,368.0,352.0,215.0,113,100,111,153.0,155,134,124,109,105,96,100.0,139.0,115.0,123,123,100.0
25,96,99.0,101.0,,,,,,223,217,300,305.0,322,305,257,315,325,351,342.0,323.0,322.0,317,321,331.0
26,327,323.0,318.0,326.0,334.0,365.0,372.0,351.0,349,362,344,358.0,338,335,340,332,317,313,310.0,330.0,334.0,362,326,344.0
27,315,328.0,323.0,316.0,293.0,233.0,233.0,233.0,312,267,273,250.0,217,210,210,181,180,172,166.0,170.0,179.0,247,180,362.0
28,348,378.0,342.0,328.0,317.0,304.0,302.0,305.0,322,325,312,389.0,260,303,270,250,250,217,209.0,265.0,360.0,403,406,416.0
29,407,455.0,500.0,500.0,500.0,500.0,492.0,452.0,433,410,400,370.0,384,385,386,325,357,372,394.0,398.0,403.0,342,358,398.0
30,446,410.0,420.0,351.0,240.0,277.0,157.0,90.0,80,81,76,83.0,88,75,80,75,95,103,108.0,105.0,121.0,163,406,450.0
31,455,457.0,378.0,405.0,343.0,366.0,324.0,310.0,197,220,210,256.0,243,213,219,255,224,235,216.0,169.0,162.0,160,150,152.0
"
"
February-2023,00:00:00,01:00:00,02:00:00,03:00:00,04:00:00,05:00:00,06:00:00,07:00:00,08:00:00,09:00:00,10:00:00,11:00:00,12:00:00,13:00:00,14:00:00,15:00:00,16:00:00,17:00:00,18:00:00,19:00:00,20:00:00,21:00:00,22:00:00,23:00:00
1,167.0,167,263,270,197.0,197.0,220.0,230.0,243.0,309.0,296,251,315,361,361,312,288,241,248,342,245,441,374.0,278.0
2,321.0,317,338,308,297.0,270.0,312.0,301.0,385.0,341.0,412,396,329,305,290,287,246,299,341,272,276,277,321.0,429.0
3,448.0,439,427,240,308.0,339.0,381.0,481.0,359.0,457.0,459,430,401,289,289,221,193,185,234,405,500,358,500.0,375.0
4,500.0,393,500,487,459.0,328.0,309.0,466.0,500.0,500.0,463,486,403,415,368,411,319,301,329,420,500,360,377.0,380.0
5,368.0,391,458,432,317.0,277.0,146.0,237.0,355.0,428.0,395,384,308,306,292,215,195,215,217,217,422,497,484.0,394.0
6,423.0,500,464,457,500.0,500.0,484.0,481.0,500.0,500.0,389,345,280,263,280,210,193,203,177,173,277,368,340.0,490.0
7,495.0,491,472,432,369.0,481.0,454.0,459.0,439.0,485.0,437,405,388,368,65,405,375,328,232,233,335,395,381.0,295.0
8,267.0,183,183,200,194.0,166.0,165.0,406.0,482.0,500.0,456,420,410,344,239,249,250,252,237,255,412,313,500.0,490.0
9,429.0,500,428,432,325.0,301.0,318.0,477.0,500.0,331.0,299,253,257,190,182,171,163,159,126,156,170,222,211.0,181.0
10,155.0,190,257,223,187.0,157.0,167.0,200.0,223.0,263.0,290,257,217,250,180,157,189,181,169,177,192,234,250.0,311.0
11,428.0,500,500,443,453.0,402.0,358.0,404.0,447.0,463.0,346,339,415,407,421,413,402,406,361,410,298,334,309.0,304.0
12,297.0,196,192,147,130.0,140.0,135.0,172.0,325.0,388.0,305,431,256,284,330,342,224,240,218,191,153,160,181.0,187.0
13,179.0,135,137,131,127.0,104.0,105.0,129.0,141.0,175.0,239,282,356,356,448,417,289,206,267,179,155,141,135.0,149.0
14,131.0,118,140,210,237.0,250.0,123.0,161.0,418.0,300.0,223,223,240,195,169,181,171,168,166,163,183,239,239.0,203.0
15,250.0,308,323,375,345.0,325.0,233.0,205.0,246.0,298.0,304,260,270,287,200,199,199,224,177,179,196,349,221.0,
16,375.0,432,364,322,320.0,,352.0,318.0,316.0,325.0,335,430,435,390,388,417,422,437,439,395,440,487,500.0,
17,,500,500,481,,,487.0,,500.0,,486,437,391,348,313,342,314,180,227,318,424,419,446.0,500.0
18,,500,500,484,500.0,,,,,,445,413,398,359,372,362,355,200,257,301,328,440,483.0,
19,,500,500,480,388.0,378.0,438.0,373.0,356.0,348.0,381,403,386,350,328,302,325,328,338,308,319,328,422.0,441.0
20,421.0,440,403,482,443.0,474.0,437.0,419.0,395.0,390.0,402,347,342,273,257,240,253,220,223,178,192,273,260.0,305.0
21,306.0,321,311,167,160.0,243.0,267.0,308.0,302.0,304.0,310,217,270,257,212,247,287,293,267,257,300,330,348.0,397.0
22,382.0,353,333,325,329.0,333.0,333.0,350.0,345.0,372.0,397,368,394,405,410,405,309,172,170,157,259,381,336.0,352.0
23,412.0,451,411,311,,187.0,223.0,257.0,253.0,303.0,257,172,177,145,164,155,163,169,173,144,133,163,228.0,185.0
24,213.0,207,157,183,177.0,177.0,160.0,175.0,257.0,401.0,358,309,247,167,149,141,126,149,145,159,177,229,251.0,328.0
25,385.0,371,371,326,,,302.0,334.0,354.0,394.0,329,403,306,190,200,223,197,217,217,203,274,352,384.0,495.0
26,413.0,453,441,346,416.0,460.0,500.0,500.0,499.0,467.0,408,409,338,237,301,273,287,207,212,277,273,315,385.0,309.0
27,352.0,447,122,451,414.0,,,,,388.0,338,338,336,325,270,197,152,194,163,155,182,178,,
28,,301,487,365,324.0,270.0,287.0,270.0,271.0,411.0,328,315,290,137,132,336,201,209,175,149,204,223,227.0,220.0
"
"
March-2023,00:00:00,01:00:00,02:00:00,03:00:00,04:00:00,05:00:00,06:00:00,07:00:00,08:00:00,09:00:00,10:00:00,11:00:00,12:00:00,13:00:00,14:00:00,15:00:00,16:00:00,17:00:00,18:00:00,19:00:00,20:00:00,21:00:00,22:00:00,23:00:00
1,304,294,469,425,245.0,193.0,273,260,403.0,205.0,189,224,194,142,147,171,177,157,147.0,175.0,293,362,358,441
2,453,369,401,338,321.0,250.0,336,464,325.0,319.0,306,416,243,223,197,168,145,113,169.0,153.0,186,289,255,234
3,174,243,230,338,293.0,,150,180,182.0,369.0,249,213,182,144,152,149,170,169,159.0,152.0,171,167,135,137
4,119,178,185,153,122.0,78.0,84,171,309.0,216.0,250,295,240,457,244,233,239,248,241.0,290.0,271,232,250,210
5,185,332,399,261,,123.0,203,160,204.0,299.0,253,179,181,160,137,149,153,169,172.0,155.0,160,190,179,163
6,167,183,167,140,,80.0,127,203,267.0,318.0,308,250,183,102,86,94,167,197,168.0,145.0,153,161,239,221
7,312,370,414,267,337.0,217.0,348,416,390.0,308.0,311,200,172,120,127,121,145,146,138.0,143.0,142,127,240,401
8,492,497,459,500,,,432,451,370.0,444.0,464,358,283,140,125,95,123,210,135.0,123.0,130,114,199,223
9,190,243,193,105,73.0,78.0,88,100,114.0,175.0,205,486,193,127,108,105,115,197,161.0,165.0,166,169,155,149
10,153,500,213,300,337.0,391.0,156,243,326.0,349.0,350,312,197,187,199,130,146,144,168.0,148.0,141,156,224,281
11,329,257,498,436,407.0,468.0,312,332,332.0,315.0,270,312,175,137,161,141,134,153,121.0,144.0,164,233,250,433
12,470,491,468,420,,500.0,500,436,436.0,428.0,342,318,197,151,160,169,177,163,143.0,135.0,183,226,358,419
13,405,407,364,333,,500.0,455,478,413.0,500.0,348,334,200,247,290,185,175,155,127.0,131.0,205,315,240,311
14,263,314,319,500,479.0,270.0,305,327,358.0,378.0,333,293,267,210,207,186,168,199,159.0,126.0,161,189,288,362
15,416,500,461,478,500.0,500.0,470,490,500.0,446.0,308,378,188,157,173,197,180,280,206.0,219.0,325,378,435,459
16,488,431,371,402,419.0,310.0,344,364,409.0,415.0,371,358,348,210,202,173,157,145,123.0,137.0,191,182,261,312
17,346,240,279,263,221.0,308.0,370,346,407.0,403.0,302,250,250,260,260,315,290,183,,,179,140,210,273
18,190,177,123,107,127.0,127.0,300,293,,,78,111,135,164,189,103,130,100,88.0,95.0,97,106,220,300
19,257,247,257,240,315.0,321.0,303,323,304.0,319.0,314,121,150,183,180,313,272,350,195.0,179.0,320,304,355,418
20,416,493,462,426,436.0,413.0,362,500,436.0,312.0,146,131,281,129,145,109,160,97,83.0,74.0,76,89,78,72
21,78,70,68,88,78.0,85.0,90,110,307.0,309.0,217,183,203,127,141,153,139,159,193.0,194.0,212,232,155,219
22,362,300,267,297,210.0,314.0,305,309,181.0,311.0,308,247,293,193,283,247,137,165,163.0,244.0,395,381,174,230
23,295,418,366,223,330.0,341.0,332,417,394.0,338.0,315,301,233,193,131,141,135,119,129.0,163.0,177,272,212,430
24,480,332,406,417,468.0,463.0,431,438,304.0,330.0,334,324,312,272,166,109,131,122,102.0,103.0,107,112,104,119
25,170,117,101,92,95.0,92.0,95,98,100.0,102.0,103,102,102,102,102,103,104,104,110.0,148.0,218,285,402,465
26,423,382,407,378,449.0,341.0,243,213,200.0,227.0,177,162,157,184,156,177,172,171,173.0,169.0,199,189,197,167
27,143,141,315,290,112.0,305.0,332,257,245.0,267.0,307,190,162,129,124,112,113,115,117.0,131.0,143,129,149,153
28,352,303,200,153,126.0,190.0,323,338,290.0,187.0,178,162,180,190,145,135,135,115,127.0,145.0,213,130,200,319
29,312,328,439,421,427.0,410.0,369,440,413.0,381.0,319,308,233,183,220,160,135,113,161.0,210.0,306,305,151,140
30,227,458,409,500,415.0,401.0,345,324,331.0,343.0,273,233,207,416,147,138,131,117,161.0,130.0,119,118,121,118
31,119,90,302,118,118.0,118.0,120,88,129.0,126.0,124,124,120,119,119,118,119,123,127.0,156.0,124,122,129,121
"
"
April-2023,00:00:00,01:00:00,02:00:00,03:00:00,04:00:00,05:00:00,06:00:00,07:00:00,08:00:00,09:00:00,10:00:00,11:00:00,12:00:00,13:00:00,14:00:00,15:00:00,16:00:00,17:00:00,18:00:00,19:00:00,20:00:00,21:00:00,22:00:00,23:00:00
1,119.0,122.0,122.0,168.0,120.0,122.0,163.0,121.0,121.0,124.0,123.0,127,119,118.0,118.0,121.0,121.0,122.0,127.0,141,160,124,132.0,169.0
2,268.0,451.0,390.0,252.0,338.0,361.0,306.0,,,,130.0,129,131,142.0,133.0,134.0,123.0,124.0,126.0,128,160,195,217.0,424.0
3,421.0,500.0,471.0,495.0,463.0,434.0,426.0,380.0,429.0,401.0,303.0,243,126,193.0,140.0,149.0,135.0,124.0,126.0,159,128,145,,
4,,,,,,,,131.0,130.0,127.0,128.0,127,128,157.0,128.0,145.0,135.0,142.0,137.0,131,124,195,298.0,414.0
5,193.0,119.0,163.0,143.0,127.0,253.0,183.0,312.0,321.0,148.0,140.0,133,159,164.0,130.0,128.0,130.0,127.0,130.0,129,164,294,339.0,437.0
6,303.0,329.0,230.0,131.0,134.0,131.0,135.0,122.0,115.0,131.0,131.0,132,130,135.0,130.0,129.0,131.0,132.0,131.0,113,121,167,232.0,182.0
7,134.0,183.0,147.0,96.0,104.0,131.0,101.0,115.0,137.0,,129.0,116,129,168.0,131.0,126.0,128.0,129.0,131.0,132,118,163,230.0,358.0
8,315.0,247.0,233.0,277.0,210.0,290.0,331.0,293.0,305.0,200.0,161.0,140,120,152.0,129.0,128.0,131.0,94.0,125.0,117,144,193,215.0,400.0
9,445.0,407.0,479.0,466.0,412.0,493.0,455.0,422.0,443.0,392.0,382.0,336,287,287.0,123.0,107.0,103.0,98.0,106.0,107,138,193,197.0,308.0
10,410.0,371.0,305.0,437.0,445.0,427.0,358.0,360.0,312.0,349.0,413.0,429,500,193.0,135.0,134.0,129.0,107.0,110.0,133,164,244,306.0,409.0
11,450.0,462.0,500.0,453.0,432.0,406.0,409.0,404.0,396.0,371.0,340.0,342,324,310.0,152.0,204.0,130.0,133.0,109.0,130,150,249,244.0,302.0
12,305.0,290.0,237.0,267.0,451.0,363.0,314.0,308.0,305.0,310.0,267.0,240,173,177.0,272.0,184.0,149.0,171.0,149.0,189,143,168,196.0,306.0
13,304.0,295.0,370.0,476.0,348.0,322.0,301.0,267.0,270.0,220.0,243.0,273,230,153.0,,,116.0,114.0,114.0,132,206,218,348.0,426.0
14,426.0,410.0,319.0,313.0,399.0,352.0,340.0,394.0,361.0,360.0,363.0,315,325,202.0,145.0,145.0,129.0,129.0,121.0,166,176,185,267.0,302.0
15,255.0,237.0,349.0,460.0,468.0,395.0,372.0,363.0,403.0,358.0,315.0,308,223,146.0,133.0,115.0,95.0,131.0,190.0,227,235,411,445.0,466.0
16,441.0,474.0,465.0,407.0,414.0,431.0,449.0,405.0,429.0,357.0,308.0,319,281,153.0,134.0,137.0,119.0,122.0,125.0,142,485,228,256.0,311.0
17,358.0,262.0,318.0,494.0,447.0,422.0,408.0,423.0,430.0,374.0,302.0,299,159,164.0,166.0,153.0,120.0,155.0,177.0,181,219,292,411.0,432.0
18,500.0,500.0,500.0,500.0,443.0,430.0,458.0,296.0,350.0,305.0,193.0,163,56,139.0,,,149.0,185.0,167.0,184,249,322,381.0,426.0
19,460.0,308.0,197.0,209.0,308.0,404.0,362.0,451.0,308.0,200.0,197.0,187,223,191.0,179.0,163.0,240.0,156.0,187.0,210,196,234,285.0,204.0
20,169.0,157.0,153.0,150.0,263.0,96.0,130.0,126.0,109.0,124.0,247.0,169,140,132.0,136.0,156.0,134.0,132.0,154.0,155,151,135,182.0,173.0
21,166.0,155.0,100.0,100.0,103.0,95.0,105.0,104.0,104.0,110.0,102.0,114,189,,169.0,164.0,152.0,159.0,153.0,161,172,245,124.0,133.0
22,151.0,146.0,223.0,207.0,163.0,183.0,168.0,156.0,117.0,114.0,,141,137,131.0,135.0,120.0,120.0,113.0,109.0,135,168,230,211.0,257.0
23,163.0,115.0,465.0,115.0,75.0,126.0,99.0,107.0,153.0,150.0,131.0,179,102,105.0,115.0,127.0,120.0,100.0,61.0,75,144,173,259.0,161.0
24,149.0,134.0,267.0,419.0,400.0,403.0,300.0,201.0,185.0,278.0,210.0,200,332,322.0,238.0,,,,,121,121,125,145.0,162.0
25,152.0,123.0,109.0,109.0,119.0,119.0,124.0,121.0,131.0,119.0,118.0,127,130,73.0,129.0,120.0,131.0,123.0,153.0,191,187,241,414.0,362.0
26,300.0,352.0,329.0,303.0,356.0,378.0,316.0,375.0,332.0,328.0,305.0,191,181,178.0,155.0,137.0,137.0,150.0,155.0,170,195,227,307.0,290.0
27,277.0,257.0,263.0,250.0,314.0,287.0,311.0,350.0,409.0,305.0,316.0,382,321,240.0,171.0,155.0,122.0,116.0,131.0,228,193,500,450.0,124.0
28,103.0,121.0,122.0,135.0,190.0,142.0,197.0,199.0,182.0,233.0,308.0,297,273,160.0,189.0,141.0,119.0,127.0,215.0,235,218,228,308.0,350.0
29,300.0,290.0,293.0,280.0,317.0,314.0,300.0,257.0,279.0,277.0,227.0,181,228,266.0,254.0,226.0,197.0,162.0,171.0,156,151,164,165.0,161.0
30,185.0,175.0,131.0,115.0,126.0,118.0,138.0,122.0,140.0,114.0,127.0,163,138,139.0,141.0,117.0,112.0,111.0,112.0,114,145,118,116.0,114.0
"
"
May-2023,00:00:00,01:00:00,02:00:00,03:00:00,04:00:00,05:00:00,06:00:00,07:00:00,08:00:00,09:00:00,10:00:00,11:00:00,12:00:00,13:00:00,14:00:00,15:00:00,16:00:00,17:00:00,18:00:00,19:00:00,20:00:00,21:00:00,22:00:00,23:00:00
1,114,112,110,109,113.0,109.0,108.0,109.0,114,111.0,111.0,110.0,112.0,112.0,117,116,118,137,115.0,121.0,118.0,118,127,118.0
2,117,112,111,116,110.0,109.0,111.0,111.0,112,114.0,121.0,116.0,113.0,120.0,117,113,119,99,108.0,86.0,94.0,118,129,127.0
3,193,187,90,91,100.0,220.0,163.0,203.0,183,113.0,91.0,119.0,120.0,116.0,122,101,76,82,92.0,98.0,102.0,104,113,150.0
4,137,213,312,120,110.0,220.0,332.0,302.0,304,233.0,200.0,97.0,119.0,131.0,111,111,169,133,160.0,182.0,224.0,281,342,304.0
5,270,408,261,274,245.0,251.0,220.0,312.0,267,151.0,316.0,325.0,301.0,293.0,170,152,143,160,198.0,205.0,224.0,239,282,376.0
6,418,482,409,381,428.0,428.0,391.0,500.0,500,350.0,344.0,305.0,237.0,175.0,418,127,203,121,146.0,186.0,294.0,278,257,370.0
7,402,435,401,320,237.0,212.0,292.0,434.0,306,190.0,170.0,179.0,164.0,260.0,253,183,152,160,164.0,163.0,148.0,129,141,151.0
8,128,147,147,156,177.0,263.0,183.0,323.0,193,214.0,250.0,163.0,127.0,131.0,111,111,109,115,112.0,116.0,149.0,165,175,167.0
9,200,358,340,296,424.0,433.0,378.0,462.0,356,319.0,354.0,354.0,235.0,210.0,185,146,172,156,216.0,231.0,199.0,234,290,233.0
10,270,313,317,345,332.0,317.0,318.0,230.0,240,222.0,177.0,222.0,162.0,170.0,150,142,153,168,161.0,,,235,286,437.0
11,474,472,429,465,461.0,475.0,500.0,500.0,460,425.0,414.0,374.0,240.0,181.0,156,173,191,208,,295.0,309.0,328,430,453.0
12,431,500,500,412,500.0,494.0,419.0,429.0,438,293.0,239.0,246.0,243.0,215.0,188,227,196,182,215.0,257.0,238.0,218,247,307.0
13,422,401,468,395,500.0,444.0,328.0,304.0,257,318.0,320.0,247.0,213.0,177.0,172,161,155,147,129.0,177.0,292.0,315,400,414.0
14,467,432,436,476,381.0,351.0,358.0,385.0,339,412.0,325.0,312.0,314.0,302.0,247,223,190,223,177.0,164.0,329.0,191,266,234.0
15,138,164,141,149,161.0,105.0,90.0,135.0,169,146.0,153.0,165.0,85.0,46.0,114,171,160,156,146.0,182.0,193.0,209,171,149.0
16,478,419,123,109,185.0,403.0,338.0,500.0,362,434.0,500.0,500.0,500.0,460.0,459,461,413,299,304.0,420.0,441.0,201,483,500.0
17,498,493,469,425,352.0,280.0,320.0,413.0,415,412.0,428.0,191.0,166.0,163.0,202,197,187,191,204.0,217.0,262.0,287,304,145.0
18,121,123,145,396,83.0,139.0,114.0,111.0,119,138.0,107.0,148.0,126.0,149.0,122,150,216,145,181.0,156.0,145.0,145,153,167.0
19,149,149,123,280,357.0,331.0,334.0,250.0,200,170.0,166.0,152.0,147.0,170.0,205,143,186,182,188.0,198.0,214.0,227,312,255.0
20,243,165,190,263,317.0,308.0,325.0,316.0,324,267.0,186.0,173.0,177.0,158.0,157,148,157,146,178.0,211.0,302.0,382,320,421.0
21,470,500,435,420,362.0,432.0,354.0,500.0,423,,,,,,172,172,157,180,212.0,210.0,267.0,273,317,416.0
22,408,411,411,325,308.0,305.0,189.0,183.0,249,268.0,405.0,241.0,245.0,171.0,167,199,169,205,189.0,244.0,360.0,350,403,402.0
23,381,407,469,312,235.0,223.0,169.0,184.0,179,219.0,230.0,184.0,323.0,209.0,170,160,190,145,187.0,165.0,227.0,127,500,234.0
24,234,78,109,76,117.0,136.0,119.0,142.0,143,123.0,124.0,155.0,84.0,104.0,97,88,102,153,116.0,174.0,190.0,214,182,164.0
25,155,141,134,123,133.0,119.0,138.0,174.0,161,140.0,128.0,126.0,230.0,240.0,181,234,207,183,234.0,269.0,500.0,218,399,146.0
26,142,144,161,124,147.0,138.0,164.0,163.0,164,178.0,186.0,223.0,165.0,177.0,161,159,156,158,172.0,188.0,220.0,220,240,254.0
27,159,140,160,157,163.0,167.0,183.0,157.0,125,119.0,124.0,140.0,142.0,146.0,144,127,137,133,169.0,196.0,215.0,328,374,278.0
28,248,175,151,184,248.0,456.0,368.0,441.0,326,233.0,169.0,173.0,163.0,177.0,175,159,177,200,185.0,193.0,204.0,213,191,190.0
29,277,237,298,255,160.0,167.0,168.0,197.0,218,177.0,148.0,181.0,210.0,184.0,186,179,205,152,163.0,181.0,195.0,186,185,
30,133,130,143,151,,,,,146,138.0,168.0,194.0,203.0,229.0,207,158,140,147,160.0,172.0,408.0,179,173,137.0
31,131,125,157,147,103.0,179.0,148.0,133.0,130,129.0,139.0,100.0,114.0,187.0,175,187,210,131,156.0,177.0,197.0,290,183,157.0
"
"
June-2023,00:00:00,01:00:00,02:00:00,03:00:00,04:00:00,05:00:00,06:00:00,07:00:00,08:00:00,09:00:00,10:00:00,11:00:00,12:00:00,13:00:00,14:00:00,15:00:00,16:00:00,17:00:00,18:00:00,19:00:00,20:00:00,21:00:00,22:00:00,23:00:00
1,153.0,132.0,144.0,156.0,203.0,300.0,253.0,196.0,159.0,127.0,119.0,,,,,,,,135.0,163.0,200.0,237.0,197.0,246.0
2,159.0,152.0,125.0,95.0,88.0,88.0,105.0,159.0,135.0,157.0,102.0,79.0,177.0,173.0,182.0,180.0,181.0,189.0,181.0,185.0,170.0,168.0,153.0,
3,162.0,250.0,342.0,374.0,372.0,,,287.0,302.0,267.0,173.0,125.0,185.0,181.0,165.0,151.0,171.0,159.0,166.0,180.0,342.0,229.0,251.0,390.0
4,303.0,335.0,315.0,319.0,308.0,368.0,302.0,313.0,263.0,190.0,142.0,145.0,154.0,166.0,152.0,277.0,200.0,202.0,193.0,223.0,189.0,206.0,222.0,336.0
5,426.0,414.0,310.0,125.0,201.0,185.0,200.0,317.0,230.0,200.0,157.0,176.0,177.0,149.0,123.0,,,177.0,175.0,295.0,263.0,237.0,312.0,420.0
6,311.0,,,,,,,,,,,,,,,102.0,,,,,,,338.0,421.0
7,389.0,370.0,328.0,246.0,175.0,204.0,205.0,263.0,328.0,235.0,409.0,421.0,239.0,209.0,,,,,,,,,,191.0
8,320.0,238.0,129.0,127.0,141.0,245.0,133.0,129.0,144.0,134.0,155.0,170.0,167.0,145.0,138.0,141.0,142.0,144.0,165.0,164.0,159.0,160.0,185.0,197.0
9,234.0,186.0,254.0,378.0,290.0,146.0,129.0,168.0,207.0,237.0,141.0,150.0,177.0,138.0,143.0,,,143.0,165.0,229.0,207.0,134.0,130.0,130.0
10,157.0,150.0,147.0,139.0,111.0,105.0,127.0,143.0,147.0,175.0,183.0,186.0,217.0,179.0,168.0,167.0,145.0,157.0,167.0,167.0,284.0,218.0,200.0,179.0
11,178.0,173.0,108.0,128.0,90.0,88.0,82.0,135.0,141.0,133.0,145.0,149.0,173.0,145.0,145.0,222.0,199.0,181.0,193.0,218.0,159.0,160.0,253.0,257.0
12,245.0,,,,,202.0,20.0,18.0,,,,,,115.0,,224.0,229.0,234.0,190.0,170.0,182.0,140.0,189.0,193.0
13,243.0,189.0,181.0,167.0,163.0,167.0,192.0,270.0,,254.0,240.0,308.0,309.0,271.0,88.0,172.0,183.0,243.0,267.0,115.0,131.0,136.0,328.0,114.0
14,234.0,227.0,268.0,123.0,184.0,175.0,170.0,190.0,,276.0,294.0,178.0,189.0,195.0,230.0,230.0,272.0,105.0,114.0,122.0,226.0,228.0,293.0,130.0
15,149.0,130.0,166.0,117.0,,,,,,166.0,209.0,,,,199.0,199.0,193.0,,161.0,166.0,162.0,123.0,137.0,139.0
16,131.0,123.0,133.0,125.0,140.0,117.0,131.0,157.0,191.0,161.0,155.0,159.0,149.0,177.0,159.0,142.0,140.0,122.0,131.0,110.0,132.0,160.0,223.0,223.0
17,277.0,335.0,279.0,270.0,191.0,301.0,171.0,227.0,284.0,175.0,162.0,279.0,159.0,134.0,131.0,133.0,128.0,134.0,142.0,131.0,168.0,210.0,135.0,111.0
18,163.0,134.0,125.0,124.0,107.0,106.0,84.0,101.0,167.0,98.0,88.0,115.0,105.0,124.0,103.0,96.0,95.0,88.0,,,,,,
19,,,,,,,,,,,,,183.0,103.0,148.0,180.0,185.0,110.0,173.0,149.0,183.0,215.0,192.0,163.0
20,203.0,177.0,144.0,175.0,210.0,203.0,200.0,187.0,105.0,145.0,103.0,103.0,101.0,121.0,91.0,,70.0,72.0,81.0,112.0,85.0,124.0,105.0,108.0
21,88.0,91.0,100.0,115.0,125.0,115.0,99.0,100.0,90.0,141.0,130.0,126.0,137.0,139.0,171.0,131.0,124.0,127.0,134.0,187.0,155.0,137.0,157.0,159.0
22,142.0,139.0,144.0,120.0,,103.0,,,,,,18.0,,,,,,,,,268.0,257.0,190.0,167.0
23,162.0,153.0,240.0,261.0,233.0,104.0,104.0,126.0,265.0,200.0,175.0,162.0,168.0,164.0,166.0,161.0,157.0,,,173.0,167.0,162.0,162.0,159.0
24,162.0,156.0,151.0,177.0,152.0,133.0,114.0,,,,,195.0,182.0,295.0,,116.0,150.0,127.0,88.0,86.0,115.0,120.0,102.0,133.0
25,100.0,101.0,103.0,114.0,81.0,70.0,68.0,102.0,104.0,398.0,110.0,101.0,101.0,92.0,206.0,128.0,91.0,90.0,140.0,105.0,102.0,98.0,101.0,108.0
26,119.0,112.0,104.0,83.0,82.0,88.0,100.0,131.0,203.0,180.0,190.0,167.0,96.0,85.0,101.0,,,,69.0,60.0,118.0,119.0,119.0,146.0
27,169.0,265.0,263.0,171.0,154.0,116.0,153.0,318.0,250.0,125.0,124.0,124.0,85.0,421.0,142.0,116.0,62.0,115.0,135.0,133.0,159.0,112.0,101.0,110.0
28,114.0,111.0,112.0,114.0,184.0,133.0,163.0,184.0,141.0,114.0,113.0,111.0,112.0,112.0,88.0,137.0,150.0,152.0,255.0,289.0,,,299.0,299.0
29,265.0,235.0,259.0,197.0,253.0,181.0,183.0,355.0,153.0,117.0,134.0,135.0,207.0,216.0,172.0,132.0,134.0,170.0,171.0,177.0,180.0,216.0,236.0,217.0
30,211.0,193.0,177.0,140.0,155.0,116.0,145.0,310.0,191.0,173.0,154.0,179.0,167.0,178.0,190.0,206.0,170.0,197.0,236.0,205.0,190.0,180.0,188.0,185.0
"
"
July-2023,00:00:00,01:00:00,02:00:00,03:00:00,04:00:00,05:00:00,06:00:00,07:00:00,08:00:00,09:00:00,10:00:00,11:00:00,12:00:00,13:00:00,14:00:00,15:00:00,16:00:00,17:00:00,18:00:00,19:00:00,20:00:00,21:00:00,22:00:00,23:00:00
1,167.0,169.0,149.0,135.0,146.0,151.0,156.0,170.0,156.0,180.0,179.0,210.0,172.0,171.0,201.0,169.0,142.0,150.0,,,,159.0,158.0,152.0
2,162.0,162.0,134.0,118.0,167.0,164.0,156.0,185.0,162.0,171.0,153.0,204.0,194.0,204.0,223.0,260.0,242.0,196.0,292.0,315.0,296.0,273.0,301.0,265.0
3,227.0,180.0,158.0,174.0,182.0,174.0,154.0,176.0,216.0,249.0,304.0,332.0,386.0,344.0,361.0,,,378.0,374.0,230.0,294.0,294.0,293.0,248.0
4,258.0,249.0,187.0,193.0,181.0,196.0,195.0,215.0,219.0,173.0,177.0,202.0,171.0,176.0,152.0,170.0,321.0,361.0,371.0,335.0,271.0,281.0,297.0,212.0
5,172.0,156.0,187.0,141.0,133.0,139.0,151.0,164.0,168.0,162.0,155.0,174.0,180.0,171.0,154.0,151.0,177.0,193.0,166.0,302.0,270.0,270.0,311.0,223.0
6,196.0,163.0,135.0,133.0,142.0,176.0,159.0,180.0,187.0,236.0,204.0,256.0,261.0,205.0,167.0,160.0,181.0,209.0,204.0,236.0,269.0,263.0,,
7,,,,,,,,,,,,204.0,173.0,186.0,166.0,167.0,184.0,175.0,175.0,271.0,236.0,237.0,239.0,253.0
8,235.0,221.0,219.0,218.0,130.0,177.0,200.0,217.0,205.0,166.0,184.0,188.0,257.0,252.0,,,167.0,166.0,195.0,190.0,203.0,,354.0,217.0
9,200.0,161.0,148.0,148.0,,134.0,148.0,161.0,153.0,182.0,,70.0,,,,126.0,130.0,124.0,134.0,,,,,
10,,,,,,,,,,,,,,118.0,129.0,170.0,173.0,175.0,178.0,139.0,138.0,132.0,148.0,131.0
11,134.0,126.0,115.0,92.0,106.0,104.0,163.0,119.0,117.0,126.0,148.0,143.0,181.0,208.0,109.0,152.0,151.0,156.0,145.0,159.0,147.0,141.0,104.0,117.0
12,103.0,107.0,118.0,118.0,116.0,119.0,119.0,116.0,118.0,119.0,127.0,118.0,119.0,164.0,123.0,209.0,163.0,153.0,197.0,119.0,116.0,116.0,121.0,118.0
13,115.0,116.0,116.0,113.0,109.0,110.0,114.0,118.0,115.0,121.0,125.0,133.0,119.0,114.0,117.0,118.0,118.0,116.0,114.0,,,,,
14,,,,,,,,,,,,,,,,,,,,,,,,
15,,,,,,,,,,,,,,,,,,,,,,,,
16,,,,,,,,,,,,,,,,,,,,,,,,
17,,,,,,,,,,,,,,,,,,,,,,,,
18,,,,,,,,,,,,,,,,,,,,,,,,
19,,,,,,,,,,,,,,,,,,,,,,,,
20,,,,,,,,,,,,,,,,,,,,,,,,
21,,,,,,,,,,,,,,,122.0,122.0,122.0,,85.0,120.0,133.0,141.0,95.0,
22,,,,,,,,,,,,,,50.0,122.0,,,,152.0,,,,78.0,78.0
23,72.0,84.0,122.0,111.0,114.0,125.0,213.0,111.0,104.0,93.0,85.0,96.0,109.0,93.0,135.0,163.0,85.0,89.0,94.0,97.0,105.0,125.0,111.0,106.0
24,95.0,122.0,88.0,85.0,88.0,90.0,90.0,90.0,90.0,92.0,92.0,95.0,92.0,90.0,75.0,80.0,,75.0,60.0,106.0,106.0,107.0,100.0,
25,,,,,,,,,,,,,,,85.0,94.0,105.0,79.0,95.0,69.0,81.0,78.0,77.0,80.0
26,108.0,68.0,56.0,50.0,51.0,54.0,74.0,62.0,151.0,77.0,117.0,112.0,104.0,138.0,104.0,109.0,108.0,111.0,106.0,131.0,136.0,124.0,130.0,117.0
27,127.0,105.0,114.0,110.0,126.0,119.0,127.0,117.0,121.0,119.0,125.0,,,,,88.0,66.0,243.0,169.0,181.0,200.0,190.0,189.0,209.0
28,,,,,,,,,,,,,,,,,,,,,,,,
29,,,,,,,,,,,,,,,,,128.0,98.0,125.0,138.0,104.0,85.0,101.0,97.0
30,103.0,145.0,123.0,81.0,76.0,83.0,119.0,131.0,107.0,88.0,90.0,140.0,126.0,157.0,129.0,154.0,133.0,145.0,142.0,149.0,133.0,181.0,163.0,149.0
31,491.0,318.0,254.0,163.0,203.0,118.0,280.0,257.0,144.0,161.0,153.0,256.0,258.0,197.0,210.0,344.0,289.0,348.0,281.0,403.0,223.0,261.0,394.0,407.0
"
"
August-2023,00:00:00,01:00:00,02:00:00,03:00:00,04:00:00,05:00:00,06:00:00,07:00:00,08:00:00,09:00:00,10:00:00,11:00:00,12:00:00,13:00:00,14:00:00,15:00:00,16:00:00,17:00:00,18:00:00,19:00:00,20:00:00,21:00:00,22:00:00,23:00:00
1,403.0,304.0,148.0,247.0,230.0,123.0,115.0,148.0,173.0,195.0,237.0,295.0,209.0,270.0,234.0,261.0,295.0,294.0,298.0,272.0,375.0,318.0,217.0,186.0
2,250.0,177.0,138.0,118.0,107.0,123.0,111.0,251.0,304.0,202.0,388.0,325.0,120.0,239.0,99.0,424.0,436.0,455.0,120.0,320.0,209.0,179.0,235.0,153.0
3,68.0,42.0,88.0,24.0,55.0,48.0,48.0,57.0,70.0,,267.0,220.0,282.0,,262.0,295.0,284.0,416.0,376.0,420.0,422.0,368.0,376.0,201.0
4,243.0,215.0,152.0,130.0,101.0,127.0,131.0,245.0,241.0,129.0,83.0,99.0,95.0,117.0,155.0,153.0,186.0,,,,,,,
5,246.0,,,,,,,,,,,,,,126.0,,,,,,,177.0,181.0,205.0
6,414.0,481.0,256.0,173.0,69.0,99.0,88.0,96.0,107.0,104.0,102.0,119.0,135.0,131.0,144.0,163.0,159.0,181.0,175.0,212.0,210.0,238.0,171.0,289.0
7,336.0,218.0,167.0,127.0,141.0,139.0,142.0,207.0,195.0,153.0,199.0,,,,,,,,,,,,,
8,,,,,,,,,,,,,,,,,,,,,,,,
9,,,,,,,,,,,,,,,,,,,,,,,,11.0
10,94.0,60.0,90.0,61.0,63.0,62.0,63.0,86.0,62.0,60.0,111.0,104.0,116.0,100.0,101.0,104.0,122.0,89.0,53.0,111.0,72.0,78.0,77.0,78.0
11,76.0,77.0,76.0,74.0,73.0,70.0,68.0,67.0,63.0,59.0,54.0,55.0,52.0,54.0,78.0,49.0,115.0,49.0,52.0,,,,,
12,,,,,,,,,,,,,,,,,,,,,,,,
13,,,,,,,,,,,,,,,,,,,,,85.0,90.0,92.0,344.0
14,80.0,80.0,332.0,80.0,82.0,80.0,310.0,95.0,103.0,100.0,105.0,95.0,80.0,88.0,78.0,82.0,90.0,70.0,116.0,68.0,52.0,68.0,65.0,60.0
15,57.0,55.0,60.0,62.0,303.0,50.0,62.0,60.0,329.0,72.0,72.0,328.0,72.0,407.0,320.0,366.0,408.0,101.0,95.0,82.0,88.0,80.0,102.0,167.0
16,100.0,88.0,92.0,374.0,373.0,416.0,104.0,500.0,106.0,101.0,500.0,104.0,98.0,82.0,277.0,362.0,401.0,380.0,314.0,398.0,326.0,370.0,311.0,426.0
17,440.0,380.0,299.0,167.0,165.0,127.0,159.0,405.0,444.0,400.0,399.0,295.0,437.0,335.0,271.0,356.0,342.0,362.0,385.0,401.0,398.0,308.0,355.0,249.0
18,276.0,356.0,240.0,232.0,191.0,132.0,153.0,340.0,441.0,416.0,423.0,389.0,411.0,371.0,254.0,314.0,350.0,370.0,399.0,296.0,320.0,217.0,,202.0
19,226.0,352.0,,213.0,239.0,150.0,141.0,,,78.0,,,161.0,153.0,143.0,,104.0,129.0,102.0,100.0,,,263.0,283.0
20,415.0,240.0,350.0,206.0,170.0,112.0,,157.0,,,107.0,96.0,74.0,,,61.0,58.0,111.0,73.0,70.0,79.0,42.0,,101.0
21,126.0,127.0,107.0,,55.0,42.0,,86.0,,,120.0,,235.0,177.0,149.0,399.0,,,,151.0,166.0,,,63.0
22,102.0,122.0,,84.0,,62.0,48.0,,283.0,453.0,445.0,361.0,422.0,349.0,257.0,452.0,412.0,,151.0,116.0,,,45.0,100.0
23,149.0,,150.0,96.0,84.0,67.0,55.0,90.0,74.0,104.0,123.0,,58.0,79.0,,90.0,106.0,104.0,127.0,82.0,90.0,95.0,,100.0
24,,179.0,150.0,105.0,99.0,62.0,65.0,80.0,105.0,,163.0,,133.0,124.0,,227.0,325.0,371.0,,340.0,301.0,300.0,,
25,274.0,,244.0,,140.0,,99.0,211.0,,311.0,420.0,270.0,394.0,,262.0,430.0,,,400.0,,475.0,420.0,423.0,500.0
26,479.0,405.0,332.0,260.0,282.0,229.0,309.0,456.0,,,,464.0,,,440.0,483.0,438.0,,500.0,487.0,500.0,,500.0,454.0
27,,,407.0,402.0,281.0,364.0,,,500.0,,,472.0,409.0,448.0,,463.0,448.0,485.0,,,,,500.0,
28,439.0,274.0,145.0,,171.0,217.0,,427.0,482.0,,426.0,436.0,,,422.0,418.0,422.0,436.0,,,452.0,461.0,402.0,420.0
29,270.0,335.0,,229.0,,,260.0,404.0,413.0,422.0,376.0,407.0,425.0,407.0,354.0,421.0,435.0,449.0,,,,,348.0,282.0
30,,300.0,221.0,376.0,384.0,,224.0,378.0,465.0,339.0,,437.0,444.0,412.0,312.0,,332.0,,426.0,410.0,243.0,246.0,234.0,238.0
31,,430.0,380.0,,257.0,355.0,287.0,454.0,459.0,407.0,352.0,378.0,381.0,350.0,380.0,296.0,403.0,283.0,422.0,402.0,369.0,368.0,391.0,
"
"
September-2023,00:00:00,01:00:00,02:00:00,03:00:00,04:00:00,05:00:00,06:00:00,07:00:00,08:00:00,09:00:00,10:00:00,11:00:00,12:00:00,13:00:00,14:00:00,15:00:00,16:00:00,17:00:00,18:00:00,19:00:00,20:00:00,21:00:00,22:00:00,23:00:00
1,422,281,234,189,226,201,276.0,234.0,418,447,361,435.0,391.0,438.0,266.0,368.0,368.0,352.0,349.0,321,355.0,500,,
2,133,197,229,167,177,249,,,182,175,177,,,,,,,,300.0,330,395.0,246,199.0,205.0
3,290,254,90,263,243,265,195.0,195.0,197,201,230,459.0,371.0,200.0,186.0,246.0,329.0,268.0,428.0,294,364.0,464,500.0,500.0
4,205,229,193,145,134,153,155.0,204.0,174,197,193,193.0,189.0,187.0,199.0,,77.0,124.0,174.0,251,153.0,145,141.0,153.0
5,166,300,152,149,134,115,109.0,109.0,117,122,155,174.0,144.0,148.0,133.0,150.0,131.0,57.0,147.0,148,190.0,130,111.0,141.0
6,142,134,153,177,137,137,193.0,159.0,68,55,64,137.0,123.0,123.0,94.0,55.0,79.0,,,133,,95,157.0,121.0
7,141,115,116,127,129,116,113.0,153.0,100,95,163,152.0,159.0,167.0,129.0,122.0,112.0,211.0,160.0,124,107.0,196,213.0,163.0
8,173,142,116,100,90,51,46.0,69.0,74,69,95,91.0,123.0,105.0,77.0,81.0,59.0,91.0,91.0,91,112.0,70,56.0,46.0
9,53,36,31,48,69,35,35.0,24.0,8,18,48,90.0,101.0,70.0,107.0,50.0,56.0,44.0,72.0,270,130.0,62,434.0,69.0
10,10,11,18,37,100,70,37.0,62.0,12,57,75,65.0,118.0,109.0,91.0,100.0,69.0,92.0,78.0,65,103.0,87,42.0,40.0
11,13,17,41,85,105,79,72.0,62.0,30,53,104,124.0,153.0,26.0,200.0,142.0,59.0,105.0,141.0,120,130.0,149,141.0,134.0
12,106,111,75,72,98,137,104.0,263.0,166,170,206,183.0,159.0,134.0,133.0,165.0,168.0,161.0,153.0,115,210.0,127,117.0,127.0
13,119,137,105,85,112,91,87.0,94.0,76,108,123,133.0,147.0,110.0,130.0,160.0,95.0,105.0,197.0,107,129.0,109,129.0,62.0
14,55,187,207,137,133,94,150.0,187.0,140,130,140,115.0,109.0,75.0,11.0,12.0,150.0,153.0,105.0,105,138.0,125,109.0,119.0
15,26,173,26,137,150,135,177.0,176.0,218,87,30,38.0,37.0,55.0,55.0,62.0,83.0,83.0,5.0,102,101.0,104,121.0,133.0
16,131,167,10,114,111,69,66.0,74.0,75,107,103,83.0,79.0,73.0,65.0,123.0,83.0,75.0,52.0,72,60.0,46,50.0,58.0
17,56,80,66,51,62,60,45.0,46.0,50,44,51,51.0,47.0,66.0,62.0,58.0,52.0,59.0,63.0,62,57.0,61,62.0,72.0
18,51,39,42,33,20,34,34.0,35.0,39,55,59,68.0,,,79.0,55.0,52.0,57.0,58.0,66,70.0,84,111.0,68.0
19,78,18,14,66,63,52,61.0,70.0,89,83,83,88.0,67.0,75.0,95.0,101.0,105.0,117.0,85.0,69,103.0,145,146.0,147.0
20,134,160,282,293,153,124,94.0,107.0,115,78,112,1.0,6.0,4.0,,238.0,235.0,210.0,221.0,399,168.0,234,177.0,147.0
21,364,358,145,127,90,111,200.0,287.0,161,147,141,63.0,187.0,137.0,163.0,206.0,207.0,266.0,89.0,99,135.0,209,267.0,109.0
22,238,388,222,202,199,120,137.0,146.0,144,133,159,153.0,139.0,153.0,177.0,312.0,180.0,46.0,109.0,141,125.0,119,123.0,101.0
23,55,100,110,92,100,146,111.0,102.0,89,66,55,94.0,126.0,126.0,133.0,81.0,100.0,88.0,73.0,102,100.0,130,257.0,280.0
24,293,250,173,213,270,277,213.0,301.0,311,317,337,263.0,200.0,160.0,138.0,157.0,135.0,174.0,80.0,78,123.0,167,149.0,233.0
25,253,157,100,210,122,146,141.0,173.0,213,167,163,170.0,82.0,113.0,101.0,123.0,250.0,254.0,224.0,195,252.0,210,160.0,233.0
26,195,222,185,195,161,278,210.0,267.0,237,237,243,322.0,314.0,233.0,179.0,159.0,153.0,189.0,122.0,159,213.0,253,203.0,230.0
27,175,141,166,104,53,99,115.0,145.0,290,249,241,420.0,181.0,168.0,131.0,171.0,171.0,175.0,177.0,288,186.0,161,157.0,126.0
28,70,115,133,107,130,193,149.0,185.0,172,153,108,137.0,150.0,169.0,177.0,263.0,193.0,192.0,282.0,151,127.0,170,173.0,209.0
29,193,219,159,131,145,101,102.0,143.0,170,200,253,288.0,197.0,175.0,163.0,141.0,,161.0,171.0,184,95.0,323,330.0,209.0
30,172,149,160,203,183,170,170.0,302.0,257,313,326,290.0,177.0,149.0,166.0,163.0,151.0,171.0,181.0,182,171.0,175,157.0,157.0
"
"
October-2023,00:00:00,01:00:00,02:00:00,03:00:00,04:00:00,05:00:00,06:00:00,07:00:00,08:00:00,09:00:00,10:00:00,11:00:00,12:00:00,13:00:00,14:00:00,15:00:00,16:00:00,17:00:00,18:00:00,19:00:00,20:00:00,21:00:00,22:00:00,23:00:00
1,163.0,142.0,126.0,123.0,133.0,200.0,153.0,143.0,200.0,197.0,237.0,270.0,228.0,179.0,142.0,155.0,163.0,146.0,149.0,140.0,182.0,197.0,162.0,145.0
2,147.0,130.0,114.0,108.0,103.0,105.0,109.0,140.0,173.0,271.0,193.0,247.0,237.0,217.0,157.0,141.0,134.0,146.0,133.0,145.0,189.0,226.0,209.0,145.0
3,144.0,130.0,140.0,120.0,133.0,197.0,210.0,237.0,197.0,235.0,218.0,218.0,215.0,200.0,167.0,170.0,157.0,171.0,172.0,174.0,159.0,204.0,55.0,
4,167.0,141.0,137.0,140.0,297.0,177.0,197.0,250.0,267.0,213.0,224.0,262.0,243.0,175.0,175.0,153.0,145.0,157.0,137.0,127.0,111.0,157.0,163.0,255.0
5,311.0,233.0,229.0,153.0,149.0,189.0,237.0,257.0,361.0,266.0,284.0,238.0,170.0,188.0,185.0,173.0,210.0,169.0,160.0,151.0,149.0,267.0,309.0,328.0
6,327.0,365.0,335.0,352.0,,,,,,,277.0,178.0,162.0,170.0,164.0,207.0,263.0,188.0,184.0,181.0,153.0,330.0,483.0,476.0
7,500.0,128.0,125.0,414.0,147.0,116.0,339.0,353.0,407.0,308.0,223.0,244.0,67.0,131.0,155.0,157.0,213.0,124.0,146.0,35.0,48.0,167.0,408.0,350.0
8,428.0,312.0,328.0,,,,,,,196.0,227.0,434.0,217.0,157.0,165.0,111.0,123.0,62.0,149.0,204.0,209.0,250.0,304.0,300.0
9,290.0,302.0,403.0,444.0,402.0,,283.0,117.0,133.0,157.0,139.0,182.0,193.0,151.0,149.0,112.0,107.0,122.0,,189.0,190.0,273.0,,
10,,,,,,,,,,,,,,,,99.0,130.0,152.0,145.0,212.0,267.0,318.0,263.0,167.0
11,237.0,313.0,287.0,315.0,280.0,270.0,,183.0,207.0,297.0,290.0,271.0,226.0,163.0,95.0,111.0,123.0,120.0,120.0,135.0,133.0,179.0,193.0,316.0
12,,,365.0,331.0,342.0,500.0,318.0,345.0,359.0,374.0,335.0,,170.0,277.0,201.0,244.0,167.0,221.0,183.0,215.0,185.0,177.0,,395.0
13,,368.0,55.0,395.0,,,460.0,,466.0,372.0,375.0,368.0,323.0,297.0,257.0,22.0,180.0,103.0,163.0,227.0,,352.0,,
14,,443.0,411.0,441.0,443.0,410.0,,425.0,350.0,364.0,424.0,339.0,312.0,211.0,196.0,189.0,159.0,201.0,185.0,206.0,334.0,412.0,500.0,416.0
15,500.0,416.0,450.0,402.0,446.0,436.0,426.0,426.0,395.0,374.0,319.0,321.0,272.0,216.0,177.0,171.0,126.0,175.0,202.0,237.0,441.0,247.0,232.0,420.0
16,411.0,256.0,401.0,250.0,300.0,293.0,303.0,303.0,167.0,230.0,285.0,371.0,500.0,301.0,202.0,271.0,138.0,191.0,181.0,187.0,179.0,155.0,118.0,131.0
17,,,,,,,,,,,,,183.0,179.0,133.0,150.0,131.0,167.0,,,,,,
18,,,,,,,,,,,,153.0,194.0,163.0,146.0,,,,121.0,159.0,232.0,233.0,,
19,183.0,163.0,40.0,237.0,213.0,137.0,193.0,162.0,250.0,197.0,,,,,,,,,141.0,182.0,168.0,221.0,257.0,207.0
20,293.0,322.0,414.0,329.0,405.0,396.0,,,,408.0,355.0,283.0,150.0,160.0,237.0,148.0,193.0,191.0,167.0,174.0,169.0,215.0,189.0,218.0
21,325.0,344.0,373.0,453.0,,,,,436.0,436.0,411.0,313.0,250.0,263.0,308.0,280.0,301.0,300.0,283.0,290.0,355.0,,,
22,500.0,458.0,129.0,495.0,413.0,445.0,413.0,496.0,120.0,429.0,480.0,443.0,422.0,,,,,303.0,237.0,250.0,,,,
23,,,,,,,,,,451.0,451.0,308.0,173.0,126.0,,157.0,190.0,157.0,149.0,165.0,202.0,256.0,,
24,439.0,344.0,325.0,445.0,441.0,309.0,322.0,331.0,422.0,355.0,320.0,326.0,273.0,164.0,149.0,163.0,190.0,159.0,137.0,152.0,171.0,249.0,412.0,360.0
25,424.0,354.0,95.0,434.0,,,,,,,,,,197.0,217.0,189.0,204.0,186.0,186.0,237.0,248.0,305.0,366.0,416.0
26,424.0,500.0,463.0,456.0,440.0,322.0,338.0,433.0,455.0,368.0,329.0,319.0,,230.0,186.0,159.0,164.0,193.0,187.0,254.0,402.0,314.0,410.0,451.0
27,470.0,500.0,426.0,496.0,345.0,346.0,364.0,372.0,380.0,420.0,441.0,408.0,324.0,253.0,197.0,207.0,237.0,240.0,220.0,319.0,,,408.0,419.0
28,457.0,486.0,500.0,500.0,,,476.0,478.0,436.0,446.0,484.0,341.0,273.0,167.0,193.0,237.0,263.0,302.0,247.0,405.0,487.0,,,
29,,,,,,,,,,,,,,313.0,320.0,322.0,321.0,325.0,311.0,403.0,,,,500.0
30,500.0,500.0,500.0,491.0,500.0,451.0,449.0,,,,,,329.0,302.0,300.0,302.0,303.0,314.0,301.0,411.0,484.0,459.0,492.0,500.0
31,500.0,489.0,500.0,475.0,,,,487.0,483.0,492.0,489.0,415.0,365.0,325.0,,362.0,363.0,345.0,328.0,431.0,500.0,500.0,495.0,457.0
"
"
November-2023,00:00:00,01:00:00,02:00:00,03:00:00,04:00:00,05:00:00,06:00:00,07:00:00,08:00:00,09:00:00,10:00:00,11:00:00,12:00:00,13:00:00,14:00:00,15:00:00,16:00:00,17:00:00,18:00:00,19:00:00,20:00:00,21:00:00,22:00:00,23:00:00
1,500.0,500.0,500.0,481.0,449.0,446.0,413.0,422.0,471.0,487.0,438.0,373.0,325.0,315.0,325.0,,,,305.0,364.0,416.0,500.0,,
2,,500.0,458.0,481.0,496.0,500.0,468.0,500.0,500.0,500.0,500.0,500.0,,486.0,444.0,416.0,437.0,486.0,,,,500.0,500.0,500.0
3,500.0,500.0,,,,,,,,500.0,500.0,500.0,500.0,474.0,472.0,364.0,318.0,336.0,408.0,440.0,,,470.0,500.0
4,500.0,500.0,500.0,500.0,,,,,,500.0,500.0,500.0,500.0,500.0,500.0,485.0,460.0,453.0,454.0,,,,476.0,500.0
5,,,,,,,,,,,,,,500.0,362.0,372.0,470.0,483.0,411.0,418.0,451.0,461.0,500.0,500.0
6,500.0,465.0,500.0,500.0,,,,,,500.0,500.0,500.0,396.0,405.0,358.0,358.0,335.0,355.0,403.0,432.0,482.0,472.0,500.0,500.0
7,500.0,500.0,500.0,500.0,496.0,498.0,500.0,468.0,492.0,496.0,500.0,463.0,431.0,404.0,400.0,392.0,395.0,416.0,,454.0,,429.0,443.0,495.0
8,486.0,485.0,471.0,481.0,474.0,468.0,500.0,500.0,500.0,500.0,496.0,468.0,397.0,355.0,348.0,395.0,410.0,,367.0,439.0,461.0,459.0,435.0,453.0
9,500.0,471.0,,,,500.0,,,500.0,500.0,500.0,498.0,468.0,472.0,,,436.0,,,500.0,500.0,469.0,,
10,,500.0,500.0,491.0,483.0,356.0,160.0,84.0,,,,91.0,92.0,173.0,,,,257.0,313.0,318.0,325.0,342.0,314.0,334.0
11,339.0,336.0,320.0,392.0,365.0,352.0,342.0,305.0,315.0,230.0,203.0,193.0,150.0,,193.0,,195.0,201.0,244.0,,,360.0,,287.0
12,331.0,400.0,437.0,416.0,417.0,381.0,331.0,332.0,326.0,302.0,290.0,406.0,213.0,181.0,199.0,148.0,161.0,179.0,197.0,272.0,355.0,394.0,438.0,474.0
13,500.0,109.0,106.0,500.0,500.0,500.0,488.0,500.0,500.0,500.0,421.0,351.0,316.0,,,,,,,,,425.0,464.0,500.0
14,500.0,500.0,500.0,500.0,456.0,440.0,460.0,500.0,489.0,452.0,416.0,411.0,432.0,362.0,325.0,,453.0,330.0,356.0,381.0,413.0,420.0,437.0,462.0
15,478.0,500.0,457.0,500.0,500.0,500.0,500.0,500.0,500.0,500.0,500.0,460.0,412.0,326.0,314.0,340.0,305.0,240.0,401.0,352.0,420.0,417.0,427.0,430.0
16,443.0,491.0,500.0,500.0,500.0,498.0,484.0,500.0,490.0,500.0,500.0,500.0,500.0,500.0,486.0,350.0,331.0,290.0,305.0,338.0,410.0,424.0,457.0,472.0
17,500.0,500.0,500.0,500.0,500.0,500.0,500.0,500.0,500.0,498.0,500.0,473.0,406.0,326.0,223.0,127.0,127.0,133.0,130.0,185.0,289.0,405.0,413.0,471.0
18,500.0,457.0,428.0,428.0,401.0,334.0,245.0,410.0,432.0,385.0,341.0,336.0,263.0,312.0,250.0,190.0,233.0,267.0,312.0,326.0,411.0,344.0,423.0,407.0
19,398.0,354.0,361.0,406.0,380.0,368.0,334.0,448.0,405.0,413.0,456.0,432.0,390.0,327.0,270.0,210.0,200.0,187.0,257.0,305.0,326.0,348.0,411.0,413.0
20,445.0,470.0,500.0,492.0,409.0,383.0,382.0,400.0,425.0,403.0,402.0,385.0,362.0,365.0,320.0,344.0,367.0,332.0,342.0,342.0,354.0,447.0,412.0,415.0
21,416.0,421.0,405.0,370.0,379.0,368.0,389.0,409.0,411.0,414.0,443.0,424.0,413.0,351.0,280.0,330.0,324.0,318.0,359.0,385.0,390.0,390.0,416.0,425.0
22,412.0,374.0,403.0,392.0,401.0,410.0,407.0,429.0,400.0,411.0,424.0,365.0,366.0,349.0,337.0,324.0,315.0,327.0,335.0,342.0,405.0,445.0,413.0,464.0
23,493.0,474.0,464.0,467.0,437.0,417.0,408.0,430.0,460.0,428.0,443.0,416.0,385.0,381.0,394.0,319.0,318.0,318.0,335.0,406.0,445.0,445.0,472.0,462.0
24,482.0,468.0,500.0,472.0,470.0,476.0,494.0,500.0,500.0,500.0,500.0,500.0,464.0,411.0,416.0,428.0,365.0,423.0,,,469.0,,,459.0
25,500.0,500.0,,465.0,,457.0,,463.0,,473.0,,444.0,,358.0,340.0,330.0,,,336.0,406.0,459.0,446.0,447.0,470.0
26,500.0,500.0,500.0,499.0,492.0,470.0,500.0,500.0,458.0,500.0,471.0,449.0,404.0,385.0,,375.0,341.0,332.0,348.0,397.0,409.0,445.0,451.0,434.0
27,416.0,410.0,418.0,390.0,500.0,398.0,405.0,435.0,419.0,421.0,410.0,375.0,362.0,350.0,384.0,348.0,341.0,340.0,332.0,335.0,347.0,358.0,368.0,377.0
28,346.0,431.0,385.0,395.0,407.0,380.0,377.0,380.0,358.0,346.0,335.0,273.0,127.0,140.0,270.0,308.0,200.0,150.0,187.0,237.0,277.0,309.0,366.0,393.0
29,416.0,431.0,442.0,449.0,437.0,425.0,422.0,378.0,373.0,364.0,366.0,342.0,317.0,306.0,311.0,325.0,348.0,335.0,335.0,364.0,371.0,374.0,408.0,411.0
30,491.0,464.0,459.0,464.0,457.0,455.0,468.0,462.0,461.0,484.0,491.0,489.0,414.0,395.0,411.0,365.0,350.0,344.0,342.0,368.0,371.0,382.0,420.0,479.0
"
"
December-2023,00:00:00,01:00:00,02:00:00,03:00:00,04:00:00,05:00:00,06:00:00,07:00:00,08:00:00,09:00:00,10:00:00,11:00:00,12:00:00,13:00:00,14:00:00,15:00:00,16:00:00,17:00:00,18:00:00,19:00:00,20:00:00,21:00:00,22:00:00,23:00:00
1,411.0,401.0,420.0,466.0,380.0,390.0,405.0,409.0,408.0,417.0,443.0,481.0,416.0,398.0,366.0,351.0,340.0,372.0,329.0,370,419,410,409.0,392
2,378.0,371.0,372.0,378.0,379.0,367.0,353.0,357.0,336.0,333.0,347.0,391.0,307.0,325.0,332.0,316.0,290.0,309.0,313.0,344,352,118,129.0,416
3,360.0,443.0,365.0,414.0,418.0,500.0,436.0,432.0,398.0,347.0,356.0,341.0,372.0,368.0,342.0,315.0,210.0,179.0,155.0,195,281,308,401.0,396
4,321.0,321.0,331.0,340.0,398.0,403.0,388.0,402.0,384.0,418.0,414.0,366.0,411.0,331.0,319.0,312.0,240.0,174.0,203.0,243,311,332,368.0,489
5,399.0,355.0,357.0,364.0,368.0,382.0,392.0,383.0,395.0,347.0,387.0,330.0,328.0,297.0,160.0,180.0,131.0,141.0,153.0,172,270,311,325.0,366
6,352.0,362.0,342.0,346.0,340.0,348.0,334.0,346.0,353.0,358.0,344.0,345.0,342.0,308.0,318.0,237.0,217.0,203.0,500.0,354,405,322,309.0,325
7,329.0,352.0,434.0,441.0,476.0,493.0,448.0,423.0,379.0,425.0,424.0,428.0,417.0,382.0,387.0,371.0,319.0,338.0,331.0,329,360,396,396.0,402
8,417.0,412.0,410.0,412.0,401.0,386.0,362.0,355.0,345.0,345.0,350.0,374.0,380.0,327.0,311.0,300.0,161.0,153.0,180.0,227,310,332,376.0,409
9,405.0,418.0,428.0,408.0,365.0,366.0,348.0,341.0,344.0,354.0,403.0,357.0,,,,267.0,237.0,168.0,190.0,217,312,338,346.0,352
10,362.0,359.0,357.0,329.0,328.0,376.0,338.0,342.0,345.0,329.0,392.0,392.0,354.0,309.0,240.0,190.0,148.0,141.0,147.0,222,308,337,338.0,338
11,352.0,390.0,388.0,386.0,368.0,374.0,359.0,369.0,365.0,367.0,347.0,337.0,328.0,305.0,314.0,301.0,210.0,193.0,193.0,213,380,468,459.0,500
12,453.0,482.0,474.0,434.0,437.0,466.0,471.0,457.0,466.0,498.0,500.0,500.0,391.0,382.0,324.0,304.0,293.0,305.0,309.0,318,411,416,454.0,470
13,470.0,468.0,459.0,469.0,468.0,461.0,500.0,500.0,500.0,500.0,500.0,500.0,434.0,391.0,335.0,301.0,237.0,223.0,177.0,243,350,353,354.0,368
14,413.0,439.0,412.0,372.0,338.0,327.0,348.0,355.0,366.0,370.0,409.0,336.0,321.0,311.0,283.0,203.0,187.0,157.0,187.0,263,273,332,409.0,443
15,,,,,,,377.0,378.0,382.0,461.0,408.0,437.0,382.0,382.0,341.0,301.0,277.0,210.0,207.0,257,323,366,,454
16,414.0,471.0,485.0,500.0,500.0,435.0,415.0,480.0,425.0,491.0,454.0,459.0,429.0,402.0,402.0,471.0,302.0,197.0,159.0,213,405,423,441.0,472
17,451.0,500.0,500.0,448.0,423.0,373.0,374.0,420.0,408.0,,,,,,,,,,,320,350,383,420.0,414
18,401.0,400.0,425.0,377.0,322.0,336.0,343.0,332.0,336.0,343.0,401.0,340.0,312.0,114.0,8.0,305.0,309.0,167.0,189.0,270,308,332,345.0,354
19,361.0,339.0,322.0,310.0,317.0,325.0,338.0,335.0,324.0,333.0,405.0,338.0,326.0,308.0,297.0,263.0,179.0,166.0,163.0,272,405,401,446.0,415
20,427.0,344.0,318.0,322.0,321.0,324.0,345.0,342.0,345.0,402.0,356.0,449.0,333.0,330.0,323.0,316.0,297.0,247.0,270.0,306,398,432,461.0,465
21,441.0,413.0,420.0,393.0,,,,,,421.0,405.0,433.0,449.0,439.0,408.0,445.0,349.0,340.0,345.0,355,418,459,475.0,493
22,483.0,492.0,492.0,494.0,498.0,500.0,500.0,500.0,467.0,456.0,458.0,477.0,499.0,425.0,405.0,398.0,452.0,471.0,500.0,500,500,500,500.0,500
23,500.0,500.0,500.0,500.0,495.0,490.0,487.0,476.0,481.0,499.0,500.0,500.0,453.0,417.0,377.0,346.0,325.0,310.0,303.0,345,471,473,486.0,500
24,500.0,500.0,500.0,500.0,500.0,500.0,478.0,470.0,493.0,486.0,500.0,500.0,500.0,406.0,355.0,351.0,322.0,293.0,277.0,341,384,423,423.0,433
25,462.0,467.0,446.0,435.0,434.0,431.0,429.0,429.0,422.0,410.0,437.0,420.0,415.0,401.0,369.0,349.0,329.0,325.0,306.0,405,385,417,433.0,421
26,423.0,404.0,373.0,398.0,405.0,402.0,395.0,413.0,417.0,451.0,490.0,500.0,444.0,411.0,372.0,362.0,327.0,357.0,414.0,420,426,442,500.0,500
27,500.0,500.0,500.0,500.0,500.0,453.0,490.0,500.0,500.0,429.0,442.0,462.0,494.0,500.0,500.0,495.0,487.0,500.0,493.0,474,478,497,488.0,458
28,456.0,450.0,412.0,384.0,372.0,379.0,380.0,377.0,361.0,346.0,364.0,416.0,415.0,423.0,424.0,427.0,435.0,433.0,414.0,407,433,447,441.0,457
29,459.0,473.0,473.0,467.0,469.0,462.0,459.0,465.0,439.0,405.0,411.0,419.0,432.0,438.0,447.0,435.0,388.0,386.0,385.0,398,419,454,498.0,451
30,437.0,439.0,443.0,436.0,419.0,416.0,421.0,434.0,423.0,429.0,430.0,435.0,456.0,481.0,486.0,476.0,462.0,430.0,428.0,431,420,409,407.0,405
31,413.0,407.0,403.0,395.0,392.0,395.0,403.0,403.0,398.0,383.0,372.0,381.0,389.0,410.0,418.0,433.0,425.0,420.0,413.0,385,375,350,336.0,333
"
"
