Year,2017
January-2017,00:00:00,01:00:00,02:00:00,03:00:00,04:00:00,05:00:00,06:00:00,07:00:00,08:00:00,09:00:00,10:00:00,11:00:00,12:00:00,13:00:00,14:00:00,15:00:00,16:00:00,17:00:00,18:00:00,19:00:00,20:00:00,21:00:00,22:00:00,23:00:00
"
"
February-2017,00:00:00,01:00:00,02:00:00,03:00:00,04:00:00,05:00:00,06:00:00,07:00:00,08:00:00,09:00:00,10:00:00,11:00:00,12:00:00,13:00:00,14:00:00,15:00:00,16:00:00,17:00:00,18:00:00,19:00:00,20:00:00,21:00:00,22:00:00,23:00:00
"
"
March-2017,00:00:00,01:00:00,02:00:00,03:00:00,04:00:00,05:00:00,06:00:00,07:00:00,08:00:00,09:00:00,10:00:00,11:00:00,12:00:00,13:00:00,14:00:00,15:00:00,16:00:00,17:00:00,18:00:00,19:00:00,20:00:00,21:00:00,22:00:00,23:00:00
"
"
April-2017,00:00:00,01:00:00,02:00:00,03:00:00,04:00:00,05:00:00,06:00:00,07:00:00,08:00:00,09:00:00,10:00:00,11:00:00,12:00:00,13:00:00,14:00:00,15:00:00,16:00:00,17:00:00,18:00:00,19:00:00,20:00:00,21:00:00,22:00:00,23:00:00
"
"
May-2017,00:00:00,01:00:00,02:00:00,03:00:00,04:00:00,05:00:00,06:00:00,07:00:00,08:00:00,09:00:00,10:00:00,11:00:00,12:00:00,13:00:00,14:00:00,15:00:00,16:00:00,17:00:00,18:00:00,19:00:00,20:00:00,21:00:00,22:00:00,23:00:00
"
"
June-2017,00:00:00,01:00:00,02:00:00,03:00:00,04:00:00,05:00:00,06:00:00,07:00:00,08:00:00,09:00:00,10:00:00,11:00:00,12:00:00,13:00:00,14:00:00,15:00:00,16:00:00,17:00:00,18:00:00,19:00:00,20:00:00,21:00:00,22:00:00,23:00:00
"
"
July-2017,00:00:00,01:00:00,02:00:00,03:00:00,04:00:00,05:00:00,06:00:00,07:00:00,08:00:00,09:00:00,10:00:00,11:00:00,12:00:00,13:00:00,14:00:00,15:00:00,16:00:00,17:00:00,18:00:00,19:00:00,20:00:00,21:00:00,22:00:00,23:00:00
"
"
August-2017,00:00:00,01:00:00,02:00:00,03:00:00,04:00:00,05:00:00,06:00:00,07:00:00,08:00:00,09:00:00,10:00:00,11:00:00,12:00:00,13:00:00,14:00:00,15:00:00,16:00:00,17:00:00,18:00:00,19:00:00,20:00:00,21:00:00,22:00:00,23:00:00
"
"
September-2017,00:00:00,01:00:00,02:00:00,03:00:00,04:00:00,05:00:00,06:00:00,07:00:00,08:00:00,09:00:00,10:00:00,11:00:00,12:00:00,13:00:00,14:00:00,15:00:00,16:00:00,17:00:00,18:00:00,19:00:00,20:00:00,21:00:00,22:00:00,23:00:00
"
"
October-2017,00:00:00,01:00:00,02:00:00,03:00:00,04:00:00,05:00:00,06:00:00,07:00:00,08:00:00,09:00:00,10:00:00,11:00:00,12:00:00,13:00:00,14:00:00,15:00:00,16:00:00,17:00:00,18:00:00,19:00:00,20:00:00,21:00:00,22:00:00,23:00:00
"
"
November-2017,00:00:00,01:00:00,02:00:00,03:00:00,04:00:00,05:00:00,06:00:00,07:00:00,08:00:00,09:00:00,10:00:00,11:00:00,12:00:00,13:00:00,14:00:00,15:00:00,16:00:00,17:00:00,18:00:00,19:00:00,20:00:00,21:00:00,22:00:00,23:00:00
"
"
December-2017,00:00:00,01:00:00,02:00:00,03:00:00,04:00:00,05:00:00,06:00:00,07:00:00,08:00:00,09:00:00,10:00:00,11:00:00,12:00:00,13:00:00,14:00:00,15:00:00,16:00:00,17:00:00,18:00:00,19:00:00,20:00:00,21:00:00,22:00:00,23:00:00
"
"
Year,2018
January-2018,00:00:00,01:00:00,02:00:00,03:00:00,04:00:00,05:00:00,06:00:00,07:00:00,08:00:00,09:00:00,10:00:00,11:00:00,12:00:00,13:00:00,14:00:00,15:00:00,16:00:00,17:00:00,18:00:00,19:00:00,20:00:00,21:00:00,22:00:00,23:00:00
1,,,,,,,,,,,,,,,,,,,,,,,,
2,,,,,,,,,,,,,,,,,,,,,,,,
"
"
February-2018,00:00:00,01:00:00,02:00:00,03:00:00,04:00:00,05:00:00,06:00:00,07:00:00,08:00:00,09:00:00,10:00:00,11:00:00,12:00:00,13:00:00,14:00:00,15:00:00,16:00:00,17:00:00,18:00:00,19:00:00,20:00:00,21:00:00,22:00:00,23:00:00
1,,,,,,,,,,500,500.0,500,425,407,316,237,183,195,267,301,318,414,447,477
2,424.0,320.0,323.0,358.0,318.0,334.0,333.0,332.0,372.0,431,472.0,500,441,402,287,304,270,307,192,217,302,316,310,310
3,315.0,273.0,267.0,250.0,301.0,328.0,337.0,335.0,344.0,345,411.0,436,414,315,213,180,157,135,197,169,253,308,338,391
4,417.0,418.0,401.0,361.0,355.0,362.0,358.0,361.0,348.0,356,365.0,372,365,316,318,293,177,167,165,170,257,324,370,379
5,372.0,401.0,382.0,378.0,410.0,431.0,420.0,422.0,440.0,429,484.0,426,401,352,220,170,141,180,239,270,342,324,404,415
6,396.0,388.0,400.0,403.0,391.0,423.0,444.0,366.0,333.0,334,350.0,319,307,240,270,197,202,262,199,217,302,342,356,370
7,359.0,334.0,365.0,383.0,348.0,353.0,346.0,361.0,370.0,367,370.0,342,341,293,223,169,156,153,146,157,233,324,363,388
8,413.0,390.0,386.0,421.0,456.0,432.0,416.0,436.0,462.0,469,500.0,480,341,406,316,293,146,197,159,200,308,342,373,419
9,468.0,466.0,436.0,451.0,417.0,434.0,440.0,452.0,457.0,477,459.0,453,396,371,314,217,220,183,237,240,325,439,433,447
10,430.0,426.0,449.0,466.0,486.0,500.0,500.0,500.0,500.0,486,482.0,421,332,306,307,311,197,160,167,173,251,418,496,468
11,500.0,425.0,358.0,354.0,358.0,373.0,332.0,318.0,327.0,345,405.0,375,315,308,303,401,294,376,229,217,248,290,304,297
12,293.0,223.0,167.0,157.0,133.0,187.0,197.0,177.0,233.0,200,183.0,207,255,398,249,188,256,276,226,149,123,133,197,140
13,200.0,143.0,130.0,113.0,120.0,165.0,302.0,367.0,367.0,409,348.0,418,370,321,250,237,243,177,243,217,303,331,336,352
14,350.0,323.0,302.0,217.0,193.0,177.0,183.0,277.0,318.0,315,324.0,321,171,177,267,244,207,150,141,131,157,237,280,312
15,302.0,257.0,309.0,319.0,301.0,297.0,312.0,318.0,316.0,318,318.0,310,267,267,204,156,153,147,164,175,257,253,319,333
16,318.0,280.0,240.0,345.0,352.0,335.0,357.0,370.0,390.0,395,404.0,408,308,273,213,167,250,183,173,187,270,321,335,362
17,382.0,375.0,382.0,340.0,351.0,373.0,417.0,409.0,420.0,437,444.0,399,358,301,177,177,207,197,184,197,240,318,350,388
18,332.0,349.0,336.0,355.0,369.0,374.0,378.0,443.0,469.0,474,459.0,395,342,200,149,144,150,141,123,135,187,224,332,385
19,438.0,426.0,445.0,447.0,463.0,493.0,500.0,483.0,500.0,495,478.0,453,414,346,318,233,157,150,155,172,240,305,365,376
20,407.0,410.0,413.0,373.0,375.0,401.0,414.0,406.0,457.0,444,500.0,489,332,304,230,175,175,171,196,215,385,315,462,480
21,483.0,463.0,446.0,428.0,432.0,442.0,446.0,439.0,429.0,490,495.0,450,330,218,194,260,268,206,196,250,395,447,467,435
22,423.0,413.0,328.0,328.0,329.0,353.0,382.0,420.0,380.0,428,500.0,500,470,406,416,323,192,169,218,354,402,260,257,308
23,328.0,332.0,328.0,340.0,348.0,346.0,355.0,388.0,395.0,420,485.0,500,463,370,290,277,152,300,293,280,349,362,406,480
24,198.0,5.0,2.0,3.0,22.0,1.0,,10.0,2.0,8,,74,420,362,235,246,233,246,370,368,396,428,424,344
25,401.0,414.0,398.0,420.0,348.0,260.0,250.0,197.0,230.0,180,167.0,192,250,153,148,145,175,185,153,159,152,230,280,277
26,203.0,183.0,187.0,207.0,240.0,310.0,233.0,280.0,217.0,243,267.0,237,185,195,210,157,259,270,256,157,133,141,187,170
27,157.0,217.0,230.0,307.0,260.0,253.0,303.0,287.0,356.0,334,301.0,257,251,253,167,93,159,152,171,161,176,215,322,335
28,341.0,380.0,392.0,393.0,356.0,380.0,372.0,352.0,383.0,433,500.0,381,342,332,317,263,198,184,178,190,223,316,391,396
"
"
March-2018,00:00:00,01:00:00,02:00:00,03:00:00,04:00:00,05:00:00,06:00:00,07:00:00,08:00:00,09:00:00,10:00:00,11:00:00,12:00:00,13:00:00,14:00:00,15:00:00,16:00:00,17:00:00,18:00:00,19:00:00,20:00:00,21:00:00,22:00:00,23:00:00
1,315.0,311.0,321.0,343.0,336.0,329.0,358.0,355.0,361.0,426.0,491.0,422.0,337.0,235.0,183.0,160.0,160.0,146.0,136.0,127.0,204.0,283.0,301.0,309.0
2,365.0,383.0,456.0,457.0,474.0,457.0,437.0,378.0,362.0,414.0,420.0,362.0,328.0,401.0,151.0,133.0,137.0,132.0,129.0,130.0,146.0,174.0,187.0,305.0
3,324.0,332.0,342.0,308.0,302.0,230.0,177.0,223.0,357.0,411.0,450.0,367.0,434.0,411.0,190.0,162.0,148.0,144.0,151.0,181.0,179.0,187.0,233.0,309.0
4,325.0,352.0,329.0,270.0,207.0,133.0,127.0,163.0,150.0,183.0,200.0,270.0,213.0,244.0,230.0,194.0,153.0,127.0,153.0,135.0,163.0,167.0,183.0,293.0
5,372.0,304.0,267.0,223.0,217.0,270.0,200.0,150.0,243.0,332.0,378.0,332.0,177.0,141.0,127.0,113.0,122.0,145.0,137.0,115.0,122.0,163.0,187.0,322.0
6,98.0,1.0,1.0,9.0,1.0,64.0,311.0,328.0,378.0,362.0,358.0,316.0,243.0,185.0,159.0,153.0,155.0,119.0,114.0,120.0,133.0,145.0,250.0,220.0
7,328.0,318.0,312.0,312.0,321.0,344.0,331.0,328.0,328.0,331.0,354.0,302.0,280.0,172.0,140.0,131.0,138.0,124.0,133.0,112.0,123.0,152.0,200.0,273.0
8,310.0,428.0,462.0,499.0,456.0,443.0,443.0,427.0,408.0,435.0,452.0,358.0,270.0,203.0,230.0,213.0,290.0,277.0,199.0,229.0,326.0,315.0,319.0,390.0
9,426.0,456.0,445.0,440.0,423.0,430.0,438.0,454.0,486.0,386.0,308.0,253.0,203.0,177.0,170.0,146.0,146.0,205.0,135.0,157.0,199.0,270.0,307.0,305.0
10,301.0,314.0,277.0,187.0,223.0,197.0,253.0,319.0,429.0,333.0,349.0,308.0,257.0,157.0,134.0,134.0,146.0,150.0,133.0,140.0,148.0,182.0,217.0,232.0
11,215.0,207.0,201.0,160.0,184.0,308.0,333.0,317.0,318.0,359.0,310.0,293.0,278.0,255.0,155.0,129.0,132.0,124.0,129.0,150.0,167.0,185.0,311.0,353.0
12,378.0,363.0,362.0,338.0,313.0,212.0,234.0,317.0,415.0,420.0,384.0,306.0,291.0,269.0,266.0,171.0,165.0,153.0,171.0,162.0,205.0,248.0,272.0,318.0
13,312.0,320.0,324.0,322.0,319.0,359.0,364.0,420.0,475.0,408.0,411.0,400.0,377.0,227.0,174.0,154.0,145.0,143.0,134.0,150.0,320.0,411.0,475.0,447.0
14,470.0,425.0,410.0,405.0,382.0,341.0,339.0,339.0,360.0,315.0,402.0,330.0,375.0,401.0,334.0,238.0,263.0,252.0,259.0,361.0,329.0,407.0,452.0,443.0
15,366.0,471.0,500.0,500.0,491.0,451.0,401.0,346.0,290.0,382.0,408.0,428.0,441.0,410.0,412.0,391.0,227.0,182.0,189.0,199.0,245.0,335.0,332.0,265.0
16,249.0,227.0,267.0,233.0,339.0,412.0,363.0,366.0,348.0,484.0,500.0,361.0,344.0,341.0,226.0,169.0,161.0,167.0,165.0,183.0,187.0,205.0,250.0,274.0
17,223.0,238.0,174.0,230.0,290.0,280.0,325.0,309.0,280.0,352.0,378.0,307.0,239.0,156.0,,,,,,,,,,
18,,,,,,,,,,,,333.0,309.0,161.0,159.0,138.0,137.0,120.0,120.0,127.0,149.0,186.0,250.0,253.0
19,202.0,197.0,195.0,174.0,155.0,137.0,160.0,233.0,336.0,395.0,381.0,415.0,382.0,208.0,175.0,141.0,155.0,141.0,170.0,179.0,189.0,262.0,237.0,213.0
20,302.0,267.0,297.0,230.0,233.0,277.0,307.0,333.0,346.0,366.0,405.0,420.0,422.0,241.0,203.0,197.0,164.0,165.0,200.0,255.0,329.0,355.0,441.0,480.0
21,450.0,480.0,453.0,403.0,359.0,357.0,353.0,357.0,368.0,385.0,413.0,325.0,316.0,322.0,310.0,245.0,420.0,230.0,200.0,179.0,174.0,198.0,212.0,201.0
22,203.0,173.0,167.0,194.0,230.0,206.0,212.0,253.0,275.0,286.0,305.0,281.0,237.0,188.0,280.0,236.0,206.0,164.0,162.0,178.0,177.0,256.0,186.0,168.0
23,173.0,231.0,203.0,124.0,204.0,180.0,149.0,180.0,272.0,268.0,267.0,233.0,154.0,133.0,120.0,135.0,123.0,129.0,124.0,132.0,152.0,164.0,188.0,261.0
24,310.0,312.0,320.0,313.0,306.0,323.0,320.0,321.0,345.0,337.0,326.0,190.0,199.0,179.0,174.0,170.0,164.0,161.0,164.0,167.0,162.0,196.0,231.0,301.0
25,311.0,315.0,313.0,311.0,308.0,301.0,306.0,308.0,318.0,340.0,,,267.0,184.0,192.0,272.0,349.0,209.0,187.0,178.0,153.0,204.0,194.0,253.0
26,305.0,302.0,320.0,302.0,304.0,319.0,358.0,341.0,340.0,339.0,333.0,302.0,315.0,241.0,181.0,174.0,209.0,217.0,179.0,159.0,195.0,238.0,274.0,304.0
27,324.0,331.0,314.0,369.0,438.0,404.0,342.0,371.0,384.0,396.0,340.0,406.0,319.0,236.0,188.0,181.0,163.0,199.0,186.0,184.0,271.0,309.0,278.0,292.0
28,408.0,477.0,447.0,426.0,455.0,430.0,441.0,435.0,411.0,411.0,403.0,289.0,197.0,157.0,159.0,148.0,167.0,187.0,181.0,256.0,213.0,270.0,302.0,316.0
29,316.0,316.0,342.0,310.0,329.0,328.0,328.0,301.0,304.0,385.0,319.0,305.0,187.0,204.0,216.0,197.0,159.0,170.0,182.0,167.0,179.0,246.0,237.0,293.0
30,316.0,306.0,323.0,328.0,417.0,408.0,321.0,190.0,215.0,254.0,279.0,284.0,211.0,187.0,184.0,,,,,,,,,
31,,,,,,,,,,,,,,,,,,,,,,,,
"
"
April-2018,00:00:00,01:00:00,02:00:00,03:00:00,04:00:00,05:00:00,06:00:00,07:00:00,08:00:00,09:00:00,10:00:00,11:00:00,12:00:00,13:00:00,14:00:00,15:00:00,16:00:00,17:00:00,18:00:00,19:00:00,20:00:00,21:00:00,22:00:00,23:00:00
1,,,,,,,,,,,,,,,,,,,187.0,181.0,238.0,290.0,368.0,350.0
2,312.0,318.0,323.0,336.0,420.0,332.0,319.0,257.0,297.0,302.0,290.0,261.0,364.0,293.0,191.0,214.0,273.0,279.0,215.0,226.0,251.0,366.0,335.0,315.0
3,319.0,,,,,,,,,,,,,,,,193.0,193.0,247.0,206.0,,,,
4,,,,,,,,,,,,,,,,,181.0,,,,,381.0,423.0,374.0
5,420.0,419.0,469.0,500.0,,,,,,,,,,,,,185.0,224.0,155.0,165.0,,,,
6,,,305.0,,,,,,,,,,,,191.0,,173.0,231.0,214.0,336.0,97.0,97.0,50.0,46.0
7,66.0,73.0,46.0,57.0,108.0,118.0,198.0,278.0,287.0,182.0,185.0,194.0,187.0,168.0,168.0,182.0,189.0,219.0,212.0,147.0,141.0,196.0,150.0,181.0
8,146.0,135.0,127.0,122.0,108.0,102.0,92.0,101.0,123.0,150.0,150.0,155.0,179.0,179.0,163.0,,148.0,191.0,174.0,157.0,199.0,187.0,160.0,149.0
9,144.0,139.0,129.0,127.0,112.0,,,,276.0,284.0,67.0,49.0,75.0,,,121.0,96.0,113.0,104.0,105.0,165.0,159.0,187.0,235.0
10,361.0,422.0,406.0,325.0,303.0,230.0,309.0,,,,,325.0,308.0,,,334.0,263.0,,,,,,,
11,,,,,,,,,,,,124.0,153.0,,148.0,141.0,167.0,143.0,131.0,125.0,,,,
12,,,,,,,,,,,,107.0,130.0,167.0,241.0,,184.0,155.0,118.0,111.0,130.0,175.0,209.0,307.0
13,321.0,194.0,253.0,237.0,233.0,207.0,267.0,309.0,321.0,339.0,,303.0,144.0,143.0,105.0,136.0,137.0,130.0,98.0,100.0,127.0,202.0,234.0,278.0
14,405.0,414.0,375.0,203.0,160.0,147.0,180.0,309.0,342.0,355.0,348.0,316.0,277.0,200.0,152.0,167.0,133.0,5.0,114.0,138.0,171.0,,283.0,341.0
15,315.0,312.0,308.0,290.0,302.0,310.0,,332.0,,,,,,,,153.0,,,,,,,,
16,,,,,,,,,,,,417.0,339.0,255.0,219.0,,,,,271.0,206.0,227.0,265.0,293.0
17,279.0,336.0,401.0,375.0,272.0,256.0,221.0,251.0,403.0,304.0,223.0,194.0,168.0,143.0,142.0,153.0,159.0,181.0,193.0,183.0,224.0,287.0,321.0,336.0
18,382.0,283.0,215.0,194.0,197.0,224.0,230.0,305.0,318.0,327.0,322.0,294.0,189.0,293.0,395.0,407.0,322.0,257.0,198.0,210.0,,,,
19,,,,,,,,,,,,382.0,,346.0,287.0,253.0,249.0,231.0,204.0,207.0,213.0,271.0,309.0,350.0
20,385.0,412.0,407.0,300.0,204.0,,223.0,237.0,,,384.0,431.0,439.0,484.0,254.0,199.0,244.0,,,,,,,
21,,,,,,,,,,,,,,,,,,,,,,,,
22,,,,,,,,,,,,,,421.0,364.0,237.0,170.0,157.0,147.0,150.0,157.0,192.0,207.0,235.0
23,,,,,,,,,,,293.0,219.0,358.0,294.0,167.0,179.0,223.0,177.0,,238.0,197.0,238.0,273.0,297.0
24,346.0,341.0,342.0,332.0,348.0,325.0,304.0,314.0,445.0,455.0,438.0,416.0,315.0,207.0,185.0,234.0,235.0,179.0,292.0,173.0,197.0,296.0,267.0,430.0
25,428.0,414.0,445.0,460.0,424.0,412.0,,332.0,410.0,452.0,,325.0,,,,,199.0,141.0,147.0,157.0,171.0,296.0,435.0,461.0
26,417.0,429.0,423.0,417.0,497.0,285.0,287.0,276.0,407.0,437.0,439.0,500.0,488.0,458.0,418.0,403.0,405.0,403.0,366.0,369.0,412.0,457.0,475.0,444.0
27,,,,,,,,,,,,,,413.0,388.0,352.0,325.0,295.0,270.0,332.0,431.0,416.0,423.0,401.0
28,402.0,410.0,411.0,371.0,341.0,329.0,294.0,304.0,300.0,359.0,375.0,401.0,406.0,415.0,410.0,395.0,321.0,286.0,302.0,338.0,410.0,404.0,429.0,419.0
29,402.0,322.0,,,,,191.0,191.0,339.0,304.0,305.0,272.0,272.0,284.0,269.0,226.0,228.0,242.0,239.0,258.0,260.0,282.0,403.0,
30,419.0,187.0,186.0,194.0,185.0,159.0,157.0,157.0,213.0,321.0,296.0,168.0,163.0,221.0,197.0,197.0,185.0,179.0,181.0,245.0,268.0,330.0,252.0,261.0
"
"
May-2018,00:00:00,01:00:00,02:00:00,03:00:00,04:00:00,05:00:00,06:00:00,07:00:00,08:00:00,09:00:00,10:00:00,11:00:00,12:00:00,13:00:00,14:00:00,15:00:00,16:00:00,17:00:00,18:00:00,19:00:00,20:00:00,21:00:00,22:00:00,23:00:00
1,210.0,,171.0,141.0,133.0,134.0,166.0,118.0,121.0,152.0,171.0,175.0,261.0,202.0,165.0,165.0,170.0,174.0,162.0,110.0,87.0,281.0,199.0,172.0
2,164.0,133.0,133.0,124.0,111.0,123.0,114.0,118.0,129.0,141.0,173.0,192.0,185.0,250.0,172.0,162.0,179.0,164.0,391.0,,306.0,378.0,,100.0
3,114.0,99.0,80.0,84.0,88.0,163.0,223.0,125.0,113.0,131.0,,185.0,,213.0,223.0,,,182.0,188.0,195.0,196.0,185.0,141.0,154.0
4,142.0,,140.0,113.0,109.0,,,,,85.0,95.0,101.0,130.0,132.0,164.0,175.0,193.0,231.0,140.0,141.0,141.0,170.0,199.0,248.0
5,312.0,,191.0,141.0,158.0,130.0,135.0,161.0,167.0,167.0,180.0,136.0,226.0,257.0,131.0,143.0,152.0,157.0,246.0,166.0,123.0,,,446.0
6,368.0,,371.0,384.0,380.0,440.0,379.0,338.0,,,455.0,371.0,289.0,443.0,270.0,390.0,228.0,119.0,115.0,115.0,129.0,,113.0,163.0
7,144.0,159.0,163.0,157.0,155.0,123.0,305.0,342.0,345.0,407.0,418.0,337.0,308.0,268.0,258.0,259.0,336.0,349.0,367.0,377.0,404.0,419.0,414.0,445.0
8,427.0,425.0,468.0,332.0,109.0,96.0,97.0,97.0,84.0,97.0,111.0,,157.0,150.0,,106.0,104.0,114.0,,,,,155.0,407.0
9,131.0,92.0,84.0,79.0,78.0,81.0,83.0,104.0,143.0,,312.0,322.0,320.0,252.0,235.0,261.0,170.0,162.0,130.0,139.0,181.0,212.0,,304.0
10,305.0,290.0,250.0,293.0,,,,,,,302.0,314.0,198.0,185.0,227.0,,250.0,194.0,169.0,203.0,257.0,304.0,,
11,105.0,,,,,,,,389.0,451.0,450.0,433.0,406.0,270.0,287.0,297.0,,183.0,207.0,209.0,301.0,411.0,410.0,389.0
12,382.0,384.0,385.0,365.0,,,,,,,401.0,314.0,320.0,312.0,422.0,406.0,338.0,338.0,323.0,,,,,
13,,,,,,,,,,,,238.0,,,,,206.0,202.0,203.0,484.0,58.0,68.0,197.0,150.0
14,,,,,,,,,108.0,,267.0,175.0,179.0,111.0,163.0,183.0,191.0,198.0,186.0,160.0,118.0,107.0,150.0,157.0
15,159.0,145.0,144.0,155.0,,,,,164.0,190.0,167.0,177.0,171.0,207.0,260.0,230.0,187.0,167.0,168.0,174.0,132.0,202.0,366.0,280.0
16,301.0,316.0,312.0,270.0,202.0,181.0,129.0,85.0,115.0,182.0,156.0,159.0,170.0,177.0,193.0,161.0,,187.0,200.0,199.0,251.0,268.0,262.0,287.0
17,307.0,356.0,,,,,,,,,,,256.0,222.0,248.0,261.0,266.0,246.0,245.0,314.0,305.0,245.0,,
18,,,,,,,,302.0,351.0,335.0,322.0,,251.0,255.0,201.0,177.0,165.0,163.0,167.0,193.0,221.0,287.0,273.0,310.0
19,,,,,,,,,,,,,,,,,,,,,,,,
20,,,,,,,,,,,,,,,,,,,,,,,,
21,,,,,,,,,,,,,,,,,,,188.0,196.0,245.0,304.0,312.0,296.0
22,272.0,,,,,,270.0,207.0,308.0,408.0,414.0,346.0,324.0,250.0,227.0,188.0,,,,,214.0,218.0,378.0,434.0
23,476.0,480.0,478.0,459.0,,,,307.0,399.0,,386.0,375.0,366.0,443.0,,,,,181.0,185.0,186.0,241.0,,
24,,,,341.0,,,308.0,319.0,343.0,352.0,412.0,425.0,426.0,,,,,,,167.0,,297.0,325.0,279.0
25,241.0,258.0,320.0,329.0,223.0,183.0,,262.0,298.0,,,,,,,,,,,,,,,398.0
26,380.0,332.0,326.0,340.0,,,,,,,,,,,,,,,,,,,,
27,,,,,,,,,377.0,411.0,413.0,412.0,,435.0,323.0,,247.0,214.0,285.0,239.0,304.0,315.0,319.0,411.0
28,409.0,428.0,329.0,,,,,367.0,354.0,406.0,458.0,,329.0,305.0,,,208.0,212.0,216.0,193.0,193.0,253.0,342.0,358.0
29,,,385.0,301.0,,302.0,,420.0,428.0,60.0,411.0,279.0,265.0,,,142.0,137.0,148.0,149.0,152.0,171.0,352.0,,493.0
30,450.0,449.0,437.0,,,,,,381.0,339.0,292.0,283.0,282.0,500.0,,,,,,,,304.0,259.0,
31,222.0,177.0,191.0,251.0,,,,148.0,,,,221.0,,,,213.0,210.0,217.0,216.0,232.0,252.0,348.0,369.0,
"
"
June-2018,00:00:00,01:00:00,02:00:00,03:00:00,04:00:00,05:00:00,06:00:00,07:00:00,08:00:00,09:00:00,10:00:00,11:00:00,12:00:00,13:00:00,14:00:00,15:00:00,16:00:00,17:00:00,18:00:00,19:00:00,20:00:00,21:00:00,22:00:00,23:00:00
1,262.0,224.0,,,,,,224.0,226.0,185.0,172.0,,,,,,,,224.0,,,,442.0,
2,169.0,169.0,129.0,107.0,,,74.0,89.0,115.0,118.0,115.0,132.0,149.0,151.0,,,,172.0,185.0,198.0,213.0,,,
3,,,,,,,,112.0,145.0,147.0,122.0,,144.0,139.0,,130.0,140.0,150.0,,,,,,
4,163.0,144.0,142.0,,,,,,,,,164.0,187.0,190.0,,,195.0,199.0,200.0,208.0,215.0,203.0,177.0,167.0
5,151.0,132.0,130.0,,,,,,31.0,129.0,144.0,,172.0,174.0,177.0,,,,,,,150.0,,161.0
6,143.0,151.0,152.0,147.0,149.0,,,,,,104.0,,138.0,124.0,139.0,141.0,,132.0,135.0,137.0,149.0,150.0,145.0,145.0
7,126.0,124.0,135.0,,,,,146.0,158.0,132.0,129.0,123.0,,,150.0,153.0,152.0,159.0,169.0,171.0,172.0,,204.0,166.0
8,166.0,189.0,193.0,157.0,,,,,163.0,162.0,189.0,199.0,218.0,199.0,272.0,263.0,280.0,,232.0,,,158.0,162.0,
9,125.0,120.0,,,,,,123.0,114.0,,,130.0,131.0,145.0,,,179.0,180.0,148.0,143.0,500.0,62.0,83.0,103.0
10,108.0,108.0,131.0,,,,,,,303.0,30.0,136.0,147.0,136.0,134.0,132.0,125.0,132.0,128.0,134.0,135.0,143.0,,177.0
11,199.0,203.0,310.0,,,,,194.0,214.0,206.0,204.0,175.0,226.0,173.0,166.0,162.0,183.0,221.0,249.0,241.0,240.0,241.0,246.0,267.0
12,225.0,227.0,228.0,320.0,,,,,309.0,,,465.0,500.0,500.0,,500.0,317.0,325.0,327.0,355.0,,,,
13,,,,,,,,,,500.0,,317.0,322.0,324.0,325.0,350.0,356.0,354.0,355.0,405.0,410.0,,,
14,,500.0,500.0,,,,,,,,,,,500.0,500.0,500.0,500.0,500.0,,,323.0,500.0,500.0,360.0
15,366.0,,,,378.0,350.0,,,,,,,,,452.0,451.0,453.0,424.0,,413.0,413.0,,,
16,,,,,,,,,424.0,424.0,500.0,500.0,,500.0,461.0,,384.0,315.0,438.0,,,469.0,478.0,
17,451.0,436.0,,,,,,,170.0,25.0,,,,,,,,,,,370.0,145.0,,131.0
18,,120.0,,,,,,,,250.0,,,,169.0,153.0,169.0,,124.0,,,,,,30.0
19,127.0,,,,,,,,123.0,137.0,135.0,,,140.0,140.0,141.0,170.0,181.0,171.0,,,,205.0,178.0
20,,172.0,,,,,155.0,,185.0,193.0,221.0,397.0,310.0,321.0,,395.0,218.0,219.0,147.0,155.0,158.0,158.0,181.0,186.0
21,175.0,280.0,257.0,260.0,289.0,390.0,406.0,455.0,482.0,500.0,490.0,436.0,311.0,147.0,196.0,185.0,167.0,,196.0,194.0,209.0,190.0,223.0,441.0
22,371.0,319.0,355.0,272.0,213.0,306.0,328.0,309.0,404.0,441.0,445.0,388.0,328.0,255.0,15.0,217.0,204.0,,155.0,188.0,206.0,230.0,219.0,222.0
23,237.0,335.0,226.0,195.0,174.0,174.0,182.0,402.0,321.0,375.0,406.0,312.0,326.0,252.0,221.0,217.0,318.0,398.0,314.0,265.0,219.0,197.0,188.0,206.0
24,206.0,226.0,215.0,33.0,159.0,145.0,167.0,157.0,166.0,182.0,167.0,164.0,173.0,182.0,165.0,177.0,218.0,189.0,195.0,181.0,191.0,194.0,212.0,217.0
25,207.0,202.0,213.0,184.0,188.0,210.0,382.0,417.0,427.0,446.0,443.0,435.0,426.0,420.0,350.0,285.0,243.0,268.0,227.0,22.0,30.0,55.0,44.0,59.0
26,42.0,31.0,31.0,24.0,31.0,32.0,28.0,45.0,43.0,53.0,54.0,40.0,57.0,62.0,,74.0,75.0,48.0,42.0,67.0,46.0,51.0,48.0,72.0
27,51.0,46.0,49.0,43.0,96.0,36.0,37.0,50.0,51.0,60.0,81.0,36.0,54.0,,,,,,108.0,94.0,105.0,99.0,77.0,68.0
28,75.0,70.0,47.0,33.0,36.0,40.0,32.0,40.0,78.0,67.0,52.0,48.0,57.0,71.0,78.0,62.0,81.0,65.0,81.0,70.0,80.0,73.0,67.0,
29,,,,,,,,53.0,68.0,63.0,65.0,72.0,74.0,90.0,99.0,92.0,84.0,94.0,62.0,95.0,75.0,117.0,123.0,147.0
30,85.0,90.0,101.0,91.0,77.0,69.0,80.0,58.0,69.0,61.0,59.0,78.0,,,,100.0,109.0,112.0,,104.0,139.0,126.0,153.0,125.0
"
"
July-2018,00:00:00,01:00:00,02:00:00,03:00:00,04:00:00,05:00:00,06:00:00,07:00:00,08:00:00,09:00:00,10:00:00,11:00:00,12:00:00,13:00:00,14:00:00,15:00:00,16:00:00,17:00:00,18:00:00,19:00:00,20:00:00,21:00:00,22:00:00,23:00:00
1,137.0,120.0,96.0,123.0,126.0,85.0,77.0,57.0,79.0,77.0,69.0,94,96,,85.0,79.0,80.0,99.0,72.0,69.0,115.0,99.0,123.0,100.0
2,80.0,63.0,58.0,51.0,80.0,63.0,83.0,97.0,119.0,137.0,144.0,185,141,135.0,172.0,129.0,,145.0,,199.0,168.0,227.0,48.0,42.0
3,39.0,54.0,82.0,91.0,,,,,,103.0,96.0,138,107,125.0,173.0,131.0,120.0,111.0,118.0,127.0,115.0,107.0,123.0,140.0
4,138.0,126.0,117.0,85.0,77.0,78.0,90.0,70.0,67.0,47.0,47.0,110,101,151.0,122.0,170.0,234.0,137.0,176.0,142.0,183.0,143.0,105.0,96.0
5,92.0,92.0,83.0,61.0,81.0,91.0,107.0,123.0,150.0,141.0,119.0,115,137,141.0,155.0,155.0,155.0,194.0,137.0,159.0,145.0,163.0,179.0,191.0
6,177.0,184.0,155.0,149.0,117.0,122.0,172.0,133.0,130.0,163.0,171.0,190,190,165.0,164.0,172.0,159.0,139.0,137.0,126.0,137.0,156.0,170.0,185.0
7,173.0,163.0,167.0,159.0,143.0,147.0,102.0,127.0,200.0,147.0,140.0,155,154,151.0,153.0,156.0,158.0,159.0,160.0,163.0,170.0,181.0,173.0,170.0
8,169.0,167.0,170.0,166.0,170.0,187.0,167.0,130.0,127.0,181.0,165.0,190,227,196.0,183.0,192.0,194.0,216.0,199.0,160.0,176.0,193.0,240.0,190.0
9,173.0,172.0,170.0,187.0,167.0,163.0,130.0,118.0,117.0,125.0,135.0,146,153,264.0,157.0,242.0,212.0,163.0,159.0,107.0,163.0,153.0,144.0,134.0
10,96.0,101.0,105.0,94.0,78.0,74.0,,,74.0,75.0,77.0,97,111,141.0,156.0,220.0,257.0,183.0,153.0,130.0,127.0,140.0,119.0,111.0
11,90.0,74.0,69.0,53.0,50.0,55.0,53.0,61.0,63.0,86.0,91.0,104,105,140.0,144.0,147.0,115.0,121.0,107.0,123.0,120.0,107.0,114.0,107.0
12,120.0,127.0,107.0,92.0,84.0,102.0,105.0,105.0,122.0,129.0,143.0,160,164,131.0,146.0,250.0,156.0,190.0,245.0,217.0,233.0,157.0,123.0,95.0
13,70.0,66.0,64.0,44.0,41.0,,,50.0,52.0,72.0,84.0,90,115,127.0,113.0,,81.0,40.0,48.0,,,,70.0,58.0
14,66.0,46.0,64.0,56.0,74.0,74.0,63.0,68.0,67.0,83.0,140.0,157,75,67.0,52.0,35.0,69.0,69.0,64.0,67.0,70.0,81.0,89.0,94.0
15,125.0,84.0,94.0,105.0,127.0,120.0,77.0,78.0,147.0,127.0,85.0,67,55,52.0,77.0,81.0,71.0,78.0,61.0,83.0,81.0,107.0,91.0,114.0
16,109.0,101.0,99.0,63.0,51.0,52.0,55.0,48.0,55.0,66.0,80.0,90,100,62.0,70.0,58.0,43.0,78.0,94.0,90.0,106.0,118.0,127.0,147.0
17,89.0,91.0,113.0,97.0,89.0,68.0,59.0,66.0,,,,74,80,,,,,,,,,115.0,119.0,126.0
18,115.0,100.0,104.0,102.0,160.0,123.0,180.0,157.0,127.0,129.0,89.0,92,104,84.0,79.0,99.0,91.0,73.0,74.0,105.0,59.0,57.0,57.0,62.0
19,55.0,59.0,59.0,53.0,63.0,78.0,78.0,85.0,100.0,134.0,127.0,81,80,97.0,134.0,87.0,85.0,70.0,63.0,58.0,74.0,65.0,88.0,105.0
20,84.0,73.0,83.0,86.0,86.0,183.0,120.0,63.0,68.0,85.0,69.0,59,57,,81.0,118.0,123.0,122.0,89.0,63.0,66.0,74.0,81.0,79.0
21,73.0,80.0,115.0,96.0,188.0,227.0,130.0,129.0,116.0,107.0,121.0,135,123,97.0,94.0,68.0,52.0,,75.0,59.0,,71.0,,
22,,,,,,,,40.0,35.0,49.0,47.0,34,76,57.0,70.0,56.0,58.0,39.0,45.0,52.0,70.0,45.0,55.0,62.0
23,52.0,59.0,47.0,47.0,,,,,,57.0,55.0,116,77,102.0,70.0,51.0,63.0,70.0,53.0,45.0,55.0,57.0,85.0,112.0
24,141.0,117.0,129.0,84.0,,86.0,80.0,85.0,75.0,111.0,119.0,67,85,91.0,87.0,121.0,163.0,125.0,111.0,127.0,123.0,137.0,149.0,130.0
25,117.0,116.0,92.0,59.0,75.0,55.0,27.0,25.0,48.0,79.0,84.0,108,70,84.0,95.0,95.0,111.0,116.0,120.0,127.0,,,,57.0
26,50.0,45.0,,52.0,,,45.0,68.0,48.0,40.0,31.0,44,57,,,,56.0,,,,,,,
27,,,,,,,,,,,,40,40,40.0,32.0,40.0,35.0,38.0,48.0,51.0,45.0,40.0,33.0,30.0
28,33.0,30.0,42.0,33.0,33.0,25.0,55.0,34.0,62.0,58.0,63.0,44,61,78.0,83.0,84.0,84.0,89.0,70.0,73.0,69.0,80.0,121.0,115.0
29,127.0,94.0,99.0,91.0,90.0,88.0,92.0,86.0,83.0,102.0,105.0,124,122,133.0,131.0,129.0,133.0,137.0,141.0,148.0,170.0,212.0,230.0,250.0
30,223.0,200.0,73.0,75.0,,,,,,,,145,143,129.0,141.0,129.0,146.0,131.0,142.0,147.0,148.0,170.0,163.0,
31,180.0,155.0,124.0,119.0,117.0,113.0,114.0,123.0,146.0,161.0,160.0,160,165,165.0,169.0,217.0,185.0,182.0,174.0,162.0,,,,
"
"
August-2018,00:00:00,01:00:00,02:00:00,03:00:00,04:00:00,05:00:00,06:00:00,07:00:00,08:00:00,09:00:00,10:00:00,11:00:00,12:00:00,13:00:00,14:00:00,15:00:00,16:00:00,17:00:00,18:00:00,19:00:00,20:00:00,21:00:00,22:00:00,23:00:00
1,,,,,,,100.0,,149.0,217.0,233.0,251.0,251.0,271.0,284.0,293.0,282.0,,,295.0,296.0,270.0,270.0,312.0
2,267.0,273.0,267.0,177.0,171.0,,,,,237.0,270.0,358.0,366.0,382.0,360.0,368.0,378.0,362.0,352.0,336.0,334.0,,,
3,,,,,,,,178.0,197.0,252.0,305.0,413.0,375.0,78.0,320.0,282.0,311.0,288.0,246.0,246.0,299.0,349.0,355.0,260.0
4,224.0,193.0,174.0,153.0,149.0,148.0,148.0,168.0,188.0,219.0,234.0,300.0,358.0,362.0,378.0,349.0,350.0,368.0,381.0,356.0,354.0,350.0,381.0,348.0
5,305.0,260.0,188.0,179.0,178.0,172.0,172.0,175.0,189.0,226.0,260.0,326.0,382.0,376.0,376.0,384.0,311.0,251.0,289.0,250.0,179.0,173.0,,
6,,,,,,,,133.0,127.0,127.0,139.0,111.0,107.0,104.0,94.0,105.0,,,,126.0,126.0,118.0,105.0,100.0
7,99.0,94.0,113.0,130.0,120.0,100.0,70.0,73.0,77.0,88.0,112.0,115.0,180.0,155.0,141.0,118.0,116.0,123.0,115.0,99.0,115.0,114.0,95.0,114.0
8,122.0,133.0,145.0,134.0,133.0,30.0,25.0,33.0,70.0,56.0,66.0,67.0,53.0,58.0,166.0,85.0,68.0,62.0,62.0,62.0,82.0,100.0,92.0,115.0
9,170.0,133.0,117.0,95.0,78.0,85.0,152.0,73.0,78.0,75.0,73.0,80.0,73.0,75.0,93.0,79.0,81.0,75.0,72.0,79.0,88.0,96.0,105.0,109.0
10,107.0,89.0,70.0,89.0,81.0,86.0,83.0,75.0,86.0,101.0,100.0,95.0,111.0,127.0,122.0,123.0,115.0,85.0,75.0,121.0,187.0,153.0,151.0,131.0
11,118.0,119.0,107.0,66.0,62.0,78.0,67.0,48.0,50.0,86.0,105.0,107.0,123.0,115.0,121.0,,,127.0,135.0,145.0,165.0,167.0,114.0,96.0
12,100.0,89.0,72.0,74.0,64.0,52.0,47.0,42.0,42.0,41.0,74.0,92.0,107.0,101.0,100.0,101.0,109.0,111.0,127.0,121.0,112.0,107.0,123.0,127.0
13,111.0,77.0,37.0,40.0,56.0,57.0,50.0,58.0,,105.0,107.0,107.0,108.0,97.0,108.0,105.0,96.0,95.0,102.0,97.0,101.0,103.0,115.0,118.0
14,129.0,116.0,84.0,69.0,70.0,95.0,88.0,99.0,111.0,130.0,135.0,156.0,125.0,103.0,123.0,109.0,109.0,119.0,122.0,120.0,121.0,133.0,129.0,133.0
15,145.0,157.0,124.0,90.0,84.0,70.0,69.0,84.0,109.0,135.0,160.0,166.0,135.0,102.0,101.0,120.0,144.0,123.0,107.0,113.0,109.0,123.0,102.0,105.0
16,103.0,77.0,96.0,66.0,67.0,58.0,47.0,47.0,114.0,126.0,109.0,138.0,121.0,189.0,171.0,100.0,86.0,57.0,62.0,72.0,104.0,101.0,101.0,109.0
17,127.0,115.0,92.0,55.0,,95.0,84.0,,55.0,,41.0,39.0,46.0,68.0,73.0,77.0,56.0,,,,,79.0,74.0,78.0
18,81.0,74.0,113.0,99.0,92.0,85.0,84.0,51.0,69.0,75.0,70.0,74.0,78.0,84.0,82.0,96.0,97.0,73.0,52.0,68.0,,80.0,,60.0
19,69.0,,105.0,,69.0,64.0,,75.0,,68.0,95.0,,105.0,,101.0,107.0,,108.0,,163.0,141.0,,,
20,,,,,,,,,,,,157.0,200.0,,112.0,120.0,,,97.0,111.0,114.0,100.0,101.0,104.0
21,101.0,74.0,56.0,48.0,,,,,,,,75.0,83.0,99.0,218.0,114.0,95.0,71.0,74.0,67.0,94.0,75.0,115.0,117.0
22,123.0,107.0,74.0,,,,,,,64.0,55.0,63.0,64.0,45.0,71.0,90.0,70.0,84.0,74.0,90.0,95.0,77.0,107.0,90.0
23,84.0,58.0,83.0,,,,,,,,,40.0,42.0,41.0,61.0,56.0,69.0,89.0,88.0,89.0,91.0,,113.0,105.0
24,69.0,63.0,58.0,50.0,46.0,51.0,56.0,51.0,,64.0,74.0,73.0,83.0,80.0,83.0,95.0,104.0,118.0,119.0,133.0,120.0,135.0,,
25,141.0,107.0,64.0,,56.0,,,97.0,,,80.0,86.0,109.0,101.0,97.0,99.0,101.0,107.0,109.0,115.0,118.0,131.0,115.0,108.0
26,109.0,99.0,86.0,61.0,56.0,47.0,52.0,62.0,73.0,78.0,80.0,81.0,97.0,88.0,75.0,86.0,94.0,95.0,97.0,102.0,96.0,79.0,,
27,,,,27.0,,,,,21.0,20.0,27.0,35.0,,48.0,51.0,48.0,51.0,56.0,49.0,50.0,53.0,61.0,69.0,64.0
28,68.0,102.0,86.0,47.0,45.0,41.0,20.0,20.0,22.0,25.0,35.0,75.0,109.0,88.0,77.0,62.0,58.0,38.0,30.0,40.0,60.0,65.0,80.0,78.0
29,75.0,89.0,83.0,51.0,71.0,63.0,69.0,67.0,56.0,62.0,75.0,85.0,72.0,72.0,,30.0,,84.0,100.0,66.0,57.0,41.0,70.0,64.0
30,78.0,110.0,,,,,,,,,66.0,67.0,80.0,90.0,94.0,84.0,78.0,,90.0,105.0,108.0,107.0,130.0,141.0
31,135.0,127.0,133.0,113.0,112.0,127.0,116.0,105.0,111.0,127.0,127.0,131.0,137.0,141.0,145.0,145.0,145.0,145.0,140.0,155.0,160.0,163.0,177.0,167.0
"
"
September-2018,00:00:00,01:00:00,02:00:00,03:00:00,04:00:00,05:00:00,06:00:00,07:00:00,08:00:00,09:00:00,10:00:00,11:00:00,12:00:00,13:00:00,14:00:00,15:00:00,16:00:00,17:00:00,18:00:00,19:00:00,20:00:00,21:00:00,22:00:00,23:00:00
1,188.0,,137.0,112.0,108.0,114.0,109.0,88.0,89.0,47.0,31.0,30.0,41.0,48,55,70.0,92.0,113,108.0,123.0,126.0,118.0,139.0,147.0
2,127.0,107.0,109.0,107.0,99.0,160.0,220.0,193.0,50.0,69.0,107.0,66.0,55.0,56,52,35.0,48.0,29,42.0,48.0,29.0,35.0,44.0,48.0
3,35.0,38.0,47.0,47.0,50.0,41.0,44.0,55.0,80.0,92.0,85.0,83.0,88.0,98,97,78.0,65.0,65,70.0,85.0,105.0,109.0,143.0,157.0
4,122.0,115.0,96.0,94.0,86.0,128.0,197.0,180.0,105.0,130.0,167.0,200.0,217.0,217,177,160.0,118.0,99,107.0,121.0,107.0,107.0,124.0,119.0
5,117.0,124.0,90.0,84.0,90.0,81.0,77.0,88.0,97.0,52.0,45.0,55.0,63.0,72,101,108.0,117.0,105,111.0,107.0,118.0,138.0,177.0,166.0
6,156.0,155.0,150.0,141.0,131.0,145.0,137.0,124.0,111.0,94.0,109.0,120.0,127.0,137,141,152.0,155.0,149,145.0,143.0,48.0,55.0,40.0,38.0
7,43.0,64.0,56.0,48.0,68.0,64.0,47.0,61.0,66.0,79.0,125.0,133.0,114.0,105,115,233.0,62.0,38,57.0,50.0,62.0,52.0,61.0,58.0
8,50.0,53.0,44.0,47.0,47.0,46.0,51.0,56.0,84.0,130.0,99.0,63.0,59.0,63,53,52.0,56.0,70,51.0,68.0,84.0,45.0,88.0,78.0
9,112.0,178.0,120.0,73.0,39.0,35.0,68.0,101.0,108.0,116.0,118.0,48.0,62.0,62,65,67.0,68.0,69,64.0,45.0,56.0,67.0,59.0,59.0
10,57.0,44.0,44.0,35.0,38.0,41.0,64.0,47.0,47.0,56.0,47.0,64.0,98.0,144,264,223.0,212.0,123,94.0,75.0,88.0,96.0,63.0,69.0
11,84.0,79.0,69.0,34.0,42.0,46.0,39.0,45.0,48.0,68.0,72.0,72.0,59.0,60,70,63.0,68.0,63,66.0,61.0,75.0,105.0,107.0,111.0
12,86.0,94.0,85.0,74.0,68.0,56.0,58.0,62.0,64.0,91.0,109.0,100.0,112.0,101,113,115.0,121.0,113,119.0,119.0,119.0,125.0,135.0,115.0
13,97.0,74.0,63.0,51.0,50.0,48.0,47.0,57.0,84.0,116.0,137.0,156.0,157.0,137,138,133.0,140.0,133,137.0,129.0,126.0,,,133.0
14,111.0,93.0,72.0,58.0,54.0,56.0,62.0,70.0,86.0,109.0,119.0,117.0,115.0,118,120,127.0,139.0,129,133.0,126.0,127.0,142.0,156.0,168.0
15,160.0,138.0,133.0,127.0,81.0,86.0,89.0,97.0,119.0,101.0,123.0,119.0,115.0,105,97,88.0,90.0,94,99.0,108.0,122.0,134.0,158.0,166.0
16,152.0,133.0,110.0,107.0,106.0,105.0,107.0,115.0,125.0,131.0,126.0,129.0,139.0,134,145,113.0,111.0,113,109.0,118.0,137.0,150.0,153.0,161.0
17,156.0,153.0,147.0,129.0,125.0,127.0,123.0,115.0,133.0,181.0,143.0,145.0,157.0,159,161,145.0,145.0,151,159.0,167.0,169.0,203.0,157.0,160.0
18,161.0,134.0,135.0,123.0,127.0,129.0,137.0,137.0,152.0,183.0,189.0,164.0,160.0,152,157,157.0,163.0,152,157.0,165.0,177.0,200.0,181.0,169.0
19,195.0,179.0,162.0,111.0,114.0,144.0,134.0,134.0,152.0,177.0,186.0,179.0,160.0,168,168,151.0,153.0,157,161.0,187.0,163.0,179.0,165.0,199.0
20,197.0,201.0,166.0,204.0,138.0,133.0,141.0,159.0,155.0,177.0,181.0,181.0,171.0,179,162,141.0,143.0,132,133.0,150.0,174.0,184.0,171.0,185.0
21,196.0,174.0,145.0,144.0,139.0,142.0,152.0,163.0,121.0,99.0,85.0,86.0,,78,88,68.0,101.0,105,80.0,62.0,58.0,58.0,68.0,74.0
22,67.0,25.0,27.0,23.0,24.0,22.0,17.0,24.0,28.0,27.0,30.0,44.0,59.0,61,72,70.0,75.0,44,63.0,68.0,73.0,81.0,88.0,74.0
23,62.0,52.0,38.0,42.0,38.0,31.0,35.0,36.0,40.0,45.0,46.0,67.0,75.0,75,88,67.0,85.0,92,92.0,83.0,72.0,66.0,52.0,51.0
24,31.0,22.0,21.0,22.0,25.0,23.0,23.0,30.0,33.0,38.0,36.0,52.0,48.0,51,52,,,45,64.0,,,,,
25,,,,,,,,,,,,,,62,61,47.0,59.0,75,,,,,,
26,,,,,,,,,75.0,88.0,96.0,88.0,,83,118,78.0,65.0,72,83.0,100.0,109.0,123.0,133.0,127.0
27,145.0,193.0,170.0,150.0,170.0,157.0,150.0,213.0,193.0,153.0,155.0,131.0,147.0,134,121,119.0,118.0,129,126.0,130.0,144.0,181.0,277.0,244.0
28,241.0,237.0,237.0,143.0,203.0,253.0,260.0,301.0,277.0,290.0,297.0,230.0,192.0,172,160,149.0,146.0,125,127.0,,132.0,197.0,410.0,418.0
29,261.0,230.0,167.0,180.0,157.0,150.0,189.0,243.0,257.0,233.0,,,174.0,238,224,198.0,156.0,167,137.0,163.0,191.0,184.0,166.0,221.0
30,171.0,196.0,203.0,160.0,117.0,111.0,133.0,112.0,121.0,135.0,140.0,116.0,117.0,118,111,108.0,92.0,104,99.0,,135.0,150.0,159.0,169.0
"
"
October-2018,00:00:00,01:00:00,02:00:00,03:00:00,04:00:00,05:00:00,06:00:00,07:00:00,08:00:00,09:00:00,10:00:00,11:00:00,12:00:00,13:00:00,14:00:00,15:00:00,16:00:00,17:00:00,18:00:00,19:00:00,20:00:00,21:00:00,22:00:00,23:00:00
1,155.0,,150.0,107.0,100.0,143.0,124.0,107.0,120.0,160.0,153.0,161.0,149,161,150,144,147,149,145,151,193,197,277.0,273
2,230.0,230.0,306.0,293.0,233.0,177.0,270.0,305.0,280.0,,167.0,167.0,167,280,217,167,167,167,167,129,130,120,,125
3,137.0,137.0,156.0,155.0,171.0,153.0,153.0,153.0,140.0,133.0,158.0,165.0,156,240,188,253,234,179,158,178,147,165,163.0,230
4,220.0,159.0,195.0,268.0,328.0,273.0,273.0,173.0,277.0,245.0,273.0,183.0,188,140,193,220,230,248,224,181,167,202,243.0,243
5,,,,,,,,,,,,,326,356,315,218,285,312,270,173,196,202,179.0,210
6,193.0,250.0,250.0,275.0,284.0,258.0,255.0,245.0,228.0,322.0,237.0,182.0,176,153,312,161,133,132,134,125,138,139,108.0,121
7,151.0,161.0,181.0,190.0,193.0,162.0,159.0,171.0,186.0,227.0,156.0,165.0,157,221,174,163,173,195,205,179,163,217,236.0,240
8,258.0,229.0,251.0,276.0,299.0,342.0,244.0,199.0,227.0,242.0,250.0,224.0,261,248,232,232,236,240,266,234,218,226,236.0,262
9,279.0,252.0,233.0,266.0,248.0,299.0,232.0,194.0,228.0,200.0,216.0,215.0,208,199,248,230,194,200,182,210,260,230,240.0,191
10,207.0,288.0,360.0,291.0,250.0,260.0,306.0,326.0,224.0,185.0,173.0,192.0,199,185,198,183,191,189,205,206,196,195,195.0,192
11,211.0,218.0,218.0,202.0,196.0,232.0,196.0,190.0,182.0,181.0,178.0,177.0,178,171,256,377,198,164,119,109,109,122,116.0,130
12,109.0,135.0,84.0,77.0,66.0,64.0,77.0,96.0,111.0,117.0,135.0,157.0,157,161,156,153,150,141,161,232,267,273,287.0,320
13,418.0,409.0,378.0,414.0,416.0,437.0,456.0,450.0,437.0,453.0,401.0,366.0,273,237,148,131,125,139,121,138,159,187,213.0,237
14,273.0,273.0,287.0,304.0,305.0,273.0,297.0,332.0,318.0,257.0,287.0,243.0,207,170,156,151,149,142,138,166,186,243,302.0,307
15,325.0,334.0,359.0,335.0,312.0,312.0,323.0,321.0,359.0,403.0,405.0,332.0,300,276,217,183,160,175,213,185,220,223,217.0,282
16,358.0,362.0,249.0,245.0,230.0,290.0,284.0,248.0,263.0,272.0,380.0,256.0,263,245,240,253,187,181,246,405,403,414,403.0,426
17,417.0,419.0,375.0,284.0,282.0,404.0,355.0,358.0,328.0,334.0,283.0,277.0,251,259,219,178,124,131,166,171,174,293,440.0,443
18,412.0,432.0,445.0,420.0,388.0,354.0,376.0,315.0,278.0,295.0,266.0,241.0,260,218,206,216,197,207,195,204,199,257,400.0,382
19,336.0,305.0,300.0,205.0,183.0,204.0,191.0,188.0,192.0,251.0,376.0,405.0,389,346,266,262,206,227,184,199,230,366,407.0,399
20,370.0,341.0,326.0,355.0,293.0,271.0,268.0,287.0,283.0,282.0,348.0,350.0,285,268,189,151,165,176,179,168,229,348,405.0,315
21,266.0,296.0,288.0,298.0,288.0,250.0,244.0,237.0,235.0,284.0,239.0,223.0,174,185,221,197,168,149,142,160,207,248,272.0,271
22,230.0,254.0,287.0,217.0,181.0,189.0,215.0,215.0,227.0,251.0,314.0,340.0,272,230,250,174,131,129,153,189,192,195,232.0,361
23,355.0,321.0,321.0,309.0,252.0,238.0,162.0,141.0,153.0,212.0,256.0,281.0,277,298,258,189,163,149,171,298,335,403,352.0,402
24,341.0,282.0,294.0,252.0,210.0,238.0,260.0,234.0,267.0,319.0,424.0,462.0,432,402,251,225,211,185,246,342,270,283,371.0,395
25,292.0,272.0,284.0,237.0,222.0,204.0,194.0,237.0,250.0,354.0,424.0,432.0,376,325,252,255,186,182,179,205,296,414,412.0,401
26,425.0,418.0,422.0,409.0,381.0,355.0,356.0,328.0,362.0,441.0,487.0,491.0,405,188,230,185,143,138,145,191,216,330,416.0,459
27,436.0,390.0,315.0,375.0,354.0,390.0,349.0,306.0,321.0,422.0,446.0,360.0,418,410,281,201,215,216,209,229,339,388,418.0,438
28,445.0,475.0,418.0,404.0,410.0,361.0,312.0,325.0,354.0,340.0,374.0,418.0,284,270,190,155,164,152,187,210,339,443,421.0,424
29,421.0,432.0,428.0,437.0,429.0,354.0,370.0,417.0,427.0,452.0,470.0,482.0,500,469,348,318,132,99,131,422,402,423,439.0,456
30,471.0,476.0,463.0,466.0,465.0,468.0,472.0,474.0,484.0,497.0,482.0,500.0,500,466,373,316,233,243,306,342,402,436,429.0,433
31,441.0,428.0,414.0,413.0,401.0,396.0,388.0,390.0,398.0,414.0,421.0,410.0,374,366,338,368,356,329,342,354,407,500,497.0,481
"
"
November-2018,00:00:00,01:00:00,02:00:00,03:00:00,04:00:00,05:00:00,06:00:00,07:00:00,08:00:00,09:00:00,10:00:00,11:00:00,12:00:00,13:00:00,14:00:00,15:00:00,16:00:00,17:00:00,18:00:00,19:00:00,20:00:00,21:00:00,22:00:00,23:00:00
1,467.0,472.0,500.0,500,500,500,498,485,473.0,499.0,470.0,500.0,435.0,345.0,321.0,315.0,328.0,337.0,335.0,432.0,410.0,397,417.0,431.0
2,447.0,423.0,456.0,486,455,414,392,407,403.0,407.0,414.0,400.0,375.0,362.0,365.0,410.0,408.0,349.0,342.0,328.0,354.0,356,405.0,382.0
3,349.0,367.0,380.0,379,371,340,339,351,378.0,444.0,406.0,402.0,400.0,374.0,335.0,309.0,302.0,287.0,293.0,255.0,277.0,287,309.0,327.0
4,253.0,180.0,187.0,143,147,97,63,52,68.0,88.0,102.0,104.0,123.0,138.0,162.0,179.0,167.0,304.0,314.0,357.0,399.0,410,419.0,446.0
5,489.0,500.0,500.0,500,500,500,500,500,500.0,500.0,500.0,500.0,500.0,500.0,470.0,411.0,362.0,366.0,388.0,412.0,376.0,361,399.0,406.0
6,401.0,417.0,466.0,500,487,469,459,462,466.0,439.0,401.0,346.0,302.0,200.0,212.0,302.0,262.0,299.0,340.0,439.0,390.0,461,451.0,414.0
7,339.0,358.0,363.0,373,416,426,406,392,374.0,362.0,399.0,385.0,322.0,308.0,261.0,266.0,191.0,194.0,260.0,267.0,348.0,493,500.0,134.0
8,152.0,152.0,144.0,132,139,140,125,109,105.0,500.0,500.0,423.0,402.0,420.0,360.0,369.0,361.0,318.0,314.0,332.0,378.0,455,500.0,500.0
9,500.0,500.0,500.0,500,500,500,500,500,500.0,500.0,500.0,500.0,489.0,372.0,348.0,342.0,352.0,323.0,307.0,344.0,407.0,441,500.0,499.0
10,500.0,500.0,500.0,497,478,462,462,457,477.0,489.0,500.0,500.0,500.0,387.0,369.0,386.0,379.0,375.0,401.0,408.0,438.0,447,472.0,500.0
11,500.0,500.0,500.0,500,500,500,500,500,500.0,500.0,432.0,414.0,410.0,357.0,310.0,257.0,280.0,,,,,449,500.0,500.0
12,500.0,500.0,500.0,500,500,500,480,481,492.0,500.0,500.0,494.0,480.0,424.0,413.0,399.0,405.0,375.0,340.0,425.0,457.0,452,499.0,486.0
13,480.0,490.0,500.0,478,423,418,433,472,500.0,500.0,500.0,500.0,477.0,457.0,436.0,423.0,422.0,422.0,423.0,422.0,378.0,399,416.0,410.0
14,437.0,440.0,422.0,382,374,273,322,183,270.0,323.0,346.0,379.0,414.0,418.0,322.0,237.0,223.0,293.0,306.0,310.0,323.0,334,363.0,351.0
15,358.0,308.0,304.0,203,207,183,147,273,287.0,257.0,203.0,203.0,230.0,180.0,180.0,180.0,177.0,160.0,220.0,280.0,314.0,314,348.0,409.0
16,449.0,490.0,483.0,433,388,368,340,329,331.0,370.0,352.0,338.0,267.0,193.0,163.0,126.0,150.0,131.0,166.0,243.0,311.0,316,317.0,319.0
17,316.0,324.0,347.0,371,391,397,395,396,391.0,385.0,383.0,346.0,328.0,280.0,177.0,133.0,139.0,163.0,160.0,177.0,301.0,348,401.0,396.0
18,398.0,425.0,450.0,447,440,453,423,385,373.0,388.0,427.0,370.0,293.0,318.0,304.0,318.0,308.0,287.0,270.0,321.0,329.0,356,388.0,398.0
19,395.0,401.0,424.0,425,413,409,420,422,417.0,380.0,369.0,332.0,342.0,344.0,325.0,315.0,305.0,319.0,325.0,350.0,368.0,395,397.0,424.0
20,422.0,435.0,442.0,405,403,404,404,456,443.0,453.0,465.0,459.0,421.0,434.0,408.0,365.0,355.0,307.0,310.0,345.0,366.0,385,417.0,446.0
21,460.0,500.0,493.0,500,490,466,444,434,423.0,429.0,427.0,376.0,378.0,350.0,305.0,171.0,125.0,,169.0,182.0,223.0,324,368.0,417.0
22,410.0,405.0,372.0,340,333,324,320,316,304.0,328.0,382.0,369.0,354.0,306.0,230.0,230.0,187.0,197.0,230.0,326.0,391.0,436,468.0,481.0
23,490.0,463.0,483.0,500,472,490,496,450,407.0,413.0,446.0,,,352.0,,186.0,153.0,,181.0,288.0,344.0,400,,379.0
24,367.0,352.0,,315,304,303,305,304,315.0,315.0,290.0,301.0,306.0,290.0,218.0,202.0,185.0,166.0,213.0,215.0,224.0,364,329.0,316.0
25,318.0,329.0,332.0,327,320,337,357,354,357.0,401.0,344.0,352.0,344.0,323.0,302.0,243.0,160.0,163.0,181.0,197.0,301.0,337,364.0,414.0
26,442.0,443.0,447.0,462,469,418,395,393,395.0,446.0,453.0,475.0,415.0,,,,200.0,147.0,230.0,297.0,375.0,421,469.0,495.0
27,489.0,469.0,464.0,429,433,426,433,428,447.0,477.0,482.0,500.0,383.0,368.0,359.0,302.0,,237.0,223.0,280.0,354.0,402,400.0,393.0
28,407.0,430.0,404.0,388,401,399,401,402,,,,413.0,388.0,346.0,302.0,306.0,280.0,329.0,358.0,368.0,370.0,412,463.0,476.0
29,500.0,499.0,463.0,434,417,434,463,456,,,,,403.0,418.0,417.0,374.0,304.0,371.0,302.0,315.0,325.0,363,401.0,
30,,,439.0,433,421,407,414,423,417.0,429.0,426.0,413.0,406.0,357.0,336.0,307.0,,238.0,270.0,303.0,320.0,342,384.0,409.0
"
"
December-2018,00:00:00,01:00:00,02:00:00,03:00:00,04:00:00,05:00:00,06:00:00,07:00:00,08:00:00,09:00:00,10:00:00,11:00:00,12:00:00,13:00:00,14:00:00,15:00:00,16:00:00,17:00:00,18:00:00,19:00:00,20:00:00,21:00:00,22:00:00,23:00:00
1,424.0,418.0,384.0,365.0,352.0,356.0,361.0,388.0,356,342,342,345.0,345.0,500.0,293.0,197.0,185.0,181.0,183.0,250.0,312.0,402.0,410.0,422.0
2,431.0,431.0,429.0,413.0,403.0,405.0,422.0,429.0,455,446,413,396.0,332.0,318.0,,,,,,,,,,
3,,,,,,,,,395,405,400,404.0,401.0,,293.0,308.0,,197.0,253.0,308.0,348.0,378.0,392.0,446.0
4,479.0,494.0,500.0,497.0,500.0,498.0,447.0,440.0,471,479,499,500.0,426.0,351.0,327.0,309.0,220.0,197.0,280.0,280.0,324.0,437.0,418.0,422.0
5,434.0,442.0,443.0,417.0,406.0,387.0,405.0,439.0,417,404,410,,,,,260.0,235.0,187.0,230.0,270.0,316.0,358.0,430.0,495.0
6,500.0,500.0,478.0,459.0,442.0,459.0,423.0,414.0,486,431,456,483.0,436.0,399.0,416.0,388.0,399.0,303.0,273.0,303.0,344.0,372.0,410.0,420.0
7,432.0,418.0,423.0,426.0,410.0,402.0,420.0,410.0,434,436,451,432.0,401.0,379.0,358.0,323.0,302.0,301.0,297.0,336.0,349.0,406.0,376.0,382.0
8,426.0,423.0,423.0,410.0,411.0,404.0,407.0,437.0,434,431,463,453.0,417.0,362.0,323.0,310.0,302.0,316.0,338.0,368.0,363.0,423.0,404.0,500.0
9,424.0,417.0,413.0,362.0,355.0,355.0,382.0,399.0,440,462,482,406.0,404.0,374.0,356.0,341.0,322.0,305.0,333.0,353.0,407.0,443.0,462.0,480.0
10,478.0,500.0,475.0,480.0,500.0,500.0,480.0,479.0,500,500,500,481.0,431.0,421.0,413.0,390.0,390.0,362.0,382.0,404.0,414.0,443.0,469.0,468.0
11,462.0,472.0,478.0,484.0,500.0,487.0,463.0,454.0,462,466,483,500.0,487.0,,423.0,400.0,432.0,426.0,419.0,444.0,449.0,470.0,467.0,476.0
12,492.0,500.0,500.0,500.0,500.0,480.0,460.0,468.0,438,463,500,500.0,490.0,318.0,309.0,320.0,230.0,263.0,250.0,260.0,323.0,370.0,367.0,373.0
13,391.0,372.0,322.0,130.0,88.0,70.0,67.0,70.0,83,147,193,277.0,270.0,287.0,217.0,187.0,157.0,157.0,60.0,253.0,327.0,334.0,324.0,312.0
14,301.0,305.0,328.0,325.0,318.0,270.0,290.0,332.0,329,427,388,348.0,337.0,267.0,223.0,200.0,152.0,129.0,112.0,170.0,312.0,341.0,371.0,328.0
15,332.0,325.0,328.0,334.0,337.0,320.0,328.0,329.0,331,342,341,336.0,336.0,341.0,316.0,233.0,213.0,160.0,140.0,183.0,280.0,341.0,338.0,327.0
16,339.0,345.0,328.0,,328.0,336.0,361.0,362.0,350,376,413,387.0,357.0,353.0,336.0,297.0,237.0,270.0,310.0,318.0,378.0,385.0,351.0,384.0
17,374.0,388.0,403.0,370.0,340.0,328.0,351.0,356.0,358,440,446,410.0,397.0,382.0,362.0,368.0,280.0,233.0,,329.0,400.0,424.0,443.0,397.0
18,403.0,416.0,420.0,405.0,413.0,402.0,390.0,411.0,411,410,413,392.0,387.0,361.0,349.0,305.0,257.0,301.0,302.0,316.0,358.0,401.0,449.0,440.0
19,456.0,474.0,453.0,417.0,388.0,414.0,434.0,420.0,423,420,456,410.0,382.0,348.0,316.0,315.0,313.0,307.0,318.0,,369.0,429.0,500.0,500.0
20,488.0,500.0,500.0,500.0,500.0,500.0,500.0,496.0,480,493,494,494.0,442.0,412.0,,351.0,321.0,313.0,323.0,346.0,368.0,420.0,444.0,450.0
21,447.0,440.0,451.0,440.0,431.0,424.0,408.0,463.0,466,472,500,500.0,474.0,413.0,355.0,375.0,,316.0,325.0,358.0,384.0,459.0,490.0,497.0
22,500.0,500.0,500.0,489.0,489.0,500.0,500.0,493.0,475,500,500,500.0,497.0,431.0,374.0,,438.0,444.0,423.0,432.0,500.0,500.0,500.0,500.0
23,500.0,500.0,500.0,500.0,500.0,500.0,500.0,500.0,500,500,500,500.0,500.0,500.0,440.0,399.0,398.0,408.0,429.0,468.0,500.0,500.0,500.0,500.0
24,500.0,500.0,,500.0,500.0,500.0,500.0,500.0,500,500,500,500.0,500.0,500.0,485.0,374.0,338.0,351.0,341.0,391.0,404.0,437.0,483.0,500.0
25,500.0,487.0,466.0,425.0,411.0,414.0,427.0,425.0,440,463,449,444.0,430.0,420.0,403.0,395.0,392.0,395.0,351.0,378.0,411.0,411.0,486.0,500.0
26,500.0,500.0,477.0,467.0,433.0,414.0,432.0,326.0,422,453,463,500.0,435.0,372.0,367.0,321.0,,207.0,260.0,307.0,402.0,460.0,500.0,500.0
27,500.0,500.0,500.0,500.0,500.0,500.0,500.0,500.0,500,500,500,495.0,430.0,338.0,348.0,325.0,446.0,337.0,315.0,352.0,414.0,417.0,442.0,442.0
28,430.0,421.0,436.0,447.0,435.0,428.0,432.0,443.0,438,468,431,451.0,417.0,431.0,429.0,393.0,373.0,345.0,332.0,349.0,405.0,443.0,447.0,500.0
29,480.0,477.0,484.0,500.0,478.0,450.0,419.0,417.0,424,407,431,95.0,78.0,384.0,352.0,322.0,310.0,304.0,312.0,341.0,407.0,423.0,500.0,500.0
30,500.0,500.0,500.0,500.0,500.0,500.0,500.0,500.0,500,500,500,500.0,485.0,407.0,380.0,321.0,304.0,301.0,304.0,398.0,497.0,500.0,500.0,500.0
31,500.0,500.0,500.0,500.0,444.0,411.0,418.0,465.0,473,500,500,488.0,500.0,,388.0,348.0,310.0,232.0,273.0,307.0,348.0,410.0,456.0,500.0
"
"
Year,2019
January-2019,00:00:00,01:00:00,02:00:00,03:00:00,04:00:00,05:00:00,06:00:00,07:00:00,08:00:00,09:00:00,10:00:00,11:00:00,12:00:00,13:00:00,14:00:00,15:00:00,16:00:00,17:00:00,18:00:00,19:00:00,20:00:00,21:00:00,22:00:00,23:00:00
1,486,486.0,500.0,500.0,500.0,500.0,500.0,463,456,456,480,500.0,467.0,408.0,363.0,308.0,280.0,318,323,362.0,430,479,500,500
2,500,500.0,500.0,500.0,500.0,500.0,500.0,500,500,500,500,500.0,500.0,404.0,391.0,375.0,380.0,371,379,420.0,441,500,500,500
3,500,500.0,500.0,500.0,500.0,500.0,500.0,500,496,500,500,500.0,500.0,497.0,416.0,436.0,366.0,344,375,429.0,462,500,498,499
4,472,457.0,453.0,452.0,449.0,397.0,362.0,345,342,366,368,,407.0,,,,,361,348,386.0,411,480,500,500
5,500,460.0,500.0,480.0,463.0,464.0,500.0,446,437,446,439,449.0,414.0,334.0,315.0,307.0,257.0,297,310,325.0,345,396,443,500
6,500,437.0,396.0,380.0,399.0,428.0,397.0,327,124,217,270,318.0,344.0,306.0,303.0,280.0,310.0,312,312,340.0,337,356,392,392
7,396,396.0,387.0,382.0,365.0,365.0,352.0,354,379,382,365,362.0,388.0,379.0,420.0,410.0,327.0,302,308,335.0,358,397,425,435
8,400,372.0,366.0,358.0,339.0,335.0,344.0,362,369,362,382,368.0,345.0,301.0,230.0,233.0,127.0,147,187,250.0,311,378,395,374
9,380,361.0,357.0,382.0,358.0,366.0,397.0,344,337,371,349,334.0,,183.0,160.0,177.0,131.0,124,113,157.0,307,365,401,382
10,362,350.0,341.0,333.0,344.0,336.0,336.0,334,346,339,354,416.0,395.0,363.0,308.0,243.0,163.0,118,146,187.0,324,404,500,500
11,500,500.0,500.0,500.0,457.0,433.0,397.0,402,444,429,423,431.0,467.0,395.0,320.0,404.0,379.0,327,322,345.0,469,500,500,500
12,500,500.0,,500.0,500.0,454.0,423.0,414,422,453,473,500.0,,387.0,349.0,,375.0,355,371,392.0,453,449,500,500
13,500,500.0,500.0,500.0,500.0,500.0,,401,418,447,410,437.0,465.0,414.0,383.0,378.0,398.0,390,372,420.0,444,404,367,345
14,345,332.0,301.0,213.0,217.0,167.0,143.0,150,290,335,328,304.0,203.0,143.0,166.0,140.0,150.0,124,131,137.0,220,302,342,321
15,287,233.0,220.0,237.0,217.0,267.0,302.0,303,315,345,350,368.0,350.0,329.0,243.0,207.0,160.0,167,220,301.0,339,374,385,416
16,486,500.0,500.0,500.0,479.0,476.0,490.0,447,410,420,409,434.0,416.0,442.0,357.0,338.0,349.0,361,366,389.0,410,434,500,500
17,500,500.0,500.0,500.0,500.0,500.0,500.0,490,479,500,500,500.0,442.0,427.0,431.0,351.0,411.0,399,358,391.0,407,462,480,459
18,456,427.0,408.0,407.0,401.0,405.0,395.0,429,451,459,466,500.0,500.0,398.0,,,309.0,312,312,312.0,372,397,451,466
19,469,,,,,,,465,482,500,472,480.0,462.0,384.0,337.0,230.0,270.0,237,253,316.0,369,500,500,500
20,500,500.0,500.0,500.0,500.0,500.0,500.0,500,500,500,500,500.0,500.0,454.0,368.0,302.0,223.0,180,115,167.0,395,465,483,479
21,478,487.0,481.0,456.0,449.0,440.0,417.0,397,392,413,426,,344.0,,306.0,362.0,315.0,217,301,187.0,187,113,97,107
22,98,157.0,140.0,130.0,113.0,53.0,40.0,40,48,60,80,68.0,77.0,97.0,83.0,113.0,143.0,187,177,143.0,140,83,83,93
23,85,93.0,127.0,133.0,130.0,140.0,150.0,150,293,362,414,349.0,367.0,411.0,429.0,385.0,345.0,339,348,277.0,365,390,424,426
24,438,402.0,370.0,314.0,293.0,233.0,273.0,270,307,325,346,440.0,405.0,312.0,293.0,180.0,133.0,144,138,193.0,333,223,177,157
25,138,163.0,150.0,113.0,140.0,99.0,90.0,104,130,217,203,290.0,280.0,183.0,167.0,180.0,240.0,125,126,200.0,309,338,324,325
26,319,336.0,338.0,313.0,304.0,288.0,280.0,270,306,319,340,297.0,220.0,183.0,126.0,111.0,105.0,100,105,123.0,250,305,325,345
27,340,352.0,342.0,346.0,374.0,362.0,368.0,348,356,373,355,315.0,321.0,315.0,180.0,119.0,115.0,147,143,147.0,305,339,342,345
28,339,325.0,328.0,365.0,329.0,322.0,339.0,328,338,369,378,366.0,327.0,237.0,147.0,132.0,131.0,145,141,141.0,253,340,352,353
29,363,332.0,319.0,342.0,339.0,324.0,307.0,352,334,350,357,327.0,341.0,303.0,280.0,160.0,137.0,133,140,153.0,270,337,416,420
30,423,420.0,388.0,366.0,406.0,403.0,378.0,402,405,429,411,430.0,388.0,370.0,341.0,306.0,309.0,314,237,,337,419,470,500
31,465,500.0,500.0,500.0,500.0,435.0,387.0,380,411,453,442,380.0,321.0,303.0,260.0,180.0,163.0,141,200,200.0,304,321,325,344
"
"
February-2019,00:00:00,01:00:00,02:00:00,03:00:00,04:00:00,05:00:00,06:00:00,07:00:00,08:00:00,09:00:00,10:00:00,11:00:00,12:00:00,13:00:00,14:00:00,15:00:00,16:00:00,17:00:00,18:00:00,19:00:00,20:00:00,21:00:00,22:00:00,23:00:00
1,334.0,338.0,366.0,382.0,351.0,336.0,352.0,372.0,380.0,417.0,397.0,393.0,358.0,316.0,267.0,375.0,388.0,366.0,370.0,392.0,407.0,416.0,416.0,405.0
2,382.0,383.0,373.0,353.0,333.0,329.0,320.0,320.0,315.0,316.0,325.0,338.0,353.0,368.0,378.0,379.0,365.0,384.0,391.0,402.0,413.0,428.0,457.0,417.0
3,382.0,345.0,348.0,290.0,237.0,287.0,230.0,217.0,213.0,230.0,200.0,270.0,309.0,327.0,327.0,324.0,320.0,307.0,305.0,314.0,340.0,354.0,375.0,413.0
4,420.0,383.0,327.0,328.0,362.0,382.0,357.0,315.0,305.0,287.0,320.0,344.0,392.0,362.0,344.0,310.0,,,145.0,237.0,337.0,414.0,434.0,493.0
5,500.0,500.0,500.0,500.0,476.0,459.0,500.0,500.0,500.0,500.0,500.0,478.0,435.0,437.0,341.0,302.0,267.0,233.0,301.0,312.0,341.0,381.0,426.0,485.0
6,437.0,431.0,427.0,420.0,417.0,417.0,401.0,397.0,401.0,414.0,433.0,372.0,376.0,382.0,341.0,302.0,240.0,187.0,170.0,223.0,327.0,335.0,355.0,344.0
7,328.0,304.0,243.0,150.0,187.0,143.0,157.0,147.0,157.0,147.0,111.0,119.0,145.0,131.0,130.0,131.0,177.0,220.0,111.0,113.0,88.0,89.0,107.0,167.0
8,160.0,,116.0,105.0,133.0,107.0,90.0,103.0,187.0,243.0,303.0,316.0,303.0,305.0,157.0,155.0,151.0,142.0,133.0,133.0,155.0,243.0,193.0,223.0
9,302.0,203.0,240.0,223.0,233.0,240.0,220.0,237.0,187.0,233.0,267.0,200.0,133.0,140.0,137.0,133.0,127.0,126.0,125.0,139.0,166.0,101.0,339.0,362.0
10,386.0,359.0,375.0,375.0,367.0,373.0,371.0,373.0,344.0,352.0,355.0,386.0,323.0,302.0,200.0,149.0,130.0,157.0,170.0,158.0,217.0,320.0,345.0,375.0
11,396.0,395.0,395.0,405.0,390.0,388.0,382.0,393.0,408.0,400.0,401.0,341.0,333.0,310.0,336.0,311.0,304.0,270.0,290.0,213.0,267.0,338.0,384.0,407.0
12,417.0,434.0,418.0,424.0,428.0,435.0,431.0,401.0,400.0,406.0,429.0,356.0,309.0,307.0,325.0,365.0,361.0,375.0,346.0,362.0,369.0,420.0,444.0,433.0
13,399.0,363.0,363.0,365.0,351.0,351.0,363.0,365.0,398.0,416.0,425.0,429.0,362.0,348.0,321.0,237.0,302.0,329.0,355.0,358.0,374.0,365.0,399.0,405.0
14,419.0,416.0,382.0,356.0,354.0,353.0,357.0,351.0,411.0,398.0,404.0,348.0,351.0,340.0,336.0,323.0,315.0,260.0,233.0,290.0,306.0,302.0,321.0,320.0
15,280.0,302.0,217.0,223.0,207.0,203.0,223.0,270.0,323.0,340.0,332.0,332.0,334.0,349.0,339.0,407.0,400.0,388.0,338.0,318.0,327.0,336.0,325.0,328.0
16,338.0,337.0,340.0,306.0,293.0,270.0,307.0,325.0,320.0,328.0,325.0,312.0,321.0,308.0,311.0,305.0,297.0,270.0,220.0,240.0,277.0,321.0,321.0,342.0
17,310.0,304.0,319.0,308.0,303.0,303.0,318.0,277.0,213.0,200.0,270.0,293.0,240.0,253.0,203.0,147.0,180.0,177.0,123.0,130.0,183.0,237.0,316.0,370.0
18,414.0,397.0,382.0,354.0,311.0,302.0,230.0,257.0,287.0,311.0,318.0,267.0,163.0,157.0,,,155.0,151.0,140.0,134.0,170.0,233.0,260.0,293.0
19,250.0,304.0,277.0,260.0,260.0,253.0,253.0,273.0,305.0,327.0,322.0,302.0,320.0,340.0,322.0,303.0,303.0,287.0,337.0,321.0,328.0,382.0,414.0,425.0
20,443.0,423.0,395.0,348.0,374.0,348.0,342.0,359.0,346.0,237.0,127.0,127.0,187.0,118.0,107.0,115.0,107.0,97.0,127.0,138.0,158.0,203.0,140.0,123.0
21,160.0,150.0,213.0,217.0,257.0,290.0,303.0,147.0,213.0,230.0,267.0,163.0,140.0,155.0,134.0,127.0,125.0,142.0,159.0,163.0,168.0,243.0,318.0,331.0
22,334.0,355.0,375.0,311.0,260.0,314.0,297.0,273.0,193.0,183.0,233.0,197.0,157.0,140.0,120.0,117.0,105.0,104.0,86.0,101.0,109.0,131.0,126.0,150.0
23,170.0,180.0,150.0,167.0,197.0,193.0,150.0,143.0,213.0,277.0,243.0,143.0,119.0,137.0,119.0,105.0,,120.0,115.0,123.0,116.0,177.0,,213.0
24,301.0,311.0,302.0,260.0,223.0,305.0,315.0,325.0,335.0,308.0,257.0,253.0,167.0,127.0,134.0,129.0,129.0,108.0,110.0,114.0,137.0,183.0,349.0,333.0
25,287.0,217.0,243.0,157.0,177.0,167.0,200.0,197.0,233.0,304.0,302.0,362.0,,306.0,168.0,,153.0,153.0,,177.0,177.0,79.0,65.0,63.0
26,89.0,,,,,,,,,213.0,193.0,183.0,132.0,129.0,160.0,145.0,125.0,,136.0,118.0,103.0,125.0,127.0,108.0
27,119.0,123.0,127.0,79.0,89.0,119.0,115.0,115.0,110.0,103.0,109.0,103.0,103.0,,,,,,,,,,,
28,,,,,,,,,,,,,,,,,,,,,,,,
"
"
March-2019,00:00:00,01:00:00,02:00:00,03:00:00,04:00:00,05:00:00,06:00:00,07:00:00,08:00:00,09:00:00,10:00:00,11:00:00,12:00:00,13:00:00,14:00:00,15:00:00,16:00:00,17:00:00,18:00:00,19:00:00,20:00:00,21:00:00,22:00:00,23:00:00
1,318.0,333.0,353.0,353.0,325.0,302.0,277.0,255.0,233.0,342.0,367.0,,177.0,160.0,,,97.0,,86.0,,137.0,,243.0,315.0
2,328.0,316.0,,183.0,,187.0,,305.0,,344.0,,379.0,358.0,366.0,,310.0,,250.0,,220.0,,170.0,,93.0
3,130.0,,270.0,,180.0,,147.0,157.0,150.0,,143.0,,78.0,80.0,,89.0,,99.0,,107.0,,217.0,,308.0
4,,,,376.0,,,,,332.0,,320.0,,342.0,,270.0,,129.0,,123.0,,130.0,,187.0,
5,115.0,120.0,,243.0,,290.0,,233.0,,257.0,,217.0,,40.0,,,,,99.0,,114.0,,,
6,,332.0,,310.0,,301.0,,297.0,,348.0,342.0,312.0,157.0,,111.0,,93.0,93.0,90.0,,113.0,,301.0,308.0
7,315.0,,370.0,,306.0,,338.0,357.0,403.0,,406.0,,145.0,130.0,117.0,,101.0,,116.0,,138.0,,318.0,
8,177.0,,200.0,,,,257.0,230.0,311.0,,277.0,,243.0,,152.0,153.0,122.0,120.0,119.0,138.0,157.0,185.0,260.0,157.0
9,161.0,153.0,170.0,192.0,261.0,313.0,312.0,306.0,303.0,320.0,312.0,243.0,193.0,148.0,153.0,113.0,122.0,120.0,117.0,120.0,131.0,135.0,135.0,148.0
10,193.0,200.0,230.0,,310.0,318.0,250.0,312.0,325.0,314.0,321.0,253.0,143.0,131.0,125.0,118.0,127.0,123.0,111.0,129.0,133.0,169.0,228.0,233.0
11,302.0,308.0,311.0,309.0,344.0,293.0,253.0,280.0,270.0,290.0,209.0,245.0,223.0,240.0,193.0,167.0,155.0,151.0,155.0,163.0,216.0,169.0,233.0,230.0
12,207.0,170.0,213.0,104.0,93.0,101.0,107.0,183.0,147.0,167.0,115.0,116.0,109.0,119.0,123.0,111.0,115.0,127.0,141.0,151.0,153.0,175.0,177.0,183.0
13,174.0,181.0,171.0,196.0,277.0,199.0,240.0,178.0,250.0,253.0,280.0,238.0,193.0,175.0,158.0,175.0,233.0,187.0,143.0,187.0,215.0,280.0,346.0,327.0
14,316.0,427.0,359.0,352.0,369.0,365.0,358.0,363.0,387.0,375.0,348.0,335.0,200.0,240.0,260.0,163.0,141.0,134.0,125.0,94.0,123.0,116.0,119.0,127.0
15,123.0,119.0,137.0,277.0,302.0,303.0,267.0,328.0,342.0,385.0,339.0,303.0,140.0,120.0,111.0,112.0,96.0,88.0,97.0,112.0,116.0,139.0,260.0,240.0
16,170.0,250.0,240.0,223.0,203.0,207.0,303.0,301.0,257.0,230.0,183.0,293.0,140.0,129.0,120.0,108.0,103.0,112.0,107.0,117.0,125.0,159.0,170.0,304.0
17,217.0,302.0,311.0,260.0,270.0,267.0,316.0,382.0,395.0,372.0,316.0,193.0,163.0,119.0,132.0,124.0,120.0,105.0,107.0,115.0,133.0,243.0,293.0,267.0
18,250.0,301.0,322.0,267.0,308.0,336.0,329.0,382.0,358.0,342.0,335.0,187.0,210.0,152.0,144.0,143.0,137.0,126.0,119.0,133.0,141.0,159.0,237.0,267.0
19,306.0,346.0,267.0,257.0,304.0,328.0,318.0,329.0,328.0,366.0,388.0,365.0,302.0,237.0,162.0,127.0,114.0,118.0,111.0,118.0,148.0,183.0,297.0,315.0
20,304.0,302.0,302.0,293.0,316.0,325.0,243.0,287.0,267.0,270.0,203.0,174.0,165.0,132.0,138.0,140.0,145.0,155.0,149.0,166.0,192.0,213.0,328.0,287.0
21,342.0,378.0,406.0,383.0,356.0,359.0,357.0,349.0,356.0,365.0,304.0,213.0,200.0,267.0,104.0,107.0,120.0,110.0,119.0,111.0,118.0,126.0,119.0,119.0
22,121.0,123.0,114.0,90.0,89.0,88.0,86.0,86.0,101.0,114.0,120.0,118.0,133.0,107.0,139.0,135.0,140.0,137.0,121.0,101.0,113.0,125.0,134.0,167.0
23,193.0,167.0,167.0,147.0,111.0,103.0,107.0,213.0,303.0,287.0,183.0,167.0,138.0,134.0,130.0,155.0,132.0,136.0,121.0,133.0,126.0,134.0,145.0,131.0
24,170.0,118.0,157.0,123.0,138.0,113.0,101.0,107.0,133.0,277.0,327.0,303.0,193.0,155.0,137.0,117.0,115.0,115.0,114.0,126.0,129.0,132.0,129.0,125.0
25,127.0,111.0,143.0,163.0,110.0,157.0,240.0,253.0,257.0,253.0,267.0,200.0,183.0,142.0,132.0,117.0,118.0,110.0,153.0,140.0,120.0,113.0,125.0,143.0
26,187.0,180.0,187.0,240.0,323.0,327.0,325.0,309.0,314.0,328.0,321.0,250.0,152.0,134.0,133.0,136.0,130.0,130.0,127.0,133.0,181.0,197.0,151.0,223.0
27,310.0,303.0,320.0,203.0,230.0,207.0,287.0,304.0,375.0,303.0,230.0,197.0,270.0,237.0,145.0,125.0,114.0,115.0,111.0,117.0,179.0,131.0,133.0,314.0
28,363.0,325.0,319.0,332.0,322.0,318.0,411.0,493.0,499.0,462.0,383.0,301.0,213.0,181.0,270.0,255.0,158.0,161.0,132.0,132.0,145.0,422.0,320.0,305.0
29,315.0,351.0,311.0,,,,,,,320.0,318.0,302.0,218.0,189.0,236.0,159.0,141.0,151.0,171.0,169.0,362.0,422.0,257.0,267.0
30,311.0,303.0,316.0,318.0,318.0,308.0,312.0,308.0,293.0,325.0,324.0,180.0,206.0,245.0,269.0,137.0,256.0,176.0,137.0,159.0,179.0,220.0,301.0,314.0
31,223.0,177.0,250.0,187.0,180.0,140.0,163.0,177.0,170.0,140.0,145.0,163.0,177.0,155.0,149.0,136.0,159.0,147.0,137.0,129.0,137.0,164.0,141.0,147.0
"
"
April-2019,00:00:00,01:00:00,02:00:00,03:00:00,04:00:00,05:00:00,06:00:00,07:00:00,08:00:00,09:00:00,10:00:00,11:00:00,12:00:00,13:00:00,14:00:00,15:00:00,16:00:00,17:00:00,18:00:00,19:00:00,20:00:00,21:00:00,22:00:00,23:00:00
1,130,140,112.0,100,125.0,112.0,167,217,320.0,312,273.0,167.0,153.0,137.0,141.0,153.0,137.0,131.0,127.0,142.0,137,153.0,147.0,200.0
2,273,197,280.0,167,163.0,243.0,323,353,367.0,408,332.0,293.0,268.0,258.0,270.0,239.0,172.0,146.0,128.0,130.0,143,158.0,267.0,240.0
3,203,297,217.0,187,207.0,250.0,329,320,,408,307.0,227.0,230.0,164.0,168.0,150.0,139.0,135.0,93.0,123.0,127,167.0,308.0,318.0
4,309,327,351.0,314,316.0,310.0,318,342,395.0,383,363.0,302.0,265.0,163.0,149.0,,198.0,224.0,166.0,145.0,167,257.0,318.0,297.0
5,237,320,325.0,324,312.0,322.0,315,335,355.0,349,336.0,307.0,220.0,157.0,223.0,223.0,257.0,230.0,125.0,125.0,135,310.0,309.0,320.0
6,314,243,173.0,167,250.0,310.0,321,304,312.0,318,325.0,335.0,470.0,327.0,322.0,233.0,270.0,180.0,170.0,163.0,207,348.0,345.0,342.0
7,369,363,374.0,375,395.0,407.0,368,399,440.0,368,315.0,312.0,,310.0,302.0,223.0,197.0,187.0,170.0,143.0,145,170.0,48.0,500.0
8,365,88,78.0,99,273.0,302.0,253,243,293.0,325,342.0,348.0,348.0,340.0,328.0,305.0,301.0,297.0,197.0,122.0,127,180.0,287.0,160.0
9,157,133,127.0,327,314.0,325.0,336,293,243.0,203,127.0,123.0,162.0,119.0,127.0,143.0,258.0,169.0,154.0,112.0,160,233.0,301.0,315.0
10,316,329,359.0,348,331.0,325.0,325,333,333.0,297,197.0,156.0,250.0,264.0,209.0,141.0,129.0,111.0,97.0,119.0,135,143.0,193.0,230.0
11,177,150,183.0,150,123.0,100.0,100,98,170.0,203,243.0,220.0,250.0,177.0,160.0,162.0,149.0,127.0,118.0,130.0,180,167.0,270.0,277.0
12,273,213,110.0,105,90.0,91.0,270,310,290.0,187,213.0,140.0,220.0,193.0,147.0,144.0,154.0,137.0,108.0,101.0,118,119.0,197.0,253.0
13,180,153,122.0,103,88.0,,90,98,129.0,267,170.0,177.0,163.0,147.0,150.0,138.0,105.0,122.0,119.0,116.0,122,125.0,120.0,122.0
14,118,113,103.0,150,101.0,75.0,91,120,126.0,167,240.0,107.0,113.0,112.0,112.0,108.0,121.0,143.0,160.0,167.0,177,220.0,253.0,260.0
15,187,127,143.0,111,112.0,99.0,113,123,167.0,193,237.0,217.0,157.0,113.0,121.0,119.0,108.0,127.0,118.0,137.0,310,308.0,270.0,306.0
16,325,342,500.0,376,230.0,111.0,90,83,68.0,61,72.0,79.0,80.0,85.0,86.0,95.0,95.0,94.0,99.0,129.0,89,83.0,123.0,60.0
17,91,65,96.0,44,46.0,42.0,46,49,58.0,61,62.0,58.0,63.0,69.0,66.0,71.0,71.0,59.0,85.0,67.0,63,65.0,55.0,64.0
18,50,67,65.0,51,45.0,50.0,45,52,60.0,65,80.0,91.0,89.0,96.0,108.0,104.0,95.0,88.0,74.0,89.0,113,110.0,119.0,165.0
19,182,235,,210,198.0,217.0,223,150,197.0,207,90.0,103.0,94.0,82.0,82.0,87.0,90.0,86.0,82.0,103.0,120,157.0,250.0,260.0
20,309,329,353.0,319,308.0,197.0,200,302,311.0,308,311.0,163.0,103.0,101.0,137.0,128.0,139.0,130.0,100.0,116.0,165,140.0,240.0,270.0
21,322,340,357.0,385,340.0,315.0,329,329,357.0,355,280.0,200.0,116.0,101.0,95.0,99.0,107.0,105.0,105.0,105.0,130,135.0,217.0,280.0
22,273,290,312.0,324,327.0,308.0,312,315,339.0,370,398.0,342.0,183.0,142.0,124.0,107.0,101.0,107.0,107.0,195.0,155,144.0,230.0,217.0
23,267,302,307.0,325,340.0,328.0,318,312,331.0,335,315.0,,180.0,153.0,140.0,123.0,118.0,117.0,117.0,127.0,142,197.0,305.0,316.0
24,302,253,220.0,211,182.0,152.0,171,187,197.0,257,257.0,223.0,250.0,243.0,197.0,187.0,193.0,160.0,143.0,132.0,260,307.0,327.0,358.0
25,348,333,308.0,302,250.0,223.0,207,213,180.0,213,223.0,237.0,315.0,267.0,302.0,267.0,197.0,203.0,409.0,,260,191.0,117.0,112.0
26,104,123,200.0,187,157.0,257.0,163,213,200.0,307,257.0,170.0,163.0,213.0,180.0,145.0,149.0,123.0,143.0,150.0,287,,,
27,308,310,294.0,293,204.0,138.0,112,128,,255,283.0,279.0,159.0,178.0,192.0,268.0,279.0,207.0,243.0,197.0,200,273.0,305.0,277.0
28,240,230,287.0,237,270.0,217.0,197,187,220.0,273,287.0,243.0,223.0,203.0,167.0,137.0,135.0,160.0,125.0,131.0,197,270.0,304.0,315.0
29,257,312,306.0,257,250.0,233.0,163,163,223.0,333,309.0,293.0,267.0,217.0,116.0,125.0,133.0,130.0,127.0,134.0,150,240.0,312.0,311.0
30,277,302,297.0,250,,217.0,177,187,243.0,309,,,,,,,,,,129.0,183,230.0,315.0,293.0
"
"
May-2019,00:00:00,01:00:00,02:00:00,03:00:00,04:00:00,05:00:00,06:00:00,07:00:00,08:00:00,09:00:00,10:00:00,11:00:00,12:00:00,13:00:00,14:00:00,15:00:00,16:00:00,17:00:00,18:00:00,19:00:00,20:00:00,21:00:00,22:00:00,23:00:00
1,293.0,293.0,327.0,308.0,287.0,301.0,312.0,312.0,223.0,130.0,233.0,323.0,323.0,308.0,312.0,293.0,31.0,107.0,102.0,228.0,217.0,370.0,425.0,415.0
2,394.0,352.0,429.0,426.0,288.0,185.0,182.0,186.0,175.0,201.0,232.0,356.0,404.0,409.0,428.0,404.0,380.0,368.0,276.0,281.0,107.0,141.0,167.0,134.0
3,391.0,159.0,112.0,86.0,,123.0,139.0,163.0,240.0,230.0,225.0,174.0,153.0,165.0,163.0,151.0,151.0,167.0,163.0,163.0,414.0,121.0,120.0,133.0
4,201.0,254.0,290.0,312.0,240.0,253.0,157.0,230.0,307.0,340.0,270.0,218.0,174.0,182.0,147.0,,,,,,,,,
5,,,,,,,,,,,,,,,,,,,,,,,,
6,,,,,,,,,,,,,462.0,326.0,231.0,236.0,191.0,186.0,184.0,253.0,259.0,223.0,349.0,401.0
7,424.0,401.0,338.0,302.0,310.0,333.0,401.0,370.0,369.0,411.0,381.0,362.0,413.0,426.0,414.0,389.0,445.0,468.0,416.0,401.0,356.0,,,
8,418.0,412.0,436.0,417.0,405.0,408.0,411.0,408.0,395.0,450.0,485.0,71.0,310.0,467.0,428.0,395.0,361.0,270.0,277.0,299.0,422.0,418.0,426.0,439.0
9,473.0,459.0,441.0,436.0,449.0,396.0,431.0,424.0,398.0,401.0,437.0,,487.0,494.0,464.0,424.0,268.0,257.0,,266.0,354.0,335.0,420.0,428.0
10,444.0,460.0,448.0,435.0,401.0,405.0,282.0,244.0,349.0,432.0,402.0,348.0,361.0,226.0,209.0,189.0,191.0,200.0,185.0,188.0,251.0,500.0,304.0,260.0
11,204.0,177.0,229.0,205.0,188.0,173.0,,200.0,304.0,371.0,376.0,376.0,315.0,201.0,188.0,167.0,167.0,149.0,265.0,225.0,249.0,306.0,,356.0
12,343.0,360.0,362.0,358.0,370.0,396.0,444.0,419.0,450.0,437.0,395.0,348.0,500.0,487.0,436.0,261.0,179.0,160.0,182.0,211.0,212.0,260.0,270.0,327.0
13,334.0,408.0,389.0,360.0,350.0,383.0,413.0,417.0,440.0,500.0,469.0,416.0,410.0,267.0,223.0,237.0,237.0,183.0,213.0,446.0,238.0,151.0,404.0,189.0
14,91.0,86.0,100.0,79.0,94.0,90.0,96.0,140.0,170.0,207.0,177.0,135.0,,142.0,111.0,111.0,116.0,110.0,122.0,123.0,134.0,157.0,151.0,162.0
15,197.0,260.0,306.0,332.0,356.0,346.0,328.0,303.0,302.0,308.0,133.0,113.0,88.0,93.0,94.0,90.0,96.0,107.0,105.0,108.0,119.0,197.0,230.0,297.0
16,290.0,267.0,193.0,331.0,301.0,230.0,230.0,500.0,332.0,129.0,88.0,111.0,125.0,127.0,141.0,141.0,193.0,131.0,132.0,138.0,126.0,160.0,183.0,257.0
17,316.0,305.0,303.0,303.0,277.0,237.0,267.0,318.0,500.0,500.0,500.0,500.0,468.0,411.0,328.0,153.0,240.0,132.0,91.0,72.0,95.0,80.0,85.0,188.0
18,56.0,67.0,78.0,66.0,82.0,82.0,93.0,101.0,107.0,127.0,77.0,52.0,58.0,120.0,,,,,119.0,118.0,146.0,171.0,163.0,181.0
19,184.0,179.0,193.0,200.0,307.0,303.0,318.0,320.0,316.0,309.0,237.0,163.0,146.0,145.0,124.0,127.0,135.0,133.0,141.0,139.0,216.0,248.0,259.0,215.0
20,220.0,237.0,303.0,328.0,331.0,328.0,310.0,411.0,394.0,404.0,312.0,302.0,217.0,189.0,171.0,145.0,160.0,147.0,131.0,142.0,177.0,191.0,190.0,262.0
21,199.0,185.0,222.0,187.0,327.0,324.0,322.0,321.0,336.0,341.0,315.0,315.0,204.0,162.0,141.0,142.0,141.0,153.0,137.0,161.0,193.0,197.0,206.0,165.0
22,163.0,161.0,135.0,150.0,260.0,270.0,167.0,230.0,303.0,240.0,167.0,266.0,427.0,318.0,241.0,241.0,205.0,179.0,193.0,188.0,210.0,193.0,294.0,405.0
23,348.0,389.0,370.0,206.0,253.0,318.0,341.0,378.0,407.0,476.0,352.0,349.0,375.0,213.0,237.0,191.0,149.0,165.0,173.0,193.0,143.0,,90.0,101.0
24,123.0,105.0,80.0,57.0,75.0,100.0,133.0,180.0,150.0,,239.0,215.0,156.0,129.0,101.0,77.0,78.0,73.0,99.0,81.0,102.0,131.0,135.0,135.0
25,162.0,157.0,197.0,120.0,243.0,120.0,115.0,130.0,143.0,130.0,139.0,140.0,118.0,119.0,105.0,103.0,102.0,101.0,102.0,,137.0,156.0,146.0,143.0
26,137.0,164.0,159.0,213.0,200.0,147.0,167.0,220.0,277.0,352.0,157.0,131.0,122.0,107.0,101.0,102.0,101.0,109.0,113.0,111.0,141.0,164.0,209.0,221.0
27,210.0,217.0,185.0,168.0,175.0,149.0,133.0,267.0,315.0,395.0,305.0,257.0,199.0,145.0,126.0,,129.0,103.0,112.0,109.0,123.0,172.0,221.0,267.0
28,250.0,284.0,334.0,207.0,159.0,136.0,203.0,293.0,381.0,319.0,290.0,217.0,127.0,101.0,97.0,107.0,133.0,145.0,164.0,123.0,150.0,209.0,248.0,199.0
29,197.0,219.0,290.0,253.0,183.0,163.0,230.0,297.0,372.0,407.0,302.0,288.0,200.0,123.0,127.0,124.0,124.0,141.0,127.0,153.0,155.0,179.0,292.0,299.0
30,279.0,279.0,272.0,315.0,305.0,336.0,,341.0,267.0,243.0,403.0,241.0,188.0,149.0,160.0,133.0,140.0,127.0,131.0,137.0,177.0,181.0,249.0,255.0
31,243.0,223.0,325.0,423.0,417.0,416.0,420.0,406.0,405.0,426.0,421.0,428.0,407.0,401.0,403.0,369.0,281.0,249.0,226.0,197.0,237.0,295.0,308.0,403.0
"
"
June-2019,00:00:00,01:00:00,02:00:00,03:00:00,04:00:00,05:00:00,06:00:00,07:00:00,08:00:00,09:00:00,10:00:00,11:00:00,12:00:00,13:00:00,14:00:00,15:00:00,16:00:00,17:00:00,18:00:00,19:00:00,20:00:00,21:00:00,22:00:00,23:00:00
1,407.0,394.0,415.0,401.0,297.0,257.0,277.0,287.0,277.0,278.0,384.0,314.0,270.0,268.0,290.0,263.0,268.0,276.0,267.0,244.0,248.0,257.0,241.0,250.0
2,260.0,334.0,218.0,205.0,199.0,167.0,170.0,159.0,163.0,192.0,194.0,206.0,204.0,196.0,207.0,196.0,186.0,187.0,202.0,223.0,246.0,262.0,245.0,252.0
3,221.0,182.0,170.0,166.0,166.0,182.0,216.0,341.0,420.0,444.0,447.0,440.0,437.0,424.0,427.0,413.0,370.0,299.0,260.0,246.0,223.0,199.0,221.0,175.0
4,161.0,141.0,141.0,115.0,114.0,196.0,148.0,137.0,116.0,125.0,135.0,149.0,165.0,168.0,168.0,159.0,163.0,161.0,163.0,175.0,174.0,221.0,238.0,194.0
5,204.0,194.0,164.0,162.0,304.0,149.0,137.0,149.0,163.0,175.0,175.0,195.0,413.0,189.0,194.0,186.0,177.0,159.0,162.0,161.0,162.0,222.0,283.0,304.0
6,417.0,380.0,215.0,153.0,162.0,153.0,151.0,187.0,233.0,268.0,272.0,279.0,188.0,153.0,159.0,178.0,169.0,270.0,318.0,284.0,500.0,211.0,232.0,145.0
7,116.0,115.0,88.0,83.0,70.0,73.0,72.0,88.0,105.0,108.0,115.0,191.0,212.0,204.0,204.0,211.0,197.0,167.0,147.0,146.0,146.0,175.0,,192.0
8,185.0,,,,,,,,,155.0,161.0,151.0,137.0,129.0,147.0,,150.0,143.0,150.0,,159.0,257.0,370.0,374.0
9,415.0,354.0,246.0,234.0,290.0,267.0,243.0,303.0,366.0,,,493.0,,233.0,157.0,149.0,148.0,137.0,,,157.0,167.0,146.0,233.0
10,,391.0,311.0,226.0,202.0,188.0,,171.0,,241.0,249.0,,,,,,,,,,,,,
11,,,,,,,,,,,,,,500.0,315.0,175.0,153.0,369.0,244.0,246.0,245.0,221.0,375.0,441.0
12,449.0,361.0,268.0,382.0,118.0,121.0,91.0,109.0,212.0,309.0,202.0,364.0,243.0,226.0,173.0,175.0,157.0,142.0,144.0,183.0,165.0,207.0,130.0,288.0
13,420.0,320.0,185.0,153.0,141.0,142.0,118.0,137.0,171.0,204.0,182.0,155.0,235.0,141.0,112.0,107.0,,,,160.0,179.0,196.0,205.0,257.0
14,179.0,155.0,199.0,181.0,155.0,144.0,141.0,147.0,185.0,274.0,228.0,245.0,199.0,167.0,170.0,163.0,162.0,171.0,151.0,153.0,152.0,224.0,204.0,224.0
15,219.0,178.0,202.0,267.0,169.0,233.0,220.0,189.0,257.0,381.0,287.0,245.0,217.0,227.0,304.0,311.0,349.0,121.0,251.0,90.0,268.0,279.0,384.0,293.0
16,223.0,296.0,404.0,411.0,252.0,120.0,92.0,84.0,110.0,131.0,239.0,378.0,125.0,111.0,111.0,90.0,97.0,95.0,120.0,108.0,175.0,234.0,163.0,145.0
17,127.0,133.0,155.0,129.0,92.0,,81.0,102.0,125.0,163.0,195.0,322.0,199.0,135.0,192.0,131.0,122.0,135.0,156.0,139.0,157.0,152.0,179.0,246.0
18,181.0,95.0,78.0,48.0,56.0,64.0,110.0,104.0,94.0,53.0,62.0,81.0,78.0,103.0,97.0,105.0,59.0,66.0,87.0,88.0,103.0,125.0,143.0,161.0
19,189.0,243.0,328.0,297.0,267.0,183.0,131.0,143.0,187.0,168.0,222.0,250.0,287.0,290.0,319.0,292.0,283.0,239.0,254.0,234.0,228.0,129.0,123.0,119.0
20,99.0,79.0,63.0,42.0,57.0,57.0,55.0,63.0,84.0,100.0,111.0,127.0,167.0,240.0,125.0,139.0,141.0,238.0,121.0,142.0,175.0,234.0,405.0,150.0
21,186.0,237.0,230.0,181.0,157.0,168.0,155.0,149.0,169.0,173.0,159.0,163.0,204.0,234.0,230.0,238.0,179.0,170.0,142.0,124.0,135.0,161.0,196.0,171.0
22,163.0,165.0,155.0,140.0,160.0,193.0,163.0,325.0,207.0,223.0,270.0,185.0,267.0,274.0,211.0,196.0,190.0,247.0,244.0,166.0,140.0,164.0,201.0,215.0
23,201.0,171.0,137.0,118.0,108.0,125.0,116.0,101.0,95.0,88.0,155.0,148.0,113.0,150.0,152.0,158.0,183.0,192.0,169.0,119.0,126.0,134.0,123.0,309.0
24,159.0,99.0,57.0,54.0,65.0,60.0,57.0,65.0,73.0,52.0,66.0,96.0,105.0,104.0,120.0,157.0,117.0,115.0,91.0,100.0,85.0,83.0,88.0,94.0
25,117.0,117.0,91.0,61.0,65.0,57.0,80.0,120.0,187.0,121.0,119.0,147.0,122.0,122.0,123.0,173.0,178.0,192.0,176.0,141.0,127.0,151.0,150.0,197.0
26,170.0,152.0,145.0,146.0,220.0,108.0,,323.0,223.0,290.0,306.0,157.0,148.0,123.0,123.0,140.0,129.0,122.0,121.0,122.0,127.0,150.0,152.0,170.0
27,146.0,157.0,197.0,117.0,150.0,302.0,250.0,240.0,311.0,266.0,374.0,408.0,309.0,471.0,189.0,151.0,167.0,199.0,201.0,211.0,190.0,196.0,215.0,219.0
28,226.0,233.0,215.0,185.0,160.0,193.0,280.0,325.0,260.0,259.0,271.0,223.0,178.0,156.0,157.0,97.0,123.0,240.0,223.0,218.0,216.0,240.0,281.0,326.0
29,283.0,241.0,424.0,396.0,439.0,423.0,414.0,348.0,215.0,175.0,218.0,206.0,213.0,212.0,237.0,238.0,235.0,239.0,241.0,210.0,202.0,293.0,227.0,250.0
30,244.0,294.0,289.0,229.0,249.0,277.0,295.0,336.0,500.0,166.0,144.0,175.0,191.0,197.0,199.0,213.0,500.0,,259.0,294.0,257.0,277.0,319.0,173.0
"
"
July-2019,00:00:00,01:00:00,02:00:00,03:00:00,04:00:00,05:00:00,06:00:00,07:00:00,08:00:00,09:00:00,10:00:00,11:00:00,12:00:00,13:00:00,14:00:00,15:00:00,16:00:00,17:00:00,18:00:00,19:00:00,20:00:00,21:00:00,22:00:00,23:00:00
1,,,,,137.0,116.0,,,,,,,194,,217,,,,,,,,,
2,,,,,,430.0,431.0,320.0,240.0,279.0,191.0,186.0,194,199.0,233,232.0,212.0,204.0,184.0,184.0,160.0,157.0,157.0,160.0
3,141.0,127.0,122.0,117.0,123.0,133.0,127.0,133.0,127.0,125.0,125.0,121.0,114,107.0,100,92.0,93.0,107.0,96.0,101.0,118.0,132.0,124.0,106.0
4,,80.0,92.0,80.0,101.0,101.0,84.0,101.0,114.0,73.0,89.0,86.0,92,109.0,68,65.0,65.0,82.0,62.0,75.0,75.0,77.0,86.0,80.0
5,109.0,112.0,150.0,101.0,143.0,133.0,105.0,100.0,115.0,135.0,129.0,157.0,155,129.0,99,89.0,84.0,137.0,102.0,80.0,80.0,61.0,67.0,68.0
6,62.0,64.0,64.0,46.0,60.0,56.0,62.0,60.0,79.0,104.0,79.0,100.0,167,415.0,142,100.0,116.0,,,86.0,105.0,96.0,92.0,95.0
7,90.0,84.0,70.0,40.0,,70.0,75.0,78.0,120.0,91.0,118.0,130.0,125,107.0,75,116.0,94.0,84.0,,123.0,124.0,119.0,107.0,124.0
8,133.0,171.0,171.0,134.0,129.0,131.0,127.0,123.0,133.0,125.0,145.0,,187,167.0,166,159.0,86.0,,142.0,133.0,149.0,182.0,157.0,170.0
9,141.0,115.0,112.0,,127.0,114.0,104.0,96.0,102.0,118.0,118.0,149.0,142,165.0,159,152.0,175.0,113.0,95.0,63.0,91.0,107.0,156.0,162.0
10,105.0,92.0,99.0,101.0,91.0,88.0,102.0,124.0,150.0,135.0,153.0,159.0,237,403.0,380,438.0,445.0,444.0,485.0,500.0,500.0,203.0,220.0,207.0
11,243.0,71.0,37.0,6.0,,23.0,,26.0,36.0,27.0,22.0,16.0,500,466.0,452,491.0,493.0,500.0,484.0,424.0,369.0,335.0,197.0,179.0
12,197.0,192.0,181.0,149.0,142.0,153.0,146.0,162.0,199.0,299.0,394.0,457.0,500,500.0,277,500.0,500.0,500.0,425.0,423.0,,,,162.0
13,453.0,431.0,330.0,131.0,,,,19.0,156.0,189.0,283.0,489.0,469,435.0,448,464.0,422.0,417.0,374.0,308.0,254.0,339.0,193.0,168.0
14,201.0,309.0,328.0,250.0,227.0,213.0,171.0,172.0,226.0,281.0,467.0,470.0,433,314.0,384,408.0,435.0,456.0,410.0,412.0,355.0,281.0,200.0,129.0
15,135.0,151.0,78.0,62.0,77.0,89.0,89.0,55.0,66.0,73.0,117.0,147.0,167,283.0,425,255.0,212.0,433.0,65.0,101.0,86.0,97.0,64.0,90.0
16,120.0,111.0,94.0,64.0,58.0,80.0,61.0,74.0,55.0,45.0,56.0,69.0,70,94.0,105,102.0,86.0,62.0,59.0,61.0,57.0,66.0,72.0,73.0
17,81.0,114.0,81.0,72.0,70.0,59.0,44.0,56.0,52.0,53.0,37.0,45.0,36,52.0,73,89.0,88.0,96.0,69.0,63.0,73.0,74.0,92.0,105.0
18,111.0,141.0,167.0,144.0,47.0,29.0,27.0,36.0,64.0,77.0,59.0,39.0,56,57.0,99,91.0,92.0,84.0,92.0,89.0,95.0,105.0,127.0,141.0
19,145.0,137.0,125.0,117.0,112.0,99.0,105.0,125.0,170.0,306.0,223.0,112.0,133,153.0,196,271.0,147.0,265.0,250.0,181.0,153.0,153.0,162.0,165.0
20,150.0,175.0,129.0,131.0,117.0,116.0,100.0,79.0,95.0,113.0,109.0,107.0,103,100.0,96,51.0,78.0,79.0,100.0,115.0,111.0,108.0,145.0,153.0
21,135.0,,,,,,,80.0,100.0,108.0,91.0,97.0,95,100.0,119,114.0,139.0,40.0,60.0,82.0,101.0,108.0,114.0,119.0
22,144.0,144.0,131.0,129.0,133.0,183.0,167.0,273.0,306.0,306.0,217.0,116.0,100,99.0,136,171.0,150.0,62.0,48.0,61.0,90.0,99.0,118.0,180.0
23,157.0,131.0,297.0,349.0,406.0,250.0,312.0,277.0,305.0,297.0,217.0,125.0,150,150.0,207,127.0,160.0,96.0,86.0,89.0,95.0,117.0,160.0,190.0
24,188.0,193.0,217.0,217.0,200.0,223.0,250.0,325.0,62.0,107.0,141.0,172.0,167,151.0,146,118.0,123.0,108.0,109.0,165.0,74.0,47.0,64.0,52.0
25,62.0,36.0,40.0,33.0,35.0,38.0,43.0,50.0,,,,51.0,85,85.0,94,72.0,73.0,58.0,63.0,66.0,66.0,72.0,80.0,107.0
26,193.0,121.0,108.0,84.0,91.0,97.0,85.0,85.0,63.0,59.0,47.0,52.0,67,74.0,136,78.0,52.0,55.0,52.0,50.0,70.0,,70.0,68.0
27,57.0,60.0,55.0,39.0,35.0,65.0,48.0,73.0,57.0,57.0,55.0,57.0,58,55.0,50,55.0,99.0,52.0,68.0,82.0,100.0,78.0,78.0,88.0
28,75.0,62.0,70.0,23.0,28.0,30.0,28.0,33.0,38.0,39.0,42.0,38.0,36,42.0,46,48.0,52.0,45.0,31.0,36.0,40.0,48.0,75.0,88.0
29,95.0,105.0,123.0,150.0,75.0,39.0,42.0,38.0,47.0,50.0,56.0,50.0,64,64.0,61,55.0,73.0,66.0,72.0,57.0,57.0,79.0,90.0,102.0
30,95.0,99.0,96.0,86.0,107.0,58.0,103.0,134.0,78.0,64.0,66.0,73.0,69,70.0,63,61.0,64.0,69.0,68.0,63.0,81.0,105.0,111.0,101.0
31,88.0,177.0,67.0,59.0,62.0,237.0,172.0,46.0,46.0,56.0,84.0,91.0,94,81.0,77,67.0,89.0,90.0,77.0,64.0,79.0,80.0,102.0,105.0
"
"
August-2019,00:00:00,01:00:00,02:00:00,03:00:00,04:00:00,05:00:00,06:00:00,07:00:00,08:00:00,09:00:00,10:00:00,11:00:00,12:00:00,13:00:00,14:00:00,15:00:00,16:00:00,17:00:00,18:00:00,19:00:00,20:00:00,21:00:00,22:00:00,23:00:00
1,111.0,107.0,83.0,96.0,63.0,64.0,72.0,75.0,84.0,102.0,92.0,70.0,92.0,90.0,89.0,91.0,78.0,58.0,83.0,68.0,69.0,79.0,81.0,101.0
2,85.0,70.0,72.0,68.0,47.0,62.0,63.0,56.0,80.0,89.0,91.0,75.0,70.0,139.0,122.0,90.0,56.0,69.0,57.0,74.0,75.0,59.0,75.0,73.0
3,92.0,99.0,101.0,160.0,119.0,273.0,96.0,85.0,105.0,243.0,120.0,75.0,58.0,73.0,77.0,67.0,64.0,41.0,69.0,68.0,95.0,61.0,190.0,92.0
4,97.0,213.0,102.0,101.0,163.0,64.0,64.0,68.0,62.0,67.0,69.0,107.0,88.0,100.0,154.0,140.0,79.0,89.0,77.0,91.0,74.0,108.0,107.0,157.0
5,302.0,159.0,125.0,97.0,78.0,70.0,89.0,84.0,90.0,133.0,147.0,109.0,102.0,133.0,136.0,95.0,90.0,95.0,88.0,89.0,104.0,109.0,113.0,108.0
6,118.0,89.0,75.0,60.0,90.0,80.0,67.0,94.0,100.0,57.0,38.0,36.0,35.0,48.0,65.0,57.0,72.0,63.0,176.0,60.0,63.0,82.0,85.0,102.0
7,85.0,84.0,85.0,70.0,52.0,45.0,40.0,74.0,95.0,147.0,197.0,143.0,91.0,,,,,,,,,,,
8,,,,,,,,,,111.0,112.0,111.0,94.0,128.0,106.0,128.0,102.0,85.0,68.0,63.0,83.0,98.0,124.0,134.0
9,101.0,67.0,81.0,41.0,46.0,45.0,59.0,71.0,30.0,56.0,72.0,64.0,62.0,73.0,66.0,62.0,58.0,53.0,95.0,63.0,44.0,46.0,78.0,63.0
10,41.0,71.0,45.0,35.0,36.0,61.0,82.0,56.0,30.0,29.0,42.0,53.0,51.0,52.0,52.0,51.0,58.0,57.0,54.0,51.0,46.0,52.0,67.0,70.0
11,67.0,63.0,67.0,188.0,130.0,269.0,89.0,67.0,77.0,70.0,55.0,50.0,63.0,59.0,64.0,89.0,76.0,64.0,57.0,49.0,50.0,48.0,55.0,62.0
12,77.0,61.0,55.0,51.0,43.0,43.0,43.0,40.0,32.0,38.0,40.0,40.0,52.0,45.0,66.0,66.0,57.0,,,,,97.0,101.0,90.0
13,40.0,55.0,59.0,33.0,40.0,44.0,34.0,43.0,59.0,84.0,83.0,80.0,,,73.0,62.0,52.0,59.0,72.0,54.0,60.0,70.0,62.0,59.0
14,64.0,48.0,56.0,26.0,20.0,22.0,26.0,29.0,35.0,28.0,39.0,63.0,110.0,,,,,,84.0,88.0,88.0,104.0,107.0,110.0
15,120.0,129.0,131.0,122.0,109.0,91.0,85.0,19.0,20.0,22.0,32.0,45.0,52.0,77.0,54.0,54.0,52.0,49.0,47.0,41.0,42.0,47.0,53.0,42.0
16,48.0,46.0,33.0,40.0,35.0,32.0,29.0,39.0,38.0,45.0,40.0,50.0,54.0,69.0,67.0,55.0,64.0,41.0,32.0,35.0,37.0,36.0,36.0,69.0
17,57.0,64.0,23.0,28.0,28.0,33.0,27.0,16.0,30.0,35.0,32.0,45.0,35.0,40.0,35.0,45.0,35.0,32.0,43.0,40.0,23.0,24.0,23.0,21.0
18,19.0,16.0,22.0,16.0,25.0,22.0,19.0,18.0,21.0,20.0,28.0,32.0,23.0,28.0,34.0,35.0,38.0,39.0,37.0,40.0,75.0,92.0,102.0,112.0
19,110.0,209.0,108.0,90.0,90.0,80.0,88.0,84.0,86.0,109.0,119.0,69.0,69.0,79.0,76.0,63.0,68.0,73.0,55.0,55.0,79.0,104.0,108.0,116.0
20,105.0,125.0,124.0,119.0,122.0,120.0,110.0,78.0,92.0,100.0,92.0,85.0,92.0,79.0,64.0,59.0,69.0,85.0,89.0,75.0,89.0,101.0,107.0,129.0
21,109.0,113.0,107.0,85.0,86.0,78.0,129.0,112.0,125.0,159.0,156.0,146.0,141.0,130.0,131.0,135.0,131.0,129.0,116.0,117.0,126.0,130.0,140.0,143.0
22,131.0,138.0,141.0,121.0,135.0,131.0,89.0,95.0,101.0,105.0,115.0,137.0,155.0,133.0,115.0,115.0,119.0,75.0,97.0,119.0,131.0,164.0,200.0,150.0
23,147.0,135.0,148.0,155.0,161.0,141.0,141.0,118.0,123.0,163.0,165.0,149.0,129.0,123.0,135.0,130.0,123.0,142.0,111.0,102.0,115.0,145.0,170.0,160.0
24,148.0,129.0,129.0,124.0,124.0,117.0,116.0,113.0,109.0,203.0,219.0,215.0,117.0,63.0,127.0,100.0,80.0,94.0,47.0,61.0,115.0,147.0,167.0,151.0
25,114.0,86.0,72.0,72.0,78.0,69.0,66.0,78.0,68.0,68.0,68.0,59.0,51.0,59.0,76.0,122.0,64.0,67.0,28.0,32.0,55.0,70.0,78.0,70.0
26,72.0,77.0,56.0,78.0,120.0,97.0,67.0,55.0,52.0,57.0,57.0,45.0,50.0,62.0,68.0,76.0,48.0,33.0,72.0,,,,,
27,,,,,,,79.0,113.0,203.0,180.0,,,,154.0,128.0,91.0,72.0,57.0,57.0,67.0,89.0,107.0,115.0,119.0
28,135.0,141.0,121.0,102.0,122.0,157.0,172.0,253.0,,,,,,,,,,134.0,60.0,63.0,90.0,89.0,103.0,92.0
29,105.0,119.0,109.0,75.0,55.0,72.0,70.0,82.0,78.0,110.0,112.0,119.0,126.0,134.0,105.0,117.0,99.0,103.0,108.0,118.0,86.0,88.0,115.0,91.0
30,66.0,59.0,58.0,66.0,59.0,95.0,42.0,41.0,103.0,275.0,149.0,114.0,176.0,240.0,199.0,184.0,180.0,188.0,181.0,129.0,100.0,103.0,151.0,200.0
31,159.0,163.0,144.0,97.0,75.0,85.0,90.0,97.0,108.0,120.0,105.0,109.0,117.0,126.0,101.0,70.0,93.0,119.0,123.0,122.0,126.0,133.0,170.0,273.0
"
"
September-2019,00:00:00,01:00:00,02:00:00,03:00:00,04:00:00,05:00:00,06:00:00,07:00:00,08:00:00,09:00:00,10:00:00,11:00:00,12:00:00,13:00:00,14:00:00,15:00:00,16:00:00,17:00:00,18:00:00,19:00:00,20:00:00,21:00:00,22:00:00,23:00:00
1,319.0,332.0,220.0,127.0,86.0,64.0,67,61,46,32,93,43.0,46.0,47.0,48,200,103,79.0,172.0,63.0,84.0,85.0,97.0,89.0
2,86.0,96.0,61.0,52.0,45.0,45.0,48,52,69,94,88,80.0,121.0,117.0,166,136,85,82.0,63.0,67.0,96.0,119.0,193.0,157.0
3,123.0,100.0,105.0,91.0,107.0,109.0,95,99,96,105,107,101.0,104.0,109.0,109,118,109,111.0,109.0,133.0,157.0,180.0,187.0,217.0
4,197.0,170.0,253.0,207.0,167.0,130.0,180,197,187,119,223,207.0,273.0,160.0,140,274,137,130.0,127.0,115.0,133.0,193.0,120.0,108.0
5,78.0,56.0,62.0,67.0,63.0,66.0,58,45,66,81,86,68.0,117.0,113.0,127,96,79,122.0,88.0,84.0,88.0,91.0,100.0,107.0
6,101.0,90.0,64.0,63.0,108.0,111.0,207,136,163,137,117,90.0,83.0,174.0,94,86,86,78.0,79.0,95.0,89.0,97.0,107.0,88.0
7,70.0,59.0,38.0,36.0,41.0,72.0,186,118,193,108,107,66.0,88.0,74.0,81,77,95,81.0,51.0,67.0,88.0,97.0,78.0,93.0
8,95.0,74.0,58.0,44.0,178.0,40.0,63,48,80,81,86,79.0,58.0,81.0,79,57,56,53.0,50.0,57.0,78.0,111.0,100.0,102.0
9,101.0,97.0,115.0,107.0,95.0,89.0,86,97,147,116,113,109.0,88.0,149.0,116,130,129,127.0,119.0,121.0,125.0,135.0,141.0,151.0
10,156.0,137.0,119.0,103.0,107.0,107.0,101,107,108,130,94,94.0,101.0,123.0,118,111,110,115.0,112.0,111.0,115.0,135.0,147.0,143.0
11,150.0,143.0,167.0,200.0,113.0,108.0,112,140,150,177,137,129.0,160.0,256.0,127,135,232,161.0,,177.0,155.0,168.0,190.0,
12,298.0,302.0,140.0,103.0,107.0,102.0,101,94,102,111,118,116.0,127.0,120.0,115,109,116,121.0,224.0,109.0,150.0,111.0,99.0,89.0
13,70.0,64.0,69.0,48.0,52.0,57.0,55,124,170,200,109,80.0,38.0,108.0,70,84,96,79.0,77.0,92.0,105.0,103.0,105.0,75.0
14,77.0,68.0,57.0,46.0,49.0,56.0,50,55,59,59,78,92.0,154.0,103.0,101,66,63,63.0,55.0,58.0,73.0,97.0,79.0,72.0
15,87.0,67.0,62.0,63.0,35.0,43.0,50,60,79,72,68,92.0,110.0,90.0,97,160,99,75.0,89.0,68.0,86.0,107.0,116.0,122.0
16,109.0,107.0,84.0,68.0,78.0,83.0,101,114,140,163,183,134.0,135.0,121.0,134,134,123,112.0,137.0,152.0,183.0,169.0,165.0,148.0
17,150.0,160.0,253.0,277.0,160.0,133.0,147,101,107,111,97,107.0,108.0,230.0,193,215,151,129.0,125.0,155.0,163.0,139.0,141.0,135.0
18,104.0,103.0,97.0,111.0,92.0,92.0,81,95,74,74,77,163.0,130.0,147.0,114,214,186,139.0,109.0,109.0,127.0,107.0,88.0,79.0
19,72.0,68.0,47.0,45.0,35.0,35.0,40,48,47,84,68,83.0,92.0,79.0,81,74,85,94.0,79.0,88.0,81.0,85.0,90.0,88.0
20,65.0,75.0,56.0,70.0,278.0,150.0,103,143,306,163,79,88.0,105.0,83.0,58,62,84,119.0,122.0,126.0,139.0,140.0,124.0,131.0
21,121.0,123.0,88.0,56.0,62.0,,50,68,78,99,80,99.0,90.0,105.0,109,145,124,104.0,,,,,,
22,,,,,,,45,59,75,100,113,70.0,59.0,68.0,59,55,62,62.0,75.0,63.0,231.0,99.0,88.0,77.0
23,67.0,62.0,83.0,59.0,39.0,39.0,45,84,72,197,113,97.0,163.0,123.0,124,140,141,114.0,101.0,96.0,104.0,114.0,118.0,100.0
24,88.0,75.0,74.0,48.0,41.0,38.0,41,50,74,123,107,95.0,155.0,193.0,138,107,79,68.0,78.0,116.0,104.0,92.0,104.0,94.0
25,68.0,68.0,47.0,41.0,33.0,44.0,50,58,130,116,103,103.0,119.0,130.0,118,84,58,60.0,62.0,148.0,70.0,92.0,100.0,68.0
26,73.0,86.0,85.0,183.0,77.0,143.0,45,38,55,100,56,,,,109,59,51,96.0,46.0,62.0,62.0,88.0,85.0,88.0
27,100.0,104.0,35.0,25.0,60.0,60.0,57,65,34,40,44,55.0,68.0,72.0,56,49,56,63.0,62.0,65.0,72.0,58.0,65.0,114.0
28,243.0,55.0,62.0,40.0,63.0,58.0,40,52,62,73,77,75.0,74.0,74.0,72,68,78,70.0,70.0,90.0,82.0,86.0,84.0,80.0
29,55.0,48.0,30.0,26.0,32.0,35.0,33,32,57,55,62,75.0,48.0,53.0,68,79,68,70.0,55.0,80.0,56.0,69.0,68.0,66.0
30,41.0,35.0,48.0,18.0,32.0,25.0,30,34,57,57,66,82.0,88.0,91.0,99,112,122,,127.0,,113.0,137.0,119.0,105.0
"
"
October-2019,00:00:00,01:00:00,02:00:00,03:00:00,04:00:00,05:00:00,06:00:00,07:00:00,08:00:00,09:00:00,10:00:00,11:00:00,12:00:00,13:00:00,14:00:00,15:00:00,16:00:00,17:00:00,18:00:00,19:00:00,20:00:00,21:00:00,22:00:00,23:00:00
1,108.0,75.0,96.0,59.0,59.0,50.0,42.0,40.0,92.0,85.0,85.0,92,99.0,,105.0,119.0,123,,,103.0,102.0,84.0,96,
2,97.0,,,,,,,,,,,151,,101.0,,,77,62.0,60.0,62.0,91.0,96.0,121,116.0
3,111.0,117.0,123.0,113.0,123.0,270.0,160.0,140.0,105.0,147.0,,253,167.0,122.0,173.0,130.0,197,157.0,117.0,109.0,183.0,160.0,130,78.0
4,70.0,57.0,63.0,77.0,58.0,68.0,73.0,78.0,83.0,104.0,107.0,92,100.0,105.0,113.0,116.0,113,124.0,114.0,109.0,101.0,101.0,108,115.0
5,124.0,105.0,105.0,101.0,85.0,75.0,75.0,78.0,83.0,85.0,86.0,69,74.0,79.0,88.0,87.0,90,79.0,78.0,93.0,115.0,127.0,145,150.0
6,126.0,122.0,111.0,97.0,90.0,97.0,92.0,133.0,160.0,167.0,200.0,133,131.0,111.0,107.0,111.0,114,120.0,121.0,129.0,141.0,148.0,149,157.0
7,143.0,160.0,140.0,123.0,107.0,114.0,108.0,119.0,121.0,141.0,157.0,119,99.0,109.0,116.0,109.0,99,101.0,119.0,118.0,137.0,141.0,131,127.0
8,111.0,105.0,107.0,101.0,85.0,85.0,80.0,101.0,111.0,111.0,116.0,119,104.0,96.0,96.0,94.0,90,88.0,77.0,84.0,107.0,114.0,213,230.0
9,230.0,243.0,220.0,157.0,150.0,133.0,147.0,276.0,250.0,270.0,237.0,213,167.0,120.0,150.0,192.0,165,140.0,169.0,170.0,171.0,164.0,150,147.0
10,180.0,187.0,200.0,230.0,267.0,290.0,287.0,314.0,332.0,341.0,342.0,355,328.0,318.0,176.0,142.0,257,240.0,207.0,203.0,243.0,250.0,250,
11,,,,,,,,314.0,311.0,327.0,314.0,293,177.0,166.0,184.0,182.0,197,203.0,187.0,202.0,167.0,213.0,257,290.0
12,243.0,243.0,311.0,306.0,324.0,325.0,328.0,319.0,316.0,325.0,335.0,324,233.0,126.0,149.0,181.0,169,129.0,153.0,171.0,197.0,267.0,304,323.0
13,329.0,316.0,340.0,353.0,370.0,384.0,373.0,353.0,388.0,395.0,420.0,358,310.0,314.0,302.0,203.0,153,141.0,144.0,145.0,189.0,277.0,312,287.0
14,308.0,312.0,324.0,342.0,348.0,327.0,316.0,329.0,356.0,340.0,342.0,273,217.0,237.0,200.0,153.0,133,129.0,157.0,164.0,197.0,311.0,319,349.0
15,325.0,312.0,297.0,293.0,303.0,307.0,302.0,302.0,297.0,323.0,332.0,309,301.0,297.0,290.0,213.0,273,301.0,280.0,285.0,307.0,403.0,414,407.0
16,376.0,365.0,372.0,358.0,335.0,316.0,320.0,315.0,315.0,315.0,306.0,277,297.0,312.0,302.0,321.0,321,319.0,305.0,306.0,325.0,337.0,332,337.0
17,328.0,321.0,312.0,304.0,303.0,290.0,277.0,293.0,353.0,354.0,339.0,314,305.0,267.0,187.0,180.0,210,170.0,177.0,253.0,280.0,302.0,318,311.0
18,293.0,293.0,302.0,277.0,277.0,250.0,250.0,277.0,277.0,293.0,293.0,230,170.0,157.0,149.0,127.0,120,120.0,141.0,159.0,433.0,120.0,55,61.0
19,64.0,78.0,95.0,94.0,75.0,83.0,75.0,85.0,118.0,180.0,305.0,293,311.0,151.0,203.0,179.0,196,180.0,182.0,187.0,230.0,273.0,306,314.0
20,305.0,310.0,311.0,318.0,332.0,327.0,318.0,345.0,332.0,332.0,349.0,314,240.0,,123.0,111.0,102,103.0,118.0,130.0,155.0,167.0,277,260.0
21,315.0,329.0,345.0,346.0,322.0,325.0,328.0,325.0,353.0,368.0,374.0,390,357.0,325.0,306.0,183.0,170,155.0,155.0,161.0,181.0,174.0,220,273.0
22,303.0,320.0,315.0,302.0,273.0,306.0,302.0,304.0,311.0,316.0,329.0,302,213.0,183.0,160.0,160.0,145,137.0,125.0,163.0,174.0,207.0,273,369.0
23,354.0,319.0,309.0,309.0,328.0,338.0,332.0,337.0,335.0,341.0,336.0,335,328.0,302.0,270.0,203.0,163,163.0,167.0,207.0,267.0,318.0,408,387.0
24,402.0,422.0,432.0,400.0,417.0,419.0,467.0,420.0,416.0,453.0,459.0,487,440.0,327.0,312.0,270.0,180,155.0,220.0,290.0,329.0,345.0,420,387.0
25,386.0,375.0,370.0,342.0,290.0,302.0,301.0,314.0,356.0,319.0,316.0,243,273.0,187.0,267.0,270.0,243,183.0,177.0,233.0,318.0,339.0,351,382.0
26,419.0,437.0,414.0,384.0,328.0,310.0,305.0,305.0,304.0,320.0,331.0,318,306.0,220.0,187.0,205.0,211,233.0,304.0,314.0,362.0,500.0,478,456.0
27,484.0,500.0,493.0,464.0,450.0,453.0,398.0,386.0,391.0,396.0,422.0,429,411.0,392.0,329.0,180.0,140,149.0,130.0,163.0,358.0,,431,500.0
28,131.0,129.0,97.0,88.0,500.0,500.0,489.0,425.0,414.0,417.0,423.0,422,430.0,420.0,388.0,352.0,321,315.0,287.0,307.0,331.0,392.0,472,480.0
29,494.0,500.0,500.0,500.0,470.0,449.0,437.0,417.0,,,379.0,392,442.0,439.0,428.0,436.0,452,449.0,444.0,463.0,495.0,474.0,486,500.0
30,500.0,500.0,500.0,484.0,468.0,466.0,423.0,417.0,410.0,406.0,384.0,432,428.0,453.0,477.0,478.0,478,449.0,464.0,457.0,429.0,437.0,446,453.0
31,469.0,471.0,474.0,479.0,468.0,424.0,413.0,390.0,384.0,398.0,421.0,428,475.0,500.0,500.0,500.0,500,,,,,500.0,500,500.0
"
"
November-2019,00:00:00,01:00:00,02:00:00,03:00:00,04:00:00,05:00:00,06:00:00,07:00:00,08:00:00,09:00:00,10:00:00,11:00:00,12:00:00,13:00:00,14:00:00,15:00:00,16:00:00,17:00:00,18:00:00,19:00:00,20:00:00,21:00:00,22:00:00,23:00:00
1,493,494.0,500,500,500,500.0,500.0,500.0,500.0,500.0,500.0,500.0,500.0,500.0,500,478,466,486.0,482,498,467,453,368.0,367
2,365,365.0,368,384,404,430.0,444.0,433.0,392.0,401.0,434.0,500.0,500.0,500.0,500,456,418,460.0,500,500,500,500,500.0,500
3,500,500.0,500,500,500,500.0,500.0,500.0,500.0,500.0,123.0,121.0,118.0,109.0,151,500,500,500.0,500,475,411,431,420.0,382
4,351,370.0,446,500,500,500.0,500.0,500.0,500.0,500.0,500.0,500.0,453.0,401.0,328,309,240,187.0,217,267,273,273,290.0,331
5,356,421.0,477,500,500,500.0,500.0,500.0,473.0,437.0,400.0,353.0,325.0,301.0,220,150,135,129.0,153,186,183,223,,314
6,342,332.0,322,314,315,304.0,315.0,303.0,310.0,315.0,312.0,325.0,354.0,325.0,140,114,95,,144,216,181,273,321.0,319
7,316,302.0,303,280,319,322.0,338.0,340.0,363.0,372.0,392.0,365.0,396.0,421.0,432,419,391,361.0,351,373,329,340,382.0,373
8,382,400.0,417,399,404,375.0,352.0,333.0,318.0,316.0,,328.0,297.0,302.0,325,273,257,301.0,237,250,310,337,339.0,355
9,359,365.0,367,357,371,413.0,391.0,386.0,397.0,404.0,380.0,328.0,273.0,150.0,130,112,121,134.0,161,172,257,324,368.0,380
10,363,399.0,417,462,474,486.0,471.0,446.0,435.0,428.0,422.0,414.0,399.0,370.0,345,257,220,143.0,160,217,273,311,336.0,353
11,358,358.0,365,386,424,459.0,476.0,484.0,500.0,500.0,500.0,500.0,500.0,499.0,420,378,324,319.0,303,310,328,373,410.0,408
12,442,500.0,500,500,500,500.0,500.0,500.0,500.0,500.0,500.0,500.0,500.0,500.0,482,408,399,392.0,413,410,430,467,500.0,500
13,500,500.0,500,500,500,500.0,500.0,493.0,480.0,452.0,470.0,487.0,472.0,487.0,496,211,500,479.0,468,491,469,472,483.0,482
14,500,492.0,494,493,492,,500.0,,,,,,500.0,500.0,500,490,431,414.0,459,447,459,480,500.0,496
15,474,434.0,469,500,500,500.0,,,,,,,,,500,404,368,392.0,355,441,449,476,459.0,449
16,447,457.0,466,449,447,425.0,411.0,401.0,384.0,391.0,406.0,388.0,349.0,280.0,187,175,192,447.0,388,246,187,240,323.0,392
17,372,358.0,375,342,312,287.0,267.0,307.0,302.0,280.0,287.0,270.0,127.0,135.0,171,147,123,141.0,171,140,163,213,318.0,354
18,388,406.0,407,410,404,345.0,309.0,312.0,302.0,297.0,267.0,257.0,220.0,147.0,107,111,109,114.0,121,151,177,240,306.0,308
19,213,250.0,311,311,328,342.0,339.0,354.0,350.0,,,409.0,404.0,367.0,316,273,133,131.0,135,157,193,287,325.0,358
20,375,369.0,363,363,392,388.0,390.0,411.0,423.0,433.0,432.0,443.0,423.0,393.0,342,267,293,250.0,233,290,339,385,408.0,456
21,468,466.0,432,424,427,426.0,417.0,413.0,420.0,500.0,425.0,408.0,402.0,371.0,376,361,337,309.0,270,321,354,371,386.0,466
22,435,420.0,419,403,390,391.0,392.0,388.0,392.0,396.0,447.0,440.0,408.0,369.0,367,348,329,,308,314,350,384,407.0,383
23,392,388.0,345,328,324,314.0,324.0,338.0,335.0,334.0,328.0,310.0,314.0,311.0,297,200,147,137.0,150,196,190,293,260.0,260
24,306,315.0,320,321,302,267.0,287.0,315.0,,338.0,336.0,325.0,303.0,243.0,133,101,119,116.0,160,192,273,314,320.0,328
25,334,,340,325,306,311.0,309.0,306.0,318.0,342.0,339.0,309.0,,153.0,116,114,120,143.0,150,149,243,318,333.0,350
26,342,312.0,318,267,270,260.0,277.0,257.0,314.0,345.0,348.0,353.0,358.0,398.0,345,327,333,341.0,253,207,228,119,83.0,74
27,91,67.0,53,50,39,31.0,40.0,41.0,62.0,85.0,127.0,194.0,198.0,223.0,290,309,303,304.0,290,293,310,321,253.0,45
28,41,39.0,33,57,38,25.0,24.0,34.0,55.0,58.0,38.0,40.0,57.0,47.0,57,65,67,65.0,65,67,63,75,73.0,73
29,78,75.0,84,67,60,48.0,63.0,70.0,65.0,97.0,93.0,85.0,78.0,77.0,60,59,58,72.0,89,107,197,183,267.0,315
30,319,243.0,280,220,290,306.0,312.0,305.0,307.0,323.0,302.0,329.0,333.0,308.0,290,277,207,180.0,167,177,243,253,302.0,338
"
"
December-2019,00:00:00,01:00:00,02:00:00,03:00:00,04:00:00,05:00:00,06:00:00,07:00:00,08:00:00,09:00:00,10:00:00,11:00:00,12:00:00,13:00:00,14:00:00,15:00:00,16:00:00,17:00:00,18:00:00,19:00:00,20:00:00,21:00:00,22:00:00,23:00:00
1,333.0,328.0,324.0,303.0,302.0,330.0,347.0,340.0,332.0,336.0,336.0,328,338.0,303.0,257.0,213.0,187.0,207,197.0,253.0,303.0,328.0,341.0,344.0
2,353.0,361.0,374.0,382.0,369.0,374.0,392.0,388.0,378.0,344.0,319.0,318,316.0,307.0,233.0,167.0,163.0,163,207.0,277.0,322.0,340.0,367.0,361.0
3,359.0,352.0,376.0,373.0,334.0,338.0,352.0,359.0,345.0,358.0,341.0,349,323.0,305.0,233.0,157.0,133.0,150,167.0,243.0,,,,400.0
4,425.0,440.0,443.0,416.0,366.0,323.0,,,305.0,328.0,338.0,374,392.0,365.0,324.0,200.0,213.0,213,230.0,325.0,379.0,413.0,421.0,449.0
5,459.0,462.0,469.0,489.0,483.0,475.0,466.0,459.0,471.0,471.0,500.0,500,500.0,485.0,465.0,422.0,404.0,365,392.0,385.0,434.0,471.0,494.0,500.0
6,500.0,500.0,500.0,493.0,469.0,437.0,416.0,439.0,439.0,455.0,500.0,450,,,,362.0,356.0,348,325.0,321.0,333.0,354.0,401.0,407.0
7,437.0,439.0,424.0,419.0,420.0,419.0,415.0,411.0,420.0,423.0,426.0,440,498.0,,369.0,183.0,315.0,240,257.0,260.0,322.0,426.0,456.0,467.0
8,481.0,492.0,500.0,500.0,500.0,490.0,493.0,493.0,490.0,500.0,474.0,463,483.0,,,,243.0,143,193.0,310.0,348.0,407.0,417.0,465.0
9,435.0,432.0,418.0,388.0,393.0,413.0,405.0,396.0,410.0,433.0,452.0,436,420.0,366.0,338.0,293.0,306.0,277,293.0,312.0,345.0,389.0,411.0,429.0
10,441.0,435.0,440.0,437.0,440.0,440.0,414.0,411.0,441.0,456.0,483.0,483,478.0,429.0,363.0,338.0,324.0,323,335.0,350.0,367.0,417.0,456.0,500.0
11,500.0,500.0,500.0,500.0,500.0,500.0,499.0,500.0,496.0,500.0,500.0,490,451.0,429.0,358.0,351.0,376.0,392,391.0,424.0,442.0,494.0,500.0,500.0
12,500.0,500.0,500.0,500.0,500.0,500.0,500.0,483.0,494.0,500.0,500.0,500,477.0,427.0,,,384.0,388,372.0,375.0,,392.0,369.0,65.0
13,50.0,70.0,303.0,311.0,311.0,270.0,,,,,,43,177.0,213.0,180.0,,304.0,340,325.0,318.0,315.0,315.0,270.0,177.0
14,170.0,203.0,180.0,180.0,203.0,243.0,177.0,183.0,213.0,203.0,113.0,93,127.0,113.0,183.0,163.0,167.0,197,207.0,260.0,359.0,358.0,406.0,
15,,312.0,307.0,290.0,250.0,302.0,273.0,243.0,328.0,323.0,322.0,318,332.0,217.0,187.0,177.0,160.0,133,147.0,183.0,287.0,273.0,307.0,322.0
16,310.0,310.0,315.0,273.0,250.0,223.0,260.0,,,,237.0,160,,157.0,177.0,177.0,,230,,,,,,
17,,,,,,,,,157.0,200.0,233.0,217,213.0,203.0,220.0,287.0,260.0,230,270.0,304.0,308.0,,366.0,420.0
18,385.0,379.0,,,318.0,321.0,319.0,322.0,320.0,327.0,333.0,322,321.0,325.0,333.0,332.0,325.0,324,325.0,314.0,336.0,379.0,390.0,401.0
19,410.0,420.0,393.0,380.0,387.0,334.0,318.0,335.0,340.0,362.0,380.0,380,416.0,460.0,486.0,500.0,500.0,500,500.0,500.0,500.0,500.0,500.0,500.0
20,500.0,500.0,500.0,483.0,480.0,468.0,456.0,434.0,424.0,434.0,442.0,439,477.0,489.0,457.0,456.0,500.0,500,500.0,500.0,493.0,500.0,496.0,500.0
21,500.0,500.0,479.0,443.0,437.0,427.0,406.0,405.0,411.0,436.0,408.0,417,430.0,407.0,392.0,402.0,372.0,369,386.0,407.0,393.0,409.0,395.0,401.0
22,401.0,406.0,383.0,362.0,357.0,325.0,310.0,305.0,304.0,306.0,280.0,267,302.0,305.0,306.0,314.0,331.0,340,333.0,340.0,357.0,387.0,374.0,345.0
23,344.0,342.0,328.0,321.0,315.0,322.0,321.0,328.0,328.0,328.0,329.0,349,345.0,345.0,349.0,362.0,359.0,356,354.0,362.0,373.0,414.0,399.0,385.0
24,401.0,414.0,386.0,380.0,391.0,392.0,388.0,387.0,390.0,386.0,373.0,382,395.0,418.0,434.0,456.0,443.0,434,447.0,443.0,440.0,431.0,437.0,450.0
25,466.0,452.0,438.0,371.0,306.0,293.0,277.0,253.0,250.0,270.0,243.0,309,310.0,325.0,324.0,320.0,320.0,339,365.0,361.0,348.0,351.0,355.0,362.0
26,365.0,362.0,378.0,358.0,,,342.0,,339.0,344.0,341.0,348,351.0,354.0,352.0,345.0,357.0,374,413.0,405.0,423.0,411.0,396.0,375.0
27,409.0,408.0,404.0,362.0,355.0,334.0,334.0,353.0,383.0,336.0,359.0,388,417.0,447.0,454.0,444.0,454.0,452,440.0,423.0,443.0,454.0,489.0,446.0
28,449.0,429.0,407.0,401.0,388.0,384.0,374.0,407.0,431.0,426.0,356.0,332,351.0,378.0,406.0,428.0,422.0,411,409.0,428.0,457.0,500.0,500.0,500.0
29,476.0,459.0,380.0,391.0,403.0,401.0,388.0,392.0,402.0,417.0,418.0,444,459.0,500.0,500.0,462.0,449.0,420,405.0,443.0,490.0,500.0,500.0,500.0
30,499.0,494.0,472.0,456.0,464.0,484.0,500.0,420.0,399.0,378.0,358.0,358,414.0,455.0,493.0,500.0,500.0,500,500.0,500.0,500.0,500.0,478.0,464.0
31,434.0,410.0,370.0,362.0,342.0,333.0,328.0,322.0,345.0,362.0,380.0,397,395.0,396.0,395.0,399.0,393.0,386,380.0,408.0,468.0,500.0,500.0,68.0
"
"
Year,2020
January-2020,00:00:00,01:00:00,02:00:00,03:00:00,04:00:00,05:00:00,06:00:00,07:00:00,08:00:00,09:00:00,10:00:00,11:00:00,12:00:00,13:00:00,14:00:00,15:00:00,16:00:00,17:00:00,18:00:00,19:00:00,20:00:00,21:00:00,22:00:00,23:00:00
1,500,500,494.0,459.0,446,449,444.0,449.0,474,500.0,500,500.0,410.0,395.0,339.0,320.0,316,322,332,351,460,500,500,500
2,500,500,500.0,500.0,500,500,500.0,500.0,450,444.0,469,426.0,439.0,407.0,260.0,223.0,267,303,253,311,407,500,500,500
3,500,500,500.0,472.0,443,440,446.0,422.0,378,426.0,500,413.0,314.0,170.0,90.0,73.0,84,79,104,123,358,408,425,452
4,466,486,500.0,492.0,490,500,468.0,424.0,425,439.0,471,465.0,456.0,426.0,378.0,361.0,309,240,240,332,355,383,400,432
5,422,392,382.0,391.0,382,358,369.0,365.0,390,,404,404.0,387.0,369.0,309.0,233.0,197,207,302,315,355,375,367,384
6,379,358,328.0,320.0,351,358,357.0,344.0,351,363.0,416,450.0,403.0,374.0,423.0,240.0,200,307,325,315,311,311,273,257
7,273,180,267.0,237.0,197,240,308.0,287.0,307,322.0,312,319.0,321.0,223.0,308.0,333.0,349,353,342,342,361,348,352,318
8,302,290,312.0,312.0,302,44,38.0,42.0,36,42.0,217,48.0,55.0,332.0,55.0,45.0,351,354,354,357,346,320,306,253
9,240,183,157.0,163.0,113,123,143.0,157.0,230,277.0,260,260.0,267.0,257.0,223.0,127.0,160,120,120,197,302,325,334,336
10,345,334,332.0,328.0,305,267,237.0,223.0,243,240.0,260,314.0,348.0,340.0,333.0,315.0,297,240,150,237,333,382,367,342
11,362,362,351.0,328.0,328,321,333.0,332.0,337,344.0,344,325.0,322.0,315.0,237.0,177.0,133,133,167,243,325,421,437,444
12,426,400,429.0,413.0,378,363,373.0,370.0,383,391.0,433,420.0,376.0,336.0,311.0,250.0,302,187,220,302,348,423,500,500
13,500,457,420.0,419.0,427,428,416.0,426.0,401,435.0,380,382.0,,,,,309,44,331,363,407,406,357,401
14,418,408,369.0,345.0,308,280,,262.0,296,,243,293.0,325.0,337.0,354.0,328.0,183,130,143,207,267,316,314,325
15,315,318,318.0,183.0,183,270,,,233,257.0,277,257.0,320.0,319.0,328.0,340.0,312,303,180,273,338,362,361,365
16,363,340,337.0,297.0,304,308,310.0,322.0,302,314.0,319,325.0,320.0,318.0,328.0,352.0,47,52,57,68,392,411,400,374
17,342,301,287.0,310.0,197,170,280.0,257.0,308,243.0,230,233.0,293.0,325.0,335.0,321.0,273,200,223,277,316,328,348,414
18,318,237,290.0,260.0,301,304,302.0,290.0,273,243.0,237,277.0,,375.0,375.0,351.0,253,223,197,297,329,368,384,382
19,373,329,325.0,332.0,315,334,308.0,297.0,277,310.0,307,312.0,311.0,309.0,303.0,302.0,302,293,260,307,320,338,358,342
20,325,308,305.0,240.0,220,240,280.0,250.0,290,304.0,312,320.0,328.0,344.0,346.0,338.0,352,358,358,348,363,378,419,463
21,455,396,399.0,423.0,416,407,408.0,423.0,420,423.0,451,,,406.0,367.0,334.0,328,420,390,375,383,417,434,495
22,500,486,430.0,421.0,416,376,331.0,320.0,353,333.0,332,329.0,373.0,397.0,375.0,,363,344,328,328,338,386,429,392
23,304,250,203.0,183.0,180,220,304.0,250.0,253,290.0,257,203.0,141.0,131.0,130.0,124.0,117,116,101,113,157,203,267,301
24,273,213,213.0,193.0,223,197,187.0,203.0,273,267.0,213,200.0,163.0,140.0,139.0,127.0,121,307,118,135,197,250,322,346
25,348,316,316.0,297.0,304,315,328.0,328.0,329,355.0,349,334.0,329.0,314.0,213.0,157.0,130,163,177,223,303,340,439,451
26,444,460,484.0,472.0,430,423,434.0,447.0,465,455.0,480,431.0,344.0,308.0,302.0,270.0,160,200,157,157,302,393,404,480
27,454,466,481.0,483.0,481,467,453.0,457.0,408,435.0,433,443.0,454.0,447.0,401.0,366.0,362,423,327,312,363,378,349,233
28,177,207,180.0,180.0,177,170,170.0,260.0,38,273.0,53,223.0,308.0,315.0,325.0,315.0,317,322,328,273,253,315,316,257
29,315,325,323.0,180.0,193,203,183.0,203.0,253,320.0,267,157.0,98.0,87.0,103.0,93.0,69,80,91,107,144,203,308,324
30,339,323,,,222,198,197.0,223.0,223,302.0,324,321.0,305.0,293.0,143.0,170.0,105,91,95,96,145,277,303,323
31,327,319,318.0,314.0,301,250,308.0,312.0,309,302.0,311,315.0,334.0,325.0,197.0,163.0,94,83,99,95,167,302,319,315
"
"
February-2020,00:00:00,01:00:00,02:00:00,03:00:00,04:00:00,05:00:00,06:00:00,07:00:00,08:00:00,09:00:00,10:00:00,11:00:00,12:00:00,13:00:00,14:00:00,15:00:00,16:00:00,17:00:00,18:00:00,19:00:00,20:00:00,21:00:00,22:00:00,23:00:00
1,321.0,312.0,260.0,305.0,307.0,416.0,397.0,382.0,374.0,383.0,378.0,302.0,270.0,250.0,180.0,157.0,143.0,160.0,167.0,157.0,183.0,306.0,311.0,303.0
2,315.0,352.0,344.0,297.0,325.0,318.0,302.0,307.0,328.0,336.0,342.0,333.0,324.0,325.0,324.0,,257.0,187.0,143.0,213.0,320.0,347.0,358.0,354.0
3,363.0,358.0,332.0,331.0,361.0,388.0,369.0,337.0,363.0,367.0,366.0,342.0,302.0,170.0,130.0,98.0,109.0,107.0,117.0,167.0,290.0,340.0,401.0,435.0
4,417.0,426.0,437.0,378.0,373.0,362.0,358.0,372.0,437.0,432.0,431.0,495.0,373.0,322.0,302.0,200.0,200.0,230.0,309.0,339.0,380.0,387.0,411.0,385.0
5,368.0,340.0,350.0,345.0,332.0,339.0,351.0,376.0,438.0,454.0,417.0,395.0,346.0,233.0,121.0,120.0,113.0,123.0,127.0,140.0,207.0,,312.0,305.0
6,318.0,319.0,303.0,322.0,334.0,334.0,331.0,328.0,334.0,,375.0,329.0,290.0,207.0,147.0,123.0,107.0,123.0,143.0,140.0,250.0,368.0,355.0,335.0
7,325.0,335.0,342.0,318.0,337.0,365.0,338.0,329.0,440.0,430.0,374.0,338.0,312.0,302.0,302.0,253.0,163.0,207.0,157.0,133.0,207.0,303.0,340.0,334.0
8,356.0,348.0,346.0,386.0,368.0,371.0,365.0,368.0,382.0,362.0,361.0,362.0,356.0,346.0,315.0,167.0,127.0,133.0,133.0,203.0,305.0,335.0,353.0,341.0
9,331.0,331.0,318.0,331.0,342.0,367.0,361.0,358.0,372.0,414.0,398.0,386.0,337.0,315.0,301.0,270.0,167.0,160.0,187.0,230.0,311.0,351.0,365.0,382.0
10,396.0,407.0,407.0,443.0,407.0,365.0,350.0,342.0,378.0,441.0,386.0,406.0,392.0,,220.0,237.0,122.0,143.0,131.0,167.0,243.0,356.0,406.0,440.0
11,477.0,491.0,472.0,450.0,450.0,417.0,370.0,365.0,358.0,372.0,390.0,359.0,,,,,,187.0,167.0,197.0,302.0,345.0,378.0,407.0
12,401.0,400.0,393.0,349.0,345.0,386.0,406.0,408.0,395.0,417.0,407.0,370.0,369.0,339.0,311.0,220.0,217.0,,,,,,,
13,,,,,,,,267.0,260.0,237.0,329.0,311.0,297.0,197.0,148.0,156.0,171.0,164.0,177.0,157.0,200.0,217.0,230.0,207.0
14,187.0,237.0,302.0,270.0,287.0,250.0,220.0,237.0,302.0,318.0,308.0,237.0,180.0,170.0,171.0,329.0,406.0,215.0,188.0,127.0,142.0,149.0,167.0,170.0
15,187.0,147.0,197.0,143.0,167.0,223.0,253.0,243.0,180.0,138.0,183.0,217.0,203.0,180.0,155.0,160.0,162.0,152.0,156.0,127.0,143.0,253.0,273.0,323.0
16,325.0,305.0,324.0,357.0,355.0,379.0,337.0,410.0,393.0,344.0,361.0,357.0,358.0,332.0,327.0,187.0,117.0,115.0,108.0,127.0,223.0,310.0,357.0,396.0
17,375.0,361.0,356.0,354.0,366.0,392.0,416.0,417.0,443.0,424.0,457.0,434.0,342.0,287.0,157.0,141.0,127.0,123.0,127.0,131.0,174.0,270.0,320.0,305.0
18,217.0,233.0,318.0,308.0,267.0,307.0,348.0,306.0,329.0,316.0,373.0,358.0,327.0,302.0,203.0,160.0,,145.0,133.0,145.0,191.0,270.0,316.0,407.0
19,427.0,415.0,414.0,418.0,407.0,397.0,398.0,373.0,371.0,358.0,361.0,328.0,280.0,173.0,204.0,174.0,188.0,207.0,190.0,220.0,233.0,250.0,314.0,302.0
20,273.0,273.0,297.0,203.0,253.0,323.0,312.0,315.0,323.0,316.0,308.0,267.0,298.0,416.0,380.0,407.0,259.0,213.0,210.0,223.0,223.0,307.0,314.0,306.0
21,320.0,167.0,280.0,270.0,230.0,140.0,95.0,107.0,55.0,50.0,67.0,70.0,69.0,77.0,63.0,48.0,90.0,49.0,,,,,,
22,,,,,,,,,,,,105.0,130.0,130.0,130.0,104.0,86.0,97.0,91.0,111.0,124.0,220.0,303.0,337.0
23,366.0,351.0,354.0,320.0,314.0,307.0,306.0,267.0,305.0,311.0,320.0,327.0,290.0,200.0,133.0,,,,,,,,,
24,,,,,,,,,,,,,230.0,143.0,147.0,160.0,135.0,122.0,123.0,133.0,183.0,250.0,306.0,237.0
25,305.0,277.0,306.0,314.0,348.0,374.0,348.0,341.0,325.0,358.0,426.0,,,315.0,302.0,260.0,127.0,109.0,109.0,131.0,164.0,243.0,312.0,352.0
26,321.0,359.0,391.0,,,,353.0,333.0,342.0,411.0,359.0,392.0,356.0,307.0,306.0,217.0,124.0,123.0,127.0,150.0,180.0,314.0,339.0,354.0
27,380.0,382.0,355.0,305.0,310.0,223.0,217.0,217.0,213.0,233.0,302.0,301.0,301.0,303.0,273.0,297.0,237.0,207.0,207.0,193.0,240.0,280.0,309.0,323.0
28,323.0,280.0,302.0,280.0,257.0,223.0,213.0,213.0,207.0,203.0,223.0,200.0,185.0,187.0,177.0,163.0,139.0,167.0,152.0,150.0,157.0,177.0,183.0,187.0
29,167.0,120.0,123.0,120.0,123.0,130.0,130.0,150.0,160.0,167.0,143.0,125.0,121.0,133.0,114.0,139.0,177.0,143.0,149.0,135.0,104.0,64.0,42.0,39.0
"
"
March-2020,00:00:00,01:00:00,02:00:00,03:00:00,04:00:00,05:00:00,06:00:00,07:00:00,08:00:00,09:00:00,10:00:00,11:00:00,12:00:00,13:00:00,14:00:00,15:00:00,16:00:00,17:00:00,18:00:00,19:00:00,20:00:00,21:00:00,22:00:00,23:00:00
1,42,52,56.0,33.0,33.0,36.0,35.0,40.0,58.0,99.0,183.0,95.0,86,59,63,80,100.0,114,115,120.0,135,301.0,301.0,304
2,277,303,320.0,316.0,312.0,310.0,277.0,273.0,325.0,346.0,316.0,130.0,112,203,233,240,183.0,144,138,129.0,167,257.0,233.0,293
3,315,305,328.0,217.0,240.0,200.0,203.0,233.0,240.0,280.0,,,157,123,124,95,84.0,92,102,134.0,164,156.0,137.0,301
4,253,257,280.0,243.0,297.0,306.0,303.0,307.0,316.0,332.0,280.0,257.0,233,164,167,146,139.0,137,149,179.0,77,84.0,40.0,43
5,51,63,56.0,39.0,27.0,24.0,36.0,40.0,63.0,92.0,147.0,80.0,77,86,85,73,81.0,78,74,81.0,101,111.0,62.0,37
6,72,66,30.0,58.0,36.0,29.0,30.0,28.0,47.0,49.0,38.0,68.0,35,32,45,53,63.0,55,36,50.0,73,71.0,76.0,71
7,72,65,47.0,33.0,28.0,24.0,35.0,36.0,39.0,35.0,48.0,45.0,53,64,74,95,105.0,104,99,101.0,143,149.0,160.0,193
8,193,189,222.0,,147.0,184.0,200.0,201.0,211.0,267.0,182.0,213.0,197,114,80,103,88.0,62,61,55.0,98,138.0,159.0,162
9,171,131,99.0,105.0,129.0,127.0,104.0,74.0,108.0,108.0,133.0,92.0,86,94,107,97,96.0,88,95,,113,122.0,233.0,378
10,404,393,,,,,305.0,297.0,312.0,310.0,223.0,99.0,96,97,125,128,132.0,160,133,119.0,127,111.0,116.0,123
11,133,160,170.0,213.0,217.0,220.0,187.0,237.0,170.0,160.0,183.0,120.0,104,101,97,95,92.0,95,96,97.0,100,111.0,115.0,109
12,110,110,143.0,140.0,152.0,183.0,174.0,131.0,143.0,40.0,220.0,311.0,302,307,172,119,193.0,101,94,104.0,117,135.0,153.0,220
13,280,305,,,137.0,,,,,319.0,303.0,240.0,179,159,175,167,237.0,259,267,262.0,179,,,78
14,66,57,92.0,95.0,52.0,60.0,57.0,50.0,40.0,68.0,60.0,67.0,75,78,74,81,33.0,39,83,157.0,250,61.0,203.0,293
15,143,80,80.0,113.0,123.0,103.0,143.0,147.0,306.0,305.0,323.0,338.0,315,223,193,113,95.0,105,92,86.0,114,143.0,157.0,193
16,207,163,203.0,260.0,207.0,157.0,105.0,217.0,297.0,253.0,260.0,230.0,115,105,107,89,95.0,79,81,78.0,101,133.0,180.0,277
17,303,328,345.0,320.0,257.0,203.0,157.0,243.0,318.0,350.0,322.0,140.0,123,111,95,78,80.0,81,73,80.0,104,124.0,183.0,230
18,237,315,325.0,335.0,311.0,307.0,167.0,120.0,157.0,167.0,167.0,157.0,130,104,95,79,95.0,95,91,89.0,120,137.0,144.0,302
19,243,267,297.0,302.0,301.0,260.0,193.0,340.0,378.0,441.0,414.0,307.0,180,150,131,146,127.0,123,121,124.0,129,172.0,152.0,167
20,305,307,321.0,308.0,140.0,104.0,127.0,,,,,237.0,250,203,203,150,141.0,133,133,142.0,200,253.0,233.0,257
21,309,302,322.0,308.0,314.0,124.0,115.0,114.0,84.0,112.0,362.0,,223,223,203,163,177.0,143,125,117.0,141,170.0,223.0,323
22,324,309,359.0,350.0,325.0,270.0,217.0,187.0,183.0,316.0,312.0,309.0,220,127,92,73,79.0,78,66,64.0,79,97.0,113.0,127
23,112,120,127.0,85.0,88.0,233.0,200.0,103.0,120.0,170.0,319.0,373.0,260,92,100,112,90.0,79,77,67.0,84,111.0,180.0,163
24,116,112,203.0,230.0,267.0,307.0,,187.0,147.0,180.0,130.0,105.0,105,107,100,101,102.0,101,93,28.0,35,42.0,70.0,47
25,65,35,83.0,6.0,26.0,25.0,25.0,28.0,32.0,170.0,87.0,87.0,65,63,63,53,,46,52,62.0,78,84.0,92.0,97
26,84,127,328.0,353.0,130.0,65.0,87.0,68.0,140.0,177.0,110.0,97.0,63,50,42,48,51.0,46,51,56.0,63,103.0,133.0,113
27,220,200,133.0,67.0,46.0,33.0,48.0,39.0,48.0,57.0,70.0,97.0,103,20,30,21,26.0,27,30,29.0,28,37.0,20.0,20
28,18,15,24.0,8.0,25.0,47.0,25.0,25.0,30.0,24.0,63.0,50.0,15,22,17,21,24.0,27,30,28.0,28,40.0,73.0,133
29,163,87,65.0,65.0,65.0,52.0,58.0,55.0,83.0,87.0,68.0,51.0,51,50,45,44,33.0,31,36,41.0,41,58.0,75.0,85
30,92,80,77.0,68.0,63.0,60.0,62.0,59.0,69.0,142.0,200.0,113.0,55,46,44,35,36.0,36,37,40.0,41,59.0,78.0,150
31,177,157,187.0,220.0,120.0,21.0,75.0,63.0,58.0,66.0,72.0,73.0,63,57,42,46,40.0,41,52,52.0,75,72.0,56.0,107
"
"
April-2020,00:00:00,01:00:00,02:00:00,03:00:00,04:00:00,05:00:00,06:00:00,07:00:00,08:00:00,09:00:00,10:00:00,11:00:00,12:00:00,13:00:00,14:00:00,15:00:00,16:00:00,17:00:00,18:00:00,19:00:00,20:00:00,21:00:00,22:00:00,23:00:00
1,56.0,38.0,63.0,52.0,56.0,56,57,53,59.0,73.0,92,316.0,333.0,310.0,123.0,51.0,50.0,50.0,53.0,52.0,48.0,52.0,61.0,70.0
2,83.0,80.0,85.0,77.0,87.0,58,88,98,85.0,88.0,59,63.0,62.0,57.0,48.0,47.0,46.0,45.0,44.0,42.0,59.0,83.0,85.0,75.0
3,66.0,70.0,72.0,56.0,44.0,52,75,147,143.0,120.0,97,53.0,52.0,51.0,52.0,51.0,52.0,52.0,52.0,49.0,40.0,57.0,75.0,177.0
4,147.0,183.0,140.0,98.0,157.0,103,133,97,113.0,305.0,120,63.0,73.0,47.0,46.0,46.0,46.0,50.0,49.0,45.0,56.0,61.0,83.0,103.0
5,321.0,342.0,312.0,167.0,127.0,180,170,180,123.0,86.0,130,213.0,75.0,57.0,69.0,55.0,56.0,57.0,58.0,61.0,81.0,,,311.0
6,327.0,331.0,335.0,315.0,302.0,297,287,260,307.0,280.0,217,143.0,150.0,73.0,68.0,69.0,72.0,72.0,79.0,78.0,107.0,112.0,123.0,100.0
7,81.0,80.0,88.0,91.0,,52,44,55,87.0,177.0,150,101.0,124.0,156.0,124.0,94.0,74.0,81.0,85.0,101.0,107.0,116.0,99.0,115.0
8,114.0,105.0,104.0,102.0,99.0,103,107,68,53.0,73.0,72,78.0,74.0,74.0,68.0,69.0,63.0,55.0,59.0,63.0,64.0,95.0,107.0,107.0
9,99.0,101.0,107.0,67.0,84.0,78,65,55,66.0,143.0,187,,,58.0,,,55.0,53.0,52.0,48.0,52.0,68.0,78.0,193.0
10,193.0,193.0,316.0,277.0,237.0,197,140,177,187.0,223.0,180,111.0,83.0,58.0,56.0,58.0,58.0,,,,,,,
11,167.0,,213.0,260.0,303.0,273,316,270,,143.0,193,163.0,111.0,72.0,75.0,78.0,85.0,86.0,92.0,94.0,96.0,101.0,102.0,92.0
12,86.0,77.0,75.0,70.0,75.0,60,70,58,93.0,277.0,253,95.0,67.0,68.0,,,,,58.0,59.0,75.0,86.0,89.0,92.0
13,101.0,115.0,123.0,130.0,133.0,120,130,143,329.0,328.0,310,237.0,143.0,104.0,77.0,66.0,59.0,73.0,72.0,,83.0,100.0,112.0,115.0
14,187.0,217.0,200.0,113.0,120.0,92,213,92,80.0,150.0,143,80.0,77.0,75.0,81.0,86.0,97.0,107.0,109.0,103.0,126.0,150.0,187.0,187.0
15,203.0,180.0,127.0,144.0,137.0,129,133,140,177.0,,207,,,,,,,,104.0,84.0,90.0,108.0,135.0,307.0
16,306.0,,302.0,304.0,302.0,287,273,297,305.0,312.0,345,320.0,305.0,280.0,149.0,109.0,92.0,103.0,70.0,72.0,70.0,105.0,130.0,135.0
17,131.0,114.0,113.0,111.0,78.0,97,131,92,100.0,109.0,120,91.0,102.0,80.0,63.0,57.0,65.0,73.0,66.0,86.0,68.0,75.0,50.0,75.0
18,78.0,104.0,113.0,97.0,74.0,78,64,88,56.0,58.0,66,79.0,85.0,78.0,78.0,88.0,94.0,92.0,109.0,140.0,25.0,52.0,85.0,108.0
19,74.0,45.0,37.0,37.0,45.0,30,25,25,37.0,45.0,25,28.0,92.0,58.0,53.0,47.0,51.0,52.0,54.0,49.0,34.0,66.0,177.0,303.0
20,233.0,273.0,260.0,237.0,233.0,307,325,344,319.0,332.0,243,119.0,86.0,74.0,63.0,42.0,37.0,,,,,,,
21,,,,,25.0,73,193,147,78.0,83.0,120,,85.0,78.0,78.0,53.0,55.0,54.0,55.0,56.0,49.0,77.0,79.0,96.0
22,107.0,160.0,203.0,207.0,133.0,150,167,315,315.0,270.0,257,307.0,83.0,63.0,65.0,63.0,63.0,66.0,68.0,65.0,45.0,119.0,140.0,280.0
23,305.0,328.0,305.0,110.0,120.0,120,101,112,140.0,143.0,167,127.0,80.0,67.0,63.0,140.0,61.0,57.0,46.0,46.0,56.0,97.0,220.0,240.0
24,,,177.0,177.0,163.0,200,270,257,237.0,207.0,160,120.0,81.0,,76.0,83.0,84.0,86.0,86.0,66.0,83.0,103.0,312.0,167.0
25,120.0,107.0,91.0,73.0,70.0,53,40,47,48.0,42.0,46,54.0,56.0,58.0,64.0,67.0,69.0,73.0,77.0,68.0,73.0,91.0,133.0,185.0
26,201.0,185.0,167.0,320.0,167.0,109,127,147,143.0,160.0,240,46.0,57.0,74.0,309.0,66.0,47.0,47.0,50.0,49.0,46.0,47.0,38.0,32.0
27,34.0,48.0,37.0,29.0,40.0,22,22,47,45.0,30.0,52,46.0,52.0,58.0,62.0,69.0,73.0,76.0,74.0,59.0,79.0,79.0,57.0,52.0
28,58.0,65.0,58.0,45.0,37.0,38,45,107,83.0,70.0,63,57.0,67.0,64.0,70.0,74.0,77.0,80.0,77.0,,,176.0,253.0,142.0
29,133.0,,102.0,77.0,77.0,69,67,84,95.0,86.0,70,77.0,75.0,73.0,76.0,79.0,81.0,84.0,83.0,78.0,108.0,168.0,152.0,118.0
30,108.0,107.0,120.0,77.0,66.0,67,78,85,93.0,110.0,163,133.0,103.0,97.0,89.0,88.0,95.0,100.0,101.0,97.0,172.0,66.0,73.0,87.0
"
"
May-2020,00:00:00,01:00:00,02:00:00,03:00:00,04:00:00,05:00:00,06:00:00,07:00:00,08:00:00,09:00:00,10:00:00,11:00:00,12:00:00,13:00:00,14:00:00,15:00:00,16:00:00,17:00:00,18:00:00,19:00:00,20:00:00,21:00:00,22:00:00,23:00:00
1,107.0,230.0,147.0,143.0,297.0,170.0,123.0,160.0,183.0,130.0,147.0,160.0,127.0,113.0,109.0,111.0,116.0,113.0,119.0,121.0,137.0,121.0,116.0,111.0
2,85.0,80.0,70.0,68.0,75.0,62.0,59.0,64.0,61.0,64.0,80.0,86.0,84.0,99.0,104.0,108.0,105.0,108.0,109.0,104.0,108.0,,,
3,,,,,,,,,83.0,88.0,80.0,70.0,48.0,63.0,69.0,63.0,57.0,51.0,66.0,85.0,80.0,161.0,38.0,36.0
4,36.0,35.0,30.0,30.0,26.0,22.0,20.0,28.0,53.0,63.0,35.0,47.0,53.0,60.0,60.0,67.0,73.0,76.0,80.0,71.0,65.0,127.0,113.0,123.0
5,140.0,112.0,,133.0,150.0,,,,,,,63.0,70.0,76.0,78.0,,86.0,82.0,84.0,81.0,64.0,119.0,125.0,140.0
6,167.0,143.0,170.0,174.0,165.0,123.0,100.0,121.0,127.0,127.0,123.0,117.0,153.0,116.0,99.0,131.0,130.0,122.0,115.0,107.0,100.0,302.0,332.0,240.0
7,203.0,197.0,161.0,55.0,46.0,55.0,53.0,58.0,47.0,48.0,54.0,65.0,74.0,83.0,87.0,90.0,97.0,97.0,101.0,82.0,97.0,117.0,243.0,243.0
8,213.0,180.0,127.0,95.0,80.0,75.0,87.0,67.0,78.0,80.0,80.0,82.0,94.0,100.0,114.0,122.0,118.0,129.0,119.0,111.0,122.0,137.0,193.0,147.0
9,127.0,120.0,103.0,107.0,103.0,83.0,85.0,97.0,147.0,133.0,123.0,107.0,101.0,103.0,113.0,126.0,126.0,123.0,117.0,99.0,126.0,135.0,117.0,102.0
10,102.0,95.0,103.0,89.0,107.0,98.0,113.0,103.0,102.0,97.0,107.0,107.0,147.0,497.0,59.0,60.0,56.0,60.0,71.0,63.0,37.0,63.0,48.0,37.0
11,53.0,45.0,52.0,58.0,34.0,57.0,50.0,33.0,70.0,73.0,68.0,66.0,81.0,91.0,94.0,96.0,99.0,102.0,100.0,96.0,96.0,92.0,103.0,98.0
12,150.0,103.0,95.0,137.0,120.0,70.0,70.0,94.0,84.0,80.0,79.0,70.0,84.0,96.0,102.0,82.0,100.0,112.0,105.0,82.0,97.0,104.0,187.0,193.0
13,180.0,223.0,163.0,103.0,113.0,35.0,113.0,270.0,243.0,177.0,152.0,156.0,152.0,123.0,124.0,122.0,108.0,101.0,98.0,131.0,127.0,183.0,260.0,220.0
14,143.0,223.0,187.0,,107.0,220.0,123.0,133.0,110.0,127.0,111.0,112.0,122.0,110.0,112.0,102.0,97.0,100.0,95.0,170.0,207.0,46.0,55.0,65.0
15,62.0,,,,,,,,,,,,,83.0,92.0,107.0,98.0,80.0,84.0,76.0,70.0,94.0,217.0,293.0
16,323.0,65.0,50.0,36.0,41.0,50.0,45.0,200.0,197.0,230.0,157.0,94.0,96.0,90.0,99.0,105.0,106.0,98.0,92.0,75.0,78.0,75.0,133.0,197.0
17,270.0,331.0,329.0,327.0,318.0,315.0,60.0,60.0,55.0,78.0,325.0,260.0,150.0,123.0,99.0,103.0,99.0,91.0,78.0,90.0,101.0,129.0,223.0,230.0
18,250.0,323.0,368.0,337.0,319.0,49.0,52.0,52.0,61.0,346.0,358.0,323.0,318.0,230.0,120.0,107.0,97.0,94.0,92.0,75.0,77.0,89.0,102.0,140.0
19,293.0,304.0,297.0,324.0,315.0,335.0,325.0,356.0,84.0,348.0,387.0,342.0,339.0,110.0,104.0,98.0,91.0,143.0,104.0,137.0,129.0,112.0,301.0,323.0
20,260.0,104.0,97.0,133.0,167.0,310.0,332.0,314.0,230.0,160.0,111.0,124.0,134.0,108.0,111.0,111.0,107.0,106.0,97.0,90.0,91.0,96.0,107.0,134.0
21,160.0,117.0,109.0,90.0,109.0,103.0,99.0,123.0,157.0,177.0,197.0,135.0,113.0,100.0,98.0,101.0,107.0,101.0,101.0,100.0,107.0,105.0,109.0,120.0
22,193.0,183.0,223.0,260.0,322.0,382.0,414.0,427.0,378.0,376.0,356.0,323.0,312.0,173.0,131.0,99.0,103.0,89.0,107.0,112.0,123.0,160.0,203.0,240.0
23,293.0,290.0,237.0,220.0,220.0,163.0,207.0,200.0,193.0,200.0,200.0,177.0,230.0,177.0,149.0,134.0,99.0,91.0,91.0,107.0,121.0,116.0,168.0,197.0
24,159.0,150.0,139.0,134.0,159.0,203.0,233.0,243.0,200.0,200.0,143.0,145.0,160.0,71.0,72.0,78.0,86.0,96.0,120.0,101.0,113.0,116.0,120.0,113.0
25,113.0,113.0,105.0,101.0,147.0,240.0,237.0,233.0,207.0,187.0,307.0,257.0,120.0,89.0,93.0,107.0,109.0,91.0,88.0,89.0,84.0,131.0,133.0,137.0
26,160.0,177.0,123.0,112.0,130.0,200.0,180.0,114.0,126.0,133.0,147.0,161.0,157.0,145.0,119.0,97.0,105.0,92.0,96.0,95.0,116.0,130.0,137.0,205.0
27,197.0,137.0,101.0,68.0,59.0,51.0,57.0,62.0,64.0,85.0,134.0,160.0,172.0,169.0,138.0,146.0,155.0,141.0,134.0,105.0,112.0,113.0,137.0,350.0
28,196.0,104.0,84.0,80.0,193.0,239.0,193.0,183.0,164.0,152.0,155.0,172.0,178.0,186.0,196.0,175.0,168.0,155.0,143.0,149.0,137.0,133.0,137.0,63.0
29,35.0,44.0,23.0,44.0,44.0,38.0,42.0,43.0,38.0,43.0,47.0,63.0,,,,,,,,,,,,47.0
30,38.0,47.0,22.0,42.0,43.0,39.0,30.0,28.0,37.0,52.0,55.0,52.0,66.0,71.0,79.0,71.0,65.0,63.0,67.0,73.0,69.0,46.0,70.0,57.0
31,57.0,58.0,30.0,10.0,26.0,40.0,,,,,,,,,,,,,,,,,,
"
"
June-2020,00:00:00,01:00:00,02:00:00,03:00:00,04:00:00,05:00:00,06:00:00,07:00:00,08:00:00,09:00:00,10:00:00,11:00:00,12:00:00,13:00:00,14:00:00,15:00:00,16:00:00,17:00:00,18:00:00,19:00:00,20:00:00,21:00:00,22:00:00,23:00:00
1,,,,,,,,,,,,,,95.0,76.0,68.0,62.0,62.0,58.0,80.0,58.0,65.0,78.0,93.0
2,167.0,170.0,170.0,9.0,92.0,38.0,217.0,213.0,91.0,54.0,51.0,50.0,63.0,73.0,79.0,89.0,77.0,,,96.0,90.0,96.0,101.0,91.0
3,96.0,95.0,143.0,167.0,163.0,110.0,170.0,197.0,270.0,302.0,130.0,133.0,113.0,114.0,93.0,108.0,101.0,93.0,94.0,91.0,100.0,88.0,100.0,101.0
4,112.0,107.0,107.0,187.0,103.0,243.0,336.0,303.0,337.0,342.0,303.0,337.0,133.0,133.0,119.0,119.0,111.0,111.0,114.0,109.0,69.0,57.0,65.0,58.0
5,82.0,127.0,123.0,133.0,223.0,30.0,120.0,62.0,61.0,71.0,113.0,72.0,71.0,79.0,90.0,93.0,91.0,90.0,86.0,62.0,77.0,95.0,112.0,123.0
6,91.0,89.0,83.0,66.0,56.0,50.0,52.0,55.0,66.0,74.0,65.0,57.0,67.0,76.0,86.0,90.0,95.0,86.0,105.0,69.0,84.0,99.0,123.0,97.0
7,103.0,100.0,140.0,107.0,90.0,100.0,91.0,89.0,47.0,40.0,56.0,56.0,197.0,97.0,79.0,88.0,73.0,65.0,63.0,67.0,73.0,85.0,71.0,69.0
8,63.0,63.0,70.0,75.0,70.0,79.0,,170.0,200.0,270.0,177.0,120.0,95.0,110.0,93.0,78.0,85.0,104.0,94.0,95.0,100.0,112.0,150.0,167.0
9,107.0,123.0,217.0,16.0,45.0,207.0,123.0,143.0,180.0,170.0,167.0,90.0,97.0,115.0,112.0,111.0,111.0,105.0,107.0,119.0,149.0,133.0,118.0,110.0
10,143.0,120.0,160.0,193.0,187.0,187.0,110.0,143.0,147.0,114.0,125.0,121.0,123.0,133.0,116.0,107.0,111.0,120.0,129.0,212.0,137.0,85.0,86.0,96.0
11,101.0,71.0,82.0,80.0,97.0,36.0,170.0,91.0,240.0,143.0,115.0,109.0,157.0,112.0,111.0,103.0,101.0,101.0,105.0,105.0,147.0,230.0,157.0,157.0
12,220.0,,,,163.0,35.0,243.0,180.0,160.0,107.0,91.0,127.0,150.0,50.0,123.0,109.0,97.0,101.0,101.0,120.0,187.0,193.0,160.0,150.0
13,119.0,100.0,103.0,140.0,187.0,157.0,160.0,93.0,89.0,91.0,89.0,87.0,97.0,98.0,143.0,103.0,115.0,54.0,41.0,89.0,141.0,113.0,120.0,105.0
14,143.0,120.0,170.0,233.0,35.0,35.0,35.0,40.0,48.0,55.0,60.0,61.0,62.0,200.0,91.0,90.0,77.0,77.0,89.0,120.0,133.0,130.0,80.0,123.0
15,123.0,90.0,90.0,88.0,83.0,88.0,93.0,60.0,70.0,91.0,93.0,115.0,111.0,96.0,137.0,148.0,142.0,130.0,135.0,137.0,141.0,183.0,233.0,192.0
16,237.0,201.0,163.0,132.0,101.0,100.0,74.0,69.0,68.0,83.0,94.0,104.0,110.0,115.0,111.0,113.0,109.0,108.0,115.0,114.0,136.0,152.0,141.0,145.0
17,122.0,123.0,129.0,116.0,97.0,78.0,66.0,63.0,78.0,82.0,88.0,95.0,101.0,103.0,107.0,107.0,107.0,111.0,123.0,125.0,,127.0,117.0,111.0
18,116.0,105.0,99.0,67.0,69.0,68.0,80.0,71.0,85.0,80.0,75.0,88.0,103.0,113.0,,,,,,,161.0,153.0,145.0,126.0
19,119.0,118.0,132.0,121.0,108.0,85.0,78.0,80.0,91.0,95.0,99.0,117.0,158.0,251.0,272.0,298.0,310.0,326.0,300.0,287.0,282.0,256.0,193.0,182.0
20,153.0,129.0,111.0,95.0,74.0,73.0,68.0,58.0,38.0,90.0,127.0,100.0,112.0,113.0,101.0,114.0,129.0,137.0,141.0,152.0,136.0,110.0,91.0,94.0
21,105.0,94.0,90.0,97.0,107.0,111.0,100.0,57.0,67.0,85.0,120.0,100.0,99.0,84.0,123.0,104.0,,,,118.0,115.0,121.0,115.0,115.0
22,123.0,101.0,99.0,89.0,97.0,101.0,157.0,94.0,47.0,38.0,61.0,58.0,,78.0,74.0,72.0,74.0,77.0,150.0,167.0,88.0,103.0,123.0,267.0
23,143.0,220.0,183.0,88.0,63.0,55.0,54.0,57.0,61.0,62.0,66.0,60.0,74.0,77.0,71.0,62.0,65.0,62.0,66.0,85.0,68.0,73.0,83.0,84.0
24,90.0,82.0,62.0,56.0,72.0,74.0,63.0,61.0,69.0,78.0,74.0,84.0,93.0,75.0,45.0,55.0,66.0,65.0,77.0,78.0,79.0,90.0,88.0,77.0
25,86.0,77.0,110.0,79.0,68.0,68.0,67.0,72.0,78.0,77.0,77.0,40.0,74.0,73.0,72.0,69.0,165.0,52.0,71.0,78.0,78.0,101.0,101.0,86.0
26,74.0,170.0,107.0,207.0,120.0,297.0,52.0,50.0,207.0,110.0,113.0,243.0,122.0,147.0,110.0,101.0,,,,,,,,
27,,,,,,,,,,,,,,,,,,155.0,248.0,217.0,187.0,200.0,187.0,181.0
28,195.0,171.0,189.0,173.0,167.0,195.0,183.0,170.0,155.0,119.0,122.0,185.0,214.0,186.0,193.0,246.0,300.0,342.0,361.0,339.0,351.0,282.0,232.0,233.0
29,233.0,225.0,218.0,199.0,185.0,190.0,105.0,109.0,108.0,105.0,111.0,129.0,145.0,162.0,174.0,141.0,147.0,139.0,,242.0,117.0,74.0,80.0,82.0
30,71.0,92.0,98.0,78.0,66.0,72.0,72.0,72.0,,83.0,75.0,82.0,84.0,90.0,103.0,107.0,111.0,113.0,115.0,115.0,119.0,55.0,120.0,119.0
"
"
July-2020,00:00:00,01:00:00,02:00:00,03:00:00,04:00:00,05:00:00,06:00:00,07:00:00,08:00:00,09:00:00,10:00:00,11:00:00,12:00:00,13:00:00,14:00:00,15:00:00,16:00:00,17:00:00,18:00:00,19:00:00,20:00:00,21:00:00,22:00:00,23:00:00
1,115.0,123.0,119.0,107.0,82.0,85.0,100.0,107.0,105.0,101.0,97.0,108.0,103.0,100.0,101.0,111.0,110.0,118.0,127.0,129.0,,,,
2,,,,,,,,,,104.0,109.0,140.0,125.0,134.0,217.0,135.0,127.0,125.0,127.0,131.0,253.0,183.0,65.0,
3,,,,,,,,,,,,151.0,151.0,68.0,151.0,48.0,267.0,167.0,169.0,165.0,157.0,50.0,136.0,131.0
4,127.0,132.0,133.0,117.0,108.0,107.0,111.0,,,123.0,129.0,130.0,141.0,156.0,137.0,129.0,123.0,111.0,118.0,109.0,113.0,105.0,116.0,140.0
5,129.0,125.0,125.0,113.0,121.0,57.0,32.0,33.0,38.0,36.0,44.0,45.0,60.0,72.0,85.0,91.0,88.0,207.0,80.0,69.0,74.0,88.0,99.0,50.0
6,112.0,223.0,203.0,147.0,233.0,240.0,38.0,40.0,40.0,116.0,233.0,183.0,143.0,115.0,116.0,94.0,101.0,111.0,104.0,101.0,90.0,114.0,111.0,97.0
7,103.0,107.0,94.0,83.0,79.0,71.0,56.0,65.0,68.0,77.0,99.0,86.0,48.0,43.0,40.0,52.0,33.0,39.0,41.0,31.0,35.0,40.0,34.0,30.0
8,30.0,29.0,28.0,18.0,25.0,30.0,34.0,41.0,42.0,47.0,64.0,72.0,73.0,77.0,85.0,78.0,61.0,61.0,,61.0,55.0,57.0,77.0,67.0
9,78.0,114.0,101.0,72.0,74.0,107.0,113.0,109.0,97.0,119.0,89.0,68.0,85.0,79.0,74.0,75.0,58.0,47.0,59.0,58.0,77.0,73.0,91.0,94.0
10,94.0,78.0,52.0,42.0,46.0,44.0,52.0,59.0,55.0,74.0,90.0,103.0,108.0,89.0,79.0,67.0,68.0,81.0,69.0,88.0,92.0,105.0,,
11,,,,,,,,,,,,,55.0,69.0,58.0,59.0,57.0,73.0,68.0,73.0,63.0,109.0,117.0,101.0
12,109.0,109.0,101.0,85.0,80.0,67.0,66.0,86.0,35.0,37.0,40.0,40.0,44.0,48.0,35.0,57.0,63.0,53.0,44.0,56.0,36.0,44.0,57.0,62.0
13,55.0,42.0,50.0,70.0,70.0,72.0,68.0,83.0,95.0,114.0,111.0,112.0,107.0,105.0,85.0,111.0,141.0,159.0,174.0,159.0,167.0,155.0,165.0,171.0
14,159.0,149.0,125.0,112.0,107.0,94.0,88.0,84.0,90.0,107.0,116.0,117.0,129.0,152.0,163.0,155.0,167.0,163.0,179.0,184.0,184.0,185.0,189.0,196.0
15,194.0,163.0,147.0,129.0,115.0,111.0,112.0,111.0,101.0,86.0,92.0,119.0,91.0,74.0,64.0,72.0,94.0,105.0,109.0,100.0,89.0,101.0,108.0,79.0
16,74.0,96.0,,56.0,55.0,,58.0,47.0,46.0,65.0,70.0,72.0,73.0,80.0,84.0,81.0,72.0,69.0,84.0,96.0,69.0,97.0,104.0,100.0
17,74.0,80.0,64.0,55.0,58.0,63.0,57.0,59.0,72.0,73.0,81.0,102.0,107.0,84.0,84.0,92.0,83.0,83.0,57.0,73.0,123.0,113.0,94.0,103.0
18,95.0,103.0,96.0,78.0,80.0,73.0,69.0,75.0,80.0,84.0,108.0,96.0,67.0,48.0,50.0,81.0,85.0,89.0,81.0,70.0,69.0,94.0,105.0,70.0
19,,63.0,48.0,46.0,48.0,25.0,30.0,,,,,,,,,,,,,,,,,
20,,,,,,,,,,,,,,,,,,,,,,,,
21,103.0,74.0,20.0,34.0,31.0,33.0,33.0,38.0,47.0,37.0,74.0,123.0,70.0,47.0,33.0,63.0,28.0,24.0,28.0,33.0,43.0,65.0,69.0,48.0
22,41.0,47.0,63.0,42.0,38.0,33.0,21.0,32.0,57.0,73.0,170.0,79.0,113.0,68.0,38.0,39.0,35.0,27.0,30.0,45.0,50.0,46.0,63.0,57.0
23,70.0,63.0,77.0,44.0,50.0,42.0,44.0,41.0,48.0,79.0,63.0,69.0,77.0,68.0,81.0,62.0,64.0,62.0,58.0,63.0,78.0,95.0,115.0,127.0
24,127.0,150.0,207.0,123.0,92.0,127.0,116.0,127.0,183.0,123.0,109.0,79.0,84.0,85.0,72.0,75.0,72.0,62.0,75.0,105.0,105.0,55.0,80.0,85.0
25,101.0,73.0,50.0,51.0,39.0,39.0,35.0,32.0,42.0,52.0,73.0,69.0,89.0,113.0,105.0,113.0,75.0,48.0,58.0,55.0,64.0,73.0,62.0,66.0
26,56.0,58.0,56.0,67.0,61.0,48.0,69.0,177.0,105.0,72.0,70.0,67.0,74.0,64.0,72.0,101.0,47.0,54.0,58.0,85.0,103.0,113.0,110.0,143.0
27,120.0,147.0,170.0,87.0,78.0,83.0,100.0,95.0,109.0,127.0,45.0,40.0,38.0,,,40.0,42.0,44.0,42.0,39.0,52.0,52.0,45.0,35.0
28,32.0,30.0,25.0,23.0,26.0,27.0,25.0,28.0,25.0,25.0,32.0,38.0,32.0,35.0,95.0,92.0,92.0,83.0,90.0,99.0,94.0,86.0,90.0,103.0
29,100.0,97.0,109.0,56.0,41.0,33.0,66.0,,,,,,,,,,,,,,,,,62.0
30,61.0,64.0,66.0,66.0,50.0,30.0,31.0,31.0,40.0,36.0,32.0,35.0,47.0,39.0,34.0,39.0,39.0,37.0,45.0,36.0,38.0,48.0,65.0,74.0
31,63.0,59.0,56.0,61.0,77.0,72.0,67.0,123.0,183.0,157.0,52.0,40.0,83.0,72.0,86.0,70.0,81.0,97.0,95.0,95.0,75.0,66.0,66.0,74.0
"
"
August-2020,00:00:00,01:00:00,02:00:00,03:00:00,04:00:00,05:00:00,06:00:00,07:00:00,08:00:00,09:00:00,10:00:00,11:00:00,12:00:00,13:00:00,14:00:00,15:00:00,16:00:00,17:00:00,18:00:00,19:00:00,20:00:00,21:00:00,22:00:00,23:00:00
1,77.0,102.0,101.0,78.0,46.0,28.0,34.0,42.0,50.0,65.0,66.0,62.0,64.0,73.0,94.0,101.0,97.0,74.0,78.0,91.0,57.0,86.0,111.0,74.0
2,59.0,51.0,41.0,40.0,41.0,34.0,33.0,41.0,48.0,46.0,41.0,52.0,51.0,44.0,46.0,44.0,57.0,56.0,66.0,77.0,77.0,68.0,92.0,111.0
3,91.0,75.0,89.0,85.0,85.0,72.0,50.0,56.0,56.0,48.0,57.0,56.0,50.0,52.0,59.0,61.0,61.0,72.0,72.0,68.0,80.0,80.0,85.0,88.0
4,63.0,50.0,58.0,44.0,33.0,46.0,38.0,,,,,,72.0,81.0,70.0,67.0,66.0,79.0,67.0,66.0,83.0,72.0,95.0,
5,90.0,96.0,80.0,66.0,86.0,69.0,63.0,67.0,123.0,114.0,113.0,97.0,88.0,85.0,55.0,58.0,47.0,62.0,89.0,55.0,58.0,79.0,80.0,84.0
6,92.0,80.0,86.0,62.0,90.0,68.0,35.0,44.0,45.0,,60.0,52.0,68.0,92.0,92.0,58.0,61.0,55.0,53.0,58.0,58.0,57.0,52.0,51.0
7,53.0,41.0,40.0,33.0,36.0,40.0,28.0,30.0,38.0,52.0,50.0,50.0,45.0,57.0,53.0,50.0,45.0,50.0,51.0,50.0,55.0,69.0,84.0,80.0
8,57.0,58.0,62.0,50.0,40.0,70.0,80.0,180.0,150.0,91.0,63.0,80.0,84.0,109.0,92.0,89.0,99.0,79.0,72.0,84.0,90.0,108.0,102.0,94.0
9,107.0,109.0,45.0,29.0,36.0,26.0,28.0,30.0,35.0,35.0,39.0,46.0,63.0,66.0,86.0,94.0,40.0,52.0,67.0,85.0,95.0,72.0,69.0,70.0
10,91.0,89.0,101.0,77.0,51.0,53.0,39.0,30.0,40.0,52.0,44.0,61.0,66.0,48.0,75.0,101.0,53.0,67.0,105.0,61.0,46.0,62.0,65.0,85.0
11,69.0,75.0,105.0,67.0,55.0,66.0,55.0,57.0,95.0,68.0,67.0,74.0,91.0,85.0,50.0,64.0,78.0,74.0,74.0,73.0,95.0,100.0,107.0,115.0
12,66.0,35.0,40.0,26.0,27.0,27.0,26.0,33.0,36.0,41.0,55.0,74.0,73.0,73.0,72.0,,75.0,70.0,,99.0,99.0,88.0,74.0,36.0
13,40.0,40.0,40.0,44.0,35.0,30.0,28.0,28.0,32.0,35.0,92.0,40.0,42.0,45.0,35.0,35.0,35.0,35.0,40.0,46.0,45.0,48.0,57.0,51.0
14,50.0,48.0,38.0,33.0,56.0,25.0,30.0,35.0,39.0,70.0,75.0,48.0,,51.0,68.0,60.0,61.0,56.0,50.0,48.0,52.0,61.0,75.0,88.0
15,83.0,94.0,78.0,56.0,73.0,61.0,51.0,44.0,51.0,57.0,69.0,68.0,53.0,53.0,55.0,46.0,55.0,42.0,39.0,34.0,44.0,56.0,59.0,45.0
16,46.0,36.0,35.0,28.0,33.0,35.0,41.0,48.0,28.0,34.0,52.0,42.0,36.0,37.0,37.0,36.0,37.0,42.0,51.0,50.0,57.0,72.0,67.0,62.0
17,61.0,59.0,63.0,61.0,61.0,50.0,39.0,35.0,46.0,55.0,51.0,52.0,52.0,41.0,47.0,45.0,53.0,67.0,43.0,60.0,62.0,68.0,90.0,68.0
18,66.0,75.0,84.0,64.0,52.0,41.0,48.0,41.0,46.0,70.0,40.0,56.0,62.0,70.0,103.0,91.0,63.0,44.0,42.0,35.0,66.0,67.0,59.0,61.0
19,50.0,39.0,34.0,30.0,45.0,44.0,42.0,35.0,35.0,35.0,35.0,36.0,38.0,62.0,40.0,42.0,57.0,55.0,58.0,55.0,78.0,98.0,98.0,105.0
20,90.0,97.0,80.0,53.0,40.0,34.0,74.0,206.0,32.0,35.0,32.0,36.0,50.0,43.0,50.0,45.0,75.0,60.0,47.0,53.0,50.0,52.0,82.0,84.0
21,86.0,42.0,39.0,47.0,92.0,257.0,51.0,53.0,40.0,78.0,68.0,63.0,51.0,40.0,42.0,41.0,48.0,,42.0,43.0,55.0,45.0,48.0,82.0
22,90.0,94.0,58.0,50.0,35.0,44.0,31.0,31.0,31.0,57.0,52.0,35.0,50.0,40.0,38.0,36.0,34.0,31.0,36.0,38.0,48.0,55.0,62.0,61.0
23,38.0,35.0,30.0,51.0,45.0,29.0,38.0,32.0,30.0,62.0,75.0,78.0,60.0,48.0,44.0,41.0,39.0,46.0,38.0,38.0,39.0,38.0,35.0,32.0
24,31.0,30.0,42.0,26.0,27.0,36.0,36.0,37.0,34.0,65.0,75.0,43.0,44.0,42.0,45.0,43.0,43.0,38.0,33.0,41.0,47.0,50.0,50.0,40.0
25,36.0,44.0,40.0,27.0,30.0,27.0,32.0,33.0,50.0,47.0,42.0,44.0,48.0,57.0,57.0,41.0,46.0,41.0,40.0,35.0,40.0,48.0,45.0,40.0
26,38.0,44.0,36.0,42.0,36.0,39.0,42.0,26.0,39.0,40.0,46.0,44.0,50.0,50.0,47.0,48.0,47.0,50.0,56.0,56.0,53.0,80.0,55.0,63.0
27,67.0,59.0,62.0,44.0,57.0,38.0,42.0,58.0,38.0,58.0,62.0,52.0,62.0,51.0,50.0,48.0,48.0,46.0,42.0,51.0,51.0,60.0,88.0,110.0
28,102.0,92.0,84.0,94.0,84.0,85.0,140.0,95.0,97.0,112.0,103.0,99.0,75.0,74.0,46.0,42.0,,,,,,,,
29,,,,,,,,,,,,,,,,,,,50.0,53.0,62.0,90.0,97.0,129.0
30,109.0,280.0,203.0,110.0,70.0,75.0,51.0,45.0,29.0,35.0,60.0,42.0,42.0,40.0,44.0,,,,41.0,38.0,29.0,30.0,,34.0
31,29.0,25.0,31.0,23.0,22.0,22.0,23.0,20.0,25.0,25.0,30.0,34.0,38.0,35.0,36.0,36.0,35.0,35.0,34.0,31.0,41.0,51.0,47.0,51.0
"
"
September-2020,00:00:00,01:00:00,02:00:00,03:00:00,04:00:00,05:00:00,06:00:00,07:00:00,08:00:00,09:00:00,10:00:00,11:00:00,12:00:00,13:00:00,14:00:00,15:00:00,16:00:00,17:00:00,18:00:00,19:00:00,20:00:00,21:00:00,22:00:00,23:00:00
1,47.0,39.0,35.0,32.0,38.0,28.0,29.0,31.0,33.0,39.0,38.0,34.0,42.0,42.0,45.0,48.0,48.0,42.0,40.0,39.0,55.0,61.0,59.0,63.0
2,67.0,61.0,62.0,48.0,34.0,35.0,29.0,28.0,30.0,36.0,34.0,44.0,65.0,85.0,69.0,83.0,99.0,99.0,,,,,,
3,,,,,,,,,,,,,69.0,68.0,58.0,70.0,64.0,72.0,66.0,65.0,81.0,66.0,83.0,89.0
4,90.0,68.0,73.0,58.0,48.0,51.0,55.0,61.0,77.0,73.0,70.0,,60.0,71.0,67.0,70.0,73.0,80.0,77.0,88.0,92.0,103.0,86.0,94.0
5,89.0,80.0,113.0,107.0,123.0,127.0,167.0,167.0,104.0,75.0,107.0,109.0,102.0,77.0,96.0,110.0,102.0,97.0,80.0,82.0,48.0,62.0,57.0,52.0
6,45.0,40.0,36.0,37.0,42.0,34.0,40.0,37.0,44.0,58.0,50.0,64.0,69.0,78.0,86.0,102.0,101.0,86.0,78.0,63.0,67.0,43.0,65.0,70.0
7,101.0,88.0,81.0,96.0,223.0,101.0,140.0,105.0,233.0,267.0,105.0,77.0,73.0,86.0,70.0,41.0,52.0,107.0,85.0,94.0,103.0,101.0,80.0,72.0
8,70.0,59.0,51.0,31.0,35.0,42.0,47.0,53.0,63.0,73.0,69.0,83.0,95.0,72.0,68.0,57.0,,,,,,,,
9,,,,,,,,,,,,,,,,,,,,,,,,
10,,,,,,,,,120.0,111.0,111.0,118.0,111.0,104.0,103.0,90.0,84.0,81.0,100.0,91.0,112.0,116.0,117.0,115.0
11,112.0,126.0,115.0,123.0,141.0,107.0,127.0,115.0,147.0,129.0,131.0,126.0,124.0,119.0,112.0,111.0,105.0,99.0,101.0,107.0,117.0,135.0,150.0,178.0
12,160.0,119.0,112.0,115.0,103.0,100.0,111.0,167.0,240.0,138.0,107.0,103.0,108.0,117.0,114.0,96.0,109.0,123.0,131.0,130.0,129.0,159.0,156.0,153.0
13,157.0,177.0,157.0,127.0,111.0,112.0,117.0,120.0,133.0,118.0,118.0,105.0,114.0,112.0,104.0,103.0,100.0,103.0,127.0,129.0,131.0,126.0,133.0,125.0
14,127.0,124.0,131.0,147.0,127.0,130.0,129.0,170.0,280.0,187.0,131.0,137.0,129.0,135.0,157.0,129.0,145.0,130.0,121.0,112.0,127.0,148.0,159.0,150.0
15,180.0,135.0,170.0,177.0,119.0,120.0,119.0,123.0,147.0,157.0,134.0,104.0,127.0,145.0,131.0,126.0,118.0,114.0,117.0,117.0,125.0,139.0,141.0,135.0
16,123.0,120.0,157.0,143.0,133.0,123.0,157.0,124.0,160.0,193.0,183.0,161.0,146.0,141.0,138.0,127.0,127.0,111.0,137.0,118.0,139.0,153.0,145.0,126.0
17,113.0,109.0,109.0,92.0,89.0,88.0,102.0,107.0,116.0,131.0,138.0,139.0,118.0,109.0,100.0,97.0,90.0,108.0,104.0,105.0,121.0,113.0,121.0,115.0
18,101.0,105.0,94.0,113.0,101.0,95.0,97.0,99.0,123.0,138.0,123.0,130.0,117.0,119.0,109.0,95.0,95.0,97.0,,,,137.0,134.0,137.0
19,104.0,101.0,113.0,104.0,96.0,100.0,88.0,88.0,105.0,122.0,131.0,140.0,130.0,137.0,123.0,113.0,111.0,111.0,115.0,127.0,138.0,134.0,147.0,149.0
20,153.0,170.0,141.0,123.0,119.0,123.0,127.0,280.0,277.0,213.0,160.0,142.0,139.0,146.0,137.0,123.0,119.0,114.0,118.0,125.0,139.0,151.0,149.0,141.0
21,129.0,127.0,115.0,107.0,112.0,250.0,131.0,143.0,138.0,137.0,135.0,164.0,166.0,174.0,163.0,153.0,153.0,147.0,135.0,145.0,140.0,181.0,181.0,153.0
22,149.0,141.0,141.0,139.0,138.0,135.0,145.0,141.0,138.0,100.0,96.0,80.0,67.0,79.0,84.0,86.0,85.0,80.0,67.0,94.0,100.0,89.0,85.0,95.0
23,90.0,84.0,63.0,67.0,67.0,46.0,42.0,44.0,59.0,52.0,70.0,85.0,77.0,70.0,86.0,78.0,62.0,79.0,58.0,52.0,64.0,95.0,116.0,101.0
24,81.0,61.0,59.0,48.0,30.0,30.0,35.0,35.0,42.0,68.0,70.0,85.0,81.0,84.0,108.0,141.0,140.0,119.0,107.0,118.0,133.0,148.0,,184.0
25,163.0,130.0,101.0,63.0,53.0,45.0,78.0,91.0,101.0,121.0,129.0,147.0,146.0,141.0,137.0,136.0,131.0,129.0,120.0,123.0,144.0,175.0,273.0,310.0
26,301.0,270.0,203.0,197.0,200.0,183.0,203.0,217.0,217.0,165.0,163.0,149.0,133.0,149.0,139.0,123.0,114.0,142.0,137.0,182.0,145.0,142.0,123.0,127.0
27,122.0,127.0,119.0,109.0,73.0,58.0,69.0,61.0,64.0,66.0,66.0,86.0,92.0,95.0,108.0,105.0,108.0,112.0,113.0,127.0,145.0,156.0,316.0,156.0
28,193.0,157.0,168.0,133.0,98.0,113.0,113.0,93.0,120.0,150.0,160.0,130.0,172.0,162.0,159.0,152.0,167.0,171.0,164.0,168.0,191.0,213.0,211.0,209.0
29,193.0,169.0,156.0,151.0,141.0,140.0,142.0,147.0,223.0,206.0,202.0,232.0,227.0,181.0,165.0,153.0,163.0,167.0,153.0,177.0,196.0,200.0,196.0,183.0
30,151.0,147.0,139.0,123.0,130.0,133.0,131.0,134.0,139.0,165.0,187.0,201.0,179.0,193.0,150.0,157.0,146.0,144.0,138.0,141.0,153.0,181.0,167.0,156.0
"
"
October-2020,00:00:00,01:00:00,02:00:00,03:00:00,04:00:00,05:00:00,06:00:00,07:00:00,08:00:00,09:00:00,10:00:00,11:00:00,12:00:00,13:00:00,14:00:00,15:00:00,16:00:00,17:00:00,18:00:00,19:00:00,20:00:00,21:00:00,22:00:00,23:00:00
1,137.0,147,141,129,123.0,,143,133,146.0,181,193,193,194,164,162,145,144.0,139,127.0,142.0,181.0,219.0,216.0,224.0
2,217.0,173,200,180,193.0,233.0,260,177,153.0,181,197,194,188,174,149,145,142.0,146,142.0,157.0,187.0,223.0,302.0,253.0
3,260.0,257,287,217,280.0,293.0,277,220,280.0,287,200,237,189,160,135,134,119.0,112,121.0,134.0,169.0,186.0,203.0,237.0
4,187.0,237,233,250,233.0,193.0,253,230,253.0,297,197,217,233,165,142,123,119.0,125,146.0,146.0,174.0,181.0,217.0,193.0
5,213.0,177,170,187,187.0,180.0,207,187,220.0,197,250,260,195,178,151,152,134.0,147,145.0,141.0,171.0,185.0,203.0,217.0
6,193.0,217,213,167,170.0,207.0,207,267,257.0,243,260,235,199,171,141,135,131.0,131,130.0,177.0,188.0,205.0,250.0,273.0
7,255.0,287,267,230,230.0,240.0,304,341,329.0,319,306,253,246,195,171,159,145.0,143,149.0,149.0,183.0,243.0,243.0,267.0
8,237.0,213,203,223,217.0,297.0,170,177,257.0,302,305,311,263,260,178,144,,149,,163.0,,195.0,191.0,186.0
9,253.0,243,297,250,233.0,233.0,220,270,297.0,260,287,312,240,255,195,189,152.0,135,144.0,159.0,185.0,230.0,273.0,243.0
10,257.0,315,302,280,237.0,223.0,240,220,273.0,315,327,277,260,260,250,163,131.0,149,,177.0,205.0,223.0,230.0,293.0
11,220.0,207,243,250,250.0,270.0,287,273,267.0,315,315,306,302,260,164,153,149.0,159,171.0,181.0,213.0,273.0,270.0,270.0
12,325.0,319,311,337,328.0,341.0,374,336,346.0,367,362,406,417,371,307,297,257.0,170,170.0,217.0,290.0,310.0,408.0,424.0
13,410.0,401,382,351,349.0,358.0,391,380,383.0,406,349,321,305,303,253,193,230.0,237,203.0,217.0,311.0,327.0,336.0,340.0
14,328.0,314,309,325,,357.0,376,370,401.0,406,350,359,314,315,237,200,213.0,203,213.0,,309.0,319.0,348.0,353.0
15,341.0,369,399,384,379.0,382.0,397,408,427.0,426,429,420,352,401,161,111,119.0,105,103.0,131.0,185.0,290.0,274.0,315.0
16,332.0,334,362,358,376.0,348.0,349,351,310.0,328,258,310,292,213,215,200,182.0,163,133.0,165.0,183.0,280.0,360.0,408.0
17,389.0,346,410,355,338.0,333.0,339,344,365.0,416,391,373,340,310,280,200,150.0,130,145.0,183.0,243.0,301.0,297.0,320.0
18,328.0,323,311,304,332.0,318.0,318,329,337.0,353,355,329,315,172,159,123,121.0,118,133.0,157.0,189.0,205.0,310.0,325.0
19,309.0,340,348,321,332.0,332.0,339,355,375.0,390,375,338,337,310,213,157,150.0,152,135.0,183.0,230.0,308.0,345.0,318.0
20,253.0,315,303,213,312.0,302.0,312,322,327.0,358,340,348,322,307,237,147,124.0,108,127.0,159.0,233.0,360.0,396.0,398.0
21,345.0,345,340,348,,339.0,336,328,,371,411,338,310,197,131,118,105.0,107,111.0,124.0,187.0,388.0,405.0,336.0
22,364.0,355,348,342,342.0,338.0,324,357,426.0,500,441,401,500,461,406,339,187.0,220,207.0,233.0,332.0,395.0,426.0,404.0
23,438.0,474,432,429,432.0,420.0,407,409,447.0,472,100,484,422,349,319,302,183.0,147,160.0,200.0,303.0,421.0,389.0,396.0
24,406.0,362,379,382,384.0,396.0,398,385,404.0,434,434,447,445,380,348,327,302.0,233,233.0,290.0,325.0,351.0,394.0,405.0
25,404.0,405,406,403,416.0,424.0,423,411,402.0,421,401,414,390,363,332,306,220.0,207,139.0,240.0,309.0,391.0,440.0,417.0
26,416.0,411,420,411,414.0,421.0,421,424,409.0,414,455,411,385,447,408,362,304.0,139,157.0,237.0,339.0,312.0,328.0,332.0
27,353.0,397,402,403,414.0,405.0,410,411,409.0,392,396,362,352,340,277,167,125.0,129,139.0,185.0,203.0,309.0,322.0,340.0
28,352.0,350,335,316,310.0,355.0,373,365,366.0,367,365,387,410,372,348,346,337.0,318,,,,,,
29,,478,491,467,447.0,418.0,411,417,433.0,432,474,453,345,321,327,304,302.0,280,,303.0,411.0,423.0,437.0,448.0
30,445.0,430,439,406,409.0,401.0,406,441,436.0,454,461,430,422,352,323,197,160.0,115,,177.0,253.0,312.0,356.0,422.0
31,424.0,449,467,465,469.0,472.0,443,444,441.0,443,422,426,388,318,223,151,,141,152.0,220.0,290.0,318.0,365.0,401.0
"
"
November-2020,00:00:00,01:00:00,02:00:00,03:00:00,04:00:00,05:00:00,06:00:00,07:00:00,08:00:00,09:00:00,10:00:00,11:00:00,12:00:00,13:00:00,14:00:00,15:00:00,16:00:00,17:00:00,18:00:00,19:00:00,20:00:00,21:00:00,22:00:00,23:00:00
1,429,456,455.0,462,476,488,479,484,474,457.0,449.0,449.0,429.0,378,316,162,163,163,137,169,293,323,329,348
2,334,339,379.0,429,350,429,378,332,273,223.0,310.0,342.0,381.0,386,365,353,351,309,213,280,327,413,422,434
3,443,444,422.0,417,379,358,329,307,322,331.0,348.0,399.0,344.0,220,304,170,107,123,135,161,370,400,407,441
4,410,417,411.0,413,403,375,366,395,408,383.0,421.0,432.0,449.0,491,495,500,500,500,487,470,489,495,500,500
5,500,500,500.0,499,478,434,419,403,411,426.0,417.0,433.0,423.0,411,374,341,318,315,321,338,403,405,446,459
6,457,454,436.0,411,389,419,432,432,422,441.0,463.0,,458.0,437,411,410,344,327,331,344,401,443,432,429
7,450,484,,500,494,493,495,491,500,500.0,500.0,485.0,429.0,410,376,320,301,302,305,328,373,416,417,445
8,455,439,422.0,429,465,468,469,476,450,422.0,410.0,459.0,492.0,483,418,431,424,400,422,418,457,464,476,480
9,497,474,480.0,467,466,486,493,500,500,500.0,500.0,500.0,500.0,500,500,500,484,459,493,500,500,133,141,136
10,136,134,114.0,40,121,113,108,104,104,124.0,170.0,158.0,135.0,163,183,482,420,302,297,315,405,420,431,450
11,461,463,444.0,444,422,429,420,411,414,448.0,432.0,458.0,420.0,334,303,183,217,160,155,200,312,345,418,433
12,443,439,446.0,436,421,420,416,409,422,417.0,406.0,369.0,345.0,309,151,167,160,180,207,304,314,430,467,465
13,433,459,471.0,480,446,431,433,403,395,433.0,465.0,487.0,,349,303,203,185,170,230,270,394,428,447,455
14,471,483,456.0,431,424,429,468,446,462,500.0,500.0,500.0,500.0,500,500,500,413,438,500,500,500,500,500,500
15,173,165,186.0,135,211,132,500,500,500,452.0,450.0,456.0,439.0,402,359,352,335,323,342,341,344,336,372,399
16,409,399,365.0,337,329,328,328,187,107,133.0,170.0,213.0,170.0,133,130,130,147,167,197,193,223,293,314,318
17,328,325,230.0,163,270,243,150,160,193,233.0,260.0,290.0,220.0,170,130,100,102,104,95,141,143,180,273,320
18,319,312,315.0,333,332,342,58,318,321,318.0,,,301.0,213,150,157,213,213,273,273,293,334,349,383
19,376,365,372.0,358,340,374,365,366,365,386.0,367.0,342.0,277.0,293,257,160,157,167,200,287,334,354,378,396
20,382,400,423.0,414,429,404,388,371,365,388.0,368.0,358.0,358.0,325,240,187,141,128,127,150,304,327,348,375
21,370,369,345.0,345,341,321,318,319,345,363.0,367.0,368.0,328.0,187,146,141,131,123,115,159,237,307,324,351
22,362,390,388.0,382,372,375,378,385,374,388.0,408.0,380.0,345.0,314,230,140,127,111,134,178,303,335,337,359
23,388,421,422.0,423,416,418,423,416,426,443.0,,401.0,350.0,350,321,290,267,305,310,353,396,421,483,500
24,500,500,475.0,447,447,455,434,442,467,500.0,500.0,475.0,378.0,342,336,328,310,328,345,396,437,483,500,500
25,500,500,500.0,500,500,500,500,500,112,500.0,500.0,500.0,500.0,460,404,404,414,437,462,453,467,472,450,413
26,393,362,359.0,375,407,375,370,368,386,,,124.0,116.0,108,105,94,102,154,105,147,212,213,267,240
27,183,197,193.0,220,273,304,112,47,293,290.0,308.0,311.0,297.0,217,123,101,98,101,119,161,170,290,293,312
28,321,329,316.0,308,312,321,357,370,362,359.0,358.0,344.0,332.0,314,177,141,123,118,137,200,257,311,344,370
29,348,354,362.0,366,349,349,361,329,304,319.0,361.0,382.0,383.0,311,312,280,217,240,197,213,323,401,416,447
30,453,450,443.0,431,422,404,425,409,375,387.0,388.0,392.0,367.0,335,342,312,243,237,306,319,418,420,434,465
"
"
December-2020,00:00:00,01:00:00,02:00:00,03:00:00,04:00:00,05:00:00,06:00:00,07:00:00,08:00:00,09:00:00,10:00:00,11:00:00,12:00:00,13:00:00,14:00:00,15:00:00,16:00:00,17:00:00,18:00:00,19:00:00,20:00:00,21:00:00,22:00:00,23:00:00
1,472.0,474.0,493.0,477.0,469.0,477.0,493.0,443.0,440.0,456.0,487.0,492.0,500.0,446.0,392,387,379,344,327,357,398.0,411,434.0,486.0
2,500.0,464.0,470.0,465.0,477.0,471.0,466.0,475.0,469.0,459.0,470.0,466.0,430.0,409.0,373,341,320,314,312,345,349.0,358,410.0,428.0
3,379.0,379.0,382.0,390.0,400.0,411.0,406.0,395.0,398.0,409.0,421.0,431.0,407.0,408.0,387,348,314,287,312,332,387.0,409,479.0,500.0
4,500.0,500.0,480.0,479.0,,482.0,485.0,499.0,500.0,500.0,500.0,452.0,420.0,378.0,368,405,365,372,407,426,467.0,487,493.0,497.0
5,489.0,493.0,497.0,485.0,465.0,463.0,462.0,446.0,449.0,476.0,500.0,465.0,449.0,430.0,406,386,376,378,392,401,414.0,428,449.0,456.0
6,460.0,480.0,490.0,466.0,464.0,449.0,447.0,441.0,449.0,446.0,457.0,443.0,441.0,428.0,422,348,327,332,341,362,402.0,442,477.0,500.0
7,500.0,500.0,500.0,500.0,500.0,500.0,500.0,499.0,482.0,434.0,444.0,470.0,474.0,447.0,342,400,386,386,368,384,429.0,420,438.0,456.0
8,482.0,475.0,486.0,473.0,,454.0,471.0,457.0,443.0,431.0,422.0,450.0,429.0,393.0,358,311,309,280,160,233,335.0,339,461.0,500.0
9,466.0,,434.0,443.0,442.0,441.0,440.0,457.0,455.0,434.0,443.0,463.0,489.0,423.0,342,277,207,147,159,243,431.0,477,423.0,422.0
10,403.0,,315.0,308.0,308.0,329.0,332.0,335.0,334.0,350.0,372.0,359.0,344.0,318.0,315,305,290,240,193,287,,401,407.0,361.0
11,363.0,346.0,358.0,346.0,332.0,325.0,328.0,352.0,350.0,338.0,383.0,362.0,332.0,374.0,419,397,392,340,318,382,323.0,336,356.0,378.0
12,358.0,378.0,405.0,,,,,,,,,,22.0,72.0,375,423,492,446,440,436,419.0,403,,
13,,431.0,434.0,357.0,334.0,338.0,361.0,359.0,328.0,321.0,335.0,332.0,,207.0,213,143,113,99,97,147,170.0,237,,
14,243.0,302.0,220.0,257.0,207.0,,140.0,351.0,365.0,307.0,250.0,167.0,187.0,217.0,133,147,102,105,111,157,310.0,316,321.0,332.0
15,338.0,324.0,302.0,301.0,320.0,240.0,183.0,203.0,287.0,303.0,312.0,348.0,342.0,348.0,344,325,311,240,220,290,328.0,336,336.0,333.0
16,341.0,,,,,,,322.0,318.0,309.0,304.0,302.0,301.0,243.0,270,220,217,133,143,193,307.0,338,346.0,354.0
17,345.0,334.0,335.0,328.0,325.0,301.0,308.0,287.0,260.0,290.0,302.0,307.0,307.0,305.0,303,267,230,220,257,315,340.0,372,371.0,398.0
18,391.0,346.0,331.0,316.0,322.0,340.0,337.0,340.0,339.0,331.0,341.0,329.0,320.0,240.0,156,141,125,131,123,165,303.0,353,392.0,369.0
19,380.0,,348.0,319.0,325.0,344.0,342.0,351.0,362.0,379.0,362.0,345.0,334.0,297.0,143,129,138,135,160,233,337.0,340,,
20,,,,,,,,,,,,,,,325,267,233,277,253,302,332.0,357,426.0,426.0
21,365.0,,366.0,356.0,361.0,356.0,357.0,366.0,362.0,369.0,400.0,420.0,444.0,413.0,382,328,243,267,290,337,,429,452.0,492.0
22,500.0,500.0,491.0,485.0,483.0,500.0,500.0,500.0,500.0,500.0,500.0,500.0,,500.0,500,438,404,370,358,389,446.0,459,500.0,500.0
23,500.0,500.0,500.0,500.0,500.0,500.0,500.0,500.0,500.0,500.0,500.0,449.0,420.0,431.0,402,393,358,355,319,342,424.0,459,500.0,500.0
24,500.0,500.0,500.0,500.0,500.0,500.0,489.0,482.0,459.0,485.0,500.0,500.0,500.0,431.0,375,323,341,325,311,328,423.0,457,500.0,500.0
25,500.0,500.0,436.0,407.0,410.0,408.0,420.0,392.0,384.0,395.0,404.0,398.0,380.0,325.0,270,187,147,170,217,301,338.0,388,416.0,413.0
26,457.0,426.0,414.0,410.0,397.0,397.0,427.0,395.0,395.0,401.0,422.0,443.0,416.0,387.0,338,314,306,243,280,318,391.0,454,500.0,500.0
27,490.0,416.0,413.0,405.0,413.0,414.0,426.0,420.0,460.0,471.0,474.0,438.0,498.0,500.0,497,390,334,345,368,378,401.0,414,409.0,401.0
28,239.0,,270.0,303.0,306.0,308.0,323.0,323.0,329.0,342.0,324.0,228.0,248.0,268.0,216,197,168,152,150,178,249.0,267,339.0,358.0
29,308.0,,318.0,314.0,314.0,314.0,303.0,337.0,358.0,378.0,361.0,342.0,316.0,302.0,303,293,237,156,156,240,310.0,332,365.0,340.0
30,348.0,345.0,327.0,317.0,325.0,324.0,327.0,343.0,,348.0,348.0,342.0,350.0,358.0,341,329,331,321,335,354,366.0,404,398.0,410.0
31,395.0,,388.0,383.0,391.0,379.0,370.0,371.0,362.0,342.0,328.0,362.0,401.0,431.0,455,499,483,436,427,413,439.0,499,500.0,500.0
"
"
Year,2021
January-2021,00:00:00,01:00:00,02:00:00,03:00:00,04:00:00,05:00:00,06:00:00,07:00:00,08:00:00,09:00:00,10:00:00,11:00:00,12:00:00,13:00:00,14:00:00,15:00:00,16:00:00,17:00:00,18:00:00,19:00:00,20:00:00,21:00:00,22:00:00,23:00:00
1,500.0,500.0,500.0,500.0,500.0,500.0,500.0,500.0,,500.0,500.0,500.0,500.0,500.0,500.0,500.0,500.0,486.0,460.0,401.0,432.0,500.0,500.0,500.0
2,500.0,,500.0,500.0,500.0,494.0,480.0,500.0,500.0,500.0,500.0,489.0,500.0,500.0,500.0,493.0,425.0,399.0,416.0,408.0,446.0,483.0,479.0,458.0
3,430.0,412.0,402.0,398.0,415.0,442.0,431.0,407.0,384.0,368.0,322.0,,305.0,314.0,321.0,62.0,240.0,140.0,97.0,103.0,130.0,257.0,62.0,80.0
4,307.0,80.0,223.0,237.0,187.0,123.0,88.0,92.0,103.0,167.0,253.0,336.0,342.0,359.0,406.0,315.0,297.0,260.0,267.0,350.0,82.0,72.0,70.0,65.0
5,65.0,80.0,65.0,33.0,70.0,72.0,65.0,65.0,70.0,103.0,98.0,107.0,103.0,105.0,102.0,134.0,135.0,100.0,92.0,99.0,,114.0,108.0,111.0
6,,,,,120.0,138.0,119.0,102.0,109.0,120.0,120.0,143.0,,175.0,68.0,52.0,97.0,97.0,153.0,234.0,254.0,245.0,216.0,212.0
7,185.0,181.0,165.0,138.0,137.0,129.0,130.0,122.0,125.0,125.0,127.0,124.0,141.0,144.0,148.0,138.0,145.0,134.0,134.0,156.0,175.0,192.0,195.0,169.0
8,193.0,183.0,166.0,166.0,155.0,127.0,115.0,109.0,115.0,127.0,148.0,178.0,206.0,210.0,304.0,309.0,252.0,285.0,293.0,298.0,326.0,355.0,298.0,227.0
9,193.0,160.0,163.0,155.0,163.0,181.0,159.0,140.0,153.0,175.0,184.0,199.0,193.0,201.0,196.0,184.0,167.0,162.0,160.0,186.0,216.0,200.0,204.0,189.0
10,164.0,171.0,150.0,155.0,146.0,145.0,129.0,113.0,109.0,118.0,120.0,131.0,129.0,134.0,129.0,124.0,122.0,125.0,130.0,153.0,189.0,189.0,197.0,201.0
11,196.0,223.0,186.0,171.0,168.0,167.0,162.0,135.0,125.0,277.0,287.0,217.0,203.0,223.0,187.0,200.0,177.0,167.0,237.0,267.0,332.0,361.0,399.0,397.0
12,391.0,325.0,329.0,340.0,342.0,349.0,362.0,385.0,336.0,325.0,319.0,315.0,318.0,328.0,323.0,312.0,310.0,312.0,318.0,341.0,380.0,432.0,439.0,487.0
13,492.0,418.0,378.0,366.0,370.0,367.0,355.0,339.0,329.0,315.0,318.0,335.0,351.0,392.0,407.0,396.0,350.0,337.0,331.0,338.0,384.0,466.0,500.0,500.0
14,500.0,500.0,500.0,469.0,424.0,436.0,408.0,401.0,457.0,420.0,379.0,449.0,500.0,500.0,500.0,500.0,500.0,477.0,434.0,463.0,500.0,500.0,500.0,500.0
15,500.0,500.0,500.0,500.0,479.0,449.0,432.0,422.0,422.0,431.0,459.0,181.0,500.0,500.0,481.0,443.0,464.0,500.0,500.0,500.0,500.0,500.0,500.0,157.0
16,500.0,500.0,477.0,468.0,431.0,402.0,405.0,391.0,369.0,366.0,382.0,388.0,406.0,411.0,,,,342.0,315.0,342.0,351.0,378.0,401.0,421.0
17,368.0,355.0,362.0,344.0,320.0,303.0,311.0,315.0,351.0,351.0,378.0,423.0,417.0,424.0,419.0,413.0,421.0,450.0,437.0,449.0,430.0,443.0,426.0,414.0
18,395.0,376.0,372.0,366.0,365.0,362.0,363.0,375.0,426.0,411.0,405.0,416.0,392.0,404.0,401.0,375.0,366.0,331.0,311.0,331.0,383.0,434.0,500.0,500.0
19,500.0,500.0,469.0,450.0,,457.0,459.0,466.0,468.0,465.0,425.0,413.0,409.0,369.0,379.0,354.0,342.0,345.0,345.0,345.0,342.0,361.0,345.0,348.0
20,334.0,331.0,318.0,322.0,318.0,304.0,302.0,318.0,312.0,318.0,319.0,332.0,331.0,320.0,325.0,316.0,315.0,309.0,315.0,321.0,346.0,367.0,378.0,365.0
21,365.0,350.0,358.0,358.0,353.0,332.0,323.0,342.0,350.0,362.0,358.0,362.0,345.0,328.0,305.0,213.0,177.0,157.0,170.0,,315.0,365.0,437.0,500.0
22,500.0,,,,,,,,500.0,387.0,372.0,393.0,378.0,400.0,407.0,388.0,262.0,391.0,395.0,393.0,403.0,407.0,414.0,405.0
23,413.0,405.0,371.0,334.0,314.0,304.0,311.0,304.0,312.0,336.0,339.0,346.0,344.0,332.0,318.0,305.0,301.0,314.0,336.0,355.0,375.0,412.0,417.0,
24,420.0,419.0,,421.0,424.0,428.0,,415.0,404.0,354.0,344.0,355.0,376.0,383.0,397.0,403.0,393.0,384.0,375.0,407.0,418.0,402.0,426.0,393.0
25,368.0,358.0,331.0,321.0,316.0,321.0,314.0,322.0,316.0,312.0,311.0,324.0,336.0,340.0,361.0,350.0,346.0,342.0,333.0,337.0,342.0,351.0,401.0,456.0
26,496.0,500.0,494.0,500.0,434.0,397.0,370.0,356.0,366.0,375.0,367.0,342.0,340.0,324.0,324.0,310.0,280.0,277.0,230.0,309.0,338.0,392.0,404.0,416.0
27,422.0,404.0,392.0,402.0,380.0,387.0,375.0,368.0,372.0,370.0,398.0,390.0,379.0,356.0,335.0,223.0,180.0,183.0,197.0,207.0,302.0,362.0,439.0,474.0
28,463.0,437.0,437.0,401.0,375.0,372.0,365.0,379.0,401.0,430.0,435.0,403.0,407.0,447.0,413.0,385.0,350.0,362.0,383.0,409.0,472.0,500.0,500.0,500.0
29,500.0,500.0,500.0,500.0,500.0,472.0,413.0,407.0,396.0,392.0,411.0,395.0,376.0,403.0,359.0,93.0,280.0,290.0,213.0,237.0,311.0,361.0,418.0,399.0
30,370.0,358.0,367.0,344.0,341.0,337.0,342.0,338.0,335.0,354.0,368.0,366.0,378.0,,,,,,,,,,,
31,,,,,,,,,,,,,355.0,328.0,308.0,203.0,180.0,123.0,129.0,187.0,358.0,417.0,450.0,495.0
"
"
February-2021,00:00:00,01:00:00,02:00:00,03:00:00,04:00:00,05:00:00,06:00:00,07:00:00,08:00:00,09:00:00,10:00:00,11:00:00,12:00:00,13:00:00,14:00:00,15:00:00,16:00:00,17:00:00,18:00:00,19:00:00,20:00:00,21:00:00,22:00:00,23:00:00
1,489.0,450.0,500.0,500.0,476.0,464.0,460.0,465.0,479.0,486.0,500.0,450.0,446.0,,394.0,253.0,243.0,163.0,,358.0,374.0,432.0,446.0,460.0
2,499.0,435.0,407.0,403.0,405.0,398.0,401.0,413.0,429.0,460.0,487.0,500.0,496.0,496.0,380.0,307.0,186.0,260.0,203.0,293.0,,424.0,458.0,446.0
3,462.0,456.0,444.0,430.0,393.0,390.0,387.0,388.0,434.0,402.0,398.0,370.0,345.0,243.0,240.0,217.0,197.0,213.0,213.0,253.0,318.0,355.0,371.0,358.0
4,363.0,387.0,376.0,427.0,407.0,395.0,402.0,382.0,371.0,373.0,382.0,388.0,346.0,334.0,308.0,237.0,160.0,127.0,123.0,137.0,81.0,55.0,68.0,63.0
5,67.0,,,,,,,,,,253.0,311.0,220.0,183.0,250.0,118.0,124.0,95.0,79.0,101.0,133.0,217.0,253.0,253.0
6,302.0,345.0,310.0,260.0,243.0,277.0,321.0,329.0,307.0,306.0,304.0,324.0,253.0,160.0,133.0,116.0,100.0,95.0,105.0,109.0,180.0,280.0,316.0,338.0
7,348.0,354.0,348.0,357.0,337.0,336.0,344.0,319.0,,,,337.0,337.0,308.0,233.0,177.0,157.0,121.0,157.0,167.0,277.0,315.0,356.0,367.0
8,373.0,395.0,404.0,416.0,393.0,359.0,378.0,414.0,408.0,391.0,436.0,462.0,438.0,333.0,250.0,273.0,207.0,183.0,250.0,297.0,,,,
9,,,,,,,,,,,,,,,,302.0,207.0,200.0,149.0,155.0,344.0,430.0,427.0,
10,448.0,463.0,450.0,428.0,429.0,432.0,447.0,449.0,,477.0,413.0,329.0,273.0,203.0,155.0,177.0,149.0,190.0,268.0,290.0,312.0,394.0,403.0,414.0
11,367.0,355.0,357.0,352.0,386.0,355.0,354.0,364.0,391.0,402.0,409.0,374.0,333.0,313.0,319.0,317.0,291.0,233.0,206.0,228.0,273.0,342.0,374.0,397.0
12,406.0,395.0,376.0,360.0,337.0,338.0,353.0,350.0,353.0,402.0,476.0,498.0,473.0,431.0,379.0,346.0,319.0,404.0,434.0,424.0,408.0,407.0,386.0,368.0
13,364.0,370.0,371.0,348.0,358.0,330.0,303.0,294.0,273.0,249.0,310.0,348.0,379.0,409.0,434.0,453.0,339.0,311.0,311.0,294.0,357.0,425.0,444.0,452.0
14,466.0,446.0,443.0,434.0,430.0,403.0,376.0,368.0,367.0,397.0,406.0,390.0,357.0,357.0,,,,,237.0,237.0,314.0,,,
15,,,,,356.0,356.0,357.0,357.0,,,,,67.0,150.0,144.0,149.0,181.0,166.0,231.0,329.0,332.0,337.0,359.0,374.0
16,369.0,371.0,378.0,371.0,374.0,382.0,370.0,368.0,374.0,393.0,410.0,413.0,363.0,352.0,299.0,217.0,236.0,306.0,283.0,311.0,330.0,383.0,388.0,350.0
17,346.0,359.0,367.0,376.0,363.0,356.0,368.0,387.0,422.0,439.0,441.0,428.0,441.0,378.0,318.0,272.0,198.0,183.0,228.0,238.0,267.0,322.0,379.0,413.0
18,422.0,408.0,398.0,460.0,374.0,344.0,306.0,314.0,314.0,326.0,319.0,315.0,310.0,297.0,262.0,250.0,262.0,220.0,162.0,282.0,324.0,404.0,471.0,452.0
19,415.0,,,,,,,361.0,378.0,388.0,428.0,463.0,493.0,407.0,308.0,310.0,191.0,237.0,297.0,220.0,273.0,322.0,349.0,372.0
20,368.0,358.0,378.0,334.0,319.0,302.0,250.0,297.0,237.0,253.0,243.0,305.0,325.0,308.0,332.0,280.0,150.0,137.0,133.0,177.0,207.0,315.0,348.0,413.0
21,371.0,355.0,367.0,375.0,388.0,371.0,374.0,407.0,407.0,499.0,473.0,446.0,386.0,369.0,325.0,253.0,233.0,200.0,207.0,213.0,257.0,319.0,342.0,362.0
22,350.0,373.0,382.0,366.0,358.0,363.0,449.0,436.0,366.0,409.0,384.0,353.0,315.0,384.0,315.0,200.0,159.0,146.0,155.0,187.0,240.0,220.0,328.0,345.0
23,345.0,374.0,414.0,376.0,372.0,365.0,333.0,336.0,356.0,378.0,403.0,315.0,290.0,211.0,175.0,129.0,156.0,149.0,149.0,185.0,197.0,266.0,340.0,443.0
24,480.0,500.0,456.0,,,,,,,,493.0,460.0,405.0,405.0,364.0,175.0,175.0,175.0,133.0,,,244.0,265.0,360.0
25,443.0,420.0,417.0,418.0,449.0,443.0,437.0,351.0,340.0,352.0,423.0,455.0,354.0,316.0,243.0,183.0,168.0,183.0,153.0,175.0,219.0,256.0,250.0,223.0
26,183.0,318.0,339.0,357.0,332.0,342.0,339.0,387.0,438.0,404.0,386.0,346.0,304.0,171.0,153.0,150.0,160.0,151.0,135.0,175.0,155.0,188.0,251.0,407.0
27,428.0,278.0,139.0,114.0,,124.0,160.0,219.0,,295.0,271.0,296.0,248.0,206.0,197.0,205.0,153.0,140.0,144.0,142.0,149.0,278.0,239.0,349.0
28,290.0,311.0,177.0,148.0,175.0,172.0,170.0,170.0,164.0,200.0,223.0,277.0,228.0,187.0,195.0,191.0,179.0,171.0,163.0,169.0,181.0,181.0,195.0,175.0
"
"
March-2021,00:00:00,01:00:00,02:00:00,03:00:00,04:00:00,05:00:00,06:00:00,07:00:00,08:00:00,09:00:00,10:00:00,11:00:00,12:00:00,13:00:00,14:00:00,15:00:00,16:00:00,17:00:00,18:00:00,19:00:00,20:00:00,21:00:00,22:00:00,23:00:00
1,179.0,175.0,165.0,169.0,220.0,187.0,177.0,177.0,220.0,315.0,318.0,308.0,179.0,149.0,160.0,199.0,162.0,137.0,142.0,139.0,151.0,187.0,151.0,200.0
2,240.0,160.0,240.0,163.0,180.0,230.0,207.0,233.0,230.0,260.0,197.0,196.0,199.0,221.0,244.0,263.0,205.0,182.0,164.0,137.0,149.0,135.0,131.0,125.0
3,133.0,126.0,121.0,127.0,240.0,293.0,311.0,329.0,316.0,352.0,335.0,388.0,349.0,293.0,166.0,135.0,129.0,125.0,121.0,133.0,133.0,282.0,449.0,432.0
4,443.0,411.0,412.0,375.0,382.0,375.0,380.0,372.0,400.0,401.0,426.0,463.0,335.0,345.0,208.0,229.0,206.0,139.0,109.0,120.0,229.0,407.0,402.0,280.0
5,303.0,305.0,309.0,312.0,307.0,312.0,355.0,350.0,354.0,372.0,345.0,280.0,200.0,178.0,,172.0,195.0,162.0,163.0,143.0,164.0,161.0,177.0,180.0
6,167.0,217.0,217.0,217.0,213.0,253.0,310.0,361.0,375.0,365.0,260.0,301.0,290.0,302.0,180.0,145.0,137.0,103.0,107.0,135.0,160.0,171.0,257.0,444.0
7,364.0,307.0,301.0,250.0,297.0,361.0,368.0,395.0,405.0,430.0,407.0,318.0,273.0,200.0,167.0,168.0,173.0,157.0,177.0,184.0,179.0,188.0,211.0,243.0
8,297.0,183.0,187.0,148.0,141.0,135.0,133.0,302.0,315.0,318.0,318.0,312.0,306.0,293.0,253.0,223.0,199.0,193.0,193.0,189.0,215.0,297.0,301.0,316.0
9,322.0,324.0,374.0,388.0,399.0,372.0,339.0,340.0,342.0,339.0,328.0,290.0,253.0,213.0,192.0,196.0,174.0,177.0,211.0,268.0,298.0,314.0,456.0,134.0
10,96.0,53.0,47.0,33.0,69.0,72.0,95.0,183.0,253.0,250.0,220.0,165.0,181.0,166.0,160.0,194.0,179.0,153.0,122.0,174.0,155.0,167.0,183.0,309.0
11,328.0,323.0,325.0,308.0,312.0,315.0,310.0,306.0,308.0,334.0,358.0,328.0,217.0,165.0,128.0,139.0,151.0,127.0,126.0,146.0,163.0,234.0,273.0,260.0
12,315.0,306.0,304.0,237.0,193.0,183.0,187.0,250.0,302.0,307.0,138.0,193.0,190.0,167.0,165.0,115.0,146.0,127.0,101.0,109.0,139.0,100.0,99.0,107.0
13,174.0,163.0,301.0,301.0,315.0,333.0,329.0,331.0,342.0,356.0,443.0,436.0,365.0,309.0,200.0,160.0,129.0,121.0,105.0,95.0,116.0,137.0,156.0,243.0
14,293.0,273.0,342.0,321.0,328.0,332.0,293.0,230.0,203.0,257.0,301.0,310.0,310.0,307.0,187.0,116.0,112.0,115.0,112.0,109.0,140.0,152.0,203.0,210.0
15,217.0,243.0,180.0,233.0,213.0,217.0,,,,,88.0,340.0,293.0,155.0,152.0,144.0,163.0,224.0,279.0,219.0,171.0,177.0,172.0,240.0
16,306.0,257.0,220.0,159.0,177.0,267.0,253.0,280.0,277.0,396.0,409.0,305.0,277.0,270.0,299.0,360.0,389.0,384.0,342.0,322.0,329.0,308.0,348.0,369.0
17,304.0,287.0,260.0,273.0,230.0,217.0,257.0,336.0,410.0,403.0,388.0,403.0,,,,295.0,249.0,240.0,241.0,289.0,328.0,408.0,,369.0
18,400.0,352.0,330.0,304.0,287.0,,,,,429.0,414.0,411.0,398.0,416.0,308.0,266.0,223.0,216.0,217.0,206.0,235.0,274.0,361.0,409.0
19,414.0,408.0,266.0,407.0,334.0,318.0,331.0,307.0,248.0,267.0,356.0,301.0,288.0,272.0,151.0,148.0,159.0,92.0,87.0,138.0,172.0,189.0,181.0,185.0
20,203.0,177.0,302.0,338.0,344.0,338.0,332.0,342.0,407.0,407.0,423.0,390.0,339.0,306.0,207.0,163.0,153.0,153.0,142.0,145.0,162.0,190.0,212.0,352.0
21,274.0,304.0,257.0,246.0,312.0,394.0,416.0,426.0,500.0,474.0,311.0,197.0,162.0,143.0,157.0,145.0,135.0,155.0,181.0,172.0,215.0,204.0,237.0,257.0
22,287.0,311.0,309.0,243.0,340.0,167.0,134.0,126.0,131.0,122.0,143.0,156.0,197.0,256.0,296.0,378.0,187.0,179.0,181.0,170.0,171.0,193.0,315.0,282.0
23,339.0,299.0,288.0,251.0,183.0,308.0,302.0,232.0,157.0,446.0,239.0,235.0,295.0,304.0,408.0,272.0,188.0,206.0,182.0,395.0,,,,175.0
24,270.0,266.0,177.0,107.0,81.0,80.0,92.0,213.0,336.0,362.0,392.0,348.0,270.0,174.0,165.0,164.0,171.0,194.0,173.0,155.0,155.0,144.0,174.0,175.0
25,166.0,161.0,131.0,113.0,127.0,114.0,108.0,107.0,127.0,141.0,139.0,137.0,139.0,153.0,125.0,103.0,97.0,109.0,97.0,99.0,109.0,113.0,117.0,109.0
26,140.0,197.0,220.0,113.0,197.0,143.0,167.0,213.0,147.0,143.0,217.0,197.0,137.0,119.0,105.0,101.0,117.0,115.0,111.0,109.0,118.0,135.0,165.0,287.0
27,305.0,321.0,183.0,170.0,171.0,163.0,233.0,240.0,384.0,471.0,420.0,325.0,134.0,119.0,125.0,115.0,119.0,115.0,119.0,118.0,174.0,201.0,356.0,405.0
28,403.0,355.0,297.0,243.0,220.0,233.0,290.0,327.0,335.0,340.0,,,,,120.0,126.0,125.0,124.0,123.0,,,,,
29,,,,,,,,,,,,,,,,,,,,,,,,
30,,,,,,,,,,,,,,,,497.0,,,,,,,,
31,,,,,,,,,,,,,,,,,169.0,160.0,173.0,168.0,162.0,185.0,157.0,141.0
"
"
April-2021,00:00:00,01:00:00,02:00:00,03:00:00,04:00:00,05:00:00,06:00:00,07:00:00,08:00:00,09:00:00,10:00:00,11:00:00,12:00:00,13:00:00,14:00:00,15:00:00,16:00:00,17:00:00,18:00:00,19:00:00,20:00:00,21:00:00,22:00:00,23:00:00
1,127.0,102.0,91.0,111.0,116.0,115.0,138.0,135.0,192.0,268.0,199.0,239.0,184.0,183.0,346.0,276.0,204.0,256.0,263.0,166.0,161.0,142.0,129.0,127.0
2,153.0,156.0,139.0,149.0,160.0,230.0,217.0,293.0,302.0,323.0,253.0,301.0,150.0,129.0,104.0,95.0,96.0,94.0,96.0,90.0,107.0,130.0,167.0,159.0
3,173.0,177.0,149.0,143.0,207.0,250.0,277.0,253.0,302.0,312.0,187.0,140.0,148.0,189.0,229.0,197.0,145.0,126.0,96.0,85.0,124.0,159.0,228.0,202.0
4,212.0,163.0,168.0,139.0,160.0,207.0,160.0,147.0,233.0,257.0,280.0,270.0,270.0,149.0,153.0,134.0,125.0,,,,140.0,159.0,188.0,223.0
5,220.0,185.0,125.0,123.0,311.0,187.0,140.0,167.0,310.0,321.0,260.0,172.0,170.0,181.0,201.0,197.0,204.0,134.0,,201.0,227.0,328.0,404.0,413.0
6,389.0,368.0,325.0,177.0,217.0,280.0,328.0,319.0,319.0,315.0,316.0,307.0,310.0,311.0,368.0,358.0,300.0,272.0,252.0,272.0,304.0,301.0,285.0,300.0
7,352.0,284.0,248.0,234.0,450.0,456.0,127.0,120.0,129.0,129.0,151.0,203.0,260.0,255.0,197.0,207.0,189.0,190.0,135.0,129.0,151.0,167.0,164.0,147.0
8,159.0,171.0,156.0,139.0,119.0,127.0,122.0,122.0,150.0,157.0,303.0,250.0,207.0,135.0,133.0,131.0,120.0,115.0,105.0,79.0,126.0,159.0,171.0,212.0
9,233.0,253.0,230.0,171.0,200.0,167.0,131.0,159.0,186.0,167.0,157.0,137.0,136.0,146.0,148.0,159.0,138.0,102.0,96.0,102.0,130.0,179.0,196.0,298.0
10,289.0,206.0,186.0,142.0,109.0,103.0,115.0,183.0,151.0,160.0,185.0,190.0,215.0,232.0,172.0,145.0,146.0,131.0,111.0,115.0,141.0,233.0,239.0,280.0
11,303.0,301.0,327.0,250.0,142.0,140.0,157.0,213.0,187.0,197.0,179.0,175.0,245.0,175.0,152.0,127.0,137.0,116.0,111.0,127.0,147.0,179.0,244.0,354.0
12,305.0,315.0,328.0,223.0,153.0,145.0,177.0,203.0,,430.0,449.0,324.0,209.0,189.0,,214.0,158.0,135.0,143.0,137.0,168.0,191.0,375.0,407.0
13,314.0,270.0,240.0,200.0,153.0,160.0,207.0,257.0,388.0,430.0,432.0,388.0,318.0,257.0,167.0,159.0,138.0,177.0,147.0,155.0,167.0,199.0,238.0,245.0
14,280.0,206.0,205.0,189.0,186.0,179.0,171.0,143.0,192.0,270.0,323.0,223.0,175.0,153.0,143.0,114.0,121.0,145.0,134.0,149.0,174.0,185.0,189.0,183.0
15,196.0,188.0,175.0,145.0,197.0,344.0,325.0,348.0,341.0,197.0,221.0,246.0,301.0,399.0,238.0,196.0,159.0,175.0,147.0,167.0,175.0,186.0,226.0,257.0
16,289.0,315.0,371.0,227.0,239.0,226.0,243.0,,,,,,,,,,,150.0,92.0,130.0,410.0,153.0,63.0,57.0
17,69.0,72.0,79.0,113.0,68.0,80.0,73.0,73.0,88.0,315.0,,,,,,94.0,149.0,100.0,92.0,87.0,70.0,99.0,127.0,165.0
18,133.0,141.0,131.0,148.0,203.0,180.0,307.0,329.0,328.0,358.0,359.0,122.0,177.0,231.0,187.0,144.0,126.0,138.0,136.0,120.0,,,,
19,,,,,,,,,,250.0,406.0,341.0,217.0,152.0,131.0,131.0,126.0,133.0,122.0,130.0,152.0,226.0,228.0,271.0
20,315.0,245.0,195.0,166.0,183.0,152.0,167.0,217.0,297.0,314.0,342.0,237.0,174.0,159.0,159.0,,127.0,152.0,205.0,223.0,461.0,271.0,118.0,114.0
21,149.0,116.0,79.0,68.0,64.0,73.0,167.0,336.0,217.0,230.0,170.0,99.0,103.0,104.0,110.0,112.0,108.0,111.0,104.0,102.0,90.0,88.0,101.0,140.0
22,160.0,157.0,131.0,115.0,112.0,101.0,109.0,177.0,306.0,304.0,119.0,100.0,121.0,129.0,146.0,158.0,173.0,,180.0,161.0,110.0,121.0,146.0,142.0
23,127.0,115.0,117.0,129.0,107.0,114.0,80.0,88.0,101.0,107.0,118.0,169.0,149.0,137.0,111.0,113.0,115.0,102.0,93.0,95.0,72.0,95.0,127.0,131.0
24,109.0,111.0,95.0,90.0,88.0,75.0,90.0,102.0,131.0,133.0,101.0,118.0,126.0,140.0,144.0,148.0,138.0,138.0,137.0,124.0,96.0,91.0,117.0,253.0
25,301.0,312.0,327.0,321.0,311.0,321.0,388.0,366.0,349.0,325.0,290.0,137.0,142.0,147.0,156.0,159.0,166.0,173.0,166.0,130.0,101.0,153.0,167.0,213.0
26,230.0,325.0,385.0,396.0,437.0,446.0,441.0,457.0,480.0,464.0,423.0,361.0,257.0,234.0,201.0,196.0,185.0,196.0,183.0,150.0,152.0,179.0,189.0,243.0
27,290.0,312.0,324.0,342.0,354.0,404.0,454.0,487.0,483.0,500.0,500.0,455.0,325.0,243.0,198.0,206.0,166.0,185.0,177.0,171.0,181.0,221.0,280.0,310.0
28,311.0,410.0,370.0,399.0,490.0,500.0,500.0,500.0,500.0,500.0,500.0,470.0,315.0,241.0,200.0,179.0,185.0,172.0,153.0,157.0,159.0,182.0,218.0,273.0
29,316.0,324.0,355.0,344.0,380.0,408.0,404.0,446.0,480.0,500.0,464.0,357.0,323.0,202.0,171.0,186.0,160.0,156.0,250.0,431.0,418.0,500.0,407.0,336.0
30,232.0,209.0,185.0,184.0,192.0,267.0,302.0,410.0,421.0,424.0,452.0,405.0,312.0,268.0,254.0,230.0,209.0,190.0,188.0,171.0,189.0,404.0,309.0,312.0
"
"
May-2021,00:00:00,01:00:00,02:00:00,03:00:00,04:00:00,05:00:00,06:00:00,07:00:00,08:00:00,09:00:00,10:00:00,11:00:00,12:00:00,13:00:00,14:00:00,15:00:00,16:00:00,17:00:00,18:00:00,19:00:00,20:00:00,21:00:00,22:00:00,23:00:00
1,467.0,296.0,129.0,126.0,189.0,112.0,159.0,243.0,232.0,245.0,210.0,376.0,350.0,292.0,275.0,240.0,248.0,280.0,221.0,150.0,159.0,401.0,172.0,162.0
2,193.0,222.0,171.0,171.0,164.0,157.0,151.0,151.0,152.0,173.0,253.0,290.0,215.0,187.0,134.0,120.0,107.0,344.0,134.0,89.0,105.0,123.0,141.0,223.0
3,356.0,290.0,211.0,149.0,165.0,181.0,299.0,388.0,415.0,483.0,468.0,436.0,403.0,239.0,183.0,129.0,119.0,141.0,250.0,129.0,141.0,147.0,151.0,257.0
4,325.0,260.0,183.0,185.0,163.0,153.0,140.0,157.0,371.0,332.0,175.0,141.0,155.0,138.0,107.0,97.0,80.0,81.0,91.0,95.0,107.0,115.0,129.0,285.0
5,192.0,155.0,150.0,167.0,163.0,168.0,267.0,253.0,159.0,153.0,142.0,159.0,168.0,169.0,183.0,208.0,201.0,180.0,168.0,167.0,171.0,177.0,153.0,148.0
6,146.0,127.0,120.0,113.0,105.0,86.0,104.0,115.0,120.0,133.0,146.0,145.0,155.0,153.0,157.0,165.0,145.0,415.0,401.0,85.0,83.0,90.0,97.0,102.0
7,100.0,83.0,81.0,75.0,62.0,70.0,68.0,73.0,121.0,121.0,118.0,127.0,110.0,138.0,141.0,152.0,164.0,176.0,182.0,149.0,107.0,123.0,126.0,130.0
8,170.0,306.0,253.0,302.0,290.0,280.0,280.0,305.0,280.0,170.0,105.0,124.0,147.0,159.0,179.0,222.0,228.0,188.0,176.0,173.0,102.0,180.0,240.0,217.0
9,253.0,148.0,122.0,116.0,92.0,91.0,88.0,102.0,108.0,116.0,115.0,120.0,158.0,197.0,242.0,265.0,275.0,229.0,128.0,112.0,89.0,127.0,88.0,70.0
10,100.0,84.0,92.0,70.0,,,,,,,3.0,,,,3.0,97.0,140.0,173.0,169.0,143.0,113.0,129.0,177.0,140.0
11,160.0,183.0,160.0,147.0,147.0,,,,,,101.0,109.0,168.0,203.0,273.0,100.0,246.0,158.0,244.0,170.0,131.0,131.0,173.0,96.0
12,65.0,53.0,56.0,58.0,61.0,51.0,60.0,140.0,109.0,119.0,92.0,96.0,130.0,109.0,168.0,186.0,104.0,430.0,175.0,142.0,141.0,137.0,142.0,130.0
13,123.0,88.0,55.0,61.0,81.0,61.0,53.0,48.0,48.0,77.0,65.0,87.0,82.0,95.0,116.0,125.0,121.0,86.0,91.0,100.0,76.0,83.0,123.0,230.0
14,319.0,314.0,207.0,103.0,78.0,92.0,197.0,320.0,273.0,110.0,67.0,95.0,115.0,132.0,149.0,145.0,153.0,153.0,138.0,115.0,111.0,119.0,107.0,79.0
15,72.0,71.0,47.0,45.0,42.0,50.0,103.0,89.0,166.0,500.0,201.0,153.0,175.0,172.0,169.0,172.0,163.0,164.0,222.0,107.0,91.0,187.0,167.0,187.0
16,144.0,143.0,140.0,130.0,150.0,167.0,233.0,297.0,306.0,302.0,302.0,293.0,200.0,207.0,169.0,161.0,241.0,265.0,189.0,147.0,97.0,115.0,129.0,250.0
17,230.0,200.0,243.0,237.0,315.0,328.0,327.0,314.0,302.0,328.0,338.0,309.0,197.0,163.0,162.0,142.0,131.0,117.0,129.0,144.0,148.0,157.0,157.0,89.0
18,70.0,61.0,42.0,46.0,35.0,37.0,35.0,34.0,41.0,58.0,45.0,64.0,86.0,67.0,64.0,61.0,53.0,53.0,46.0,63.0,72.0,81.0,109.0,81.0
19,77.0,70.0,65.0,73.0,80.0,150.0,42.0,36.0,50.0,53.0,200.0,67.0,60.0,52.0,52.0,60.0,55.0,55.0,55.0,60.0,58.0,74.0,71.0,71.0
20,61.0,57.0,60.0,57.0,54.0,51.0,50.0,47.0,51.0,43.0,31.0,31.0,42.0,54.0,157.0,120.0,88.0,80.0,78.0,88.0,130.0,150.0,260.0,157.0
21,84.0,75.0,150.0,78.0,38.0,37.0,36.0,52.0,44.0,35.0,31.0,30.0,40.0,46.0,70.0,145.0,110.0,74.0,73.0,70.0,79.0,80.0,89.0,92.0
22,89.0,73.0,73.0,,,,,,,,,72.0,72.0,84.0,94.0,112.0,127.0,118.0,104.0,75.0,80.0,100.0,111.0,124.0
23,180.0,160.0,170.0,123.0,107.0,447.0,352.0,421.0,462.0,426.0,429.0,306.0,500.0,500.0,500.0,500.0,479.0,401.0,308.0,240.0,135.0,116.0,121.0,124.0
24,114.0,103.0,96.0,104.0,,,,,,,,,,,,,,124.0,124.0,102.0,109.0,121.0,141.0,145.0
25,140.0,144.0,131.0,105.0,83.0,134.0,135.0,107.0,126.0,125.0,111.0,122.0,129.0,130.0,135.0,141.0,141.0,156.0,150.0,111.0,75.0,104.0,135.0,151.0
26,123.0,146.0,142.0,130.0,105.0,108.0,126.0,149.0,151.0,173.0,141.0,158.0,183.0,234.0,214.0,195.0,163.0,167.0,167.0,140.0,79.0,101.0,121.0,159.0
27,210.0,177.0,173.0,170.0,317.0,118.0,108.0,90.0,88.0,105.0,114.0,115.0,117.0,146.0,167.0,175.0,179.0,,,,78.0,114.0,159.0,163.0
28,170.0,190.0,142.0,117.0,90.0,,,,,,,,55.0,47.0,74.0,100.0,128.0,129.0,108.0,92.0,107.0,113.0,116.0,114.0
29,102.0,101.0,95.0,56.0,36.0,35.0,30.0,36.0,39.0,48.0,56.0,,69.0,81.0,,102.0,119.0,133.0,142.0,137.0,105.0,105.0,100.0,79.0
30,105.0,77.0,53.0,49.0,191.0,193.0,94.0,52.0,55.0,62.0,58.0,,,74.0,75.0,84.0,89.0,97.0,107.0,500.0,,,,
31,,,,,,,,,83.0,124.0,107.0,100.0,96.0,117.0,134.0,162.0,154.0,128.0,120.0,137.0,141.0,149.0,166.0,166.0
"
"
June-2021,00:00:00,01:00:00,02:00:00,03:00:00,04:00:00,05:00:00,06:00:00,07:00:00,08:00:00,09:00:00,10:00:00,11:00:00,12:00:00,13:00:00,14:00:00,15:00:00,16:00:00,17:00:00,18:00:00,19:00:00,20:00:00,21:00:00,22:00:00,23:00:00
1,185,457.0,474.0,91.0,54.0,40.0,32.0,39.0,50.0,55.0,54.0,51.0,60.0,73,75,88.0,98.0,96.0,108,98,74,94,102,105.0
2,103,122.0,177.0,193.0,153.0,213.0,316.0,300.0,190.0,157.0,193.0,118.0,109.0,111,109,104.0,109.0,102.0,90,72,78,64,77,90.0
3,81,92.0,91.0,104.0,133.0,223.0,167.0,153.0,143.0,190.0,240.0,240.0,240.0,136,176,249.0,233.0,181.0,172,137,140,160,213,303.0
4,280,297.0,153.0,157.0,325.0,332.0,346.0,350.0,365.0,363.0,301.0,133.0,138.0,130,145,157.0,174.0,208.0,161,298,57,68,133,240.0
5,213,,,,,,,,,,,50.0,88.0,120,131,145.0,166.0,157.0,131,188,101,104,107,109.0
6,87,78.0,95.0,104.0,92.0,86.0,97.0,92.0,86.0,95.0,95.0,139.0,188.0,201,194,201.0,187.0,160.0,134,133,125,141,137,172.0
7,190,187.0,146.0,105.0,92.0,90.0,90.0,133.0,318.0,308.0,297.0,173.0,157.0,131,140,,,128.0,125,133,139,177,201,210.0
8,297,253.0,227.0,167.0,153.0,210.0,230.0,217.0,215.0,213.0,197.0,223.0,209.0,202,213,255.0,292.0,406.0,436,472,488,500,500,500.0
9,500,500.0,471.0,430.0,248.0,173.0,152.0,160.0,153.0,170.0,232.0,293.0,294.0,284,279,293.0,334.0,308.0,329,282,248,245,261,336.0
10,321,325.0,319.0,305.0,187.0,147.0,127.0,131.0,115.0,121.0,122.0,138.0,157.0,169,171,174.0,210.0,215.0,213,202,179,139,113,102.0
11,97,88.0,29.0,33.0,33.0,47.0,53.0,55.0,52.0,92.0,115.0,120.0,135.0,153,163,183.0,226.0,243.0,260,238,243,204,163,119.0
12,100,89.0,82.0,57.0,64.0,63.0,75.0,83.0,88.0,92.0,85.0,90.0,121.0,119,117,107.0,102.0,83.0,78,81,69,73,256,101.0
13,60,47.0,46.0,107.0,91.0,59.0,55.0,52.0,50.0,38.0,41.0,59.0,75.0,61,89,92.0,70.0,84.0,94,104,102,105,140,133.0
14,143,230.0,115.0,150.0,190.0,48.0,40.0,46.0,45.0,40.0,35.0,,62.0,93,148,147.0,130.0,131.0,138,125,124,141,135,108.0
15,84,75.0,83.0,62.0,68.0,58.0,61.0,66.0,44.0,45.0,56.0,72.0,102.0,116,119,137.0,162.0,171.0,240,206,116,131,124,129.0
16,111,57.0,68.0,100.0,63.0,70.0,62.0,69.0,85.0,140.0,91.0,77.0,86.0,98,83,63.0,63.0,92.0,71,62,77,91,117,100.0
17,93,97.0,100.0,160.0,303.0,130.0,157.0,103.0,305.0,312.0,280.0,203.0,95.0,78,74,91.0,58.0,63.0,68,68,79,103,108,89.0
18,84,68.0,63.0,59.0,53.0,55.0,35.0,33.0,42.0,52.0,73.0,91.0,66.0,57,66,67.0,63.0,60.0,55,54,50,39,51,50.0
19,50,43.0,45.0,48.0,36.0,63.0,90.0,80.0,86.0,92.0,82.0,67.0,50.0,51,50,47.0,62.0,56.0,53,54,41,44,35,48.0
20,55,52.0,53.0,85.0,48.0,73.0,75.0,78.0,62.0,53.0,55.0,40.0,40.0,43,47,49.0,52.0,58.0,60,52,43,45,61,63.0
21,70,57.0,100.0,73.0,84.0,65.0,70.0,72.0,78.0,150.0,103.0,66.0,53.0,53,50,58.0,71.0,80.0,86,84,79,85,101,109.0
22,101,95.0,93.0,64.0,53.0,57.0,64.0,118.0,167.0,223.0,141.0,143.0,141.0,134,144,134.0,140.0,137.0,135,139,155,190,194,175.0
23,160,152.0,134.0,167.0,155.0,160.0,155.0,179.0,403.0,500.0,500.0,456.0,292.0,158,174,200.0,203.0,197.0,186,168,146,179,171,191.0
24,196,111.0,103.0,85.0,81.0,69.0,69.0,75.0,87.0,107.0,143.0,108.0,105.0,130,153,175.0,168.0,233.0,270,105,119,107,104,109.0
25,119,120.0,111.0,114.0,113.0,122.0,173.0,240.0,305.0,247.0,306.0,199.0,181.0,185,175,173.0,163.0,157.0,163,182,448,87,91,107.0
26,97,67.0,70.0,80.0,101.0,123.0,106.0,,82.0,102.0,122.0,137.0,,196,174,136.0,128.0,,141,136,120,134,163,
27,170,162.0,192.0,251.0,305.0,192.0,127.0,115.0,118.0,130.0,180.0,197.0,210.0,157,161,171.0,165.0,165.0,161,171,167,164,151,155.0
28,157,138.0,137.0,127.0,102.0,107.0,104.0,103.0,102.0,115.0,115.0,121.0,154.0,156,169,172.0,155.0,151.0,160,194,162,170,197,170.0
29,170,227.0,194.0,218.0,,221.0,209.0,228.0,224.0,207.0,217.0,175.0,181.0,186,177,165.0,177.0,183.0,171,184,178,197,217,196.0
30,185,167.0,162.0,169.0,,,146.0,155.0,143.0,170.0,209.0,348.0,369.0,239,245,,418.0,494.0,500,478,441,407,400,389.0
"
"
July-2021,00:00:00,01:00:00,02:00:00,03:00:00,04:00:00,05:00:00,06:00:00,07:00:00,08:00:00,09:00:00,10:00:00,11:00:00,12:00:00,13:00:00,14:00:00,15:00:00,16:00:00,17:00:00,18:00:00,19:00:00,20:00:00,21:00:00,22:00:00,23:00:00
1,320.0,281.0,226.0,146.0,119.0,127.0,141.0,185.0,185.0,205.0,368.0,356,360.0,305.0,257.0,227.0,209,185.0,192.0,191.0,192.0,209.0,263.0,249.0
2,251.0,311.0,295.0,329.0,240.0,202.0,142.0,157.0,200.0,241.0,287.0,356,369.0,403.0,403.0,385.0,381,336.0,328.0,489.0,102.0,102.0,95.0,107.0
3,96.0,72.0,86.0,70.0,64.0,60.0,72.0,105.0,107.0,108.0,111.0,112,127.0,140.0,163.0,193.0,212,211.0,228.0,209.0,102.0,108.0,111.0,104.0
4,101.0,107.0,113.0,,,,,,,193.0,,177,161.0,246.0,170.0,174.0,179,251.0,190.0,182.0,167.0,167.0,167.0,167.0
5,161.0,144.0,115.0,102.0,107.0,125.0,193.0,140.0,197.0,123.0,129.0,133,163.0,159.0,175.0,177.0,155,153.0,138.0,159.0,166.0,193.0,135.0,131.0
6,142.0,127.0,131.0,109.0,112.0,101.0,97.0,101.0,111.0,127.0,135.0,134,151.0,166.0,171.0,175.0,178,165.0,159.0,162.0,178.0,206.0,238.0,213.0
7,197.0,181.0,156.0,155.0,151.0,161.0,151.0,213.0,217.0,188.0,181.0,178,168.0,153.0,142.0,131.0,134,137.0,137.0,139.0,133.0,171.0,163.0,156.0
8,116.0,111.0,115.0,129.0,113.0,134.0,135.0,150.0,170.0,192.0,201.0,246,212.0,209.0,193.0,178.0,175,164.0,141.0,163.0,137.0,175.0,193.0,420.0
9,395.0,61.0,72.0,108.0,104.0,102.0,104.0,79.0,73.0,89.0,97.0,97,108.0,,,193.0,147,116.0,105.0,,120.0,126.0,129.0,111.0
10,101.0,89.0,84.0,88.0,100.0,105.0,105.0,77.0,63.0,62.0,65.0,77,98.0,101.0,101.0,99.0,114,110.0,,,100.0,105.0,,101.0
11,,,70.0,,,,,104.0,,,,100,127.0,127.0,104.0,100.0,102,104.0,105.0,,111.0,107.0,108.0,108.0
12,,,,,,,,,57.0,,,78,100.0,102.0,104.0,102.0,94,86.0,96.0,,,,,
13,,,,,,,,,,,67.0,88,106.0,112.0,108.0,108.0,34,55.0,70.0,75.0,104.0,111.0,109.0,109.0
14,70.0,63.0,65.0,70.0,,,,,107.0,77.0,74.0,70,,102.0,105.0,106.0,85,82.0,103.0,107.0,104.0,109.0,110.0,108.0
15,92.0,72.0,78.0,75.0,102.0,105.0,105.0,107.0,221.0,120.0,78.0,65,95.0,104.0,105.0,105.0,82,62.0,61.0,68.0,98.0,107.0,108.0,109.0
16,103.0,104.0,101.0,84.0,77.0,100.0,195.0,271.0,101.0,68.0,68.0,89,99.0,101.0,107.0,111.0,101,83.0,83.0,94.0,105.0,121.0,135.0,149.0
17,133.0,111.0,104.0,81.0,97.0,97.0,,,,,,108,101.0,107.0,110.0,130.0,124,124.0,112.0,80.0,85.0,145.0,240.0,105.0
18,106.0,53.0,63.0,38.0,52.0,80.0,97.0,104.0,104.0,70.0,70.0,77,88.0,112.0,111.0,130.0,119,135.0,109.0,85.0,83.0,102.0,,
19,,,,,,,,58.0,60.0,28.0,32.0,28,28.0,57.0,75.0,78.0,77,42.0,39.0,51.0,44.0,68.0,82.0,101.0
20,,83.0,92.0,42.0,73.0,75.0,,106.0,107.0,101.0,98.0,133,103.0,88.0,102.0,104.0,106,92.0,73.0,75.0,93.0,105.0,112.0,118.0
21,119.0,72.0,53.0,39.0,48.0,62.0,82.0,85.0,103.0,250.0,133.0,66,69.0,63.0,73.0,86.0,97,89.0,79.0,91.0,101.0,89.0,116.0,180.0
22,70.0,46.0,44.0,57.0,47.0,51.0,53.0,51.0,52.0,57.0,59.0,61,53.0,46.0,,,42,45.0,55.0,43.0,62.0,70.0,80.0,103.0
23,106.0,67.0,58.0,47.0,52.0,35.0,48.0,93.0,100.0,103.0,48.0,57,70.0,66.0,77.0,100.0,97,88.0,95.0,101.0,105.0,122.0,118.0,111.0
24,110.0,92.0,95.0,306.0,350.0,180.0,109.0,107.0,167.0,96.0,86.0,65,68.0,72.0,77.0,102.0,60,72.0,104.0,92.0,86.0,101.0,90.0,102.0
25,147.0,185.0,140.0,109.0,98.0,133.0,180.0,187.0,163.0,107.0,59.0,38,42.0,47.0,40.0,42.0,47,45.0,58.0,,,,,
26,,,,,,,,52.0,67.0,80.0,78.0,97,90.0,96.0,105.0,157.0,167,197.0,127.0,113.0,120.0,103.0,114.0,
27,150.0,133.0,163.0,143.0,140.0,133.0,130.0,92.0,35.0,50.0,50.0,57,57.0,55.0,57.0,45.0,48,55.0,58.0,57.0,90.0,102.0,88.0,63.0
28,50.0,35.0,35.0,40.0,40.0,50.0,46.0,41.0,45.0,50.0,55.0,48,45.0,44.0,42.0,45.0,47,47.0,43.0,47.0,70.0,75.0,72.0,70.0
29,57.0,55.0,52.0,45.0,57.0,39.0,32.0,33.0,37.0,55.0,58.0,66,78.0,69.0,58.0,72.0,95,66.0,42.0,67.0,78.0,73.0,102.0,108.0
30,130.0,50.0,45.0,28.0,35.0,113.0,47.0,48.0,87.0,73.0,113.0,87,63.0,60.0,47.0,33.0,139,,37.0,72.0,75.0,67.0,65.0,82.0
31,78.0,68.0,47.0,27.0,21.0,31.0,40.0,64.0,65.0,70.0,72.0,44,63.0,74.0,73.0,85.0,103,101.0,100.0,78.0,107.0,113.0,124.0,141.0
"
"
August-2021,00:00:00,01:00:00,02:00:00,03:00:00,04:00:00,05:00:00,06:00:00,07:00:00,08:00:00,09:00:00,10:00:00,11:00:00,12:00:00,13:00:00,14:00:00,15:00:00,16:00:00,17:00:00,18:00:00,19:00:00,20:00:00,21:00:00,22:00:00,23:00:00
1,201.0,156.0,160.0,205.0,140.0,147.0,99.0,27.0,42.0,53.0,58.0,45.0,43.0,61.0,73.0,77.0,97.0,100.0,97.0,100.0,95.0,102.0,103.0,114.0
2,132.0,140.0,197.0,247.0,210.0,193.0,193.0,207.0,138.0,193.0,70.0,57.0,59.0,70.0,80.0,82.0,50.0,226.0,80.0,99.0,43.0,53.0,51.0,67.0
3,73.0,89.0,93.0,79.0,61.0,57.0,57.0,53.0,61.0,58.0,67.0,63.0,67.0,59.0,58.0,42.0,42.0,45.0,42.0,,,,,91.0
4,114.0,130.0,111.0,77.0,73.0,86.0,75.0,72.0,68.0,40.0,41.0,53.0,61.0,66.0,61.0,92.0,67.0,72.0,70.0,69.0,83.0,93.0,111.0,130.0
5,172.0,184.0,200.0,,,,107.0,,108.0,90.0,83.0,80.0,88.0,109.0,56.0,58.0,69.0,66.0,63.0,57.0,66.0,88.0,102.0,81.0
6,86.0,83.0,72.0,73.0,90.0,107.0,107.0,113.0,123.0,122.0,200.0,155.0,94.0,95.0,77.0,67.0,63.0,78.0,84.0,89.0,91.0,99.0,96.0,97.0
7,107.0,101.0,124.0,144.0,217.0,183.0,127.0,133.0,111.0,133.0,143.0,130.0,157.0,46.0,36.0,40.0,40.0,50.0,57.0,66.0,,,,140.0
8,142.0,135.0,230.0,127.0,110.0,92.0,133.0,123.0,150.0,200.0,207.0,200.0,143.0,72.0,48.0,50.0,55.0,50.0,55.0,53.0,40.0,40.0,65.0,92.0
9,120.0,85.0,103.0,107.0,103.0,92.0,67.0,75.0,88.0,105.0,150.0,193.0,223.0,177.0,147.0,160.0,133.0,111.0,101.0,115.0,104.0,90.0,84.0,78.0
10,61.0,64.0,79.0,96.0,89.0,86.0,83.0,68.0,92.0,96.0,94.0,113.0,141.0,141.0,164.0,164.0,155.0,171.0,163.0,162.0,157.0,162.0,167.0,162.0
11,192.0,139.0,115.0,86.0,80.0,73.0,84.0,88.0,101.0,101.0,119.0,141.0,137.0,142.0,147.0,142.0,142.0,137.0,137.0,138.0,138.0,135.0,144.0,140.0
12,117.0,94.0,91.0,68.0,64.0,69.0,66.0,83.0,80.0,102.0,116.0,135.0,148.0,142.0,150.0,149.0,145.0,142.0,137.0,139.0,133.0,145.0,157.0,159.0
13,159.0,141.0,111.0,103.0,85.0,85.0,72.0,77.0,86.0,104.0,127.0,131.0,135.0,127.0,123.0,127.0,126.0,131.0,131.0,137.0,131.0,145.0,,
14,,,,,,,,,,,,141.0,,,,129.0,145.0,141.0,144.0,144.0,150.0,159.0,185.0,159.0
15,156.0,129.0,135.0,131.0,101.0,77.0,70.0,70.0,78.0,97.0,113.0,148.0,141.0,135.0,137.0,135.0,133.0,142.0,141.0,141.0,150.0,149.0,157.0,152.0
16,149.0,147.0,137.0,139.0,146.0,115.0,81.0,83.0,88.0,108.0,129.0,133.0,119.0,119.0,122.0,126.0,135.0,152.0,145.0,139.0,145.0,155.0,167.0,
17,,,,,,,155.0,137.0,156.0,177.0,187.0,163.0,168.0,155.0,,143.0,145.0,146.0,145.0,149.0,162.0,182.0,177.0,181.0
18,161.0,149.0,162.0,153.0,127.0,123.0,119.0,119.0,163.0,168.0,179.0,178.0,178.0,174.0,165.0,145.0,156.0,151.0,149.0,150.0,143.0,156.0,163.0,167.0
19,153.0,127.0,135.0,131.0,139.0,149.0,189.0,171.0,187.0,193.0,233.0,177.0,185.0,169.0,159.0,157.0,162.0,177.0,165.0,159.0,171.0,155.0,193.0,
20,,,,,,,,103.0,83.0,81.0,68.0,86.0,135.0,80.0,59.0,57.0,57.0,39.0,37.0,38.0,36.0,38.0,47.0,53.0
21,41.0,37.0,35.0,30.0,36.0,35.0,34.0,39.0,36.0,39.0,30.0,50.0,85.0,68.0,66.0,93.0,72.0,98.0,103.0,108.0,43.0,52.0,77.0,65.0
22,58.0,41.0,40.0,40.0,48.0,47.0,38.0,42.0,58.0,83.0,88.0,68.0,92.0,78.0,78.0,63.0,54.0,63.0,73.0,63.0,68.0,97.0,99.0,94.0
23,119.0,134.0,170.0,85.0,73.0,54.0,44.0,63.0,52.0,37.0,50.0,60.0,80.0,98.0,113.0,123.0,102.0,74.0,69.0,77.0,74.0,83.0,94.0,111.0
24,113.0,111.0,180.0,112.0,115.0,109.0,96.0,120.0,177.0,170.0,147.0,103.0,133.0,91.0,68.0,68.0,70.0,68.0,77.0,84.0,96.0,104.0,104.0,116.0
25,167.0,135.0,104.0,95.0,98.0,93.0,91.0,104.0,100.0,104.0,127.0,150.0,141.0,147.0,133.0,133.0,122.0,126.0,129.0,124.0,135.0,141.0,145.0,138.0
26,104.0,88.0,77.0,73.0,59.0,66.0,59.0,72.0,107.0,142.0,173.0,171.0,177.0,170.0,166.0,162.0,149.0,148.0,145.0,146.0,151.0,161.0,146.0,130.0
27,144.0,134.0,115.0,,,,,112.0,126.0,135.0,145.0,174.0,185.0,189.0,185.0,185.0,188.0,189.0,185.0,184.0,228.0,207.0,200.0,181.0
28,157.0,143.0,141.0,156.0,134.0,131.0,124.0,120.0,123.0,127.0,133.0,167.0,175.0,145.0,144.0,168.0,156.0,113.0,104.0,112.0,95.0,115.0,129.0,122.0
29,123.0,124.0,119.0,121.0,107.0,99.0,97.0,105.0,121.0,109.0,180.0,150.0,135.0,153.0,153.0,167.0,155.0,150.0,139.0,149.0,143.0,121.0,123.0,97.0
30,67.0,42.0,58.0,48.0,55.0,48.0,47.0,30.0,50.0,69.0,68.0,70.0,68.0,56.0,,,,,,,,,,
31,,,,,,,,51.0,48.0,,67.0,,,70.0,,,30.0,40.0,52.0,58.0,,57.0,55.0,56.0
"
"
September-2021,00:00:00,01:00:00,02:00:00,03:00:00,04:00:00,05:00:00,06:00:00,07:00:00,08:00:00,09:00:00,10:00:00,11:00:00,12:00:00,13:00:00,14:00:00,15:00:00,16:00:00,17:00:00,18:00:00,19:00:00,20:00:00,21:00:00,22:00:00,23:00:00
1,50.0,47.0,57.0,62.0,69.0,59.0,55.0,48.0,53.0,33.0,38.0,62.0,52,60,32.0,26,25.0,25.0,28.0,43.0,72.0,70.0,62.0,57.0
2,57.0,70.0,77.0,143.0,147.0,80.0,78.0,63.0,60.0,33.0,47.0,62.0,60,65,79.0,68,55.0,53.0,54.0,88.0,97.0,110.0,111.0,98.0
3,95.0,62.0,84.0,,,,,25.0,35.0,48.0,66.0,99.0,123,65,70.0,80,51.0,50.0,42.0,74.0,74.0,72.0,56.0,80.0
4,69.0,67.0,57.0,183.0,85.0,83.0,81.0,59.0,29.0,43.0,87.0,61.0,72,74,105.0,67,34.0,39.0,42.0,70.0,103.0,110.0,114.0,112.0
5,100.0,75.0,68.0,58.0,64.0,66.0,68.0,89.0,95.0,105.0,80.0,54.0,68,76,63.0,73,84.0,80.0,84.0,96.0,96.0,131.0,193.0,203.0
6,187.0,163.0,213.0,143.0,110.0,157.0,175.0,199.0,200.0,163.0,223.0,69.0,52,62,95.0,107,138.0,92.0,84.0,,,155.0,180.0,233.0
7,143.0,89.0,80.0,69.0,63.0,63.0,70.0,52.0,52.0,77.0,,,107,99,,99,,,,108.0,102.0,100.0,90.0,90.0
8,59.0,77.0,79.0,52.0,53.0,68.0,,,,,,47.0,68,62,56.0,61,50.0,,,90.0,83.0,113.0,112.0,101.0
9,89.0,77.0,69.0,62.0,45.0,55.0,62.0,62.0,66.0,57.0,68.0,79.0,84,86,62.0,56,71.0,80.0,75.0,86.0,85.0,102.0,101.0,96.0
10,81.0,86.0,78.0,161.0,73.0,147.0,42.0,45.0,80.0,78.0,81.0,85.0,84,73,72.0,72,59.0,77.0,73.0,95.0,99.0,101.0,97.0,101.0
11,81.0,53.0,73.0,45.0,44.0,43.0,48.0,45.0,29.0,32.0,32.0,28.0,47,57,40.0,48,38.0,43.0,37.0,50.0,73.0,98.0,73.0,73.0
12,58.0,29.0,31.0,27.0,27.0,58.0,68.0,68.0,70.0,83.0,58.0,51.0,48,99,62.0,136,66.0,34.0,55.0,84.0,83.0,104.0,115.0,105.0
13,104.0,108.0,83.0,61.0,78.0,85.0,99.0,84.0,94.0,109.0,111.0,113.0,104,94,101.0,84,59.0,32.0,33.0,45.0,80.0,88.0,75.0,80.0
14,81.0,96.0,51.0,31.0,48.0,51.0,61.0,72.0,91.0,90.0,99.0,101.0,89,86,85.0,91,90.0,69.0,81.0,86.0,107.0,131.0,140.0,133.0
15,108.0,107.0,73.0,56.0,68.0,56.0,62.0,63.0,35.0,56.0,69.0,51.0,56,74,73.0,81,84.0,70.0,59.0,73.0,90.0,104.0,134.0,115.0
16,108.0,93.0,70.0,57.0,74.0,97.0,92.0,78.0,96.0,107.0,52.0,29.0,64,58,62.0,63,50.0,58.0,40.0,65.0,108.0,114.0,110.0,105.0
17,103.0,85.0,55.0,45.0,45.0,48.0,68.0,72.0,56.0,58.0,57.0,58.0,56,56,73.0,80,82.0,73.0,61.0,78.0,105.0,131.0,100.0,103.0
18,147.0,119.0,100.0,113.0,45.0,75.0,68.0,59.0,68.0,75.0,67.0,69.0,73,67,66.0,77,83.0,80.0,58.0,72.0,92.0,123.0,118.0,122.0
19,131.0,107.0,89.0,100.0,143.0,101.0,90.0,105.0,92.0,84.0,57.0,50.0,55,71,73.0,77,72.0,70.0,56.0,63.0,87.0,87.0,93.0,102.0
20,103.0,97.0,70.0,57.0,50.0,40.0,46.0,91.0,164.0,207.0,104.0,91.0,97,79,65.0,73,75.0,70.0,62.0,60.0,79.0,97.0,97.0,104.0
21,104.0,102.0,68.0,57.0,48.0,42.0,44.0,45.0,62.0,61.0,61.0,50.0,50,61,64.0,83,83.0,72.0,87.0,70.0,67.0,100.0,102.0,107.0
22,106.0,101.0,46.0,36.0,40.0,180.0,155.0,114.0,112.0,84.0,57.0,42.0,59,52,60.0,88,75.0,97.0,73.0,62.0,89.0,87.0,83.0,92.0
23,98.0,92.0,47.0,38.0,34.0,29.0,50.0,53.0,58.0,73.0,77.0,63.0,55,55,52.0,65,72.0,77.0,77.0,68.0,74.0,69.0,50.0,58.0
24,75.0,90.0,83.0,27.0,23.0,24.0,31.0,38.0,59.0,77.0,94.0,80.0,96,63,79.0,61,80.0,77.0,92.0,106.0,,,,
25,,,,,,,,,61.0,92.0,140.0,133.0,78,69,58.0,68,98.0,101.0,103.0,105.0,107.0,101.0,106.0,97.0
26,97.0,101.0,57.0,52.0,70.0,59.0,72.0,74.0,74.0,92.0,97.0,110.0,111,102,72.0,74,83.0,80.0,82.0,104.0,127.0,125.0,131.0,113.0
27,102.0,102.0,105.0,109.0,109.0,83.0,72.0,68.0,72.0,213.0,140.0,102.0,94,167,143.0,100,105.0,97.0,98.0,104.0,117.0,141.0,219.0,195.0
28,150.0,143.0,160.0,150.0,130.0,118.0,127.0,127.0,160.0,247.0,160.0,104.0,91,65,68.0,69,91.0,73.0,82.0,95.0,113.0,125.0,109.0,147.0
29,141.0,135.0,117.0,97.0,73.0,56.0,53.0,61.0,77.0,105.0,85.0,78.0,62,61,65.0,65,73.0,77.0,85.0,85.0,123.0,151.0,153.0,139.0
30,96.0,88.0,83.0,74.0,61.0,47.0,57.0,55.0,75.0,91.0,82.0,78.0,67,82,87.0,118,111.0,128.0,97.0,99.0,92.0,85.0,92.0,65.0
"
"
October-2021,00:00:00,01:00:00,02:00:00,03:00:00,04:00:00,05:00:00,06:00:00,07:00:00,08:00:00,09:00:00,10:00:00,11:00:00,12:00:00,13:00:00,14:00:00,15:00:00,16:00:00,17:00:00,18:00:00,19:00:00,20:00:00,21:00:00,22:00:00,23:00:00
1,60.0,73.0,75.0,57.0,60.0,48.0,67.0,120.0,107.0,180.0,83.0,157,68,92,106.0,105.0,79.0,204.0,101.0,107.0,104.0,130.0,133.0,137.0
2,147.0,185.0,234.0,183.0,163.0,203.0,133.0,160.0,143.0,119.0,137.0,147,120,97,84.0,78.0,74.0,94.0,104.0,108.0,114.0,127.0,117.0,109.0
3,102.0,107.0,123.0,113.0,103.0,133.0,93.0,92.0,98.0,131.0,140.0,111,99,84,79.0,72.0,75.0,83.0,104.0,110.0,115.0,108.0,135.0,149.0
4,129.0,135.0,103.0,72.0,69.0,70.0,68.0,78.0,89.0,101.0,100.0,102,84,70,70.0,79.0,71.0,80.0,106.0,111.0,97.0,120.0,141.0,181.0
5,146.0,145.0,200.0,141.0,86.0,38.0,78.0,72.0,66.0,97.0,101.0,120,135,177,179.0,222.0,225.0,120.0,125.0,107.0,124.0,119.0,117.0,116.0
6,107.0,108.0,97.0,102.0,124.0,183.0,103.0,107.0,112.0,131.0,137.0,147,109,107,92.0,92.0,80.0,73.0,99.0,109.0,129.0,120.0,127.0,91.0
7,107.0,115.0,105.0,113.0,92.0,80.0,91.0,94.0,109.0,121.0,123.0,133,170,143,138.0,135.0,136.0,,,,,,,
8,,,,,,,,,152.0,162.0,195.0,193,188,173,154.0,140.0,140.0,129.0,134.0,146.0,157.0,216.0,284.0,234.0
9,209.0,243.0,245.0,209.0,207.0,155.0,135.0,127.0,164.0,194.0,228.0,197,197,203,170.0,133.0,116.0,116.0,126.0,144.0,234.0,298.0,296.0,295.0
10,262.0,254.0,220.0,200.0,200.0,180.0,187.0,170.0,207.0,180.0,181.0,165,174,171,148.0,111.0,103.0,108.0,108.0,127.0,137.0,195.0,396.0,304.0
11,312.0,210.0,217.0,168.0,175.0,165.0,171.0,156.0,159.0,190.0,197.0,193,150,140,112.0,98.0,104.0,99.0,103.0,119.0,155.0,243.0,155.0,174.0
12,167.0,150.0,171.0,161.0,197.0,212.0,186.0,189.0,227.0,256.0,272.0,229,252,175,152.0,115.0,111.0,111.0,125.0,135.0,179.0,195.0,221.0,196.0
13,182.0,226.0,230.0,201.0,230.0,207.0,193.0,197.0,228.0,229.0,266.0,261,188,173,165.0,159.0,159.0,149.0,150.0,185.0,221.0,241.0,284.0,219.0
14,159.0,159.0,170.0,177.0,223.0,137.0,187.0,145.0,180.0,187.0,193.0,196,220,182,174.0,154.0,,155.0,131.0,148.0,181.0,192.0,191.0,177.0
15,180.0,213.0,161.0,165.0,230.0,159.0,230.0,233.0,187.0,204.0,217.0,222,213,259,167.0,251.0,218.0,187.0,126.0,141.0,159.0,187.0,215.0,346.0
16,250.0,311.0,306.0,321.0,211.0,239.0,255.0,262.0,274.0,325.0,380.0,409,424,261,170.0,213.0,164.0,202.0,210.0,226.0,309.0,413.0,420.0,430.0
17,415.0,409.0,411.0,424.0,435.0,426.0,414.0,414.0,305.0,145.0,157.0,140,97,107,75.0,57.0,26.0,31.0,26.0,27.0,73.0,90.0,100.0,102.0
18,68.0,50.0,40.0,33.0,40.0,62.0,73.0,80.0,39.0,37.0,34.0,40,43,48,50.0,55.0,37.0,36.0,31.0,34.0,82.0,98.0,105.0,108.0
19,,,,,,,,77.0,66.0,74.0,53.0,64,72,79,86.0,81.0,97.0,105.0,126.0,180.0,203.0,217.0,170.0,
20,,,,,,172.0,155.0,,,181.0,196.0,197,188,230,183.0,147.0,138.0,131.0,144.0,164.0,207.0,281.0,273.0,213.0
21,221.0,215.0,248.0,255.0,233.0,187.0,157.0,129.0,163.0,190.0,195.0,183,226,212,207.0,190.0,182.0,175.0,170.0,181.0,192.0,217.0,243.0,222.0
22,295.0,268.0,239.0,238.0,,,118.0,119.0,114.0,124.0,141.0,145,139,122,114.0,115.0,116.0,105.0,97.0,88.0,181.0,336.0,284.0,284.0
23,311.0,296.0,284.0,221.0,197.0,189.0,179.0,163.0,163.0,181.0,177.0,161,119,96,105.0,102.0,95.0,121.0,118.0,133.0,151.0,148.0,129.0,131.0
24,141.0,189.0,204.0,187.0,160.0,140.0,157.0,193.0,207.0,223.0,197.0,177,170,135,,,,,,101.0,80.0,,,
25,85.0,,,,,53.0,,,,,75.0,85,91,91,103.0,117.0,102.0,80.0,78.0,111.0,146.0,146.0,187.0,177.0
26,181.0,164.0,203.0,187.0,150.0,113.0,101.0,150.0,180.0,123.0,118.0,103,93,104,125.0,120.0,126.0,132.0,133.0,159.0,159.0,179.0,178.0,195.0
27,252.0,309.0,266.0,244.0,212.0,188.0,201.0,224.0,213.0,245.0,285.0,212,189,201,207.0,157.0,140.0,149.0,165.0,189.0,97.0,193.0,272.0,261.0
28,227.0,227.0,230.0,235.0,235.0,211.0,201.0,201.0,195.0,,,255,204,216,230.0,146.0,139.0,141.0,151.0,163.0,193.0,238.0,296.0,369.0
29,411.0,410.0,356.0,288.0,240.0,254.0,248.0,248.0,277.0,312.0,370.0,355,405,238,219.0,183.0,160.0,140.0,157.0,180.0,223.0,240.0,329.0,402.0
30,355.0,237.0,202.0,209.0,195.0,271.0,270.0,238.0,239.0,270.0,285.0,197,179,138,119.0,99.0,109.0,123.0,141.0,170.0,197.0,270.0,274.0,296.0
31,306.0,385.0,390.0,378.0,348.0,309.0,283.0,320.0,290.0,279.0,309.0,319,304,293,233.0,192.0,181.0,167.0,162.0,173.0,205.0,234.0,318.0,348.0
"
"
November-2021,00:00:00,01:00:00,02:00:00,03:00:00,04:00:00,05:00:00,06:00:00,07:00:00,08:00:00,09:00:00,10:00:00,11:00:00,12:00:00,13:00:00,14:00:00,15:00:00,16:00:00,17:00:00,18:00:00,19:00:00,20:00:00,21:00:00,22:00:00,23:00:00
1,360.0,358.0,401.0,322.0,292.0,296.0,325.0,308,318.0,342,342,301.0,312.0,318.0,280.0,223.0,175.0,178.0,183,240.0,310.0,328.0,344.0,340.0
2,337.0,341.0,341.0,349.0,345.0,318.0,314.0,315,312.0,339,342,315.0,308.0,308.0,277.0,193.0,207.0,197.0,203,220.0,312.0,329.0,333.0,328.0
3,355.0,342.0,371.0,408.0,371.0,331.0,322.0,320,319.0,345,346,325.0,314.0,297.0,307.0,316.0,319.0,315.0,304,310.0,325.0,411.0,426.0,438.0
4,424.0,416.0,439.0,424.0,401.0,402.0,401.0,396,404.0,413,449,500.0,485.0,451.0,429.0,441.0,440.0,417.0,421,441.0,440.0,490.0,500.0,500.0
5,117.0,126.0,124.0,108.0,87.0,500.0,500.0,500,500.0,500,500,500.0,500.0,478.0,459.0,429.0,417.0,402.0,396,409.0,431.0,496.0,494.0,500.0
6,500.0,500.0,500.0,500.0,500.0,479.0,473.0,464,459.0,468,477,455.0,435.0,417.0,404.0,379.0,352.0,339.0,376,398.0,425.0,471.0,500.0,493.0
7,478.0,500.0,500.0,500.0,500.0,500.0,500.0,500,489.0,486,500,500.0,443.0,401.0,345.0,322.0,333.0,301.0,302,309.0,328.0,348.0,382.0,410.0
8,398.0,403.0,426.0,431.0,482.0,487.0,499.0,499,500.0,475,478,483.0,444.0,437.0,378.0,378.0,344.0,312.0,311,335.0,356.0,422.0,418.0,415.0
9,401.0,434.0,487.0,489.0,500.0,500.0,500.0,487,443.0,462,496,500.0,469.0,456.0,401.0,375.0,340.0,302.0,316,327.0,361.0,381.0,422.0,426.0
10,421.0,419.0,404.0,369.0,350.0,329.0,325.0,337,334.0,351,411,500.0,500.0,480.0,419.0,369.0,346.0,329.0,318,325.0,405.0,426.0,433.0,448.0
11,451.0,455.0,453.0,454.0,451.0,459.0,435.0,414,414.0,440,455,468.0,480.0,457.0,432.0,428.0,441.0,459.0,461,461.0,466.0,486.0,498.0,500.0
12,500.0,500.0,500.0,500.0,500.0,500.0,500.0,500,500.0,500,500,500.0,500.0,500.0,500.0,454.0,431.0,419.0,372,362.0,443.0,465.0,500.0,496.0
13,499.0,500.0,500.0,500.0,500.0,,,476,469.0,478,500,,,,427.0,332.0,157.0,288.0,197,277.0,309.0,366.0,401.0,401.0
14,401.0,404.0,423.0,429.0,420.0,402.0,395.0,391,349.0,354,388,410.0,413.0,401.0,312.0,180.0,290.0,311.0,304,348.0,406.0,451.0,454.0,488.0
15,486.0,480.0,460.0,444.0,427.0,409.0,396.0,374,359.0,351,373,407.0,426.0,419.0,355.0,335.0,353.0,338.0,324,336.0,379.0,379.0,439.0,500.0
16,494.0,467.0,467.0,490.0,485.0,486.0,483.0,460,500.0,463,500,496.0,434.0,391.0,365.0,340.0,318.0,311.0,308,327.0,360.0,376.0,404.0,414.0
17,420.0,,,,,,471.0,457,423.0,421,422,,432.0,,393.0,,237.0,,167,,,,,
18,,,,,,,,463,,486,490,469.0,,341.0,220.0,,290.0,307.0,323,,,,,499.0
19,,454.0,,,,447.0,462.0,452,440.0,440,440,441.0,449.0,423.0,375.0,337.0,320.0,309.0,310,328.0,348.0,396.0,410.0,438.0
20,454.0,446.0,427.0,428.0,418.0,410.0,417.0,413,413.0,427,424,440.0,426.0,446.0,375.0,,322.0,323.0,312,319.0,345.0,404.0,414.0,399.0
21,414.0,414.0,426.0,425.0,426.0,413.0,410.0,408,423.0,423,399,334.0,297.0,230.0,180.0,135.0,160.0,250.0,312,318.0,332.0,375.0,413.0,418.0
22,394.0,380.0,,,,,,344,339.0,336,331,319.0,312.0,302.0,223.0,235.0,185.0,169.0,187,223.0,306.0,323.0,316.0,306.0
23,308.0,315.0,312.0,303.0,320.0,324.0,316.0,320,333.0,334,342,349.0,369.0,367.0,,,,,301,310.0,348.0,390.0,417.0,426.0
24,446.0,440.0,450.0,481.0,446.0,441.0,,426,417.0,425,424,409.0,427.0,345.0,323.0,336.0,344.0,331.0,348,434.0,471.0,493.0,500.0,473.0
25,483.0,462.0,456.0,441.0,437.0,427.0,414.0,409,364.0,408,412,406.0,384.0,402.0,384.0,356.0,368.0,362.0,367,382.0,436.0,483.0,500.0,500.0
26,500.0,500.0,500.0,500.0,500.0,500.0,500.0,486,490.0,500,500,500.0,,388.0,336.0,335.0,332.0,324.0,335,382.0,393.0,417.0,452.0,492.0
27,480.0,492.0,500.0,499.0,489.0,497.0,483.0,471,463.0,454,454,395.0,379.0,395.0,407.0,376.0,346.0,332.0,333,345.0,363.0,378.0,431.0,426.0
28,452.0,500.0,475.0,457.0,462.0,438.0,436.0,453,459.0,457,447,499.0,472.0,443.0,387.0,378.0,362.0,358.0,362,369.0,426.0,479.0,447.0,473.0
29,480.0,471.0,484.0,457.0,444.0,438.0,444.0,437,429.0,429,413,411.0,369.0,346.0,318.0,280.0,230.0,213.0,273,297.0,315.0,328.0,346.0,402.0
30,374.0,353.0,348.0,339.0,332.0,332.0,357.0,359,342.0,349,362,367.0,355.0,342.0,342.0,318.0,181.0,301.0,306,306.0,342.0,362.0,411.0,425.0
"
"
December-2021,00:00:00,01:00:00,02:00:00,03:00:00,04:00:00,05:00:00,06:00:00,07:00:00,08:00:00,09:00:00,10:00:00,11:00:00,12:00:00,13:00:00,14:00:00,15:00:00,16:00:00,17:00:00,18:00:00,19:00:00,20:00:00,21:00:00,22:00:00,23:00:00
1,437.0,437.0,453.0,434.0,426.0,424.0,420.0,414.0,,,405.0,418.0,407.0,411.0,410.0,418.0,414.0,403.0,382.0,424.0,443.0,446.0,469.0,463.0
2,453.0,457.0,456.0,459.0,465.0,454.0,459.0,436.0,437.0,433.0,441.0,417.0,410.0,417.0,382.0,318.0,335.0,387.0,402.0,366.0,,,,357.0
3,346.0,338.0,342.0,327.0,335.0,346.0,376.0,387.0,409.0,393.0,380.0,395.0,391.0,379.0,386.0,369.0,355.0,337.0,328.0,344.0,351.0,362.0,369.0,417.0
4,404.0,407.0,407.0,404.0,399.0,392.0,395.0,396.0,401.0,409.0,383.0,410.0,384.0,366.0,316.0,233.0,160.0,114.0,,,,,,
5,,,,,,,,363.0,378.0,436.0,423.0,388.0,363.0,323.0,329.0,270.0,277.0,307.0,312.0,328.0,352.0,420.0,410.0,408.0
6,408.0,426.0,393.0,348.0,332.0,324.0,324.0,323.0,314.0,310.0,323.0,328.0,321.0,93.0,203.0,170.0,157.0,117.0,,,,329.0,339.0,342.0
7,319.0,332.0,325.0,322.0,305.0,302.0,287.0,293.0,319.0,331.0,321.0,312.0,277.0,193.0,167.0,104.0,92.0,84.0,100.0,126.0,167.0,257.0,323.0,345.0
8,318.0,301.0,311.0,312.0,312.0,320.0,325.0,305.0,310.0,315.0,315.0,318.0,273.0,273.0,197.0,116.0,110.0,101.0,109.0,127.0,170.0,280.0,332.0,362.0
9,379.0,362.0,378.0,376.0,353.0,335.0,336.0,355.0,350.0,344.0,346.0,376.0,378.0,374.0,348.0,338.0,312.0,267.0,260.0,301.0,324.0,341.0,374.0,357.0
10,352.0,359.0,357.0,341.0,345.0,351.0,355.0,348.0,346.0,354.0,393.0,378.0,365.0,355.0,324.0,287.0,207.0,150.0,150.0,220.0,301.0,328.0,350.0,352.0
11,354.0,324.0,297.0,309.0,321.0,328.0,338.0,340.0,318.0,320.0,331.0,,,,,,120.0,70.0,103.0,143.0,207.0,311.0,362.0,376.0
12,391.0,413.0,423.0,365.0,319.0,308.0,304.0,304.0,310.0,308.0,332.0,315.0,320.0,243.0,230.0,160.0,170.0,187.0,193.0,290.0,362.0,414.0,484.0,435.0
13,427.0,439.0,453.0,457.0,477.0,476.0,500.0,480.0,456.0,468.0,459.0,446.0,383.0,257.0,293.0,267.0,250.0,237.0,303.0,359.0,392.0,424.0,450.0,460.0
14,457.0,465.0,483.0,474.0,444.0,457.0,429.0,409.0,430.0,441.0,451.0,402.0,367.0,338.0,348.0,328.0,328.0,303.0,318.0,342.0,392.0,395.0,411.0,437.0
15,462.0,449.0,474.0,426.0,392.0,383.0,372.0,368.0,371.0,395.0,404.0,387.0,365.0,352.0,325.0,306.0,,,,250.0,353.0,397.0,471.0,469.0
16,492.0,480.0,500.0,450.0,434.0,392.0,375.0,375.0,391.0,404.0,406.0,428.0,423.0,437.0,399.0,356.0,253.0,180.0,,,396.0,,416.0,401.0
17,388.0,371.0,373.0,357.0,372.0,374.0,371.0,358.0,354.0,358.0,354.0,345.0,331.0,290.0,230.0,203.0,217.0,213.0,230.0,312.0,338.0,,,
18,,,,,,,,314.0,318.0,318.0,328.0,349.0,353.0,352.0,328.0,301.0,,,,,,,,
19,,,,,,,,,,,325.0,332.0,324.0,316.0,318.0,273.0,280.0,253.0,297.0,314.0,363.0,398.0,362.0,382.0
20,383.0,428.0,390.0,382.0,365.0,363.0,365.0,357.0,356.0,378.0,370.0,362.0,345.0,322.0,315.0,297.0,297.0,304.0,320.0,331.0,436.0,480.0,494.0,500.0
21,500.0,500.0,500.0,500.0,500.0,500.0,500.0,500.0,500.0,500.0,500.0,500.0,500.0,467.0,358.0,308.0,321.0,311.0,290.0,333.0,,,,
22,500.0,500.0,500.0,500.0,500.0,500.0,499.0,483.0,483.0,500.0,500.0,500.0,474.0,484.0,473.0,371.0,349.0,333.0,361.0,,,,,
23,,500.0,500.0,500.0,500.0,500.0,500.0,500.0,500.0,500.0,500.0,500.0,500.0,500.0,500.0,391.0,375.0,383.0,379.0,411.0,443.0,483.0,500.0,500.0
24,,,,,,,500.0,500.0,500.0,500.0,500.0,441.0,436.0,358.0,334.0,361.0,349.0,316.0,328.0,342.0,409.0,500.0,500.0,500.0
25,500.0,500.0,500.0,500.0,500.0,500.0,500.0,500.0,490.0,490.0,500.0,500.0,500.0,451.0,443.0,437.0,414.0,490.0,444.0,,,,500.0,500.0
26,500.0,500.0,500.0,500.0,500.0,500.0,500.0,500.0,500.0,500.0,500.0,500.0,483.0,435.0,446.0,411.0,495.0,452.0,421.0,438.0,454.0,469.0,460.0,457.0
27,410.0,369.0,329.0,277.0,302.0,197.0,213.0,150.0,277.0,302.0,301.0,302.0,250.0,120.0,120.0,93.0,92.0,89.0,92.0,113.0,346.0,385.0,500.0,462.0
28,,,,,,,,344.0,,340.0,358.0,363.0,397.0,387.0,399.0,387.0,372.0,350.0,352.0,,,,,
29,,,,,,,,,,,,,378.0,341.0,287.0,108.0,,,,,,,387.0,434.0
30,406.0,421.0,427.0,460.0,444.0,443.0,382.0,369.0,379.0,392.0,427.0,353.0,322.0,253.0,253.0,233.0,280.0,120.0,127.0,217.0,316.0,406.0,,
31,,,,,,,,,358.0,366.0,390.0,362.0,336.0,305.0,277.0,297.0,217.0,180.0,200.0,303.0,318.0,401.0,433.0,443.0
"
"
Year,2022
January-2022,00:00:00,01:00:00,02:00:00,03:00:00,04:00:00,05:00:00,06:00:00,07:00:00,08:00:00,09:00:00,10:00:00,11:00:00,12:00:00,13:00:00,14:00:00,15:00:00,16:00:00,17:00:00,18:00:00,19:00:00,20:00:00,21:00:00,22:00:00,23:00:00
1,454.0,490.0,500.0,500.0,500.0,462.0,435.0,408.0,392.0,391.0,407.0,411.0,407.0,385.0,362.0,,337.0,290.0,325.0,345.0,373.0,453.0,493.0,500.0
2,500.0,500.0,500.0,500.0,500.0,500.0,500.0,453.0,434.0,419.0,431.0,444.0,475.0,375.0,351.0,346.0,323.0,328.0,312.0,311.0,388.0,416.0,438.0,499.0
3,,,,,,,,422.0,433.0,413.0,430.0,442.0,444.0,407.0,370.0,370.0,325.0,318.0,333.0,370.0,409.0,439.0,492.0,500.0
4,500.0,500.0,500.0,500.0,484.0,462.0,423.0,417.0,400.0,411.0,420.0,482.0,466.0,427.0,324.0,304.0,217.0,207.0,117.0,240.0,337.0,362.0,,
5,,,,,,,,,490.0,498.0,500.0,500.0,500.0,500.0,440.0,442.0,401.0,243.0,203.0,341.0,375.0,375.0,380.0,354.0
6,324.0,321.0,290.0,302.0,287.0,,,,,,,315.0,301.0,187.0,143.0,147.0,130.0,113.0,127.0,130.0,277.0,312.0,297.0,297.0
7,305.0,257.0,187.0,197.0,157.0,130.0,143.0,170.0,167.0,180.0,220.0,223.0,200.0,170.0,133.0,,120.0,,,,,,,
8,,,,,,,,,,,,,,,113.0,123.0,147.0,98.0,83.0,73.0,75.0,63.0,65.0,72.0
9,75.0,83.0,73.0,70.0,73.0,,,,55.0,62.0,52.0,45.0,35.0,45.0,67.0,103.0,98.0,98.0,80.0,73.0,77.0,87.0,98.0,97.0
10,88.0,197.0,52.0,127.0,193.0,183.0,167.0,183.0,180.0,197.0,200.0,180.0,270.0,223.0,260.0,223.0,301.0,177.0,203.0,193.0,230.0,312.0,315.0,319.0
11,310.0,303.0,318.0,310.0,309.0,267.0,273.0,301.0,318.0,257.0,197.0,183.0,180.0,213.0,147.0,163.0,177.0,187.0,203.0,213.0,250.0,223.0,223.0,
12,,,,,,,,,,,,287.0,,,306.0,315.0,315.0,304.0,290.0,309.0,320.0,342.0,352.0,454.0
13,407.0,365.0,341.0,338.0,341.0,315.0,334.0,329.0,318.0,345.0,327.0,312.0,312.0,329.0,375.0,374.0,400.0,388.0,372.0,386.0,402.0,477.0,500.0,470.0
14,398.0,344.0,354.0,359.0,346.0,353.0,356.0,336.0,309.0,230.0,203.0,213.0,243.0,329.0,395.0,392.0,406.0,,,,,,,
15,,,,,,,,,103.0,103.0,107.0,160.0,253.0,297.0,318.0,328.0,354.0,373.0,348.0,316.0,302.0,277.0,306.0,305.0
16,270.0,273.0,290.0,293.0,273.0,306.0,267.0,213.0,119.0,129.0,143.0,131.0,142.0,159.0,329.0,342.0,380.0,356.0,325.0,320.0,351.0,407.0,395.0,379.0
17,392.0,382.0,363.0,373.0,358.0,362.0,375.0,328.0,332.0,322.0,314.0,321.0,328.0,325.0,338.0,352.0,362.0,407.0,,450.0,456.0,489.0,407.0,386.0
18,378.0,370.0,401.0,404.0,357.0,362.0,368.0,380.0,,378.0,,,,,345.0,346.0,329.0,318.0,318.0,319.0,349.0,336.0,337.0,342.0
19,337.0,332.0,316.0,315.0,318.0,345.0,342.0,342.0,325.0,315.0,318.0,336.0,358.0,375.0,388.0,368.0,361.0,328.0,332.0,363.0,365.0,376.0,456.0,424.0
20,,,,,,,,,,354.0,402.0,401.0,418.0,411.0,434.0,416.0,439.0,430.0,411.0,411.0,420.0,410.0,420.0,439.0
21,456.0,460.0,468.0,444.0,340.0,315.0,280.0,304.0,312.0,306.0,308.0,319.0,362.0,361.0,396.0,411.0,411.0,441.0,362.0,267.0,338.0,392.0,397.0,398.0
22,421.0,407.0,378.0,367.0,335.0,311.0,312.0,293.0,270.0,304.0,304.0,307.0,301.0,306.0,316.0,310.0,280.0,270.0,304.0,315.0,322.0,315.0,223.0,197.0
23,180.0,187.0,183.0,143.0,143.0,147.0,133.0,167.0,147.0,150.0,193.0,233.0,273.0,290.0,267.0,297.0,304.0,307.0,309.0,319.0,345.0,369.0,399.0,409.0
24,416.0,426.0,368.0,310.0,180.0,157.0,147.0,203.0,253.0,147.0,170.0,311.0,318.0,315.0,306.0,304.0,149.0,157.0,150.0,233.0,328.0,385.0,413.0,411.0
25,361.0,359.0,336.0,322.0,351.0,323.0,187.0,143.0,143.0,120.0,127.0,109.0,120.0,193.0,170.0,213.0,200.0,180.0,200.0,213.0,312.0,331.0,361.0,400.0
26,413.0,396.0,362.0,372.0,336.0,315.0,302.0,243.0,203.0,240.0,237.0,203.0,253.0,305.0,328.0,309.0,312.0,230.0,233.0,260.0,363.0,345.0,351.0,365.0
27,391.0,380.0,382.0,357.0,328.0,311.0,303.0,273.0,257.0,303.0,303.0,309.0,314.0,321.0,290.0,60.0,143.0,95.0,183.0,180.0,287.0,349.0,351.0,340.0
28,306.0,240.0,243.0,233.0,304.0,318.0,308.0,273.0,253.0,287.0,250.0,207.0,193.0,,,,,,97.0,118.0,243.0,333.0,365.0,403.0
29,371.0,323.0,340.0,335.0,346.0,351.0,309.0,253.0,240.0,312.0,306.0,315.0,309.0,290.0,203.0,116.0,113.0,105.0,109.0,133.0,203.0,297.0,376.0,369.0
30,375.0,366.0,349.0,328.0,316.0,325.0,336.0,333.0,332.0,332.0,342.0,339.0,332.0,309.0,319.0,250.0,217.0,157.0,197.0,254.0,311.0,361.0,395.0,368.0
31,369.0,370.0,356.0,,363.0,355.0,357.0,350.0,,365.0,362.0,369.0,404.0,407.0,480.0,435.0,392.0,386.0,380.0,,,428.0,422.0,410.0
"
"
February-2022,00:00:00,01:00:00,02:00:00,03:00:00,04:00:00,05:00:00,06:00:00,07:00:00,08:00:00,09:00:00,10:00:00,11:00:00,12:00:00,13:00:00,14:00:00,15:00:00,16:00:00,17:00:00,18:00:00,19:00:00,20:00:00,21:00:00,22:00:00,23:00:00
1,444.0,,,,,,,,,,,,,,413.0,404.0,361.0,345.0,324.0,327.0,361.0,385.0,380.0,364.0
2,346.0,345.0,344.0,316.0,357.0,349.0,345.0,340.0,327.0,331.0,349.0,342.0,345.0,342.0,348.0,312.0,303.0,308.0,325.0,375.0,382.0,395.0,398.0,405.0
3,362.0,332.0,333.0,332.0,335.0,345.0,341.0,351.0,352.0,344.0,325.0,273.0,213.0,302.0,316.0,314.0,308.0,311.0,305.0,310.0,323.0,324.0,318.0,315.0
4,301.0,180.0,127.0,78.0,78.0,68.0,67.0,83.0,92.0,73.0,87.0,75.0,58.0,77.0,73.0,60.0,74.0,63.0,58.0,107.0,233.0,290.0,315.0,318.0
5,362.0,363.0,354.0,297.0,223.0,180.0,,,103.0,98.0,120.0,223.0,250.0,321.0,345.0,387.0,345.0,230.0,108.0,95.0,203.0,391.0,482.0,463.0
6,456.0,456.0,475.0,500.0,500.0,485.0,477.0,477.0,486.0,500.0,410.0,335.0,325.0,303.0,167.0,177.0,127.0,119.0,151.0,207.0,322.0,369.0,470.0,404.0
7,417.0,346.0,383.0,416.0,421.0,368.0,311.0,305.0,303.0,304.0,302.0,290.0,197.0,133.0,108.0,127.0,148.0,157.0,167.0,221.0,306.0,419.0,378.0,348.0
8,372.0,384.0,431.0,345.0,324.0,316.0,280.0,297.0,319.0,375.0,408.0,348.0,322.0,297.0,270.0,203.0,170.0,196.0,270.0,207.0,304.0,338.0,392.0,432.0
9,463.0,437.0,372.0,371.0,403.0,387.0,120.0,80.0,78.0,120.0,107.0,160.0,157.0,115.0,114.0,95.0,78.0,70.0,85.0,105.0,131.0,203.0,270.0,293.0
10,344.0,288.0,,,,,,,,,,,187.0,159.0,200.0,150.0,120.0,120.0,119.0,119.0,135.0,,,
11,,,,,,,,250.0,243.0,270.0,293.0,237.0,213.0,170.0,153.0,145.0,141.0,127.0,120.0,118.0,141.0,163.0,217.0,260.0
12,230.0,213.0,243.0,200.0,237.0,180.0,243.0,217.0,220.0,287.0,250.0,233.0,223.0,213.0,131.0,107.0,97.0,104.0,109.0,127.0,157.0,223.0,346.0,333.0
13,342.0,341.0,379.0,382.0,401.0,385.0,413.0,376.0,339.0,342.0,340.0,331.0,303.0,130.0,112.0,118.0,134.0,133.0,117.0,213.0,270.0,306.0,341.0,466.0
14,362.0,352.0,409.0,412.0,416.0,423.0,388.0,384.0,358.0,321.0,207.0,183.0,117.0,101.0,101.0,121.0,105.0,99.0,96.0,101.0,185.0,213.0,223.0,332.0
15,357.0,400.0,342.0,404.0,325.0,257.0,302.0,312.0,325.0,340.0,321.0,213.0,163.0,75.0,99.0,115.0,123.0,117.0,113.0,111.0,140.0,193.0,448.0,488.0
16,381.0,380.0,370.0,368.0,366.0,370.0,367.0,412.0,456.0,455.0,457.0,391.0,348.0,356.0,306.0,170.0,140.0,114.0,119.0,127.0,150.0,240.0,311.0,325.0
17,337.0,339.0,332.0,306.0,315.0,,,,,,,,310.0,257.0,193.0,147.0,123.0,111.0,102.0,129.0,171.0,281.0,458.0,493.0
18,500.0,426.0,370.0,346.0,366.0,355.0,375.0,375.0,353.0,363.0,384.0,395.0,345.0,217.0,119.0,103.0,101.0,95.0,122.0,145.0,171.0,186.0,163.0,213.0
19,233.0,220.0,237.0,233.0,243.0,217.0,,,,,,,,,,120.0,112.0,114.0,117.0,123.0,137.0,163.0,302.0,297.0
20,287.0,290.0,213.0,150.0,197.0,237.0,217.0,203.0,250.0,267.0,253.0,230.0,187.0,203.0,160.0,169.0,167.0,170.0,135.0,131.0,154.0,184.0,189.0,166.0
21,,195.0,219.0,214.0,,183.0,146.0,182.0,,206.0,191.0,188.0,186.0,158.0,138.0,127.0,124.0,124.0,120.0,135.0,164.0,309.0,452.0,440.0
22,428.0,414.0,394.0,358.0,411.0,401.0,373.0,319.0,315.0,319.0,322.0,253.0,226.0,189.0,186.0,196.0,196.0,185.0,194.0,213.0,185.0,164.0,175.0,180.0
23,257.0,308.0,312.0,293.0,233.0,260.0,260.0,280.0,143.0,307.0,277.0,277.0,273.0,277.0,,,,240.0,213.0,267.0,302.0,320.0,335.0,384.0
24,341.0,381.0,371.0,365.0,361.0,353.0,358.0,365.0,380.0,388.0,400.0,361.0,331.0,318.0,315.0,270.0,181.0,,,,,253.0,415.0,325.0
25,316.0,327.0,342.0,361.0,339.0,353.0,365.0,375.0,,,,,,,,,,174.0,,,,,,
26,,,,,,,,,47.0,43.0,50.0,48.0,52.0,54.0,61.0,70.0,64.0,63.0,62.0,60.0,93.0,124.0,127.0,129.0
27,113.0,115.0,77.0,73.0,78.0,77.0,76.0,79.0,103.0,96.0,94.0,88.0,74.0,62.0,71.0,84.0,70.0,64.0,66.0,81.0,100.0,111.0,116.0,130.0
28,,,,,,,,,92.0,,,102.0,108.0,107.0,99.0,82.0,76.0,74.0,77.0,92.0,132.0,126.0,133.0,157.0
"
"
March-2022,00:00:00,01:00:00,02:00:00,03:00:00,04:00:00,05:00:00,06:00:00,07:00:00,08:00:00,09:00:00,10:00:00,11:00:00,12:00:00,13:00:00,14:00:00,15:00:00,16:00:00,17:00:00,18:00:00,19:00:00,20:00:00,21:00:00,22:00:00,23:00:00
1,203.0,203.0,163.0,133.0,213.0,197.0,140.0,133.0,220.0,270.0,303.0,230.0,213.0,143.0,129.0,116.0,111.0,104.0,118.0,,,,,
2,,,,,,,,,280.0,,,,243.0,,147.0,107.0,101.0,95.0,102.0,131.0,149.0,152.0,260.0,437.0
3,405.0,369.0,322.0,233.0,187.0,123.0,157.0,167.0,183.0,240.0,220.0,160.0,127.0,,,,,,,,240.0,233.0,203.0,237.0
4,309.0,297.0,250.0,223.0,233.0,309.0,306.0,287.0,273.0,280.0,287.0,213.0,145.0,117.0,118.0,,105.0,,90.0,92.0,105.0,115.0,112.0,102.0
5,96.0,88.0,167.0,120.0,123.0,86.0,78.0,83.0,103.0,123.0,220.0,167.0,121.0,134.0,102.0,95.0,105.0,107.0,101.0,104.0,120.0,140.0,131.0,133.0
6,180.0,220.0,177.0,257.0,180.0,183.0,193.0,183.0,303.0,302.0,253.0,240.0,167.0,,,,,,,,,,,
7,,,,,,,,,357.0,,,309.0,207.0,163.0,140.0,167.0,197.0,180.0,200.0,188.0,209.0,237.0,368.0,478.0
8,447.0,445.0,411.0,336.0,340.0,335.0,351.0,353.0,352.0,374.0,393.0,328.0,287.0,183.0,130.0,116.0,111.0,113.0,111.0,115.0,157.0,211.0,196.0,177.0
9,223.0,147.0,141.0,197.0,220.0,177.0,180.0,177.0,270.0,293.0,230.0,244.0,164.0,150.0,134.0,135.0,142.0,134.0,126.0,111.0,141.0,131.0,162.0,171.0
10,213.0,187.0,147.0,130.0,160.0,116.0,109.0,118.0,131.0,138.0,149.0,164.0,138.0,134.0,130.0,119.0,115.0,127.0,135.0,129.0,143.0,149.0,155.0,197.0
11,250.0,203.0,213.0,140.0,160.0,260.0,260.0,147.0,150.0,180.0,,197.0,181.0,141.0,137.0,121.0,123.0,131.0,130.0,137.0,146.0,157.0,165.0,187.0
12,157.0,167.0,130.0,119.0,107.0,105.0,107.0,119.0,270.0,306.0,270.0,224.0,150.0,163.0,130.0,114.0,109.0,111.0,,,158.0,,,
13,,,,,,,,,,,,167.0,172.0,197.0,148.0,131.0,140.0,131.0,127.0,131.0,155.0,167.0,240.0,293.0
14,304.0,323.0,325.0,315.0,309.0,297.0,320.0,334.0,332.0,360.0,363.0,332.0,290.0,222.0,167.0,161.0,140.0,141.0,150.0,153.0,181.0,237.0,290.0,273.0
15,321.0,303.0,318.0,316.0,308.0,309.0,310.0,301.0,293.0,405.0,444.0,403.0,293.0,193.0,203.0,155.0,137.0,145.0,153.0,155.0,170.0,200.0,233.0,230.0
16,237.0,250.0,273.0,280.0,257.0,240.0,297.0,277.0,270.0,257.0,257.0,253.0,250.0,227.0,191.0,238.0,210.0,175.0,150.0,139.0,161.0,144.0,180.0,170.0
17,150.0,157.0,163.0,183.0,217.0,297.0,267.0,303.0,301.0,310.0,280.0,304.0,260.0,220.0,207.0,252.0,234.0,270.0,220.0,237.0,303.0,315.0,324.0,334.0
18,368.0,387.0,375.0,391.0,399.0,369.0,332.0,325.0,328.0,328.0,308.0,297.0,240.0,233.0,203.0,157.0,170.0,180.0,183.0,177.0,193.0,237.0,257.0,290.0
19,305.0,309.0,314.0,277.0,277.0,250.0,243.0,200.0,233.0,240.0,200.0,213.0,170.0,147.0,147.0,130.0,150.0,170.0,181.0,180.0,,318.0,301.0,312.0
20,322.0,301.0,309.0,308.0,304.0,302.0,277.0,260.0,287.0,304.0,250.0,193.0,150.0,151.0,271.0,142.0,127.0,122.0,127.0,145.0,212.0,352.0,,
21,,,,,,,,,,,,363.0,334.0,,237.0,165.0,165.0,175.0,153.0,163.0,159.0,168.0,217.0,213.0
22,203.0,193.0,203.0,133.0,163.0,167.0,123.0,121.0,183.0,207.0,177.0,177.0,174.0,167.0,185.0,190.0,181.0,232.0,174.0,160.0,162.0,177.0,177.0,203.0
23,217.0,260.0,316.0,193.0,160.0,187.0,260.0,305.0,324.0,332.0,325.0,312.0,304.0,224.0,172.0,155.0,145.0,127.0,139.0,174.0,226.0,276.0,298.0,318.0
24,335.0,332.0,419.0,410.0,402.0,414.0,389.0,385.0,401.0,500.0,404.0,241.0,233.0,193.0,177.0,156.0,159.0,151.0,160.0,179.0,163.0,159.0,186.0,194.0
25,228.0,267.0,237.0,233.0,273.0,267.0,267.0,197.0,302.0,303.0,213.0,216.0,213.0,193.0,148.0,149.0,149.0,162.0,162.0,148.0,193.0,167.0,170.0,183.0
26,207.0,237.0,220.0,277.0,217.0,170.0,180.0,213.0,348.0,349.0,309.0,229.0,210.0,350.0,341.0,217.0,211.0,148.0,145.0,160.0,181.0,199.0,185.0,163.0
27,141.0,149.0,148.0,163.0,153.0,157.0,178.0,212.0,259.0,234.0,274.0,301.0,221.0,172.0,155.0,145.0,145.0,162.0,123.0,133.0,,,,
28,407.0,371.0,420.0,349.0,360.0,403.0,311.0,295.0,306.0,284.0,268.0,218.0,287.0,,,150.0,140.0,129.0,135.0,167.0,172.0,226.0,283.0,301.0
29,301.0,334.0,403.0,407.0,428.0,414.0,389.0,367.0,409.0,445.0,415.0,410.0,296.0,287.0,181.0,153.0,179.0,166.0,150.0,172.0,185.0,396.0,336.0,322.0
30,341.0,312.0,309.0,289.0,297.0,348.0,432.0,422.0,356.0,352.0,407.0,370.0,,189.0,197.0,179.0,155.0,140.0,142.0,153.0,186.0,403.0,403.0,412.0
31,422.0,420.0,421.0,371.0,323.0,316.0,319.0,395.0,368.0,421.0,350.0,341.0,267.0,204.0,236.0,230.0,191.0,167.0,213.0,223.0,218.0,273.0,352.0,400.0
"
"
April-2022,00:00:00,01:00:00,02:00:00,03:00:00,04:00:00,05:00:00,06:00:00,07:00:00,08:00:00,09:00:00,10:00:00,11:00:00,12:00:00,13:00:00,14:00:00,15:00:00,16:00:00,17:00:00,18:00:00,19:00:00,20:00:00,21:00:00,22:00:00,23:00:00
1,310.0,223.0,197.0,159.0,153.0,159.0,138.0,217.0,257.0,304.0,243.0,195.0,256.0,148,137,139.0,153.0,123,131.0,133.0,153.0,186.0,207.0,228.0
2,270.0,270.0,280.0,309.0,305.0,315.0,395.0,363.0,337.0,305.0,325.0,282.0,196.0,145,153,149.0,152.0,127,109.0,131.0,164.0,230.0,245.0,297.0
3,391.0,328.0,305.0,293.0,240.0,187.0,267.0,311.0,333.0,325.0,312.0,290.0,254.0,211,221,194.0,159.0,122,118.0,133.0,170.0,396.0,,
4,,,,,,,,,,268.0,287.0,318.0,366.0,244,283,185.0,149.0,133,131.0,142.0,182.0,233.0,226.0,177.0
5,181.0,235.0,173.0,177.0,157.0,170.0,290.0,358.0,407.0,447.0,459.0,408.0,244.0,186,145,134.0,80.0,109,108.0,121.0,149.0,168.0,280.0,187.0
6,215.0,303.0,280.0,187.0,193.0,293.0,309.0,339.0,448.0,500.0,471.0,394.0,305.0,192,149,172.0,164.0,127,108.0,119.0,167.0,228.0,254.0,390.0
7,,,,,,,,,401.0,,,435.0,384.0,199,164,145.0,145.0,130,125.0,129.0,179.0,241.0,311.0,407.0
8,356.0,306.0,322.0,332.0,406.0,385.0,352.0,345.0,404.0,417.0,339.0,358.0,295.0,187,177,150.0,145.0,138,121.0,121.0,163.0,197.0,282.0,438.0
9,348.0,355.0,355.0,355.0,358.0,334.0,315.0,311.0,315.0,398.0,314.0,309.0,234.0,217,168,145.0,127.0,126,113.0,125.0,160.0,,408.0,413.0
10,399.0,,339.0,317.0,,338.0,361.0,401.0,,382.0,345.0,276.0,,182,168,,162.0,146,143.0,135.0,185.0,248.0,308.0,311.0
11,301.0,314.0,310.0,302.0,320.0,382.0,397.0,388.0,395.0,432.0,468.0,406.0,261.0,230,165,141.0,174.0,145,134.0,157.0,230.0,227.0,234.0,289.0
12,314.0,325.0,394.0,408.0,417.0,379.0,370.0,,252.0,194.0,,228.0,216.0,163,147,138.0,141.0,137,138.0,,,,,
13,,,,,,427.0,,416.0,430.0,426.0,430.0,289.0,286.0,190,185,166.0,156.0,161,177.0,212.0,229.0,213.0,267.0,305.0
14,409.0,458.0,385.0,266.0,265.0,299.0,295.0,257.0,259.0,296.0,285.0,235.0,272.0,233,194,165.0,156.0,149,133.0,145.0,160.0,449.0,130.0,500.0
15,265.0,157.0,109.0,103.0,91.0,107.0,95.0,111.0,249.0,177.0,267.0,324.0,369.0,322,262,197.0,175.0,172,174.0,194.0,239.0,272.0,272.0,256.0
16,303.0,342.0,395.0,418.0,368.0,321.0,325.0,321.0,350.0,410.0,273.0,178.0,200.0,212,189,199.0,168.0,153,167.0,157.0,224.0,285.0,404.0,361.0
17,350.0,376.0,349.0,320.0,318.0,312.0,315.0,321.0,337.0,389.0,329.0,301.0,192.0,188,183,176.0,183.0,185,,,201.0,315.0,292.0,273.0
18,260.0,293.0,309.0,301.0,250.0,260.0,334.0,378.0,439.0,332.0,293.0,301.0,290.0,213,268,170.0,181.0,155,153.0,166.0,223.0,311.0,309.0,332.0
19,409.0,395.0,408.0,405.0,401.0,460.0,461.0,445.0,449.0,500.0,461.0,430.0,368.0,285,210,272.0,390.0,399,278.0,237.0,318.0,251.0,232.0,233.0
20,266.0,287.0,318.0,235.0,253.0,257.0,204.0,211.0,277.0,318.0,304.0,282.0,248.0,217,243,229.0,174.0,212,175.0,177.0,244.0,224.0,195.0,211.0
21,229.0,305.0,309.0,243.0,280.0,270.0,257.0,310.0,378.0,,447.0,145.0,500.0,500,488,,227.0,157,174.0,177.0,257.0,263.0,396.0,403.0
22,318.0,445.0,500.0,169.0,91.0,104.0,120.0,95.0,121.0,141.0,151.0,160.0,185.0,182,197,168.0,199.0,166,156.0,182.0,184.0,226.0,292.0,329.0
23,276.0,283.0,316.0,260.0,192.0,193.0,178.0,200.0,303.0,456.0,413.0,302.0,190.0,155,140,124.0,135.0,163,153.0,140.0,160.0,199.0,222.0,442.0
24,330.0,335.0,344.0,307.0,267.0,280.0,315.0,342.0,322.0,334.0,319.0,368.0,290.0,186,179,257.0,228.0,249,256.0,195.0,193.0,216.0,228.0,309.0
25,319.0,240.0,277.0,304.0,306.0,305.0,,,,,,,284.0,222,169,237.0,277.0,254,222.0,221.0,273.0,433.0,500.0,500.0
26,115.0,,99.0,96.0,,86.0,116.0,150.0,,185.0,285.0,336.0,257.0,188,198,251.0,276.0,346,298.0,419.0,437.0,464.0,442.0,421.0
27,375.0,328.0,325.0,331.0,335.0,352.0,367.0,497.0,500.0,500.0,439.0,364.0,278.0,234,200,152.0,171.0,161,148.0,159.0,170.0,239.0,268.0,309.0
28,375.0,376.0,409.0,449.0,463.0,443.0,457.0,477.0,416.0,411.0,417.0,307.0,277.0,234,336,273.0,240.0,179,187.0,204.0,246.0,273.0,319.0,321.0
29,346.0,410.0,428.0,421.0,434.0,409.0,483.0,422.0,414.0,441.0,427.0,424.0,259.0,283,266,,,297,193.0,200.0,222.0,223.0,334.0,358.0
30,407.0,433.0,443.0,429.0,447.0,369.0,348.0,335.0,309.0,308.0,396.0,414.0,306.0,189,180,133.0,131.0,120,111.0,113.0,181.0,164.0,217.0,234.0
"
"
May-2022,00:00:00,01:00:00,02:00:00,03:00:00,04:00:00,05:00:00,06:00:00,07:00:00,08:00:00,09:00:00,10:00:00,11:00:00,12:00:00,13:00:00,14:00:00,15:00:00,16:00:00,17:00:00,18:00:00,19:00:00,20:00:00,21:00:00,22:00:00,23:00:00
1,413.0,407.0,396.0,302.0,312.0,340.0,307.0,271.0,271.0,252.0,256.0,348.0,384.0,237.0,233.0,212.0,209.0,206.0,216.0,204.0,228.0,218.0,237.0,216.0
2,189.0,199.0,62.0,200.0,179.0,193.0,182.0,167.0,161.0,210.0,188.0,219.0,222.0,205.0,213.0,197.0,194.0,200.0,224.0,240.0,248.0,212.0,197.0,189.0
3,175.0,168.0,159.0,169.0,169.0,159.0,,167.0,180.0,151.0,,,,,,,,,,,,,,
4,,,,,,,,,,,,195.0,238.0,223.0,245.0,252.0,162.0,194.0,167.0,135.0,117.0,55.0,55.0,68.0
5,84.0,77.0,95.0,58.0,43.0,79.0,113.0,147.0,143.0,145.0,53.0,115.0,62.0,91.0,146.0,139.0,168.0,164.0,181.0,171.0,159.0,191.0,224.0,267.0
6,260.0,318.0,107.0,315.0,270.0,230.0,240.0,260.0,293.0,331.0,315.0,277.0,271.0,268.0,339.0,381.0,315.0,267.0,245.0,246.0,,159.0,152.0,153.0
7,147.0,134.0,117.0,124.0,127.0,127.0,131.0,131.0,171.0,251.0,234.0,374.0,360.0,,167.0,168.0,135.0,125.0,135.0,153.0,162.0,270.0,298.0,290.0
8,325.0,297.0,171.0,133.0,131.0,138.0,123.0,135.0,137.0,152.0,159.0,160.0,174.0,180.0,216.0,217.0,193.0,,,169.0,,,,
9,,,,,,,,,,126.0,146.0,167.0,159.0,,,,139.0,138.0,148.0,155.0,160.0,145.0,163.0,148.0
10,149.0,127.0,129.0,127.0,123.0,124.0,119.0,127.0,127.0,127.0,141.0,141.0,131.0,131.0,131.0,,119.0,125.0,139.0,142.0,150.0,142.0,145.0,149.0
11,,124.0,107.0,91.0,97.0,90.0,97.0,116.0,129.0,135.0,138.0,133.0,144.0,156.0,145.0,155.0,167.0,157.0,150.0,172.0,197.0,182.0,172.0,157.0
12,137.0,122.0,116.0,100.0,105.0,109.0,112.0,122.0,122.0,123.0,137.0,168.0,161.0,148.0,146.0,152.0,146.0,145.0,143.0,162.0,185.0,197.0,246.0,184.0
13,166.0,326.0,189.0,131.0,115.0,99.0,100.0,101.0,111.0,114.0,,130.0,147.0,171.0,177.0,175.0,174.0,189.0,191.0,192.0,,257.0,271.0,234.0
14,260.0,260.0,240.0,223.0,213.0,200.0,217.0,217.0,290.0,497.0,369.0,389.0,207.0,134.0,,,,,,,,,,
15,,,,,,,,,,,,,,,,,,,,,,,,
16,,,,,,,,,,341.0,411.0,,435.0,454.0,429.0,401.0,368.0,325.0,325.0,305.0,300.0,321.0,444.0,378.0
17,399.0,157.0,95.0,66.0,69.0,66.0,69.0,86.0,91.0,121.0,149.0,170.0,215.0,292.0,306.0,295.0,329.0,325.0,290.0,260.0,293.0,276.0,246.0,249.0
18,240.0,,,,,,,,,,,197.0,191.0,,,,,,,153.0,171.0,174.0,167.0,141.0
19,143.0,161.0,129.0,,131.0,122.0,131.0,142.0,173.0,210.0,,185.0,207.0,224.0,217.0,213.0,244.0,199.0,212.0,254.0,301.0,282.0,281.0,255.0
20,244.0,196.0,182.0,172.0,178.0,160.0,175.0,207.0,206.0,252.0,332.0,403.0,370.0,336.0,,295.0,470.0,193.0,212.0,265.0,,407.0,290.0,385.0
21,204.0,406.0,293.0,,424.0,426.0,207.0,153.0,157.0,175.0,229.0,340.0,325.0,,239.0,246.0,289.0,276.0,305.0,300.0,422.0,493.0,400.0,150.0
22,107.0,126.0,143.0,153.0,134.0,127.0,149.0,144.0,142.0,151.0,142.0,144.0,134.0,147.0,147.0,145.0,149.0,155.0,168.0,185.0,210.0,188.0,189.0,177.0
23,179.0,153.0,153.0,124.0,129.0,114.0,417.0,109.0,61.0,26.0,23.0,19.0,34.0,114.0,77.0,81.0,95.0,96.0,95.0,67.0,66.0,70.0,,61.0
24,75.0,66.0,40.0,31.0,42.0,37.0,42.0,40.0,48.0,55.0,60.0,70.0,46.0,52.0,55.0,63.0,74.0,77.0,83.0,90.0,115.0,131.0,131.0,127.0
25,129.0,159.0,310.0,327.0,301.0,278.0,,183.0,203.0,167.0,112.0,109.0,115.0,,123.0,134.0,140.0,138.0,116.0,101.0,129.0,119.0,116.0,123.0
26,135.0,182.0,197.0,178.0,193.0,250.0,302.0,336.0,332.0,250.0,223.0,130.0,129.0,124.0,126.0,127.0,145.0,148.0,130.0,115.0,123.0,160.0,253.0,277.0
27,304.0,302.0,167.0,160.0,147.0,129.0,116.0,119.0,157.0,173.0,186.0,159.0,145.0,175.0,,,,189.0,329.0,,,,,
28,,,,,,,,,,,175.0,256.0,355.0,362.0,368.0,362.0,318.0,315.0,300.0,288.0,265.0,322.0,187.0,147.0
29,147.0,88.0,75.0,80.0,87.0,77.0,75.0,73.0,103.0,193.0,98.0,107.0,92.0,85.0,92.0,77.0,85.0,93.0,107.0,127.0,130.0,127.0,,85.0
30,97.0,93.0,88.0,,75.0,68.0,80.0,95.0,87.0,103.0,113.0,107.0,181.0,184.0,195.0,196.0,207.0,226.0,213.0,77.0,94.0,114.0,,133.0
31,133.0,126.0,121.0,141.0,142.0,144.0,135.0,167.0,,155.0,227.0,318.0,360.0,366.0,355.0,402.0,371.0,369.0,330.0,315.0,,295.0,339.0,404.0
"
"
June-2022,00:00:00,01:00:00,02:00:00,03:00:00,04:00:00,05:00:00,06:00:00,07:00:00,08:00:00,09:00:00,10:00:00,11:00:00,12:00:00,13:00:00,14:00:00,15:00:00,16:00:00,17:00:00,18:00:00,19:00:00,20:00:00,21:00:00,22:00:00,23:00:00
1,366.0,429.0,407.0,414.0,411.0,355.0,308.0,303.0,305.0,417.0,422.0,417.0,288.0,175.0,149.0,148,156.0,167.0,156.0,,,,,
2,,,,,,,,,,,285.0,272.0,,219.0,185.0,172,162.0,156.0,161.0,172.0,179.0,195.0,292.0,254.0
3,257.0,229.0,223.0,222.0,290.0,223.0,307.0,351.0,323.0,410.0,,329.0,224.0,162.0,151.0,143,150.0,169.0,148.0,157.0,183.0,195.0,239.0,193.0
4,278.0,273.0,302.0,281.0,205.0,184.0,205.0,202.0,254.0,,349.0,294.0,179.0,141.0,135.0,121,124.0,133.0,119.0,144.0,177.0,,270.0,305.0
5,,203.0,180.0,180.0,,167.0,161.0,153.0,,202.0,235.0,262.0,268.0,265.0,206.0,179,155.0,149.0,145.0,148.0,168.0,,,
6,,,,,,,,,163.0,179.0,200.0,216.0,250.0,217.0,193.0,148,129.0,133.0,114.0,139.0,181.0,216.0,245.0,259.0
7,230.0,229.0,217.0,186.0,179.0,174.0,179.0,199.0,185.0,243.0,411.0,428.0,426.0,431.0,411.0,370,279.0,300.0,195.0,199.0,249.0,403.0,455.0,453.0
8,430.0,418.0,380.0,296.0,243.0,,290.0,300.0,352.0,388.0,428.0,500.0,500.0,,420.0,325,238.0,199.0,179.0,221.0,210.0,319.0,271.0,267.0
9,294.0,217.0,189.0,193.0,159.0,149.0,149.0,161.0,185.0,230.0,314.0,308.0,289.0,273.0,229.0,215,210.0,202.0,,,,,,
10,,,,,,,,261.0,232.0,279.0,407.0,465.0,,430.0,420.0,408,402.0,330.0,274.0,226.0,235.0,252.0,266.0,293.0
11,207.0,229.0,243.0,217.0,241.0,205.0,170.0,213.0,232.0,259.0,314.0,371.0,319.0,334.0,292.0,268,304.0,243.0,274.0,228.0,251.0,339.0,360.0,329.0
12,336.0,259.0,273.0,,233.0,191.0,195.0,326.0,287.0,262.0,416.0,245.0,232.0,228.0,233.0,233,218.0,199.0,,204.0,238.0,254.0,218.0,241.0
13,221.0,244.0,,153.0,142.0,141.0,119.0,125.0,140.0,151.0,145.0,149.0,185.0,206.0,227.0,321,276.0,223.0,262.0,206.0,181.0,223.0,224.0,296.0
14,204.0,188.0,129.0,122.0,118.0,127.0,139.0,173.0,282.0,406.0,320.0,449.0,278.0,262.0,277.0,293,296.0,,241.0,229.0,244.0,207.0,184.0,135.0
15,,119.0,99.0,100.0,89.0,90.0,99.0,,103.0,131.0,240.0,171.0,,,126.0,118,122.0,123.0,,133.0,151.0,,133.0,134.0
16,,109.0,494.0,,,40.0,63.0,62.0,91.0,,103.0,,90.0,129.0,,105,101.0,109.0,159.0,167.0,105.0,,91.0,74.0
17,88.0,77.0,75.0,84.0,66.0,141.0,37.0,40.0,48.0,45.0,48.0,50.0,52.0,69.0,105.0,151,79.0,77.0,97.0,81.0,74.0,85.0,101.0,105.0
18,83.0,44.0,38.0,38.0,,40.0,55.0,53.0,77.0,51.0,50.0,52.0,50.0,48.0,,74,72.0,52.0,53.0,63.0,64.0,74.0,140.0,73.0
19,114.0,117.0,107.0,94.0,70.0,59.0,92.0,131.0,133.0,123.0,119.0,114.0,89.0,,99.0,82,,67.0,84.0,95.0,,96.0,89.0,
20,90.0,92.0,92.0,122.0,112.0,155.0,131.0,145.0,115.0,119.0,104.0,89.0,131.0,122.0,103.0,97,103.0,105.0,122.0,,,,,
21,,,,,,,,,111.0,114.0,102.0,120.0,123.0,74.0,75.0,83,100.0,73.0,69.0,83.0,95.0,95.0,109.0,120.0
22,113.0,138.0,152.0,157.0,138.0,137.0,125.0,119.0,175.0,102.0,108.0,107.0,120.0,115.0,115.0,115,115.0,131.0,161.0,137.0,127.0,149.0,135.0,107.0
23,105.0,105.0,113.0,150.0,217.0,163.0,119.0,123.0,131.0,124.0,124.0,124.0,121.0,130.0,124.0,126,179.0,226.0,215.0,200.0,188.0,215.0,162.0,177.0
24,168.0,175.0,200.0,160.0,150.0,183.0,193.0,233.0,217.0,197.0,167.0,152.0,169.0,159.0,,159,155.0,153.0,153.0,159.0,177.0,193.0,189.0,235.0
25,268.0,261.0,274.0,257.0,233.0,,191.0,301.0,193.0,257.0,207.0,187.0,167.0,179.0,164.0,143,149.0,148.0,153.0,153.0,157.0,166.0,207.0,193.0
26,232.0,334.0,349.0,253.0,187.0,137.0,119.0,119.0,126.0,133.0,,108.0,117.0,118.0,125.0,118,122.0,122.0,125.0,133.0,,130.0,137.0,131.0
27,129.0,118.0,114.0,101.0,94.0,97.0,104.0,109.0,113.0,118.0,127.0,121.0,118.0,115.0,116.0,109,113.0,114.0,109.0,131.0,137.0,140.0,149.0,
28,143.0,119.0,123.0,,112.0,109.0,,111.0,111.0,130.0,131.0,127.0,119.0,124.0,117.0,115,171.0,163.0,169.0,193.0,217.0,200.0,203.0,233.0
29,230.0,257.0,163.0,183.0,,,,,86.0,113.0,129.0,185.0,212.0,272.0,218.0,193,230.0,162.0,171.0,186.0,197.0,177.0,157.0,137.0
30,130.0,124.0,163.0,127.0,133.0,143.0,150.0,64.0,78.0,59.0,48.0,48.0,45.0,50.0,53.0,53,,63.0,70.0,97.0,95.0,77.0,92.0,67.0
"
"
July-2022,00:00:00,01:00:00,02:00:00,03:00:00,04:00:00,05:00:00,06:00:00,07:00:00,08:00:00,09:00:00,10:00:00,11:00:00,12:00:00,13:00:00,14:00:00,15:00:00,16:00:00,17:00:00,18:00:00,19:00:00,20:00:00,21:00:00,22:00:00,23:00:00
1,56.0,53.0,58.0,44.0,46.0,44.0,51.0,73.0,187.0,120.0,80.0,101.0,107.0,,,,,,,58.0,,,,
2,,,,,,,,,307.0,,,,,,,,,,,,,,,
3,,,,,,,,,,,42.0,41.0,40.0,55.0,48.0,50.0,,55.0,58.0,70.0,80.0,113.0,147.0,260.0
4,267.0,177.0,133.0,105.0,104.0,77.0,77.0,,130.0,240.0,109.0,160.0,167.0,,,,,200.0,109.0,127.0,180.0,193.0,257.0,306.0
5,280.0,290.0,230.0,217.0,200.0,180.0,183.0,257.0,237.0,334.0,200.0,123.0,,111.0,95.0,90.0,94.0,95.0,133.0,,,,,
6,,,,,,,,,123.0,,,,,,,,,,,,,,,
7,,,,,,,,,,99.0,97.0,83.0,79.0,85.0,79.0,90.0,66.0,,,,,,,
8,,,,,,,,,,108.0,105.0,105.0,91.0,68.0,75.0,59.0,69.0,63.0,72.0,103.0,,,,
9,,,,,,,,,,,,,,,,,,,,,,,,
10,,70.0,75.0,88.0,83.0,74.0,74.0,58.0,84.0,87.0,80.0,70.0,63.0,70.0,92.0,74.0,59.0,80.0,81.0,104.0,102.0,84.0,83.0,
11,85.0,97.0,95.0,102.0,96.0,89.0,,83.0,94.0,83.0,80.0,105.0,92.0,102.0,92.0,115.0,122.0,58.0,67.0,107.0,,193.0,170.0,197.0
12,230.0,301.0,280.0,,,,133.0,,74.0,39.0,,48.0,41.0,47.0,50.0,52.0,60.0,46.0,42.0,66.0,78.0,90.0,106.0,101.0
13,,106.0,145.0,,129.0,111.0,,111.0,82.0,,48.0,47.0,54.0,,44.0,43.0,53.0,74.0,83.0,90.0,82.0,91.0,91.0,69.0
14,96.0,120.0,92.0,99.0,93.0,95.0,103.0,101.0,100.0,105.0,83.0,70.0,,63.0,70.0,73.0,112.0,381.0,96.0,111.0,141.0,120.0,70.0,64.0
15,48.0,50.0,52.0,58.0,64.0,72.0,73.0,50.0,56.0,59.0,79.0,80.0,75.0,79.0,78.0,81.0,81.0,126.0,72.0,96.0,109.0,102.0,94.0,90.0
16,78.0,75.0,105.0,89.0,57.0,46.0,48.0,55.0,62.0,69.0,62.0,78.0,72.0,79.0,61.0,37.0,,65.0,62.0,73.0,61.0,45.0,42.0,42.0
17,48.0,50.0,72.0,52.0,39.0,33.0,48.0,,37.0,38.0,42.0,45.0,48.0,48.0,,48.0,163.0,80.0,61.0,58.0,70.0,78.0,94.0,89.0
18,64.0,75.0,80.0,70.0,77.0,78.0,86.0,101.0,105.0,127.0,147.0,129.0,,,,,,,,,,,,
19,102.0,,,,,,,,,,,83.0,88.0,81.0,89.0,70.0,43.0,52.0,64.0,84.0,116.0,82.0,123.0,141.0
20,156.0,101.0,101.0,110.0,,107.0,97.0,94.0,103.0,115.0,67.0,70.0,66.0,53.0,55.0,80.0,52.0,60.0,72.0,,53.0,48.0,53.0,52.0
21,34.0,25.0,,42.0,35.0,30.0,35.0,41.0,45.0,79.0,,99.0,78.0,75.0,107.0,114.0,119.0,116.0,115.0,143.0,187.0,183.0,243.0,203.0
22,,,,,,,,,,,,,107.0,,,,,,,80.0,67.0,97.0,,95.0
23,83.0,75.0,84.0,74.0,64.0,52.0,63.0,55.0,55.0,50.0,58.0,58.0,57.0,67.0,62.0,51.0,64.0,59.0,51.0,61.0,72.0,73.0,101.0,70.0
24,79.0,,83.0,,58.0,51.0,46.0,50.0,55.0,45.0,40.0,56.0,63.0,59.0,52.0,57.0,42.0,51.0,50.0,56.0,72.0,52.0,68.0,77.0
25,88.0,84.0,64.0,38.0,42.0,52.0,47.0,53.0,42.0,56.0,57.0,52.0,57.0,63.0,61.0,58.0,52.0,41.0,50.0,,,,,
26,,,,,,,,,,,,,,,,,,,,,,,,
27,,,,,,,,,,,,,68.0,62.0,42.0,42.0,,79.0,75.0,72.0,84.0,70.0,62.0,52.0
28,50.0,58.0,,,,,,,,45.0,47.0,50.0,62.0,52.0,40.0,41.0,63.0,40.0,40.0,38.0,45.0,,65.0,68.0
29,67.0,52.0,39.0,34.0,,41.0,29.0,33.0,47.0,52.0,61.0,72.0,66.0,57.0,67.0,79.0,43.0,47.0,42.0,45.0,62.0,60.0,50.0,55.0
30,55.0,45.0,38.0,22.0,37.0,28.0,28.0,27.0,40.0,50.0,55.0,50.0,61.0,,85.0,84.0,83.0,56.0,45.0,53.0,51.0,57.0,83.0,92.0
31,100.0,72.0,27.0,10.0,23.0,23.0,27.0,27.0,43.0,48.0,52.0,,47.0,43.0,40.0,33.0,35.0,33.0,37.0,33.0,50.0,48.0,60.0,52.0
"
"
August-2022,00:00:00,01:00:00,02:00:00,03:00:00,04:00:00,05:00:00,06:00:00,07:00:00,08:00:00,09:00:00,10:00:00,11:00:00,12:00:00,13:00:00,14:00:00,15:00:00,16:00:00,17:00:00,18:00:00,19:00:00,20:00:00,21:00:00,22:00:00,23:00:00
1,43.0,40.0,33.0,9.0,35.0,35.0,52.0,52.0,45.0,35.0,32.0,30.0,33.0,30.0,81.0,74.0,57.0,61.0,59.0,70.0,77.0,85.0,68.0,66.0
2,57.0,52.0,67.0,68.0,67.0,72.0,68.0,59.0,72.0,89.0,80.0,77.0,68.0,61.0,53.0,67.0,63.0,62.0,59.0,78.0,92.0,89.0,95.0,99.0
3,113.0,116.0,114.0,77.0,79.0,86.0,102.0,100.0,111.0,115.0,119.0,111.0,92.0,97.0,91.0,109.0,97.0,109.0,94.0,102.0,,,122.0,126.0
4,126.0,103.0,94.0,77.0,78.0,93.0,118.0,117.0,114.0,106.0,97.0,93.0,103.0,110.0,95.0,118.0,111.0,86.0,92.0,111.0,,,83.0,
5,66.0,,47.0,39.0,50.0,48.0,42.0,78.0,83.0,,97.0,78.0,87.0,50.0,58.0,55.0,,103.0,68.0,,77.0,108.0,,177.0
6,,,105.0,,95.0,92.0,,,167.0,157.0,,50.0,79.0,42.0,52.0,88.0,97.0,92.0,,113.0,,,,160.0
7,,,,127.0,130.0,123.0,115.0,,163.0,,,58.0,,,,,48.0,45.0,45.0,50.0,86.0,91.0,69.0,94.0
8,,89.0,57.0,57.0,53.0,59.0,69.0,88.0,,,,80.0,,,,103.0,88.0,69.0,,111.0,,107.0,,123.0
9,143.0,,138.0,,183.0,105.0,,,107.0,,107.0,84.0,64.0,,,64.0,,66.0,,,68.0,,91.0,115.0
10,126.0,111.0,131.0,,,104.0,,124.0,127.0,,58.0,,61.0,,69.0,,44.0,,44.0,56.0,65.0,95.0,96.0,
11,,73.0,,40.0,44.0,40.0,40.0,40.0,,,44.0,41.0,,,,45.0,42.0,47.0,47.0,66.0,63.0,70.0,72.0,69.0
12,64.0,56.0,64.0,66.0,62.0,79.0,,,,,,,,,,,,,,,55.0,55.0,81.0,61.0
13,48.0,41.0,46.0,36.0,47.0,40.0,43.0,57.0,66.0,73.0,74.0,62.0,55.0,59.0,57.0,45.0,70.0,56.0,62.0,64.0,83.0,80.0,92.0,84.0
14,85.0,77.0,75.0,64.0,34.0,39.0,42.0,31.0,42.0,40.0,40.0,45.0,62.0,69.0,67.0,70.0,,53.0,57.0,65.0,62.0,75.0,99.0,73.0
15,70.0,77.0,58.0,53.0,46.0,44.0,38.0,37.0,42.0,43.0,45.0,45.0,45.0,45.0,40.0,40.0,40.0,37.0,37.0,45.0,42.0,50.0,55.0,53.0
16,51.0,46.0,52.0,38.0,36.0,39.0,32.0,35.0,35.0,46.0,41.0,64.0,63.0,104.0,86.0,44.0,43.0,57.0,73.0,43.0,48.0,50.0,52.0,47.0
17,43.0,38.0,32.0,17.0,30.0,33.0,37.0,40.0,42.0,42.0,40.0,42.0,42.0,40.0,41.0,40.0,40.0,38.0,38.0,40.0,48.0,60.0,70.0,63.0
18,59.0,60.0,73.0,,56.0,33.0,35.0,35.0,48.0,48.0,47.0,47.0,45.0,59.0,68.0,59.0,56.0,48.0,42.0,67.0,84.0,89.0,83.0,91.0
19,100.0,90.0,75.0,56.0,51.0,34.0,32.0,35.0,36.0,45.0,46.0,50.0,55.0,41.0,53.0,50.0,53.0,58.0,57.0,57.0,45.0,56.0,78.0,79.0
20,80.0,73.0,99.0,78.0,61.0,77.0,53.0,57.0,63.0,78.0,86.0,100.0,89.0,83.0,45.0,55.0,55.0,67.0,75.0,75.0,104.0,109.0,107.0,120.0
21,123.0,115.0,,147.0,124.0,113.0,183.0,119.0,150.0,,101.0,100.0,,99.0,105.0,100.0,91.0,92.0,86.0,97.0,105.0,117.0,114.0,108.0
22,111.0,111.0,119.0,109.0,105.0,105.0,117.0,117.0,122.0,131.0,131.0,,95.0,79.0,,70.0,59.0,67.0,,74.0,81.0,89.0,,79.0
23,80.0,59.0,58.0,62.0,65.0,73.0,,60.0,69.0,,84.0,98.0,101.0,114.0,99.0,107.0,111.0,101.0,91.0,77.0,53.0,52.0,57.0,40.0
24,39.0,35.0,39.0,30.0,30.0,,35.0,35.0,40.0,,53.0,59.0,75.0,67.0,68.0,67.0,58.0,73.0,52.0,80.0,84.0,68.0,,69.0
25,53.0,58.0,75.0,48.0,56.0,47.0,46.0,53.0,69.0,92.0,103.0,100.0,105.0,112.0,159.0,117.0,55.0,115.0,129.0,179.0,189.0,167.0,184.0,192.0
26,123.0,,123.0,125.0,160.0,150.0,104.0,102.0,108.0,125.0,131.0,114.0,107.0,122.0,112.0,115.0,102.0,104.0,107.0,139.0,165.0,134.0,131.0,120.0
27,102.0,91.0,88.0,103.0,108.0,101.0,104.0,109.0,119.0,133.0,,157.0,,,,,,,,,,,,
28,,123.0,137.0,133.0,131.0,133.0,137.0,130.0,146.0,144.0,171.0,171.0,163.0,163.0,157.0,146.0,146.0,143.0,147.0,157.0,151.0,164.0,159.0,162.0
29,159.0,162.0,157.0,153.0,153.0,142.0,142.0,138.0,143.0,172.0,188.0,235.0,190.0,230.0,222.0,178.0,167.0,172.0,181.0,199.0,173.0,112.0,80.0,81.0
30,68.0,72.0,100.0,112.0,103.0,107.0,101.0,111.0,119.0,134.0,163.0,188.0,219.0,265.0,205.0,205.0,141.0,153.0,181.0,190.0,129.0,120.0,139.0,145.0
31,134.0,131.0,113.0,109.0,119.0,97.0,111.0,107.0,,139.0,149.0,153.0,161.0,168.0,137.0,144.0,169.0,157.0,199.0,168.0,139.0,126.0,,
"
"
September-2022,00:00:00,01:00:00,02:00:00,03:00:00,04:00:00,05:00:00,06:00:00,07:00:00,08:00:00,09:00:00,10:00:00,11:00:00,12:00:00,13:00:00,14:00:00,15:00:00,16:00:00,17:00:00,18:00:00,19:00:00,20:00:00,21:00:00,22:00:00,23:00:00
1,,,,,,,,,,,147.0,,109.0,117,118.0,117,116.0,109.0,155.0,186.0,122.0,127.0,141.0,134.0
2,153.0,124.0,103.0,103.0,101.0,125.0,120.0,111.0,,121.0,121.0,160.0,143.0,150,156.0,120,,186.0,155.0,143.0,205.0,135.0,129.0,193.0
3,193.0,203.0,157.0,141.0,109.0,108.0,99.0,86.0,127.0,123.0,156.0,171.0,138.0,130,124.0,108,120.0,108.0,,99.0,133.0,122.0,,
4,,,,,,,,84.0,,238.0,118.0,119.0,101.0,86,,78,85.0,67.0,74.0,70.0,,84.0,123.0,119.0
5,101.0,122.0,434.0,73.0,123.0,88.0,137.0,62.0,88.0,103.0,115.0,120.0,122.0,112,101.0,112,98.0,,101.0,,150.0,130.0,135.0,129.0
6,133.0,157.0,120.0,304.0,89.0,101.0,122.0,107.0,117.0,129.0,143.0,146.0,127.0,114,111.0,125,105.0,107.0,,,,123.0,140.0,127.0
7,121.0,117.0,108.0,114.0,109.0,118.0,97.0,99.0,115.0,121.0,146.0,153.0,138.0,130,127.0,107,109.0,89.0,,144.0,143.0,145.0,131.0,148.0
8,146.0,145.0,142.0,121.0,,115.0,129.0,122.0,134.0,170.0,233.0,149.0,137.0,139,153.0,142,131.0,124.0,,133.0,150.0,165.0,178.0,267.0
9,197.0,116.0,107.0,105.0,113.0,120.0,120.0,140.0,127.0,160.0,147.0,130.0,117.0,127,133.0,155,122.0,137.0,133.0,124.0,108.0,120.0,123.0,105.0
10,113.0,213.0,120.0,95.0,107.0,133.0,183.0,177.0,200.0,160.0,113.0,102.0,107.0,74,74.0,101,108.0,92.0,99.0,94.0,103.0,85.0,109.0,109.0
11,107.0,115.0,87.0,75.0,74.0,67.0,57.0,57.0,62.0,69.0,52.0,62.0,73.0,94,79.0,62,69.0,75.0,77.0,83.0,91.0,105.0,122.0,109.0
12,105.0,81.0,67.0,73.0,63.0,50.0,55.0,55.0,56.0,,70.0,80.0,78.0,73,90.0,90,55.0,85.0,73.0,83.0,107.0,99.0,105.0,111.0
13,109.0,111.0,113.0,123.0,30.0,44.0,33.0,55.0,50.0,47.0,58.0,45.0,46.0,57,73.0,84,,66.0,56.0,68.0,78.0,61.0,67.0,62.0
14,101.0,84.0,67.0,57.0,38.0,40.0,40.0,40.0,42.0,48.0,61.0,81.0,94.0,73,85.0,83,94.0,50.0,55.0,47.0,48.0,45.0,50.0,
15,44.0,35.0,40.0,29.0,40.0,40.0,40.0,40.0,43.0,47.0,52.0,55.0,56.0,62,39.0,35,37.0,40.0,37.0,40.0,42.0,45.0,45.0,40.0
16,40.0,35.0,35.0,12.0,35.0,35.0,35.0,42.0,,42.0,40.0,45.0,,40,43.0,47,47.0,48.0,58.0,67.0,63.0,,80.0,92.0
17,93.0,93.0,66.0,47.0,47.0,48.0,48.0,41.0,52.0,80.0,97.0,,114.0,122,121.0,123,119.0,130.0,138.0,151.0,159.0,127.0,100.0,101.0
18,70.0,99.0,78.0,67.0,74.0,67.0,86.0,91.0,102.0,47.0,56.0,79.0,141.0,145,145.0,152,155.0,151.0,133.0,127.0,170.0,187.0,179.0,206.0
19,260.0,,,,,,,,,,,,170.0,171,195.0,181,177.0,172.0,164.0,109.0,121.0,129.0,123.0,141.0
20,140.0,159.0,163.0,164.0,180.0,200.0,240.0,257.0,253.0,,111.0,103.0,107.0,103,,73,74.0,109.0,53.0,75.0,79.0,,104.0,127.0
21,88.0,90.0,90.0,90.0,81.0,90.0,123.0,277.0,237.0,273.0,302.0,293.0,220.0,200,111.0,53,52.0,60.0,,96.0,111.0,113.0,85.0,69.0
22,46.0,47.0,38.0,62.0,77.0,112.0,107.0,89.0,,86.0,78.0,,44.0,40,45.0,45,47.0,52.0,52.0,60.0,65.0,58.0,62.0,47.0
23,35.0,33.0,35.0,31.0,,40.0,37.0,38.0,55.0,50.0,47.0,53.0,58.0,70,177.0,180,203.0,35.0,42.0,43.0,60.0,65.0,57.0,48.0
24,40.0,41.0,40.0,57.0,40.0,44.0,40.0,59.0,58.0,63.0,60.0,58.0,57.0,52,56.0,57,61.0,52.0,46.0,,53.0,58.0,60.0,47.0
25,42.0,40.0,42.0,31.0,40.0,37.0,35.0,35.0,45.0,45.0,47.0,53.0,50.0,50,53.0,51,46.0,45.0,46.0,53.0,96.0,146.0,157.0,138.0
26,160.0,163.0,182.0,181.0,,140.0,160.0,105.0,116.0,133.0,191.0,130.0,,96,80.0,107,115.0,100.0,108.0,101.0,92.0,115.0,129.0,131.0
27,101.0,109.0,80.0,88.0,,84.0,84.0,105.0,111.0,133.0,97.0,100.0,,91,91.0,94,101.0,109.0,,113.0,127.0,166.0,145.0,181.0
28,168.0,153.0,,121.0,107.0,123.0,148.0,197.0,141.0,228.0,,190.0,163.0,141,130.0,119,112.0,107.0,,113.0,150.0,175.0,183.0,155.0
29,142.0,165.0,,164.0,130.0,119.0,143.0,220.0,270.0,243.0,233.0,135.0,131.0,118,108.0,112,103.0,101.0,104.0,118.0,124.0,146.0,235.0,197.0
30,187.0,177.0,207.0,230.0,193.0,207.0,200.0,223.0,223.0,290.0,303.0,230.0,233.0,163,130.0,125,122.0,118.0,129.0,137.0,152.0,180.0,217.0,270.0
"
"
October-2022,00:00:00,01:00:00,02:00:00,03:00:00,04:00:00,05:00:00,06:00:00,07:00:00,08:00:00,09:00:00,10:00:00,11:00:00,12:00:00,13:00:00,14:00:00,15:00:00,16:00:00,17:00:00,18:00:00,19:00:00,20:00:00,21:00:00,22:00:00,23:00:00
1,253.0,,297.0,273.0,270.0,257.0,290.0,243.0,303.0,323.0,305.0,177.0,148.0,137.0,121.0,120.0,109.0,100.0,111,127.0,150,155.0,200.0,223.0
2,197.0,207.0,197.0,193.0,207.0,207.0,257.0,230.0,243.0,277.0,277.0,187.0,107.0,78.0,73.0,63.0,57.0,58.0,63,60.0,77,87.0,110.0,107.0
3,83.0,83.0,95.0,85.0,67.0,60.0,57.0,77.0,77.0,75.0,103.0,98.0,77.0,150.0,135.0,131.0,123.0,131.0,126,119.0,131,111.0,119.0,119.0
4,116.0,121.0,107.0,109.0,123.0,115.0,135.0,133.0,118.0,149.0,173.0,227.0,250.0,182.0,175.0,135.0,121.0,126.0,133,145.0,152,148.0,151.0,171.0
5,250.0,307.0,336.0,307.0,305.0,304.0,280.0,273.0,302.0,297.0,304.0,307.0,315.0,267.0,250.0,180.0,129.0,131.0,149,147.0,134,107.0,143.0,170.0
6,133.0,,51.0,40.0,33.0,32.0,30.0,32.0,45.0,,62.0,68.0,48.0,48.0,58.0,,57.0,66.0,62,85.0,72,45.0,46.0,35.0
7,35.0,32.0,35.0,25.0,40.0,52.0,40.0,40.0,42.0,40.0,43.0,46.0,51.0,53.0,55.0,80.0,,45.0,50,50.0,48,52.0,56.0,45.0
8,,,,,,,,,42.0,43.0,50.0,50.0,48.0,52.0,43.0,42.0,40.0,40.0,40,40.0,45,47.0,43.0,40.0
9,38.0,33.0,35.0,11.0,35.0,35.0,35.0,,35.0,38.0,43.0,45.0,45.0,43.0,45.0,,10.0,11.0,10,13.0,13,15.0,13.0,
10,11.0,11.0,10.0,8.0,12.0,22.0,10.0,,28.0,9.0,16.0,24.0,15.0,33.0,40.0,,42.0,47.0,45,24.0,23,46.0,47.0,
11,38.0,38.0,37.0,33.0,28.0,30.0,47.0,48.0,55.0,72.0,66.0,75.0,77.0,84.0,99.0,,109.0,81.0,102,111.0,134,183.0,213.0,294.0
12,270.0,217.0,233.0,240.0,223.0,157.0,129.0,130.0,150.0,180.0,253.0,316.0,240.0,133.0,131.0,118.0,127.0,111.0,107,123.0,143,142.0,151.0,135.0
13,108.0,112.0,119.0,118.0,91.0,99.0,85.0,99.0,137.0,146.0,139.0,156.0,137.0,126.0,99.0,94.0,81.0,74.0,74,38.0,110,182.0,170.0,157.0
14,183.0,217.0,197.0,217.0,133.0,177.0,200.0,170.0,200.0,237.0,203.0,177.0,161.0,131.0,119.0,117.0,112.0,119.0,141,170.0,193,202.0,,230.0
15,220.0,250.0,270.0,277.0,293.0,280.0,207.0,177.0,220.0,297.0,293.0,270.0,180.0,144.0,133.0,127.0,129.0,144.0,147,172.0,193,230.0,301.0,267.0
16,268.0,233.0,319.0,304.0,,,,,,,,,,,,,,24.0,122,155.0,182,246.0,307.0,312.0
17,326.0,354.0,328.0,348.0,314.0,301.0,290.0,301.0,311.0,327.0,305.0,250.0,222.0,197.0,186.0,184.0,155.0,181.0,166,204.0,219,306.0,312.0,328.0
18,325.0,324.0,320.0,320.0,328.0,323.0,293.0,287.0,270.0,301.0,395.0,295.0,263.0,202.0,175.0,156.0,144.0,129.0,140,152.0,185,368.0,472.0,402.0
19,369.0,382.0,321.0,315.0,311.0,293.0,307.0,302.0,290.0,301.0,200.0,189.0,166.0,153.0,134.0,133.0,127.0,,129,201.0,251,326.0,321.0,382.0
20,410.0,346.0,306.0,287.0,301.0,260.0,250.0,237.0,217.0,243.0,211.0,260.0,249.0,153.0,149.0,150.0,137.0,129.0,171,259.0,371,354.0,388.0,474.0
21,426.0,335.0,352.0,361.0,315.0,308.0,303.0,305.0,303.0,324.0,346.0,325.0,301.0,182.0,153.0,145.0,144.0,144.0,138,147.0,404,374.0,403.0,426.0
22,427.0,451.0,378.0,340.0,341.0,344.0,348.0,328.0,333.0,332.0,311.0,315.0,302.0,207.0,155.0,131.0,129.0,,151,189.0,332,257.0,280.0,315.0
23,301.0,312.0,303.0,253.0,302.0,328.0,304.0,277.0,290.0,321.0,322.0,332.0,329.0,319.0,260.0,243.0,217.0,197.0,160,223.0,303,405.0,405.0,378.0
24,370.0,404.0,378.0,332.0,331.0,,332.0,327.0,328.0,332.0,348.0,354.0,338.0,,310.0,183.0,200.0,157.0,130,167.0,273,,375.0,486.0
25,500.0,500.0,500.0,466.0,353.0,332.0,318.0,331.0,316.0,333.0,324.0,310.0,260.0,239.0,172.0,155.0,160.0,142.0,162,172.0,217,287.0,318.0,335.0
26,339.0,322.0,341.0,325.0,338.0,346.0,337.0,328.0,307.0,250.0,315.0,253.0,257.0,277.0,,,253.0,287.0,277,280.0,448,500.0,499.0,480.0
27,486.0,469.0,495.0,476.0,472.0,462.0,453.0,438.0,430.0,399.0,424.0,410.0,356.0,341.0,322.0,319.0,308.0,277.0,277,304.0,366,500.0,469.0,430.0
28,428.0,459.0,429.0,395.0,404.0,413.0,400.0,400.0,391.0,420.0,446.0,452.0,452.0,453.0,433.0,365.0,339.0,337.0,338,375.0,421,479.0,479.0,480.0
29,483.0,500.0,486.0,454.0,450.0,453.0,447.0,447.0,444.0,454.0,479.0,441.0,431.0,432.0,386.0,303.0,310.0,302.0,302,314.0,394,423.0,419.0,449.0
30,463.0,449.0,436.0,442.0,465.0,449.0,435.0,433.0,434.0,425.0,386.0,323.0,309.0,,,,338.0,338.0,353,371.0,407,432.0,441.0,450.0
31,460.0,464.0,466.0,449.0,446.0,439.0,429.0,405.0,360.0,349.0,403.0,437.0,457.0,459.0,473.0,471.0,,437.0,433,,468,487.0,500.0,500.0
"
"
November-2022,00:00:00,01:00:00,02:00:00,03:00:00,04:00:00,05:00:00,06:00:00,07:00:00,08:00:00,09:00:00,10:00:00,11:00:00,12:00:00,13:00:00,14:00:00,15:00:00,16:00:00,17:00:00,18:00:00,19:00:00,20:00:00,21:00:00,22:00:00,23:00:00
1,500.0,500.0,500.0,500.0,500.0,500.0,496.0,483.0,483.0,472.0,473,461.0,466,457,401.0,354.0,280.0,307.0,335.0,353.0,431.0,452.0,424.0,416.0
2,424.0,429.0,428.0,426.0,420.0,423.0,431.0,427.0,420.0,403.0,454,467.0,447,429,403.0,396.0,371.0,357.0,385.0,413.0,449.0,459.0,438.0,425.0
3,414.0,500.0,500.0,500.0,500.0,500.0,500.0,,500.0,500.0,500,,500,500,500.0,,361.0,373.0,389.0,,448.0,500.0,500.0,
4,500.0,500.0,496.0,491.0,487.0,480.0,479.0,480.0,484.0,500.0,500,,469,479,492.0,465.0,460.0,453.0,468.0,500.0,454.0,434.0,423.0,441.0
5,436.0,423.0,391.0,385.0,370.0,358.0,365.0,379.0,382.0,387.0,382,375.0,373,366,362.0,361.0,354.0,354.0,351.0,354.0,365.0,368.0,372.0,384.0
6,372.0,356.0,357.0,358.0,353.0,342.0,352.0,372.0,382.0,380.0,359,335.0,318,314,312.0,315.0,318.0,322.0,324.0,334.0,353.0,388.0,380.0,370.0
7,382.0,,406.0,430.0,459.0,440.0,434.0,421.0,395.0,407.0,419,388.0,357,325,324.0,273.0,217.0,183.0,257.0,305.0,384.0,438.0,451.0,436.0
8,458.0,452.0,444.0,424.0,410.0,405.0,413.0,434.0,428.0,426.0,411,395.0,354,438,392.0,404.0,440.0,400.0,410.0,393.0,,441.0,454.0,420.0
9,203.0,160.0,197.0,110.0,,250.0,290.0,316.0,297.0,319.0,320,233.0,167,133,163.0,,,160.0,163.0,183.0,273.0,346.0,420.0,403.0
10,403.0,423.0,433.0,431.0,418.0,404.0,378.0,342.0,332.0,366.0,323,271.0,193,280,306.0,167.0,157.0,131.0,138.0,177.0,213.0,287.0,342.0,441.0
11,447.0,447.0,444.0,456.0,456.0,460.0,451.0,454.0,463.0,478.0,476,399.0,333,318,230.0,146.0,123.0,123.0,140.0,159.0,178.0,207.0,233.0,280.0
12,312.0,416.0,446.0,457.0,460.0,453.0,430.0,420.0,408.0,405.0,413,362.0,334,311,160.0,153.0,131.0,126.0,157.0,213.0,257.0,304.0,346.0,325.0
13,307.0,345.0,369.0,382.0,396.0,392.0,393.0,388.0,379.0,375.0,387,350.0,318,250,,193.0,200.0,167.0,187.0,,306.0,341.0,338.0,356.0
14,380.0,384.0,387.0,380.0,369.0,,357.0,354.0,356.0,345.0,340,302.0,270,197,139.0,137.0,,194.0,270.0,,406.0,354.0,312.0,287.0
15,250.0,250.0,207.0,197.0,170.0,170.0,147.0,187.0,162.0,168.0,223,293.0,267,293,180.0,150.0,162.0,173.0,163.0,197.0,240.0,257.0,,
16,,,,,,,,,,15.0,341,322.0,334,237,140.0,109.0,125.0,129.0,137.0,147.0,164.0,193.0,273.0,312.0
17,348.0,361.0,342.0,359.0,386.0,388.0,375.0,378.0,370.0,354.0,345,341.0,328,180,148.0,155.0,135.0,,,,,,,
18,,,,,,,,,,,420,401.0,336,320,237.0,140.0,131.0,135.0,134.0,177.0,257.0,277.0,307.0,308.0
19,310.0,321.0,323.0,344.0,357.0,366.0,375.0,378.0,361.0,336.0,338,370.0,336,324,129.0,150.0,125.0,138.0,133.0,192.0,250.0,308.0,321.0,332.0
20,353.0,379.0,362.0,358.0,374.0,386.0,362.0,358.0,391.0,398.0,397,398.0,375,318,315.0,223.0,183.0,170.0,230.0,277.0,352.0,335.0,388.0,401.0
21,359.0,345.0,346.0,353.0,350.0,337.0,329.0,334.0,318.0,320.0,341,355.0,379,345,253.0,145.0,149.0,147.0,151.0,243.0,223.0,270.0,304.0,316.0
22,328.0,308.0,302.0,311.0,318.0,318.0,318.0,316.0,311.0,309.0,307,297.0,293,207,153.0,143.0,143.0,127.0,139.0,172.0,179.0,200.0,302.0,325.0
23,297.0,273.0,273.0,257.0,270.0,260.0,273.0,297.0,311.0,308.0,318,324.0,307,233,174.0,157.0,153.0,133.0,145.0,164.0,182.0,270.0,316.0,280.0
24,253.0,143.0,193.0,200.0,233.0,257.0,312.0,302.0,207.0,270.0,250,257.0,250,163,163.0,147.0,160.0,177.0,156.0,281.0,245.0,307.0,405.0,451.0
25,443.0,436.0,450.0,401.0,369.0,378.0,370.0,338.0,351.0,328.0,304,312.0,301,303,311.0,259.0,203.0,183.0,250.0,308.0,358.0,371.0,367.0,413.0
26,401.0,386.0,391.0,391.0,375.0,371.0,392.0,230.0,234.0,272.0,304,277.0,256,249,205.0,184.0,189.0,174.0,160.0,226.0,350.0,340.0,367.0,378.0
27,363.0,,374.0,372.0,370.0,373.0,371.0,361.0,388.0,388.0,383,383.0,359,338,305.0,233.0,200.0,193.0,207.0,292.0,368.0,413.0,394.0,405.0
28,500.0,418.0,426.0,420.0,439.0,407.0,402.0,405.0,400.0,379.0,402,370.0,432,349,323.0,304.0,220.0,193.0,243.0,400.0,429.0,411.0,428.0,425.0
29,464.0,459.0,460.0,453.0,467.0,480.0,469.0,469.0,459.0,447.0,449,456.0,463,349,348.0,339.0,257.0,306.0,293.0,349.0,332.0,376.0,376.0,449.0
30,464.0,469.0,457.0,447.0,438.0,432.0,425.0,400.0,382.0,383.0,416,443.0,435,407,371.0,336.0,311.0,280.0,230.0,306.0,361.0,366.0,368.0,399.0
"
"
December-2022,00:00:00,01:00:00,02:00:00,03:00:00,04:00:00,05:00:00,06:00:00,07:00:00,08:00:00,09:00:00,10:00:00,11:00:00,12:00:00,13:00:00,14:00:00,15:00:00,16:00:00,17:00:00,18:00:00,19:00:00,20:00:00,21:00:00,22:00:00,23:00:00
1,410.0,422.0,421.0,427.0,418.0,426.0,420.0,404.0,411.0,395.0,410.0,423.0,417.0,365.0,368.0,348,312,303.0,309,,,,,
2,,,,,,,,,362.0,350.0,342.0,384.0,400.0,365.0,351.0,315,315,293.0,297,309.0,,436.0,450.0,466.0
3,444.0,432.0,443.0,426.0,420.0,407.0,410.0,388.0,380.0,407.0,440.0,403.0,391.0,306.0,328.0,336,345,350.0,389,,,,462.0,
4,,,,,,,,441.0,435.0,444.0,449.0,462.0,418.0,369.0,328.0,321,290,240.0,250,301.0,325.0,355.0,388.0,418.0
5,416.0,404.0,407.0,410.0,407.0,365.0,342.0,350.0,358.0,367.0,389.0,412.0,372.0,358.0,302.0,287,260,257.0,230,302.0,324.0,362.0,396.0,395.0
6,387.0,407.0,384.0,356.0,362.0,365.0,345.0,354.0,341.0,351.0,358.0,388.0,365.0,365.0,358.0,345,322,243.0,213,301.0,319.0,342.0,370.0,341.0
7,342.0,325.0,331.0,322.0,320.0,307.0,304.0,310.0,312.0,331.0,341.0,337.0,327.0,311.0,230.0,238,175,162.0,173,192.0,309.0,332.0,353.0,325.0
8,323.0,320.0,320.0,329.0,338.0,338.0,340.0,320.0,315.0,318.0,327.0,344.0,333.0,304.0,230.0,183,160,167.0,193,290.0,322.0,345.0,368.0,392.0
9,392.0,400.0,410.0,403.0,390.0,388.0,358.0,332.0,311.0,306.0,342.0,342.0,328.0,315.0,312.0,273,253,290.0,183,233.0,341.0,388.0,408.0,416.0
10,443.0,433.0,427.0,420.0,421.0,411.0,401.0,423.0,425.0,449.0,454.0,449.0,460.0,459.0,382.0,305,273,203.0,183,301.0,320.0,354.0,447.0,500.0
11,423.0,423.0,383.0,342.0,318.0,321.0,318.0,336.0,322.0,328.0,328.0,334.0,324.0,318.0,316.0,160,147,135.0,143,177.0,207.0,308.0,273.0,320.0
12,290.0,220.0,237.0,243.0,217.0,,,223.0,207.0,223.0,310.0,303.0,,229.0,170.0,170,125,119.0,139,181.0,223.0,230.0,287.0,240.0
13,277.0,220.0,280.0,177.0,113.0,120.0,143.0,143.0,183.0,217.0,223.0,185.0,177.0,179.0,167.0,204,170,,146,177.0,189.0,167.0,153.0,145.0
14,129.0,160.0,163.0,180.0,183.0,143.0,240.0,180.0,207.0,253.0,277.0,260.0,217.0,140.0,161.0,194,152,125.0,112,141.0,197.0,297.0,323.0,325.0
15,253.0,328.0,312.0,302.0,167.0,233.0,213.0,230.0,203.0,180.0,203.0,177.0,166.0,156.0,141.0,135,129,126.0,134,151.0,223.0,301.0,325.0,260.0
16,220.0,220.0,193.0,177.0,150.0,217.0,260.0,253.0,260.0,315.0,322.0,306.0,287.0,217.0,187.0,181,200,187.0,180,223.0,307.0,355.0,376.0,398.0
17,409.0,400.0,375.0,370.0,362.0,391.0,388.0,342.0,322.0,318.0,341.0,344.0,310.0,277.0,237.0,267,150,170.0,147,203.0,322.0,346.0,396.0,404.0
18,429.0,459.0,450.0,453.0,444.0,424.0,402.0,372.0,362.0,373.0,379.0,378.0,387.0,423.0,417.0,400,373,387.0,387,420.0,472.0,500.0,500.0,500.0
19,500.0,483.0,462.0,466.0,447.0,,,,,,,428.0,428.0,447.0,410.0,401,386,345.0,323,342.0,371.0,408.0,440.0,470.0
20,456.0,417.0,414.0,378.0,375.0,384.0,388.0,358.0,352.0,355.0,358.0,363.0,396.0,380.0,429.0,403,325,250.0,280,273.0,325.0,393.0,418.0,
21,413.0,401.0,355.0,329.0,320.0,314.0,314.0,320.0,331.0,304.0,297.0,305.0,316.0,337.0,318.0,315,316,315.0,332,359.0,401.0,392.0,429.0,452.0
22,407.0,346.0,379.0,305.0,305.0,290.0,243.0,312.0,287.0,261.0,315.0,348.0,378.0,405.0,418.0,393,387,359.0,369,378.0,373.0,401.0,420.0,437.0
23,411.0,472.0,372.0,380.0,353.0,305.0,280.0,277.0,240.0,233.0,267.0,280.0,332.0,358.0,349.0,321,305,332.0,335,371.0,449.0,462.0,474.0,486.0
24,442.0,414.0,373.0,355.0,348.0,370.0,367.0,337.0,351.0,350.0,366.0,331.0,318.0,,,233,243,180.0,223,301.0,319.0,333.0,349.0,341.0
25,325.0,328.0,351.0,325.0,315.0,312.0,315.0,316.0,312.0,312.0,321.0,351.0,385.0,370.0,362.0,348,340,328.0,325,345.0,362.0,375.0,390.0,374.0
26,363.0,362.0,367.0,324.0,323.0,320.0,318.0,318.0,305.0,240.0,237.0,,361.0,341.0,400.0,414,418,417.0,370,351.0,362.0,396.0,410.0,435.0
27,437.0,460.0,441.0,355.0,328.0,315.0,304.0,303.0,301.0,312.0,306.0,306.0,342.0,345.0,337.0,329,319,297.0,303,333.0,374.0,416.0,413.0,383.0
28,365.0,,,,,,,,,,,356.0,338.0,322.0,302.0,240,203,186.0,200,207.0,331.0,355.0,358.0,348.0
29,344.0,319.0,349.0,304.0,309.0,321.0,332.0,337.0,332.0,334.0,345.0,356.0,345.0,355.0,345.0,341,359,357.0,342,404.0,450.0,477.0,499.0,478.0
30,476.0,469.0,462.0,460.0,444.0,404.0,409.0,416.0,406.0,401.0,404.0,404.0,392.0,382.0,368.0,354,328,314.0,344,357.0,396.0,500.0,496.0,500.0
31,500.0,500.0,469.0,400.0,391.0,378.0,365.0,355.0,348.0,308.0,277.0,277.0,303.0,302.0,237.0,200,193,200.0,197,233.0,318.0,311.0,314.0,325.0
"
"
Year,2023
January-2023,00:00:00,01:00:00,02:00:00,03:00:00,04:00:00,05:00:00,06:00:00,07:00:00,08:00:00,09:00:00,10:00:00,11:00:00,12:00:00,13:00:00,14:00:00,15:00:00,16:00:00,17:00:00,18:00:00,19:00:00,20:00:00,21:00:00,22:00:00,23:00:00
1,368,321.0,315.0,314,315,315,324.0,302.0,217,243,253,319,328,319,310,223,157,143.0,207,197,307,410.0,463,447
2,500,485.0,411.0,407,404,410,372.0,337.0,328,328,334,365,380,386,398,403,395,396.0,382,384,410,375.0,382,407
3,397,411.0,408.0,414,417,411,391.0,365.0,358,358,376,384,395,407,410,403,400,401.0,392,395,392,436.0,418,392
4,382,348.0,353.0,344,321,301,250.0,217.0,257,273,308,315,342,358,371,372,362,342.0,323,328,370,387.0,407,386
5,367,358.0,356.0,353,352,305,237.0,265.0,284,260,257,293,319,378,365,348,341,345.0,342,384,416,470.0,500,451
6,428,451.0,414.0,382,400,371,340.0,316.0,329,340,356,384,429,459,453,441,438,432.0,386,395,371,440.0,433,436
7,448,500.0,500.0,455,478,418,436.0,381.0,310,290,273,309,352,380,368,356,340,319.0,318,328,400,426.0,477,447
8,453,437.0,414.0,393,363,344,,,293,306,308,323,345,382,423,414,374,373.0,378,402,401,500.0,500,497
9,484,490.0,484.0,500,429,374,375.0,362.0,358,355,361,371,352,370,465,500,494,456.0,466,477,475,500.0,500,500
10,500,500.0,477.0,450,440,365,323.0,303.0,287,273,293,308,328,362,379,351,328,312.0,307,318,351,416.0,423,399
11,375,339.0,303.0,257,203,180,160.0,160.0,157,170,203,309,348,363,393,450,480,457.0,468,447,428,392.0,367,355
12,366,374.0,362.0,365,363,375,374.0,358.0,354,351,362,391,380,336,342,331,328,,373,355,369,383.0,374,388
13,398,390.0,378.0,373,369,371,372.0,356.0,342,358,387,403,407,397,388,382,359,349.0,348,373,395,388.0,373,387
14,379,375.0,374.0,351,356,353,355.0,336.0,332,329,325,318,315,316,305,213,200,217.0,203,240,324,318.0,315,303
15,270,217.0,257.0,150,197,243,250.0,230.0,223,240,217,181,195,159,165,150,133,156.0,138,135,250,325.0,331,335
16,332,315.0,342.0,334,311,320,306.0,243.0,260,293,312,311,306,301,166,167,164,175.0,185,200,338,357.0,352,373
17,363,346.0,332.0,319,315,318,320.0,308.0,311,322,358,346,290,174,174,155,162,151.0,171,211,304,361.0,401,388
18,404,,434.0,439,416,410,399.0,383.0,392,402,405,342,305,223,237,193,160,165.0,175,180,312,349.0,418,500
19,486,497.0,477.0,413,358,345,332.0,322.0,325,352,413,447,342,353,316,322,318,302.0,436,425,440,417.0,435,422
20,358,352.0,342.0,324,100,57,68.0,67.0,81,112,120,167,193,170,174,139,115,129.0,168,187,308,332.0,339,318
21,303,,,318,308,287,302.0,306.0,325,353,337,374,409,419,348,350,328,328.0,410,415,426,486.0,500,494
22,487,440.0,438.0,429,433,420,413.0,413.0,405,414,450,354,395,420,390,297,287,166.0,277,316,411,428.0,468,416
23,400,375.0,353.0,324,329,318,315.0,314.0,332,344,387,383,353,297,256,288,211,246.0,204,335,425,460.0,500,500
24,500,337.0,334.0,316,329,332,346.0,330.0,309,221,123,133,140,172,170,185,151,142.0,124,101,108,109.0,122,120
25,78,94.0,217.0,143,150,120,115.0,223.0,260,233,290,316,243,290,290,303,324,302.0,273,270,253,250.0,280,303
26,302,280.0,273.0,301,260,305,322.0,328.0,331,329,332,318,322,325,322,314,307,293.0,311,304,320,318.0,315,318
27,306,280.0,257.0,217,213,183,177.0,200.0,230,217,250,253,229,213,185,172,167,171.0,163,165,182,,149,145
28,148,144.0,127.0,131,129,149,145.0,152.0,161,177,240,230,239,168,223,180,177,155.0,156,197,287,325.0,352,393
29,402,392.0,414.0,426,396,386,393.0,388.0,382,375,353,365,368,341,416,267,257,312.0,323,334,350,358.0,352,348
30,348,309.0,35.0,240,133,87,163.0,48.0,45,48,58,78,80,92,77,73,83,80.0,111,133,180,304.0,334,344
31,352,357.0,374.0,334,243,140,160.0,177.0,110,111,120,127,123,127,103,99,102,97.0,118,100,101,127.0,127,130
"
"
February-2023,00:00:00,01:00:00,02:00:00,03:00:00,04:00:00,05:00:00,06:00:00,07:00:00,08:00:00,09:00:00,10:00:00,11:00:00,12:00:00,13:00:00,14:00:00,15:00:00,16:00:00,17:00:00,18:00:00,19:00:00,20:00:00,21:00:00,22:00:00,23:00:00
1,130.0,183.0,253.0,220.0,180.0,193.0,120.0,167.0,167.0,187.0,193,207,200.0,163.0,163.0,147.0,107,85,85,119,149,253,297,260.0
2,230.0,183.0,200.0,167.0,207.0,301.0,203.0,223.0,197.0,250.0,260,197,180.0,187.0,167.0,147.0,141,148,169,134,163,197,213,187.0
3,187.0,197.0,180.0,220.0,318.0,314.0,243.0,257.0,250.0,287.0,280,287,305.0,197.0,167.0,130.0,220,142,143,167,193,314,332,359.0
4,368.0,370.0,390.0,344.0,328.0,305.0,301.0,277.0,280.0,237.0,297,301,270.0,233.0,207.0,150.0,185,165,167,230,305,332,322,333.0
5,316.0,307.0,290.0,237.0,312.0,304.0,270.0,250.0,250.0,307.0,322,301,302.0,273.0,177.0,119.0,111,111,109,197,206,320,419,423.0
6,386.0,369.0,394.0,386.0,385.0,382.0,375.0,371.0,384.0,376.0,342,277,,267.0,324.0,270.0,217,250,436,420,409,312,358,405.0
7,405.0,395.0,358.0,350.0,334.0,358.0,344.0,350.0,368.0,366.0,353,344,306.0,220.0,,,185,135,133,129,135,155,133,129.0
8,157.0,187.0,133.0,147.0,203.0,223.0,160.0,103.0,127.0,203.0,193,223,230.0,171.0,135.0,129.0,150,122,112,120,147,171,260,267.0
9,207.0,290.0,305.0,193.0,167.0,223.0,277.0,302.0,243.0,240.0,309,257,197.0,168.0,182.0,188.0,23,125,126,149,165,175,188,193.0
10,203.0,230.0,220.0,180.0,133.0,133.0,107.0,147.0,193.0,253.0,250,250,240.0,207.0,230.0,277.0,199,191,189,360,237,412,410,349.0
11,335.0,331.0,306.0,311.0,328.0,334.0,328.0,319.0,316.0,329.0,331,368,420.0,332.0,302.0,178.0,193,294,229,223,230,301,318,316.0
12,257.0,197.0,163.0,129.0,114.0,115.0,119.0,157.0,117.0,121.0,164,163,147.0,171.0,196.0,144.0,171,159,145,127,122,115,133,127.0
13,125.0,111.0,111.0,99.0,81.0,70.0,67.0,62.0,85.0,131.0,160,217,244.0,358.0,299.0,413.0,262,200,181,164,131,131,113,104.0
14,101.0,115.0,112.0,88.0,74.0,81.0,90.0,97.0,127.0,160.0,169,189,202.0,179.0,160.0,145.0,159,138,134,141,160,181,163,230.0
15,167.0,257.0,273.0,160.0,197.0,187.0,150.0,147.0,170.0,220.0,230,230,223.0,203.0,179.0,196.0,178,163,148,155,170,213,177,
16,230.0,270.0,321.0,302.0,293.0,,297.0,290.0,305.0,303.0,311,322,336.0,346.0,342.0,409.0,401,315,327,318,332,404,455,
17,,438.0,436.0,428.0,411.0,,398.0,,426.0,,500,434,407.0,349.0,332.0,267.0,302,302,310,408,412,426,425,442.0
18,,483.0,441.0,440.0,435.0,,,,,385.0,424,407,382.0,375.0,340.0,355.0,318,237,223,301,301,311,355,325.0
19,,394.0,401.0,338.0,327.0,316.0,335.0,325.0,333.0,339.0,358,378,337.0,331.0,346.0,316.0,280,203,217,342,437,484,475,436.0
20,425.0,435.0,358.0,345.0,342.0,337.0,365.0,348.0,332.0,334.0,346,315,320.0,301.0,257.0,174.0,138,111,159,217,217,256,217,233.0
21,237.0,250.0,187.0,223.0,187.0,150.0,203.0,250.0,277.0,304.0,297,220,223.0,287.0,222.0,213.0,207,213,302,287,315,370,342,342.0
22,355.0,,,,,,,306.0,320.0,224.0,322,349,346.0,,,328.0,302,207,185,186,190,267,304,396.0
23,315.0,280.0,302.0,203.0,,193.0,200.0,243.0,200.0,207.0,213,159,173.0,162.0,141.0,139.0,141,129,129,121,149,157,161,157.0
24,143.0,223.0,130.0,133.0,133.0,140.0,233.0,217.0,213.0,260.0,302,237,224.0,205.0,145.0,111.0,115,135,129,144,197,191,213,265.0
25,250.0,290.0,223.0,253.0,,307.0,320.0,302.0,287.0,310.0,323,302,,,,,268,466,413,193,251,290,426,500.0
26,382.0,321.0,348.0,342.0,388.0,332.0,316.0,312.0,316.0,335.0,337,334,322.0,233.0,287.0,181.0,322,254,341,340,358,294,244,260.0
27,305.0,290.0,318.0,305.0,310.0,,,,,327.0,355,400,349.0,306.0,185.0,,146,145,133,148,160,197,223,251.0
28,194.0,260.0,220.0,220.0,203.0,177.0,187.0,217.0,230.0,305.0,303,354,277.0,309.0,249.0,213.0,186,155,155,153,177,181,162,174.0
"
"
March-2023,00:00:00,01:00:00,02:00:00,03:00:00,04:00:00,05:00:00,06:00:00,07:00:00,08:00:00,09:00:00,10:00:00,11:00:00,12:00:00,13:00:00,14:00:00,15:00:00,16:00:00,17:00:00,18:00:00,19:00:00,20:00:00,21:00:00,22:00:00,23:00:00
1,164.0,163.0,261.0,147.0,133.0,153.0,173.0,183.0,479.0,137,108,174,141,155.0,171.0,,150,113.0,111.0,119.0,260,461,302,233.0
2,273.0,293.0,328.0,309.0,257.0,287.0,260.0,280.0,290.0,260,240,287,211,230.0,149.0,119.0,114,115.0,111.0,119.0,135,181,197,187.0
3,165.0,156.0,129.0,124.0,119.0,123.0,203.0,102.0,167.0,145,150,188,160,123.0,115.0,111.0,95,96.0,103.0,119.0,152,140,115,104.0
4,101.0,115.0,107.0,74.0,90.0,94.0,67.0,91.0,103.0,133,122,135,174,,,,40,129.0,129.0,137.0,173,149,159,140.0
5,138.0,197.0,137.0,148.0,,120.0,100.0,111.0,135.0,135,170,142,129,117.0,119.0,102.0,100,90.0,94.0,91.0,114,138,125,124.0
6,111.0,107.0,100.0,101.0,,110.0,140.0,177.0,260.0,273,167,187,125,131.0,164.0,96.0,123,157.0,114.0,190.0,122,134,155,
7,,,,,,,315.0,302.0,183.0,253,193,170,140,122.0,86.0,83.0,85,80.0,83.0,84.0,103,162,293,345.0
8,342.0,365.0,374.0,362.0,,,329.0,373.0,344.0,333,335,304,203,135.0,120.0,100.0,97,85.0,94.0,97.0,105,145,147,173.0
9,157.0,187.0,,,,,,45.0,83.0,111,141,149,148,131.0,123.0,118.0,107,,96.0,111.0,123,133,133,135.0
10,150.0,243.0,200.0,170.0,237.0,203.0,200.0,183.0,250.0,314,348,333,217,177.0,146.0,127.0,125,118.0,121.0,124.0,141,147,183,217.0
11,213.0,200.0,223.0,250.0,250.0,290.0,312.0,309.0,331.0,303,250,189,188,149.0,135.0,117.0,109,81.0,100.0,111.0,135,187,328,398.0
12,251.0,212.0,197.0,181.0,,179.0,197.0,193.0,223.0,277,257,131,135,117.0,130.0,123.0,121,115.0,102.0,125.0,157,257,271,204.0
13,315.0,303.0,306.0,303.0,,287.0,307.0,302.0,306.0,319,233,189,177,197.0,133.0,130.0,129,134.0,119.0,115.0,155,175,171,196.0
14,244.0,270.0,260.0,253.0,270.0,217.0,316.0,348.0,335.0,325,309,290,197,184.0,137.0,115.0,117,140.0,138.0,126.0,135,145,172,189.0
15,218.0,257.0,181.0,,,,,,233.0,290,260,217,171,137.0,139.0,149.0,149,190.0,139.0,233.0,292,217,263,294.0
16,274.0,325.0,340.0,315.0,301.0,312.0,302.0,318.0,338.0,337,420,332,316,257.0,149.0,153.0,137,101.0,,120.0,131,118,142,123.0
17,111.0,119.0,137.0,121.0,102.0,126.0,127.0,167.0,303.0,307,302,250,270,240.0,302.0,149.0,152,123.0,,,213,175,180,163.0
18,153.0,207.0,207.0,129.0,120.0,157.0,307.0,118.0,123.0,80,92,93,112,122.0,117.0,37.0,66,67.0,73.0,85.0,85,80,123,127.0
19,95.0,127.0,160.0,160.0,133.0,157.0,170.0,180.0,163.0,253,331,237,133,107.0,207.0,250.0,180,117.0,119.0,147.0,167,125,83,153.0
20,135.0,129.0,152.0,179.0,172.0,303.0,306.0,302.0,297.0,240,142,127,123,147.0,177.0,147.0,141,116.0,80.0,96.0,78,60,17,22.0
21,38.0,38.0,25.0,31.0,32.0,50.0,48.0,51.0,45.0,65,80,85,80,85.0,80.0,67.0,67,59.0,78.0,85.0,79,100,131,126.0
22,141.0,143.0,183.0,140.0,118.0,114.0,109.0,127.0,183.0,257,322,223,203,197.0,111.0,107.0,102,117.0,135.0,126.0,144,167,126,166.0
23,155.0,,,,,,,323.0,320.0,342,319,177,140,104.0,88.0,78.0,70,72.0,74.0,79.0,109,133,166,193.0
24,216.0,253.0,306.0,302.0,346.0,348.0,302.0,,,311,307,268,136,97.0,80.0,111.0,171,123.0,90.0,94.0,106,106,83,84.0
25,51.0,55.0,77.0,68.0,58.0,47.0,32.0,28.0,39.0,39,41,53,48,62.0,48.0,45.0,55,61.0,62.0,192.0,135,184,273,266.0
26,400.0,278.0,294.0,223.0,180.0,133.0,112.0,97.0,111.0,121,111,100,143,157.0,157.0,153.0,157,156.0,157.0,149.0,159,166,191,151.0
27,137.0,109.0,102.0,88.0,107.0,109.0,120.0,170.0,193.0,233,230,141,115,92.0,77.0,77.0,80,78.0,80.0,91.0,105,126,145,174.0
28,187.0,157.0,237.0,162.0,203.0,177.0,135.0,134.0,147.0,217,315,197,217,150.0,109.0,107.0,79,68.0,85.0,105.0,119,137,182,221.0
29,230.0,306.0,304.0,287.0,301.0,297.0,328.0,314.0,314.0,340,323,223,169,146.0,124.0,113.0,112,119.0,153.0,212.0,239,95,91,101.0
30,139.0,152.0,147.0,206.0,230.0,303.0,305.0,290.0,277.0,193,155,139,137,135.0,120.0,119.0,129,141.0,159.0,74.0,29,14,12,20.0
31,13.0,33.0,58.0,28.0,19.0,30.0,27.0,39.0,72.0,56,25,34,47,67.0,68.0,77.0,85,59.0,85.0,90.0,52,57,101,84.0
"
"
April-2023,00:00:00,01:00:00,02:00:00,03:00:00,04:00:00,05:00:00,06:00:00,07:00:00,08:00:00,09:00:00,10:00:00,11:00:00,12:00:00,13:00:00,14:00:00,15:00:00,16:00:00,17:00:00,18:00:00,19:00:00,20:00:00,21:00:00,22:00:00,23:00:00
1,48.0,81.0,84,101,120.0,103.0,92,84,74,72,80.0,79,107,140.0,108.0,95.0,91.0,103.0,129.0,141.0,101.0,52.0,67.0,86.0
2,194.0,226.0,156,260,203.0,220.0,203,250,316,237,133.0,112,105,97.0,91.0,101.0,64.0,57.0,57.0,69.0,103.0,143.0,174.0,162.0
3,159.0,181.0,288,157,180.0,223.0,230,280,318,332,123.0,105,97,91.0,101.0,96.0,101.0,86.0,81.0,109.0,129.0,151.0,,
4,,,144,129,,277.0,92,64,67,42,57.0,50,41,46.0,53.0,73.0,,,,,90.0,123.0,149.0,162.0
5,162.0,119.0,131,149,122.0,109.0,118,133,138,145,150.0,135,97,95.0,42.0,28.0,28.0,30.0,32.0,23.0,59.0,94.0,108.0,147.0
6,267.0,147.0,80,32,52.0,42.0,47,40,70,92,73.0,50,45,109.0,115.0,61.0,77.0,77.0,97.0,109.0,135.0,196.0,201.0,234.0
7,226.0,241.0,183,129,119.0,127.0,122,127,168,138,133.0,159,102,127.0,111.0,104.0,88.0,67.0,94.0,101.0,126.0,156.0,170.0,209.0
8,232.0,315.0,290,177,171.0,159.0,170,163,290,304,250.0,163,109,78.0,88.0,63.0,75.0,80.0,67.0,80.0,137.0,175.0,187.0,288.0
9,342.0,445.0,428,328,305.0,302.0,309,356,374,412,413.0,368,243,,,,,,,91.0,115.0,147.0,148.0,209.0
10,222.0,267.0,257,223,230.0,237.0,187,150,302,412,346.0,312,184,121.0,352.0,115.0,113.0,101.0,,,145.0,199.0,216.0,221.0
11,388.0,325.0,370,417,426.0,445.0,452,414,385,370,376.0,411,310,167.0,120.0,149.0,130.0,151.0,,,,,227.0,276.0
12,287.0,253.0,250,237,306.0,316.0,303,237,260,260,223.0,201,177,184.0,252.0,163.0,148.0,171.0,137.0,127.0,149.0,166.0,160.0,167.0
13,199.0,355.0,318,302,304.0,305.0,308,311,240,253,246.0,233,213,156.0,,,146.0,126.0,141.0,183.0,196.0,259.0,233.0,279.0
14,289.0,315.0,303,297,270.0,237.0,307,345,408,407,411.0,369,255,164.0,133.0,124.0,115.0,101.0,107.0,105.0,118.0,150.0,221.0,292.0
15,322.0,272.0,385,290,297.0,329.0,398,367,395,410,289.0,262,268,202.0,105.0,100.0,115.0,114.0,109.0,123.0,117.0,191.0,284.0,432.0
16,408.0,354.0,310,283,261.0,199.0,189,293,308,325,356.0,204,177,161.0,119.0,114.0,103.0,104.0,104.0,125.0,171.0,134.0,230.0,256.0
17,235.0,206.0,211,219,212.0,189.0,250,248,288,402,407.0,311,163,168.0,145.0,34.0,123.0,126.0,123.0,152.0,195.0,212.0,226.0,255.0
18,321.0,261.0,243,262,265.0,222.0,200,163,204,226,212.0,232,195,219.0,,,163.0,149.0,147.0,157.0,294.0,234.0,245.0,283.0
19,320.0,289.0,318,289,182.0,480.0,123,436,259,194,204.0,173,177,169.0,161.0,182.0,150.0,173.0,174.0,170.0,193.0,276.0,300.0,237.0
20,170.0,150.0,126,120,123.0,133.0,92,90,111,122,107.0,167,138,148.0,135.0,131.0,138.0,123.0,123.0,155.0,210.0,111.0,110.0,123.0
21,126.0,137.0,184,101,100.0,103.0,95,101,119,119,105.0,119,127,141.0,135.0,150.0,157.0,137.0,137.0,152.0,232.0,241.0,197.0,151.0
22,150.0,146.0,227,137,,,124,127,119,118,,97,101,102.0,108.0,112.0,123.0,109.0,163.0,117.0,157.0,199.0,240.0,193.0
23,109.0,104.0,263,137,52.0,77.0,59,57,105,139,97.0,81,80,85.0,72.0,177.0,68.0,79.0,74.0,70.0,98.0,127.0,204.0,153.0
24,141.0,114.0,109,101,145.0,167.0,123,133,139,193,336.0,346,408,272.0,189.0,151.0,115.0,104.0,118.0,147.0,177.0,130.0,123.0,130.0
25,145.0,127.0,119,108,112.0,120.0,108,111,122,134,126.0,133,135,123.0,117.0,97.0,109.0,133.0,156.0,177.0,326.0,279.0,252.0,321.0
26,302.0,344.0,318,223,197.0,167.0,160,170,160,213,164.0,143,138,131.0,141.0,147.0,138.0,165.0,194.0,162.0,181.0,227.0,254.0,309.0
27,334.0,223.0,240,356,287.0,273.0,273,220,237,325,199.0,164,163,131.0,130.0,118.0,149.0,118.0,109.0,118.0,500.0,385.0,113.0,83.0
28,79.0,73.0,84,80,116.0,109.0,127,107,149,140,243.0,220,183,220.0,188.0,131.0,130.0,137.0,143.0,181.0,182.0,273.0,358.0,366.0
29,322.0,187.0,180,180,126.0,135.0,150,187,267,297,186.0,195,246,256.0,243.0,237.0,195.0,188.0,161.0,164.0,152.0,131.0,151.0,151.0
30,160.0,172.0,170,115,30.0,47.0,55,66,107,96,94.0,96,95,111.0,101.0,105.0,91.0,96.0,100.0,122.0,101.0,107.0,92.0,80.0
"
"
May-2023,00:00:00,01:00:00,02:00:00,03:00:00,04:00:00,05:00:00,06:00:00,07:00:00,08:00:00,09:00:00,10:00:00,11:00:00,12:00:00,13:00:00,14:00:00,15:00:00,16:00:00,17:00:00,18:00:00,19:00:00,20:00:00,21:00:00,22:00:00,23:00:00
1,92.0,110.0,87.0,63.0,62.0,63.0,58.0,63.0,60.0,70.0,83.0,91.0,100,67.0,97,64,68,65,73,73.0,75.0,80.0,88.0,78.0
2,92.0,80.0,75.0,44.0,55.0,55.0,55.0,60.0,60.0,65.0,72.0,85.0,91,97.0,107,115,107,105,89,69.0,80.0,77.0,85.0,100.0
3,127.0,200.0,119.0,119.0,100.0,137.0,237.0,273.0,287.0,233.0,108.0,96.0,104,105.0,119,123,55,58,65,74.0,85.0,92.0,102.0,110.0
4,108.0,85.0,160.0,90.0,58.0,70.0,111.0,105.0,108.0,160.0,207.0,217.0,197,116.0,100,95,105,125,133,133.0,161.0,227.0,248.0,223.0
5,287.0,302.0,302.0,163.0,,,,102.0,107.0,173.0,346.0,316.0,217,143.0,133,100,99,105,104,123.0,150.0,167.0,180.0,267.0
6,290.0,325.0,341.0,346.0,333.0,325.0,325.0,338.0,362.0,423.0,354.0,253.0,129,126.0,130,73,83,85,88,109.0,131.0,145.0,183.0,191.0
7,207.0,197.0,197.0,233.0,230.0,220.0,203.0,290.0,345.0,304.0,137.0,141.0,167,232.0,207,138,126,127,135,192.0,83.0,107.0,115.0,124.0
8,124.0,117.0,124.0,125.0,137.0,126.0,141.0,133.0,233.0,203.0,177.0,143.0,101,,86,105,84,83,109,137.0,159.0,161.0,142.0,160.0
9,138.0,155.0,141.0,142.0,222.0,312.0,316.0,312.0,382.0,400.0,414.0,362.0,260,194.0,157,139,114,117,139,223.0,239.0,192.0,205.0,257.0
10,274.0,293.0,301.0,306.0,302.0,304.0,329.0,318.0,314.0,273.0,170.0,153.0,133,143.0,119,111,104,123,122,,,168.0,200.0,248.0
11,309.0,403.0,397.0,384.0,411.0,402.0,388.0,373.0,408.0,450.0,414.0,311.0,189,147.0,149,133,112,119,111,124.0,143.0,226.0,238.0,325.0
12,252.0,221.0,334.0,282.0,273.0,,,,,239.0,240.0,204.0,160,170.0,138,123,109,107,129,141.0,235.0,263.0,292.0,279.0
13,294.0,355.0,415.0,381.0,289.0,213.0,165.0,155.0,172.0,219.0,407.0,237.0,185,184.0,188,159,145,141,144,426.0,278.0,256.0,318.0,319.0
14,354.0,256.0,293.0,410.0,411.0,325.0,316.0,308.0,270.0,374.0,304.0,256.0,233,181.0,157,153,142,144,145,155.0,189.0,209.0,193.0,229.0
15,149.0,123.0,120.0,137.0,143.0,91.0,78.0,84.0,111.0,134.0,165.0,164.0,199,159.0,123,133,134,138,147,147.0,185.0,224.0,183.0,202.0
16,407.0,368.0,146.0,151.0,105.0,182.0,500.0,500.0,243.0,334.0,399.0,368.0,240,500.0,498,464,423,319,405,426.0,449.0,500.0,493.0,478.0
17,448.0,443.0,420.0,369.0,336.0,318.0,277.0,328.0,402.0,455.0,348.0,163.0,149,137.0,174,185,186,209,217,244.0,272.0,354.0,184.0,141.0
18,109.0,101.0,171.0,89.0,84.0,174.0,66.0,61.0,70.0,77.0,80.0,83.0,73,100.0,81,103,133,140,118,111.0,123.0,126.0,141.0,137.0
19,129.0,113.0,131.0,101.0,89.0,84.0,116.0,143.0,138.0,141.0,145.0,119.0,119,127.0,137,143,159,170,167,174.0,171.0,189.0,206.0,196.0
20,219.0,185.0,167.0,146.0,131.0,137.0,213.0,321.0,250.0,237.0,202.0,179.0,150,129.0,112,104,112,126,150,134.0,131.0,155.0,173.0,197.0
21,233.0,287.0,219.0,270.0,232.0,226.0,224.0,274.0,277.0,276.0,213.0,173.0,129,137.0,143,123,122,121,116,111.0,153.0,289.0,246.0,243.0
22,246.0,209.0,193.0,165.0,163.0,159.0,140.0,150.0,167.0,196.0,233.0,282.0,205,186.0,168,165,199,205,185,184.0,207.0,305.0,276.0,252.0
23,240.0,261.0,320.0,210.0,155.0,175.0,137.0,116.0,129.0,167.0,183.0,172.0,171,151.0,141,127,137,127,119,142.0,500.0,92.0,499.0,196.0
24,101.0,500.0,92.0,53.0,60.0,85.0,60.0,70.0,107.0,120.0,156.0,96.0,103,105.0,115,114,102,89,91,81.0,101.0,105.0,79.0,62.0
25,58.0,60.0,56.0,62.0,107.0,67.0,55.0,60.0,65.0,84.0,94.0,112.0,90,101.0,109,104,97,92,102,118.0,454.0,153.0,149.0,78.0
26,62.0,56.0,50.0,22.0,52.0,55.0,58.0,58.0,60.0,60.0,62.0,95.0,85,66.0,72,81,88,109,105,97.0,105.0,131.0,138.0,138.0
27,107.0,81.0,104.0,85.0,59.0,75.0,141.0,163.0,,,,,25,33.0,34,46,55,58,52,50.0,66.0,78.0,120.0,138.0
28,109.0,112.0,153.0,114.0,112.0,97.0,124.0,302.0,306.0,322.0,108.0,122.0,105,97.0,117,115,115,109,111,124.0,150.0,174.0,183.0,218.0
29,321.0,278.0,191.0,135.0,85.0,59.0,52.0,69.0,103.0,119.0,108.0,101.0,133,141.0,127,133,143,101,85,,,,,
30,,,,,,,,,,,,112.0,126,99.0,95,70,66,75,78,85.0,199.0,94.0,105.0,102.0
31,90.0,105.0,83.0,58.0,107.0,149.0,116.0,60.0,72.0,60.0,65.0,60.0,62,62.0,62,60,60,60,60,68.0,82.0,94.0,94.0,97.0
"
"
June-2023,00:00:00,01:00:00,02:00:00,03:00:00,04:00:00,05:00:00,06:00:00,07:00:00,08:00:00,09:00:00,10:00:00,11:00:00,12:00:00,13:00:00,14:00:00,15:00:00,16:00:00,17:00:00,18:00:00,19:00:00,20:00:00,21:00:00,22:00:00,23:00:00
1,120.0,122.0,129.0,116.0,116.0,94.0,91.0,115.0,123.0,81.0,,,,,,,,,77.0,59.0,68.0,85.0,119.0,144.0
2,147.0,131.0,111.0,80.0,67.0,94.0,118.0,88.0,88.0,75.0,64.0,64.0,88.0,105.0,105.0,101.0,86.0,83.0,66.0,70.0,69.0,86.0,112.0,
3,157.0,145.0,127.0,123.0,101.0,,,107.0,120.0,115.0,104.0,90.0,91.0,101.0,108.0,85.0,74.0,64.0,61.0,55.0,75.0,99.0,115.0,169.0
4,254.0,259.0,233.0,220.0,277.0,250.0,217.0,365.0,309.0,177.0,124.0,126.0,118.0,105.0,108.0,123.0,127.0,142.0,146.0,142.0,150.0,155.0,150.0,161.0
5,150.0,133.0,133.0,179.0,167.0,250.0,230.0,147.0,147.0,130.0,129.0,119.0,117.0,124.0,116.0,105.0,101.0,102.0,96.0,81.0,94.0,120.0,137.0,191.0
6,183.0,232.0,172.0,131.0,77.0,45.0,53.0,52.0,59.0,84.0,116.0,103.0,123.0,122.0,105.0,101.0,95.0,47.0,42.0,,,,,
7,,,,,,,,,,,,,62.0,55.0,,,,,,,,,,223.0
8,205.0,197.0,149.0,139.0,131.0,134.0,111.0,133.0,161.0,137.0,157.0,119.0,148.0,115.0,107.0,108.0,135.0,133.0,134.0,131.0,127.0,129.0,142.0,153.0
9,190.0,211.0,206.0,169.0,179.0,137.0,120.0,130.0,144.0,127.0,153.0,175.0,135.0,,,134.0,138.0,135.0,127.0,142.0,156.0,172.0,135.0,99.0
10,99.0,105.0,94.0,70.0,103.0,102.0,105.0,129.0,127.0,149.0,221.0,234.0,195.0,170.0,163.0,161.0,150.0,138.0,148.0,257.0,157.0,123.0,107.0,122.0
11,116.0,142.0,133.0,90.0,90.0,90.0,56.0,58.0,105.0,104.0,96.0,111.0,105.0,115.0,129.0,197.0,152.0,221.0,217.0,202.0,,,,
12,,,,,,,,,,,,102.0,204.0,390.0,218.0,226.0,199.0,197.0,185.0,177.0,170.0,186.0,182.0,167.0
13,171.0,164.0,156.0,157.0,163.0,166.0,177.0,237.0,260.0,237.0,204.0,206.0,251.0,270.0,194.0,172.0,167.0,237.0,246.0,289.0,314.0,285.0,288.0,277.0
14,230.0,244.0,217.0,165.0,133.0,156.0,156.0,153.0,,197.0,257.0,204.0,181.0,200.0,268.0,262.0,281.0,285.0,263.0,229.0,195.0,211.0,267.0,109.0
15,144.0,104.0,96.0,102.0,114.0,118.0,117.0,137.0,142.0,147.0,157.0,129.0,221.0,232.0,196.0,171.0,142.0,133.0,125.0,111.0,125.0,129.0,115.0,120.0
16,117.0,145.0,134.0,102.0,94.0,66.0,91.0,115.0,123.0,133.0,123.0,127.0,130.0,146.0,148.0,116.0,123.0,163.0,75.0,81.0,108.0,143.0,133.0,140.0
17,127.0,130.0,127.0,142.0,150.0,155.0,95.0,135.0,127.0,103.0,81.0,102.0,105.0,97.0,85.0,77.0,68.0,80.0,89.0,94.0,118.0,103.0,105.0,119.0
18,67.0,65.0,90.0,83.0,72.0,55.0,60.0,72.0,97.0,84.0,131.0,94.0,99.0,78.0,74.0,94.0,90.0,80.0,113.0,74.0,86.0,,,83.0
19,92.0,83.0,84.0,58.0,56.0,62.0,58.0,60.0,65.0,65.0,65.0,68.0,68.0,70.0,60.0,60.0,62.0,75.0,72.0,78.0,101.0,111.0,114.0,114.0
20,124.0,109.0,109.0,109.0,100.0,107.0,104.0,101.0,118.0,131.0,,,,,,,56.0,57.0,62.0,77.0,85.0,95.0,100.0,105.0
21,111.0,97.0,95.0,74.0,66.0,64.0,68.0,86.0,68.0,74.0,68.0,75.0,95.0,115.0,120.0,119.0,124.0,119.0,133.0,135.0,137.0,137.0,140.0,103.0
22,88.0,70.0,80.0,86.0,109.0,78.0,80.0,70.0,84.0,85.0,85.0,86.0,,,,,,,,131.0,137.0,153.0,139.0,153.0
23,149.0,149.0,135.0,127.0,100.0,36.0,52.0,58.0,84.0,95.0,101.0,100.0,109.0,116.0,131.0,133.0,137.0,144.0,137.0,148.0,157.0,156.0,169.0,170.0
24,175.0,175.0,183.0,182.0,149.0,161.0,140.0,144.0,142.0,134.0,130.0,125.0,126.0,174.0,115.0,101.0,64.0,85.0,74.0,105.0,119.0,119.0,108.0,102.0
25,67.0,74.0,91.0,91.0,81.0,55.0,55.0,55.0,56.0,60.0,64.0,66.0,65.0,60.0,64.0,70.0,65.0,66.0,70.0,68.0,66.0,75.0,86.0,98.0
26,95.0,92.0,104.0,122.0,183.0,125.0,112.0,180.0,253.0,197.0,150.0,123.0,167.0,60.0,66.0,68.0,61.0,92.0,79.0,75.0,84.0,115.0,141.0,137.0
27,142.0,147.0,149.0,119.0,101.0,56.0,45.0,45.0,50.0,55.0,60.0,64.0,66.0,59.0,61.0,94.0,58.0,95.0,69.0,84.0,101.0,86.0,89.0,92.0
28,85.0,115.0,92.0,125.0,120.0,101.0,102.0,135.0,115.0,97.0,77.0,66.0,78.0,74.0,94.0,81.0,72.0,68.0,65.0,111.0,95.0,117.0,157.0,230.0
29,179.0,138.0,138.0,161.0,181.0,174.0,151.0,121.0,124.0,68.0,60.0,64.0,62.0,64.0,60.0,56.0,55.0,,,,,,78.0,85.0
30,,,,,,,,50.0,229.0,50.0,54.0,56.0,56.0,50.0,50.0,50.0,53.0,51.0,55.0,62.0,58.0,62.0,60.0,60.0
"
"
July-2023,00:00:00,01:00:00,02:00:00,03:00:00,04:00:00,05:00:00,06:00:00,07:00:00,08:00:00,09:00:00,10:00:00,11:00:00,12:00:00,13:00:00,14:00:00,15:00:00,16:00:00,17:00:00,18:00:00,19:00:00,20:00:00,21:00:00,22:00:00,23:00:00
1,63.0,74.0,70.0,59.0,65.0,66.0,70.0,70.0,72.0,65.0,65.0,65.0,65.0,66.0,65.0,65.0,65.0,65.0,65.0,65.0,70.0,76.0,77.0,80.0
2,70.0,75.0,75.0,48.0,70.0,70.0,74.0,70.0,70.0,70.0,70.0,70.0,65.0,65.0,65.0,65.0,72.0,79.0,81.0,91.0,100.0,107.0,111.0,124.0
3,117.0,137.0,122.0,97.0,70.0,70.0,70.0,73.0,66.0,68.0,79.0,115.0,120.0,123.0,130.0,112.0,109.0,113.0,123.0,129.0,145.0,172.0,164.0,168.0
4,159.0,149.0,127.0,113.0,92.0,101.0,84.0,81.0,103.0,105.0,108.0,120.0,117.0,163.0,107.0,95.0,179.0,74.0,121.0,111.0,119.0,112.0,111.0,107.0
5,84.0,78.0,93.0,64.0,78.0,81.0,75.0,75.0,75.0,75.0,74.0,70.0,68.0,72.0,109.0,,,,,,70.0,60.0,64.0,74.0
6,77.0,73.0,57.0,57.0,58.0,72.0,67.0,74.0,63.0,44.0,57.0,36.0,36.0,30.0,30.0,30.0,84.0,30.0,35.0,42.0,56.0,57.0,62.0,63.0
7,48.0,68.0,66.0,48.0,65.0,70.0,68.0,70.0,75.0,75.0,74.0,74.0,75.0,74.0,75.0,75.0,89.0,84.0,78.0,92.0,85.0,90.0,86.0,95.0
8,92.0,104.0,105.0,72.0,70.0,65.0,65.0,66.0,72.0,75.0,75.0,74.0,70.0,78.0,,,88.0,,,94.0,101.0,102.0,98.0,100.0
9,90.0,65.0,60.0,38.0,60.0,60.0,60.0,60.0,60.0,65.0,65.0,65.0,,,,60.0,62.0,,65.0,,,,,
10,,,,,,,,,,,,,,103.0,140.0,62.0,48.0,58.0,48.0,45.0,54.0,56.0,74.0,65.0
11,56.0,168.0,55.0,29.0,60.0,60.0,65.0,73.0,66.0,66.0,67.0,60.0,60.0,73.0,80.0,100.0,83.0,69.0,63.0,68.0,70.0,72.0,84.0,99.0
12,97.0,85.0,111.0,70.0,67.0,68.0,66.0,68.0,56.0,64.0,66.0,70.0,85.0,83.0,58.0,62.0,58.0,73.0,50.0,50.0,56.0,64.0,72.0,75.0
13,72.0,64.0,62.0,62.0,55.0,78.0,55.0,50.0,55.0,66.0,69.0,96.0,107.0,100.0,97.0,73.0,73.0,69.0,68.0,,,,,
14,,,,,,,,,,,,,,,,,,,,,,,,
15,,,,,,,,,,,,,,,,,,,,,,,,
16,,,,,,,,,,,,,,,,,,,,,,,,
17,,,,,,,,,,,,,,,,,,,,,,,,
18,,,,,,,,,,,,,,,,,,,,,,,,
19,,,,,,,,,,,,,,,,,,,,,,,,
20,,,,,,,,,,,,,,,,,,,,,,,,
21,,,,,,,,,,,,,74.0,,74.0,,,,80.0,85.0,101.0,115.0,133.0,137.0
22,118.0,105.0,81.0,62.0,64.0,64.0,56.0,58.0,70.0,77.0,79.0,80.0,79.0,83.0,91.0,92.0,80.0,81.0,64.0,65.0,74.0,83.0,81.0,68.0
23,65.0,65.0,65.0,90.0,62.0,67.0,64.0,65.0,65.0,66.0,65.0,65.0,65.0,70.0,65.0,66.0,68.0,69.0,66.0,65.0,73.0,86.0,85.0,79.0
24,,,,,,,,,,,,64.0,67.0,69.0,59.0,51.0,56.0,77.0,85.0,81.0,89.0,88.0,74.0,
25,,,,,,,,,,,,,,96.0,65.0,72.0,74.0,,,74.0,90.0,100.0,95.0,95.0
26,88.0,80.0,51.0,34.0,50.0,45.0,40.0,40.0,36.0,38.0,44.0,54.0,58.0,56.0,55.0,55.0,55.0,60.0,72.0,88.0,105.0,86.0,72.0,78.0
27,84.0,86.0,79.0,70.0,107.0,92.0,68.0,74.0,95.0,115.0,102.0,115.0,107.0,117.0,114.0,100.0,78.0,81.0,97.0,88.0,95.0,72.0,75.0,100.0
28,99.0,125.0,74.0,40.0,50.0,50.0,79.0,84.0,115.0,81.0,105.0,117.0,102.0,62.0,65.0,66.0,68.0,80.0,83.0,86.0,69.0,65.0,64.0,70.0
29,72.0,62.0,64.0,44.0,55.0,44.0,48.0,50.0,55.0,50.0,50.0,54.0,52.0,50.0,45.0,45.0,46.0,45.0,48.0,54.0,56.0,60.0,54.0,48.0
30,45.0,50.0,50.0,29.0,50.0,50.0,50.0,50.0,50.0,55.0,59.0,52.0,68.0,68.0,66.0,66.0,58.0,46.0,53.0,66.0,67.0,75.0,79.0,92.0
31,99.0,94.0,75.0,89.0,74.0,73.0,74.0,80.0,94.0,109.0,100.0,102.0,88.0,,,,,,,,,,,
"
"
August-2023,00:00:00,01:00:00,02:00:00,03:00:00,04:00:00,05:00:00,06:00:00,07:00:00,08:00:00,09:00:00,10:00:00,11:00:00,12:00:00,13:00:00,14:00:00,15:00:00,16:00:00,17:00:00,18:00:00,19:00:00,20:00:00,21:00:00,22:00:00,23:00:00
1,,,,,,,,,,,,,81.0,90.0,83.0,92.0,83.0,85.0,88.0,96.0,97.0,97.0,99.0,107.0
2,86.0,,,,,,,,,,,,107.0,101.0,101.0,99.0,105.0,91.0,97.0,67.0,,,,
3,,,,,,,,,,79.0,89.0,90.0,90.0,107.0,111.0,109.0,114.0,111.0,104.0,105.0,115.0,112.0,92.0,78.0
4,99.0,90.0,68.0,47.0,66.0,73.0,74.0,72.0,69.0,61.0,62.0,55.0,83.0,97.0,118.0,113.0,116.0,101.0,90.0,96.0,108.0,58.0,68.0,79.0
5,79.0,85.0,99.0,83.0,74.0,34.0,72.0,64.0,48.0,60.0,58.0,64.0,58.0,79.0,80.0,70.0,55.0,62.0,70.0,85.0,88.0,105.0,101.0,105.0
6,109.0,95.0,100.0,64.0,52.0,55.0,63.0,45.0,56.0,66.0,78.0,84.0,91.0,90.0,95.0,97.0,88.0,94.0,99.0,95.0,96.0,,,
7,96.0,100.0,,,,,,,,,,145.0,118.0,118.0,123.0,122.0,127.0,122.0,60.0,109.0,105.0,112.0,,
8,,,,,,,,,,107.0,114.0,124.0,,,135.0,129.0,135.0,133.0,130.0,129.0,133.0,115.0,113.0,111.0
9,112.0,120.0,120.0,113.0,109.0,102.0,94.0,92.0,101.0,111.0,119.0,127.0,127.0,123.0,122.0,129.0,127.0,127.0,133.0,129.0,138.0,145.0,150.0,149.0
10,145.0,144.0,133.0,,,,,,,111.0,113.0,113.0,,,,,123.0,126.0,131.0,130.0,131.0,135.0,131.0,105.0
11,64.0,79.0,118.0,119.0,118.0,117.0,112.0,109.0,111.0,127.0,133.0,130.0,122.0,124.0,121.0,123.0,125.0,131.0,129.0,130.0,129.0,129.0,137.0,134.0
12,143.0,135.0,130.0,120.0,111.0,109.0,104.0,104.0,111.0,113.0,113.0,123.0,123.0,123.0,119.0,108.0,122.0,123.0,126.0,138.0,134.0,135.0,131.0,129.0
13,101.0,107.0,192.0,229.0,398.0,243.0,69.0,69.0,73.0,86.0,90.0,401.0,210.0,120.0,205.0,105.0,141.0,145.0,112.0,115.0,112.0,105.0,116.0,107.0
14,109.0,155.0,100.0,96.0,78.0,70.0,81.0,78.0,91.0,109.0,123.0,116.0,119.0,114.0,146.0,137.0,120.0,102.0,100.0,96.0,99.0,102.0,107.0,108.0
15,86.0,79.0,79.0,83.0,80.0,79.0,85.0,89.0,92.0,96.0,101.0,102.0,114.0,115.0,101.0,66.0,64.0,56.0,60.0,80.0,123.0,99.0,102.0,123.0
16,183.0,115.0,90.0,84.0,89.0,92.0,83.0,77.0,91.0,116.0,123.0,109.0,115.0,123.0,127.0,119.0,124.0,119.0,104.0,101.0,111.0,118.0,129.0,135.0
17,137.0,135.0,127.0,101.0,83.0,88.0,95.0,109.0,109.0,126.0,131.0,139.0,140.0,133.0,130.0,129.0,127.0,129.0,127.0,131.0,131.0,129.0,125.0,125.0
18,152.0,135.0,156.0,129.0,119.0,111.0,114.0,114.0,127.0,141.0,159.0,160.0,164.0,173.0,145.0,139.0,65.0,137.0,133.0,138.0,144.0,156.0,159.0,159.0
19,153.0,140.0,141.0,123.0,124.0,115.0,55.0,,65.0,68.0,75.0,77.0,80.0,,,,,,70.0,84.0,94.0,111.0,159.0,
20,109.0,104.0,105.0,101.0,92.0,108.0,,95.0,101.0,68.0,60.0,57.0,60.0,57.0,56.0,55.0,55.0,,,60.0,102.0,92.0,,86.0
21,107.0,101.0,89.0,58.0,58.0,55.0,57.0,55.0,64.0,70.0,,58.0,67.0,,92.0,80.0,78.0,72.0,73.0,83.0,89.0,116.0,104.0,85.0
22,65.0,73.0,89.0,61.0,60.0,63.0,70.0,,,,,101.0,90.0,80.0,,94.0,88.0,104.0,113.0,118.0,116.0,86.0,75.0,80.0
23,80.0,56.0,55.0,,50.0,52.0,55.0,55.0,60.0,65.0,70.0,78.0,80.0,78.0,78.0,85.0,85.0,84.0,82.0,98.0,95.0,100.0,86.0,90.0
24,85.0,55.0,57.0,50.0,59.0,57.0,61.0,64.0,69.0,,91.0,105.0,99.0,101.0,99.0,104.0,111.0,102.0,101.0,115.0,112.0,,125.0,131.0
25,97.0,89.0,,,,,,,,,94.0,112.0,,118.0,123.0,114.0,118.0,119.0,114.0,,109.0,,,
26,,149.0,,,,,,,,55.0,135.0,149.0,,164.0,162.0,149.0,147.0,,145.0,150.0,161.0,161.0,167.0,163.0
27,156.0,159.0,171.0,186.0,181.0,170.0,168.0,185.0,217.0,,181.0,177.0,183.0,177.0,179.0,177.0,167.0,160.0,159.0,167.0,163.0,133.0,119.0,94.0
28,,,81.0,104.0,120.0,135.0,148.0,143.0,135.0,144.0,153.0,178.0,,171.0,164.0,161.0,160.0,159.0,163.0,167.0,156.0,155.0,181.0,182.0
29,166.0,171.0,149.0,137.0,149.0,127.0,97.0,96.0,107.0,123.0,133.0,133.0,,131.0,,135.0,,135.0,133.0,,133.0,,,153.0
30,159.0,,135.0,118.0,117.0,119.0,123.0,115.0,126.0,135.0,133.0,137.0,141.0,149.0,153.0,137.0,133.0,,111.0,109.0,116.0,,141.0,129.0
31,131.0,122.0,115.0,105.0,105.0,112.0,,116.0,119.0,149.0,146.0,164.0,144.0,147.0,146.0,153.0,148.0,155.0,124.0,121.0,119.0,121.0,121.0,120.0
"
"
September-2023,00:00:00,01:00:00,02:00:00,03:00:00,04:00:00,05:00:00,06:00:00,07:00:00,08:00:00,09:00:00,10:00:00,11:00:00,12:00:00,13:00:00,14:00:00,15:00:00,16:00:00,17:00:00,18:00:00,19:00:00,20:00:00,21:00:00,22:00:00,23:00:00
1,117.0,119.0,113.0,109.0,105.0,115.0,119.0,112.0,119.0,141.0,151.0,151,146.0,146.0,135.0,137.0,123.0,115.0,123.0,120.0,135.0,129.0,118.0,116.0
2,114.0,112.0,113.0,105.0,104.0,109.0,112.0,111.0,121.0,139.0,135.0,139,146.0,,137.0,135.0,134.0,121.0,121.0,116.0,129.0,125.0,135.0,121.0
3,114.0,117.0,119.0,116.0,115.0,123.0,118.0,111.0,116.0,117.0,124.0,123,144.0,129.0,,,,,,,137.0,147.0,141.0,127.0
4,130.0,115.0,113.0,111.0,113.0,119.0,107.0,109.0,126.0,129.0,138.0,127,137.0,123.0,109.0,108.0,103.0,111.0,146.0,131.0,145.0,123.0,115.0,119.0
5,123.0,114.0,113.0,115.0,114.0,117.0,75.0,65.0,70.0,89.0,100.0,111,97.0,97.0,100.0,104.0,104.0,104.0,103.0,105.0,110.0,119.0,148.0,140.0
6,161.0,119.0,118.0,114.0,119.0,116.0,117.0,123.0,119.0,77.0,53.0,75,89.0,81.0,61.0,41.0,38.0,34.0,41.0,69.0,108.0,85.0,77.0,66.0
7,75.0,53.0,73.0,57.0,51.0,47.0,48.0,61.0,84.0,80.0,84.0,107,115.0,105.0,101.0,105.0,101.0,134.0,109.0,84.0,95.0,114.0,105.0,117.0
8,126.0,121.0,125.0,107.0,58.0,38.0,42.0,40.0,50.0,66.0,64.0,67,55.0,62.0,70.0,50.0,54.0,56.0,50.0,50.0,91.0,54.0,50.0,50.0
9,50.0,42.0,42.0,20.0,45.0,36.0,42.0,40.0,36.0,35.0,36.0,38,38.0,42.0,40.0,45.0,45.0,45.0,50.0,46.0,46.0,48.0,46.0,38.0
10,38.0,38.0,42.0,5.0,45.0,40.0,42.0,35.0,40.0,38.0,40.0,40,40.0,40.0,40.0,42.0,42.0,42.0,45.0,44.0,45.0,,42.0,40.0
11,36.0,38.0,38.0,32.0,38.0,35.0,32.0,35.0,44.0,52.0,55.0,58,80.0,58.0,42.0,109.0,25.0,34.0,26.0,34.0,42.0,52.0,87.0,70.0
12,50.0,52.0,48.0,45.0,46.0,38.0,40.0,73.0,67.0,57.0,70.0,65,57.0,57.0,52.0,38.0,37.0,40.0,42.0,57.0,68.0,78.0,78.0,103.0
13,299.0,45.0,45.0,7.0,34.0,36.0,35.0,34.0,32.0,324.0,45.0,38,80.0,83.0,98.0,102.0,123.0,102.0,100.0,100.0,102.0,105.0,147.0,127.0
14,108.0,107.0,95.0,103.0,133.0,123.0,95.0,83.0,83.0,97.0,103.0,57,58.0,67.0,50.0,52.0,67.0,67.0,70.0,78.0,97.0,110.0,80.0,80.0
15,77.0,85.0,73.0,80.0,70.0,77.0,75.0,70.0,93.0,42.0,42.0,40,38.0,38.0,32.0,80.0,40.0,45.0,50.0,57.0,50.0,62.0,70.0,72.0
16,63.0,,,,,,,,,47.0,55.0,48,55.0,38.0,37.0,40.0,38.0,28.0,27.0,38.0,45.0,52.0,28.0,36.0
17,73.0,37.0,40.0,75.0,45.0,38.0,42.0,47.0,37.0,37.0,40.0,42,42.0,40.0,27.0,32.0,30.0,33.0,33.0,32.0,,,,
18,,,,,,,,,,,,33,,,30.0,24.0,22.0,25.0,25.0,32.0,42.0,46.0,40.0,42.0
19,40.0,,,,,,,,,,,18,25.0,26.0,25.0,,,20.0,32.0,44.0,60.0,47.0,40.0,38.0
20,33.0,40.0,48.0,40.0,50.0,85.0,121.0,137.0,158.0,178.0,196.0,42,90.0,,,,57.0,50.0,38.0,62.0,102.0,132.0,155.0,183.0
21,136.0,132.0,160.0,85.0,107.0,97.0,63.0,50.0,57.0,55.0,52.0,50,37.0,48.0,40.0,177.0,178.0,180.0,180.0,180.0,181.0,182.0,184.0,184.0
22,184.0,58.0,47.0,67.0,170.0,113.0,113.0,123.0,110.0,113.0,83.0,80,60.0,58.0,50.0,45.0,47.0,47.0,60.0,57.0,73.0,87.0,88.0,133.0
23,140.0,103.0,95.0,63.0,78.0,87.0,77.0,85.0,68.0,68.0,65.0,60,55.0,58.0,58.0,30.0,30.0,47.0,47.0,40.0,55.0,70.0,95.0,97.0
24,95.0,140.0,180.0,113.0,133.0,167.0,277.0,253.0,163.0,97.0,243.0,163,98.0,97.0,70.0,60.0,77.0,50.0,37.0,47.0,60.0,65.0,58.0,77.0
25,70.0,50.0,83.0,58.0,65.0,83.0,83.0,88.0,93.0,207.0,140.0,157,88.0,80.0,78.0,100.0,102.0,102.0,102.0,102.0,102.0,123.0,143.0,170.0
26,143.0,147.0,150.0,140.0,120.0,97.0,133.0,147.0,170.0,160.0,147.0,167,98.0,97.0,80.0,87.0,78.0,83.0,83.0,75.0,98.0,140.0,167.0,110.0
27,85.0,83.0,73.0,83.0,57.0,75.0,87.0,77.0,75.0,80.0,73.0,57,52.0,,,,,45.0,75.0,74.0,75.0,74.0,73.0,62.0
28,63.0,55.0,55.0,58.0,84.0,107.0,127.0,142.0,158.0,174.0,191.0,88,77.0,73.0,68.0,65.0,63.0,52.0,67.0,55.0,68.0,88.0,127.0,97.0
29,92.0,58.0,86.0,63.0,112.0,116.0,118.0,77.0,80.0,110.0,130.0,123,78.0,77.0,87.0,70.0,75.0,80.0,77.0,107.0,107.0,143.0,187.0,103.0
30,80.0,98.0,107.0,95.0,147.0,160.0,180.0,98.0,110.0,127.0,197.0,197,95.0,73.0,65.0,60.0,,,65.0,64.0,92.0,75.0,77.0,78.0
"
"
October-2023,00:00:00,01:00:00,02:00:00,03:00:00,04:00:00,05:00:00,06:00:00,07:00:00,08:00:00,09:00:00,10:00:00,11:00:00,12:00:00,13:00:00,14:00:00,15:00:00,16:00:00,17:00:00,18:00:00,19:00:00,20:00:00,21:00:00,22:00:00,23:00:00
1,78.0,70.0,75.0,68.0,83.0,97.0,143.0,130.0,127.0,160.0,170.0,130.0,92.0,73.0,68.0,75.0,63.0,63.0,63.0,75.0,103.0,133.0,92.0,77.0
2,85.0,93.0,,,,,127.0,95.0,95.0,113.0,107.0,180.0,130.0,93.0,68.0,65.0,55.0,40.0,47.0,55.0,65.0,143.0,123.0,107.0
3,123.0,98.0,92.0,95.0,113.0,85.0,123.0,157.0,130.0,183.0,133.0,,,,65.0,47.0,55.0,47.0,50.0,57.0,75.0,93.0,110.0,95.0
4,,,,,,,,187.0,130.0,150.0,107.0,,123.0,157.0,141.0,121.0,119.0,129.0,50.0,137.0,148.0,142.0,145.0,161.0
5,141.0,,,,,,140.0,187.0,155.0,167.0,190.0,181.0,174.0,169.0,157.0,145.0,133.0,135.0,126.0,138.0,235.0,249.0,249.0,322.0
6,233.0,253.0,302.0,267.0,237.0,240.0,243.0,207.0,157.0,178.0,199.0,171.0,199.0,389.0,190.0,175.0,153.0,143.0,150.0,172.0,283.0,422.0,378.0,312.0
7,311.0,311.0,323.0,303.0,,,,,,166.0,165.0,171.0,133.0,118.0,122.0,120.0,113.0,124.0,118.0,141.0,156.0,170.0,182.0,221.0
8,29.0,35.0,40.0,5.0,54.0,28.0,22.0,25.0,155.0,137.0,152.0,159.0,161.0,326.0,189.0,165.0,129.0,124.0,133.0,135.0,,,,308.0
9,270.0,230.0,260.0,287.0,303.0,307.0,287.0,172.0,125.0,137.0,183.0,157.0,181.0,175.0,167.0,151.0,143.0,152.0,167.0,232.0,239.0,238.0,,
10,,,,,,,,,,,,,,,500.0,65.0,67.0,185.0,189.0,202.0,204.0,195.0,204.0,233.0
11,270.0,318.0,324.0,333.0,331.0,320.0,,280.0,250.0,197.0,,,170.0,148.0,151.0,141.0,131.0,26.0,25.0,26.0,34.0,,46.0,457.0
12,30.0,50.0,300.0,326.0,361.0,346.0,366.0,420.0,408.0,440.0,,227.0,285.0,245.0,295.0,199.0,25.0,20.0,20.0,24.0,28.0,42.0,65.0,35.0
13,25.0,50.0,58.0,5.0,35.0,34.0,,,55.0,52.0,55.0,28.0,24.0,25.0,,25.0,20.0,19.0,20.0,28.0,32.0,34.0,54.0,70.0
14,55.0,68.0,65.0,5.0,55.0,48.0,50.0,46.0,56.0,35.0,,26.0,38.0,57.0,42.0,40.0,,,,72.0,103.0,110.0,116.0,124.0
15,102.0,60.0,75.0,4.0,76.0,,75.0,75.0,56.0,15.0,15.0,13.0,13.0,14.0,15.0,16.0,17.0,21.0,25.0,35.0,32.0,46.0,56.0,60.0
16,60.0,62.0,36.0,5.0,30.0,35.0,40.0,42.0,38.0,42.0,38.0,22.0,16.0,16.0,,,,,,,,,,
17,,,,,,,,,,,,,28.0,30.0,,,30.0,26.0,38.0,55.0,86.0,101.0,92.0,64.0
18,65.0,45.0,30.0,5.0,22.0,24.0,21.0,22.0,22.0,22.0,21.0,20.0,18.0,19.0,35.0,36.0,35.0,35.0,42.0,55.0,,,,
19,52.0,38.0,40.0,5.0,30.0,30.0,30.0,36.0,40.0,46.0,44.0,36.0,34.0,30.0,30.0,28.0,30.0,30.0,36.0,48.0,64.0,65.0,82.0,100.0
20,72.0,46.0,42.0,5.0,50.0,50.0,55.0,58.0,52.0,36.0,36.0,26.0,25.0,25.0,24.0,21.0,32.0,28.0,36.0,56.0,58.0,64.0,88.0,107.0
21,101.0,50.0,54.0,5.0,46.0,40.0,40.0,46.0,55.0,68.0,45.0,46.0,36.0,28.0,23.0,23.0,22.0,24.0,32.0,52.0,65.0,,,
22,108.0,74.0,60.0,5.0,95.0,80.0,78.0,46.0,56.0,32.0,36.0,34.0,35.0,30.0,26.0,24.0,22.0,23.0,27.0,28.0,33.0,39.0,46.0,45.0
23,45.0,70.0,65.0,5.0,80.0,72.0,60.0,68.0,66.0,46.0,35.0,30.0,25.0,24.0,20.0,40.0,,,,,169.0,169.0,163.0,200.0
24,219.0,222.0,185.0,196.0,183.0,175.0,170.0,163.0,167.0,209.0,224.0,189.0,175.0,146.0,131.0,112.0,89.0,92.0,102.0,129.0,184.0,191.0,232.0,245.0
25,234.0,211.0,244.0,273.0,232.0,201.0,204.0,195.0,192.0,248.0,300.0,298.0,189.0,192.0,148.0,126.0,134.0,135.0,151.0,169.0,,,,
26,,,,,,,199.0,181.0,179.0,215.0,224.0,273.0,,181.0,141.0,160.0,115.0,40.0,112.0,139.0,172.0,181.0,245.0,186.0
27,194.0,224.0,58.0,245.0,198.0,188.0,179.0,215.0,251.0,293.0,283.0,300.0,239.0,222.0,150.0,135.0,148.0,167.0,167.0,228.0,275.0,301.0,305.0,293.0
28,306.0,433.0,380.0,349.0,424.0,332.0,310.0,354.0,339.0,334.0,322.0,428.0,260.0,173.0,,,138.0,28.0,210.0,196.0,306.0,350.0,404.0,413.0
29,346.0,,,,,,,,376.0,439.0,,,,169.0,195.0,253.0,212.0,289.0,261.0,318.0,416.0,408.0,451.0,467.0
30,465.0,445.0,445.0,447.0,369.0,,374.0,311.0,336.0,437.0,500.0,473.0,369.0,301.0,258.0,258.0,34.0,217.0,289.0,289.0,406.0,123.0,409.0,346.0
31,340.0,412.0,412.0,364.0,344.0,101.0,300.0,285.0,312.0,416.0,46.0,316.0,313.0,277.0,274.0,301.0,312.0,380.0,400.0,354.0,402.0,420.0,406.0,410.0
"
"
November-2023,00:00:00,01:00:00,02:00:00,03:00:00,04:00:00,05:00:00,06:00:00,07:00:00,08:00:00,09:00:00,10:00:00,11:00:00,12:00:00,13:00:00,14:00:00,15:00:00,16:00:00,17:00:00,18:00:00,19:00:00,20:00:00,21:00:00,22:00:00,23:00:00
1,313.0,403.0,403.0,342.0,356.0,311.0,260.0,286.0,307.0,336.0,413.0,319.0,305.0,310.0,305.0,219,204,177.0,,,,,,
2,476.0,350.0,309.0,304.0,302.0,291.0,264.0,264.0,275.0,328.0,405.0,441.0,500.0,500.0,490.0,484,472,446.0,,,,453.0,,447.0
3,436.0,438.0,418.0,407.0,407.0,416.0,430.0,,,447.0,468.0,448.0,443.0,454.0,380.0,295,189,165.0,188.0,330.0,453.0,370.0,371.0,444.0
4,480.0,446.0,434.0,428.0,429.0,422.0,424.0,428.0,428.0,479.0,480.0,495.0,500.0,500.0,422.0,426,416,350.0,306.0,352.0,401.0,62.0,,
5,,,,,,,,,,,,,,,,412,305,95.0,289.0,342.0,451.0,473.0,467.0,448.0
6,430.0,418.0,389.0,411.0,374.0,394.0,396.0,401.0,400.0,421.0,426.0,354.0,420.0,409.0,346.0,237,222,219.0,55.0,409.0,,,,449.0
7,,,,,,,,416.0,410.0,426.0,462.0,447.0,455.0,427.0,400.0,382,382,388.0,,54.0,496.0,499.0,500.0,500.0
8,,,,,,,,500.0,500.0,500.0,500.0,483.0,366.0,368.0,352.0,400,378,,363.0,375.0,380.0,387.0,409.0,443.0
9,450.0,454.0,443.0,452.0,455.0,450.0,453.0,473.0,478.0,500.0,500.0,500.0,500.0,500.0,500.0,463,405,423.0,433.0,473.0,500.0,500.0,500.0,500.0
10,500.0,500.0,500.0,500.0,371.0,140.0,92.0,16.0,67.0,77.0,113.0,163.0,130.0,123.0,170.0,167,147,147.0,253.0,213.0,84.0,86.0,98.0,104.0
11,345.0,346.0,353.0,369.0,20.0,16.0,17.0,20.0,19.0,240.0,217.0,193.0,140.0,92.0,68.0,73,73,80.0,83.0,120.0,233.0,237.0,,
12,358.0,349.0,348.0,2.0,40.0,40.0,40.0,304.0,222.0,241.0,210.0,131.0,101.0,81.0,83.0,88,84,81.0,100.0,116.0,147.0,266.0,366.0,500.0
13,85.0,92.0,84.0,500.0,480.0,443.0,440.0,429.0,422.0,424.0,411.0,346.0,278.0,238.0,312.0,322,290,311.0,322.0,349.0,373.0,405.0,453.0,461.0
14,433.0,418.0,417.0,401.0,392.0,376.0,364.0,362.0,346.0,362.0,,,,377.0,323.0,311,280,215.0,201.0,241.0,315.0,327.0,347.0,374.0
15,378.0,369.0,,,,,449.0,448.0,448.0,434.0,440.0,434.0,356.0,318.0,321.0,287,185,147.0,187.0,224.0,301.0,315.0,344.0,
16,,,,,,,,430.0,434.0,441.0,452.0,480.0,476.0,485.0,429.0,308,336,352.0,349.0,361.0,372.0,399.0,415.0,415.0
17,436.0,461.0,450.0,439.0,436.0,,,409.0,408.0,409.0,425.0,439.0,,343.0,234.0,152,127,123.0,120.0,147.0,217.0,306.0,344.0,360.0
18,343.0,337.0,343.0,347.0,343.0,334.0,326.0,318.0,306.0,,336.0,355.0,318.0,206.0,133.0,115,129,135.0,131.0,87.0,105.0,105.0,109.0,329.0
19,266.0,206.0,201.0,195.0,257.0,243.0,188.0,199.0,,,69.0,52.0,465.0,402.0,227.0,167,165,157.0,306.0,215.0,292.0,421.0,447.0,426.0
20,421.0,405.0,408.0,412.0,441.0,420.0,403.0,370.0,364.0,384.0,380.0,311.0,305.0,389.0,371.0,243,304,202.0,315.0,328.0,349.0,380.0,378.0,414.0
21,420.0,419.0,400.0,383.0,397.0,414.0,433.0,437.0,431.0,444.0,438.0,455.0,445.0,350.0,350.0,331,308,340.0,365.0,387.0,407.0,433.0,429.0,429.0
22,392.0,409.0,430.0,426.0,417.0,449.0,453.0,447.0,427.0,401.0,403.0,407.0,374.0,349.0,328.0,303,311,310.0,324.0,342.0,364.0,407.0,418.0,421.0
23,431.0,428.0,433.0,426.0,421.0,428.0,431.0,431.0,408.0,410.0,433.0,451.0,443.0,355.0,348.0,346,342,332.0,394.0,410.0,434.0,418.0,432.0,495.0
24,500.0,500.0,500.0,500.0,500.0,500.0,500.0,,500.0,500.0,500.0,500.0,500.0,401.0,395.0,399,420,334.0,,410.0,418.0,428.0,470.0,
25,470.0,,494.0,496.0,,,,,467.0,459.0,471.0,,450.0,418.0,369.0,359,365,342.0,329.0,333.0,370.0,392.0,429.0,495.0
26,500.0,488.0,476.0,487.0,500.0,500.0,500.0,500.0,500.0,500.0,500.0,500.0,481.0,429.0,395.0,401,398,374.0,374.0,435.0,500.0,499.0,482.0,497.0
27,489.0,496.0,479.0,477.0,477.0,479.0,472.0,467.0,484.0,489.0,472.0,440.0,432.0,420.0,449.0,436,363,358.0,354.0,348.0,411.0,375.0,352.0,348.0
28,388.0,374.0,373.0,382.0,410.0,413.0,422.0,443.0,409.0,357.0,346.0,318.0,302.0,312.0,200.0,83,230,91.0,97.0,187.0,237.0,260.0,334.0,348.0
29,373.0,386.0,373.0,378.0,,,371.0,365.0,365.0,382.0,375.0,368.0,348.0,332.0,323.0,324,337,351.0,351.0,383.0,395.0,,446.0,457.0
30,462.0,452.0,457.0,423.0,428.0,437.0,443.0,443.0,484.0,,500.0,500.0,500.0,433.0,413.0,378,391,385.0,375.0,392.0,429.0,453.0,346.0,348.0
"
"
December-2023,00:00:00,01:00:00,02:00:00,03:00:00,04:00:00,05:00:00,06:00:00,07:00:00,08:00:00,09:00:00,10:00:00,11:00:00,12:00:00,13:00:00,14:00:00,15:00:00,16:00:00,17:00:00,18:00:00,19:00:00,20:00:00,21:00:00,22:00:00,23:00:00
1,358.0,345.0,362.0,361.0,365.0,372.0,382,387,373,403,401.0,439.0,422.0,391.0,390,365.0,325.0,349.0,375.0,390.0,432.0,434,413.0,414
2,407.0,390.0,375.0,374.0,356.0,337.0,335,339,348,357,361.0,345.0,336.0,354.0,323,293.0,287.0,243.0,301.0,301.0,318.0,332,341.0,333
3,362.0,395.0,406.0,385.0,370.0,358.0,362,365,371,359,351.0,372.0,387.0,385.0,308,233.0,167.0,125.0,217.0,320.0,332.0,340,355.0,368
4,358.0,365.0,384.0,374.0,378.0,365.0,363,362,367,397,397.0,400.0,322.0,334.0,230,270.0,230.0,187.0,193.0,243.0,327.0,354,338.0,356
5,351.0,,,,,,337,331,316,328,334.0,318.0,348.0,,270,193.0,157.0,130.0,150.0,193.0,260.0,323,329.0,332
6,,,,,,,344,324,332,337,337.0,325.0,319.0,304.0,287,230.0,270.0,290.0,260.0,267.0,287.0,318,334.0,375
7,398.0,344.0,336.0,362.0,363.0,352.0,349,354,358,375,422.0,434.0,423.0,422.0,351,342.0,329.0,335.0,315.0,311.0,327.0,358,373.0,387
8,423.0,429.0,,,,,386,365,338,346,355.0,365.0,332.0,321.0,304,,,,,,,349,359.0,370
9,395.0,403.0,408.0,392.0,382.0,401.0,365,350,344,352,361.0,362.0,,,306,240.0,207.0,187.0,223.0,297.0,358.0,401,356.0,352
10,351.0,368.0,369.0,365.0,358.0,342.0,357,358,351,346,341.0,342.0,325.0,310.0,243,193.0,160.0,133.0,151.0,186.0,223.0,332,368.0,366
11,367.0,357.0,355.0,350.0,345.0,345.0,354,358,362,353,352.0,358.0,391.0,318.0,257,213.0,217.0,141.0,181.0,369.0,403.0,412,484.0,434
12,469.0,500.0,500.0,500.0,474.0,459.0,460,456,460,469,500.0,499.0,397.0,311.0,320,336.0,331.0,325.0,324.0,368.0,412.0,373,463.0,382
13,426.0,482.0,487.0,471.0,453.0,462.0,450,452,437,435,471.0,469.0,88.0,67.0,393,316.0,270.0,273.0,273.0,333.0,425.0,430,439.0,429
14,427.0,423.0,404.0,374.0,359.0,325.0,329,327,241,292,,43.0,263.0,302.0,318,203.0,159.0,159.0,177.0,240.0,318.0,422,406.0,421
15,411.0,404.0,369.0,362.0,388.0,375.0,375,382,380,395,409.0,407.0,380.0,378.0,345,207.0,200.0,167.0,150.0,257.0,409.0,449,,443
16,500.0,500.0,451.0,429.0,436.0,435.0,450,440,435,440,464.0,422.0,423.0,424.0,416,297.0,177.0,133.0,149.0,179.0,341.0,385,446.0,480
17,500.0,500.0,423.0,396.0,382.0,380.0,370,371,372,401,409.0,423.0,420.0,301.0,253,223.0,217.0,230.0,353.0,359.0,403.0,406,430.0,422
18,432.0,404.0,382.0,366.0,339.0,329.0,323,320,339,344,351.0,342.0,280.0,237.0,217,187.0,254.0,233.0,200.0,220.0,328.0,333,341.0,350
19,339.0,323.0,324.0,305.0,312.0,328.0,312,319,328,333,332.0,327.0,322.0,302.0,187,161.0,142.0,125.0,139.0,172.0,257.0,334,389.0,355
20,338.0,324.0,304.0,322.0,303.0,308.0,315,316,319,328,333.0,324.0,316.0,309.0,273,243.0,200.0,193.0,177.0,240.0,334.0,422,425.0,379
21,362.0,382.0,376.0,378.0,365.0,366.0,346,363,375,395,410.0,439.0,446.0,408.0,335,329.0,315.0,308.0,277.0,341.0,453.0,469,500.0,500
22,484.0,463.0,474.0,474.0,433.0,414.0,413,413,423,401,407.0,410.0,438.0,383.0,371,428.0,448.0,451.0,435.0,453.0,493.0,500,500.0,500
23,500.0,500.0,500.0,486.0,472.0,475.0,472,451,449,483,,,487.0,431.0,378,463.0,395.0,305.0,323.0,360.0,474.0,478,493.0,500
24,500.0,500.0,500.0,500.0,500.0,483.0,429,406,409,447,449.0,473.0,450.0,406.0,416,345.0,305.0,243.0,250.0,342.0,422.0,436,425.0,426
25,418.0,434.0,440.0,436.0,405.0,401.0,392,289,273,282,350.0,366.0,413.0,277.0,348,336.0,308.0,293.0,306.0,314.0,332.0,351,408.0,370
26,399.0,378.0,375.0,382.0,378.0,379.0,359,350,362,371,426.0,436.0,424.0,430.0,474,333.0,333.0,315.0,305.0,356.0,399.0,494,479.0,466
27,430.0,431.0,464.0,434.0,372.0,325.0,320,315,336,358,382.0,405.0,437.0,477.0,500,457.0,493.0,477.0,467.0,435.0,417.0,397,400.0,392
28,396.0,367.0,361.0,328.0,332.0,332.0,328,319,315,312,315.0,348.0,348.0,340.0,357,345.0,350.0,418.0,357.0,363.0,356.0,392,361.0,354
29,372.0,395.0,410.0,376.0,375.0,375.0,363,362,356,401,418.0,416.0,420.0,449.0,433,500.0,500.0,475.0,469.0,458.0,459.0,451,439.0,416
30,392.0,376.0,387.0,370.0,378.0,367.0,348,350,354,357,359.0,388.0,415.0,407.0,415,417.0,439.0,420.0,401.0,422.0,420.0,418,413.0,407
31,418.0,401.0,410.0,392.0,371.0,354.0,359,361,366,361,380.0,408.0,362.0,399.0,399,403.0,431.0,436.0,418.0,410.0,391.0,401,402.0,371
"
"
