Year,2017
January-2017,00:00:00,01:00:00,02:00:00,03:00:00,04:00:00,05:00:00,06:00:00,07:00:00,08:00:00,09:00:00,10:00:00,11:00:00,12:00:00,13:00:00,14:00:00,15:00:00,16:00:00,17:00:00,18:00:00,19:00:00,20:00:00,21:00:00,22:00:00,23:00:00
"
"
February-2017,00:00:00,01:00:00,02:00:00,03:00:00,04:00:00,05:00:00,06:00:00,07:00:00,08:00:00,09:00:00,10:00:00,11:00:00,12:00:00,13:00:00,14:00:00,15:00:00,16:00:00,17:00:00,18:00:00,19:00:00,20:00:00,21:00:00,22:00:00,23:00:00
"
"
March-2017,00:00:00,01:00:00,02:00:00,03:00:00,04:00:00,05:00:00,06:00:00,07:00:00,08:00:00,09:00:00,10:00:00,11:00:00,12:00:00,13:00:00,14:00:00,15:00:00,16:00:00,17:00:00,18:00:00,19:00:00,20:00:00,21:00:00,22:00:00,23:00:00
"
"
April-2017,00:00:00,01:00:00,02:00:00,03:00:00,04:00:00,05:00:00,06:00:00,07:00:00,08:00:00,09:00:00,10:00:00,11:00:00,12:00:00,13:00:00,14:00:00,15:00:00,16:00:00,17:00:00,18:00:00,19:00:00,20:00:00,21:00:00,22:00:00,23:00:00
"
"
May-2017,00:00:00,01:00:00,02:00:00,03:00:00,04:00:00,05:00:00,06:00:00,07:00:00,08:00:00,09:00:00,10:00:00,11:00:00,12:00:00,13:00:00,14:00:00,15:00:00,16:00:00,17:00:00,18:00:00,19:00:00,20:00:00,21:00:00,22:00:00,23:00:00
"
"
June-2017,00:00:00,01:00:00,02:00:00,03:00:00,04:00:00,05:00:00,06:00:00,07:00:00,08:00:00,09:00:00,10:00:00,11:00:00,12:00:00,13:00:00,14:00:00,15:00:00,16:00:00,17:00:00,18:00:00,19:00:00,20:00:00,21:00:00,22:00:00,23:00:00
"
"
July-2017,00:00:00,01:00:00,02:00:00,03:00:00,04:00:00,05:00:00,06:00:00,07:00:00,08:00:00,09:00:00,10:00:00,11:00:00,12:00:00,13:00:00,14:00:00,15:00:00,16:00:00,17:00:00,18:00:00,19:00:00,20:00:00,21:00:00,22:00:00,23:00:00
"
"
August-2017,00:00:00,01:00:00,02:00:00,03:00:00,04:00:00,05:00:00,06:00:00,07:00:00,08:00:00,09:00:00,10:00:00,11:00:00,12:00:00,13:00:00,14:00:00,15:00:00,16:00:00,17:00:00,18:00:00,19:00:00,20:00:00,21:00:00,22:00:00,23:00:00
"
"
September-2017,00:00:00,01:00:00,02:00:00,03:00:00,04:00:00,05:00:00,06:00:00,07:00:00,08:00:00,09:00:00,10:00:00,11:00:00,12:00:00,13:00:00,14:00:00,15:00:00,16:00:00,17:00:00,18:00:00,19:00:00,20:00:00,21:00:00,22:00:00,23:00:00
"
"
October-2017,00:00:00,01:00:00,02:00:00,03:00:00,04:00:00,05:00:00,06:00:00,07:00:00,08:00:00,09:00:00,10:00:00,11:00:00,12:00:00,13:00:00,14:00:00,15:00:00,16:00:00,17:00:00,18:00:00,19:00:00,20:00:00,21:00:00,22:00:00,23:00:00
"
"
November-2017,00:00:00,01:00:00,02:00:00,03:00:00,04:00:00,05:00:00,06:00:00,07:00:00,08:00:00,09:00:00,10:00:00,11:00:00,12:00:00,13:00:00,14:00:00,15:00:00,16:00:00,17:00:00,18:00:00,19:00:00,20:00:00,21:00:00,22:00:00,23:00:00
"
"
December-2017,00:00:00,01:00:00,02:00:00,03:00:00,04:00:00,05:00:00,06:00:00,07:00:00,08:00:00,09:00:00,10:00:00,11:00:00,12:00:00,13:00:00,14:00:00,15:00:00,16:00:00,17:00:00,18:00:00,19:00:00,20:00:00,21:00:00,22:00:00,23:00:00
"
"
Year,2018
January-2018,00:00:00,01:00:00,02:00:00,03:00:00,04:00:00,05:00:00,06:00:00,07:00:00,08:00:00,09:00:00,10:00:00,11:00:00,12:00:00,13:00:00,14:00:00,15:00:00,16:00:00,17:00:00,18:00:00,19:00:00,20:00:00,21:00:00,22:00:00,23:00:00
"
"
February-2018,00:00:00,01:00:00,02:00:00,03:00:00,04:00:00,05:00:00,06:00:00,07:00:00,08:00:00,09:00:00,10:00:00,11:00:00,12:00:00,13:00:00,14:00:00,15:00:00,16:00:00,17:00:00,18:00:00,19:00:00,20:00:00,21:00:00,22:00:00,23:00:00
"
"
March-2018,00:00:00,01:00:00,02:00:00,03:00:00,04:00:00,05:00:00,06:00:00,07:00:00,08:00:00,09:00:00,10:00:00,11:00:00,12:00:00,13:00:00,14:00:00,15:00:00,16:00:00,17:00:00,18:00:00,19:00:00,20:00:00,21:00:00,22:00:00,23:00:00
"
"
April-2018,00:00:00,01:00:00,02:00:00,03:00:00,04:00:00,05:00:00,06:00:00,07:00:00,08:00:00,09:00:00,10:00:00,11:00:00,12:00:00,13:00:00,14:00:00,15:00:00,16:00:00,17:00:00,18:00:00,19:00:00,20:00:00,21:00:00,22:00:00,23:00:00
"
"
May-2018,00:00:00,01:00:00,02:00:00,03:00:00,04:00:00,05:00:00,06:00:00,07:00:00,08:00:00,09:00:00,10:00:00,11:00:00,12:00:00,13:00:00,14:00:00,15:00:00,16:00:00,17:00:00,18:00:00,19:00:00,20:00:00,21:00:00,22:00:00,23:00:00
"
"
June-2018,00:00:00,01:00:00,02:00:00,03:00:00,04:00:00,05:00:00,06:00:00,07:00:00,08:00:00,09:00:00,10:00:00,11:00:00,12:00:00,13:00:00,14:00:00,15:00:00,16:00:00,17:00:00,18:00:00,19:00:00,20:00:00,21:00:00,22:00:00,23:00:00
"
"
July-2018,00:00:00,01:00:00,02:00:00,03:00:00,04:00:00,05:00:00,06:00:00,07:00:00,08:00:00,09:00:00,10:00:00,11:00:00,12:00:00,13:00:00,14:00:00,15:00:00,16:00:00,17:00:00,18:00:00,19:00:00,20:00:00,21:00:00,22:00:00,23:00:00
"
"
August-2018,00:00:00,01:00:00,02:00:00,03:00:00,04:00:00,05:00:00,06:00:00,07:00:00,08:00:00,09:00:00,10:00:00,11:00:00,12:00:00,13:00:00,14:00:00,15:00:00,16:00:00,17:00:00,18:00:00,19:00:00,20:00:00,21:00:00,22:00:00,23:00:00
"
"
September-2018,00:00:00,01:00:00,02:00:00,03:00:00,04:00:00,05:00:00,06:00:00,07:00:00,08:00:00,09:00:00,10:00:00,11:00:00,12:00:00,13:00:00,14:00:00,15:00:00,16:00:00,17:00:00,18:00:00,19:00:00,20:00:00,21:00:00,22:00:00,23:00:00
"
"
October-2018,00:00:00,01:00:00,02:00:00,03:00:00,04:00:00,05:00:00,06:00:00,07:00:00,08:00:00,09:00:00,10:00:00,11:00:00,12:00:00,13:00:00,14:00:00,15:00:00,16:00:00,17:00:00,18:00:00,19:00:00,20:00:00,21:00:00,22:00:00,23:00:00
"
"
November-2018,00:00:00,01:00:00,02:00:00,03:00:00,04:00:00,05:00:00,06:00:00,07:00:00,08:00:00,09:00:00,10:00:00,11:00:00,12:00:00,13:00:00,14:00:00,15:00:00,16:00:00,17:00:00,18:00:00,19:00:00,20:00:00,21:00:00,22:00:00,23:00:00
"
"
December-2018,00:00:00,01:00:00,02:00:00,03:00:00,04:00:00,05:00:00,06:00:00,07:00:00,08:00:00,09:00:00,10:00:00,11:00:00,12:00:00,13:00:00,14:00:00,15:00:00,16:00:00,17:00:00,18:00:00,19:00:00,20:00:00,21:00:00,22:00:00,23:00:00
"
"
Year,2019
January-2019,00:00:00,01:00:00,02:00:00,03:00:00,04:00:00,05:00:00,06:00:00,07:00:00,08:00:00,09:00:00,10:00:00,11:00:00,12:00:00,13:00:00,14:00:00,15:00:00,16:00:00,17:00:00,18:00:00,19:00:00,20:00:00,21:00:00,22:00:00,23:00:00
"
"
February-2019,00:00:00,01:00:00,02:00:00,03:00:00,04:00:00,05:00:00,06:00:00,07:00:00,08:00:00,09:00:00,10:00:00,11:00:00,12:00:00,13:00:00,14:00:00,15:00:00,16:00:00,17:00:00,18:00:00,19:00:00,20:00:00,21:00:00,22:00:00,23:00:00
"
"
March-2019,00:00:00,01:00:00,02:00:00,03:00:00,04:00:00,05:00:00,06:00:00,07:00:00,08:00:00,09:00:00,10:00:00,11:00:00,12:00:00,13:00:00,14:00:00,15:00:00,16:00:00,17:00:00,18:00:00,19:00:00,20:00:00,21:00:00,22:00:00,23:00:00
"
"
April-2019,00:00:00,01:00:00,02:00:00,03:00:00,04:00:00,05:00:00,06:00:00,07:00:00,08:00:00,09:00:00,10:00:00,11:00:00,12:00:00,13:00:00,14:00:00,15:00:00,16:00:00,17:00:00,18:00:00,19:00:00,20:00:00,21:00:00,22:00:00,23:00:00
"
"
May-2019,00:00:00,01:00:00,02:00:00,03:00:00,04:00:00,05:00:00,06:00:00,07:00:00,08:00:00,09:00:00,10:00:00,11:00:00,12:00:00,13:00:00,14:00:00,15:00:00,16:00:00,17:00:00,18:00:00,19:00:00,20:00:00,21:00:00,22:00:00,23:00:00
"
"
June-2019,00:00:00,01:00:00,02:00:00,03:00:00,04:00:00,05:00:00,06:00:00,07:00:00,08:00:00,09:00:00,10:00:00,11:00:00,12:00:00,13:00:00,14:00:00,15:00:00,16:00:00,17:00:00,18:00:00,19:00:00,20:00:00,21:00:00,22:00:00,23:00:00
"
"
July-2019,00:00:00,01:00:00,02:00:00,03:00:00,04:00:00,05:00:00,06:00:00,07:00:00,08:00:00,09:00:00,10:00:00,11:00:00,12:00:00,13:00:00,14:00:00,15:00:00,16:00:00,17:00:00,18:00:00,19:00:00,20:00:00,21:00:00,22:00:00,23:00:00
"
"
August-2019,00:00:00,01:00:00,02:00:00,03:00:00,04:00:00,05:00:00,06:00:00,07:00:00,08:00:00,09:00:00,10:00:00,11:00:00,12:00:00,13:00:00,14:00:00,15:00:00,16:00:00,17:00:00,18:00:00,19:00:00,20:00:00,21:00:00,22:00:00,23:00:00
"
"
September-2019,00:00:00,01:00:00,02:00:00,03:00:00,04:00:00,05:00:00,06:00:00,07:00:00,08:00:00,09:00:00,10:00:00,11:00:00,12:00:00,13:00:00,14:00:00,15:00:00,16:00:00,17:00:00,18:00:00,19:00:00,20:00:00,21:00:00,22:00:00,23:00:00
"
"
October-2019,00:00:00,01:00:00,02:00:00,03:00:00,04:00:00,05:00:00,06:00:00,07:00:00,08:00:00,09:00:00,10:00:00,11:00:00,12:00:00,13:00:00,14:00:00,15:00:00,16:00:00,17:00:00,18:00:00,19:00:00,20:00:00,21:00:00,22:00:00,23:00:00
"
"
November-2019,00:00:00,01:00:00,02:00:00,03:00:00,04:00:00,05:00:00,06:00:00,07:00:00,08:00:00,09:00:00,10:00:00,11:00:00,12:00:00,13:00:00,14:00:00,15:00:00,16:00:00,17:00:00,18:00:00,19:00:00,20:00:00,21:00:00,22:00:00,23:00:00
"
"
December-2019,00:00:00,01:00:00,02:00:00,03:00:00,04:00:00,05:00:00,06:00:00,07:00:00,08:00:00,09:00:00,10:00:00,11:00:00,12:00:00,13:00:00,14:00:00,15:00:00,16:00:00,17:00:00,18:00:00,19:00:00,20:00:00,21:00:00,22:00:00,23:00:00
"
"
Year,2020
January-2020,00:00:00,01:00:00,02:00:00,03:00:00,04:00:00,05:00:00,06:00:00,07:00:00,08:00:00,09:00:00,10:00:00,11:00:00,12:00:00,13:00:00,14:00:00,15:00:00,16:00:00,17:00:00,18:00:00,19:00:00,20:00:00,21:00:00,22:00:00,23:00:00
"
"
February-2020,00:00:00,01:00:00,02:00:00,03:00:00,04:00:00,05:00:00,06:00:00,07:00:00,08:00:00,09:00:00,10:00:00,11:00:00,12:00:00,13:00:00,14:00:00,15:00:00,16:00:00,17:00:00,18:00:00,19:00:00,20:00:00,21:00:00,22:00:00,23:00:00
"
"
March-2020,00:00:00,01:00:00,02:00:00,03:00:00,04:00:00,05:00:00,06:00:00,07:00:00,08:00:00,09:00:00,10:00:00,11:00:00,12:00:00,13:00:00,14:00:00,15:00:00,16:00:00,17:00:00,18:00:00,19:00:00,20:00:00,21:00:00,22:00:00,23:00:00
"
"
April-2020,00:00:00,01:00:00,02:00:00,03:00:00,04:00:00,05:00:00,06:00:00,07:00:00,08:00:00,09:00:00,10:00:00,11:00:00,12:00:00,13:00:00,14:00:00,15:00:00,16:00:00,17:00:00,18:00:00,19:00:00,20:00:00,21:00:00,22:00:00,23:00:00
"
"
May-2020,00:00:00,01:00:00,02:00:00,03:00:00,04:00:00,05:00:00,06:00:00,07:00:00,08:00:00,09:00:00,10:00:00,11:00:00,12:00:00,13:00:00,14:00:00,15:00:00,16:00:00,17:00:00,18:00:00,19:00:00,20:00:00,21:00:00,22:00:00,23:00:00
"
"
June-2020,00:00:00,01:00:00,02:00:00,03:00:00,04:00:00,05:00:00,06:00:00,07:00:00,08:00:00,09:00:00,10:00:00,11:00:00,12:00:00,13:00:00,14:00:00,15:00:00,16:00:00,17:00:00,18:00:00,19:00:00,20:00:00,21:00:00,22:00:00,23:00:00
"
"
July-2020,00:00:00,01:00:00,02:00:00,03:00:00,04:00:00,05:00:00,06:00:00,07:00:00,08:00:00,09:00:00,10:00:00,11:00:00,12:00:00,13:00:00,14:00:00,15:00:00,16:00:00,17:00:00,18:00:00,19:00:00,20:00:00,21:00:00,22:00:00,23:00:00
"
"
August-2020,00:00:00,01:00:00,02:00:00,03:00:00,04:00:00,05:00:00,06:00:00,07:00:00,08:00:00,09:00:00,10:00:00,11:00:00,12:00:00,13:00:00,14:00:00,15:00:00,16:00:00,17:00:00,18:00:00,19:00:00,20:00:00,21:00:00,22:00:00,23:00:00
"
"
September-2020,00:00:00,01:00:00,02:00:00,03:00:00,04:00:00,05:00:00,06:00:00,07:00:00,08:00:00,09:00:00,10:00:00,11:00:00,12:00:00,13:00:00,14:00:00,15:00:00,16:00:00,17:00:00,18:00:00,19:00:00,20:00:00,21:00:00,22:00:00,23:00:00
"
"
October-2020,00:00:00,01:00:00,02:00:00,03:00:00,04:00:00,05:00:00,06:00:00,07:00:00,08:00:00,09:00:00,10:00:00,11:00:00,12:00:00,13:00:00,14:00:00,15:00:00,16:00:00,17:00:00,18:00:00,19:00:00,20:00:00,21:00:00,22:00:00,23:00:00
"
"
November-2020,00:00:00,01:00:00,02:00:00,03:00:00,04:00:00,05:00:00,06:00:00,07:00:00,08:00:00,09:00:00,10:00:00,11:00:00,12:00:00,13:00:00,14:00:00,15:00:00,16:00:00,17:00:00,18:00:00,19:00:00,20:00:00,21:00:00,22:00:00,23:00:00
1,,,,,,,,,,,,,,,,,,,,,,,,
2,,,,,,,,,,,,,,,,,,,,,,,,
3,,,,,,,,,,,,,,,,,,,,,,,,
4,,,,,,,,,,,,,,,,,,,,,,,,
5,,,,,,,,,,,,,,,,,,,,,,,,
6,,,,,,,,,,,,,,,,,,,,,,,,
7,,,,,,,,,,,,,,,,,,,,,,,,
8,,,,,,,,,,,,,,,,,311.0,259.0,323.0,402.0,419.0,432.0,438.0,459.0
9,446.0,446.0,413.0,407.0,403.0,400.0,379.0,419.0,431.0,471.0,429.0,451.0,457.0,452.0,441.0,437.0,438.0,419.0,340.0,450.0,500.0,500.0,500.0,500.0
10,500.0,500.0,500.0,500.0,500.0,499.0,491.0,408.0,368.0,378.0,326.0,357.0,375.0,334.0,378.0,296.0,302.0,302.0,308.0,435.0,410.0,190.0,224.0,210.0
11,306.0,221.0,187.0,303.0,160.0,153.0,133.0,125.0,144.0,135.0,129.0,139.0,151.0,163.0,135.0,141.0,,,,,,,,
12,,,,,,,,,,,,201.0,,,,219.0,214.0,189.0,268.0,306.0,267.0,312.0,308.0,210.0
13,190.0,176.0,162.0,189.0,148.0,181.0,291.0,225.0,233.0,268.0,249.0,221.0,181.0,299.0,238.0,297.0,277.0,301.0,304.0,333.0,318.0,425.0,411.0,384.0
14,404.0,332.0,226.0,226.0,212.0,221.0,307.0,326.0,313.0,327.0,302.0,327.0,280.0,307.0,302.0,230.0,260.0,286.0,311.0,344.0,341.0,333.0,371.0,332.0
15,300.0,348.0,335.0,351.0,351.0,342.0,343.0,329.0,331.0,357.0,307.0,297.0,311.0,317.0,251.0,247.0,240.0,241.0,311.0,440.0,442.0,352.0,324.0,322.0
16,313.0,299.0,277.0,272.0,290.0,218.0,208.0,166.0,302.0,347.0,394.0,304.0,307.0,144.0,221.0,199.0,304.0,427.0,305.0,355.0,348.0,390.0,356.0,405.0
17,500.0,437.0,360.0,320.0,340.0,322.0,326.0,322.0,193.0,246.0,395.0,372.0,283.0,190.0,221.0,311.0,305.0,309.0,310.0,309.0,305.0,307.0,310.0,313.0
18,306.0,310.0,353.0,348.0,324.0,315.0,311.0,426.0,356.0,333.0,354.0,343.0,352.0,433.0,444.0,348.0,345.0,352.0,345.0,420.0,444.0,485.0,500.0,500.0
19,500.0,500.0,481.0,438.0,421.0,414.0,413.0,419.0,459.0,500.0,499.0,423.0,407.0,353.0,344.0,350.0,350.0,338.0,351.0,415.0,420.0,450.0,480.0,498.0
20,496.0,479.0,461.0,456.0,448.0,430.0,428.0,424.0,428.0,444.0,461.0,441.0,418.0,413.0,413.0,315.0,318.0,430.0,416.0,325.0,358.0,399.0,350.0,315.0
21,316.0,306.0,309.0,315.0,326.0,324.0,335.0,336.0,335.0,320.0,270.0,204.0,193.0,187.0,176.0,152.0,157.0,169.0,197.0,194.0,187.0,302.0,,
22,,,,,,,,,,217.0,,,304.0,239.0,236.0,262.0,196.0,175.0,274.0,322.0,301.0,335.0,339.0,314.0
23,325.0,305.0,271.0,240.0,245.0,238.0,280.0,273.0,252.0,303.0,302.0,270.0,392.0,317.0,306.0,309.0,264.0,217.0,301.0,421.0,322.0,355.0,402.0,322.0
24,340.0,291.0,291.0,318.0,323.0,261.0,303.0,316.0,305.0,304.0,188.0,322.0,317.0,267.0,260.0,233.0,226.0,202.0,240.0,314.0,301.0,333.0,322.0,393.0
25,469.0,320.0,480.0,405.0,371.0,325.0,310.0,309.0,268.0,245.0,293.0,276.0,305.0,318.0,330.0,339.0,338.0,313.0,357.0,404.0,403.0,413.0,427.0,397.0
26,375.0,,,,,,,,,,,,,,,,,,,,,,,
"
"
December-2020,00:00:00,01:00:00,02:00:00,03:00:00,04:00:00,05:00:00,06:00:00,07:00:00,08:00:00,09:00:00,10:00:00,11:00:00,12:00:00,13:00:00,14:00:00,15:00:00,16:00:00,17:00:00,18:00:00,19:00:00,20:00:00,21:00:00,22:00:00,23:00:00
1,375.0,388,366,401.0,336.0,354,363,351,334,500,459,449,401,106.0,441.0,393.0,401.0,399.0,361.0,432.0,429.0,437.0,445.0,453.0
2,448.0,443,448,444.0,426.0,419,425,422,409,434,410,407,415,399.0,390.0,406.0,374.0,359.0,423.0,433.0,418.0,478.0,419.0,379.0
3,402.0,340,316,302.0,310.0,324,343,371,336,500,420,395,431,329.0,345.0,403.0,404.0,340.0,411.0,438.0,421.0,482.0,492.0,443.0
4,,440,416,402.0,,412,438,444,481,487,438,350,449,413.0,375.0,355.0,428.0,422.0,385.0,441.0,443.0,450.0,432.0,419.0
5,433.0,413,408,371.0,351.0,346,328,383,434,360,323,390,412,385.0,377.0,312.0,352.0,404.0,349.0,349.0,418.0,411.0,388.0,361.0
6,399.0,411,359,280.0,303.0,285,286,272,284,470,449,454,313,279.0,282.0,315.0,344.0,359.0,348.0,413.0,434.0,357.0,500.0,353.0
7,452.0,359,365,404.0,385.0,358,366,409,382,395,343,63,341,416.0,,359.0,360.0,373.0,327.0,431.0,446.0,472.0,442.0,409.0
8,389.0,399,390,377.0,500.0,339,331,307,411,500,325,316,331,348.0,311.0,380.0,409.0,338.0,331.0,314.0,322.0,340.0,360.0,400.0
9,419.0,422,425,398.0,383.0,420,448,438,412,403,401,405,337,420.0,395.0,341.0,392.0,404.0,398.0,316.0,283.0,341.0,304.0,319.0
10,329.0,273,261,216.0,229.0,185,300,286,263,303,311,317,331,341.0,318.0,316.0,310.0,308.0,307.0,,258.0,101.0,318.0,310.0
11,311.0,270,243,189.0,195.0,183,248,224,225,357,217,305,383,361.0,349.0,340.0,326.0,349.0,342.0,324.0,358.0,373.0,363.0,347.0
12,329.0,335,329,304.0,307.0,307,312,322,314,313,194,302,318,329.0,344.0,343.0,78.0,317.0,255.0,228.0,284.0,339.0,328.0,389.0
13,369.0,328,349,302.0,292.0,358,324,327,322,336,302,257,174,204.0,245.0,190.0,188.0,183.0,166.0,135.0,478.0,186.0,187.0,323.0
14,314.0,219,179,147.0,138.0,130,143,270,327,321,294,243,284,234.0,228.0,245.0,214.0,219.0,224.0,233.0,199.0,300.0,238.0,208.0
15,263.0,291,251,202.0,193.0,185,185,262,292,281,276,322,318,196.0,339.0,433.0,444.0,312.0,319.0,331.0,342.0,364.0,357.0,356.0
16,355.0,324,327,319.0,321.0,307,299,322,318,329,344,333,321,307.0,300.0,351.0,314.0,193.0,301.0,323.0,315.0,330.0,300.0,305.0
17,312.0,293,185,195.0,252.0,237,224,156,154,157,182,321,246,307.0,281.0,235.0,224.0,217.0,224.0,300.0,323.0,356.0,341.0,349.0
18,335.0,333,255,240.0,190.0,256,233,206,258,315,340,338,320,311.0,284.0,279.0,266.0,237.0,219.0,345.0,368.0,401.0,427.0,421.0
19,392.0,340,344,213.0,209.0,243,228,308,321,327,356,359,326,303.0,292.0,295.0,239.0,,,,,,496.0,439.0
20,414.0,416,402,337.0,319.0,284,273,323,335,323,316,311,345,325.0,269.0,246.0,296.0,256.0,228.0,307.0,328.0,345.0,384.0,409.0
21,406.0,400,339,301.0,296.0,260,237,302,315,319,412,428,418,351.0,363.0,393.0,308.0,306.0,301.0,405.0,491.0,500.0,500.0,499.0
22,455.0,500,500,446.0,402.0,407,402,406,426,443,500,496,452,430.0,448.0,500.0,500.0,461.0,413.0,486.0,468.0,500.0,500.0,500.0
23,500.0,500,432,427.0,432.0,500,500,500,500,500,478,397,429,467.0,405.0,429.0,430.0,390.0,343.0,457.0,498.0,500.0,482.0,457.0
24,464.0,484,489,500.0,451.0,365,443,490,347,500,363,436,396,372.0,408.0,379.0,335.0,323.0,409.0,401.0,455.0,495.0,445.0,485.0
25,500.0,500,465,376.0,237.0,297,309,476,440,262,205,266,289,229.0,196.0,199.0,247.0,223.0,207.0,276.0,475.0,465.0,426.0,311.0
26,391.0,450,500,347.0,322.0,301,308,292,334,328,327,319,342,,,,,,,,,,,
27,,462,319,310.0,315.0,343,342,413,412,423,409,402,402,427.0,432.0,382.0,404.0,411.0,273.0,292.0,309.0,,,
28,500.0,413,274,236.0,208.0,223,208,210,242,249,240,255,50,68.0,107.0,198.0,277.0,337.0,404.0,462.0,460.0,495.0,461.0,440.0
29,419.0,410,357,354.0,352.0,332,347,313,374,347,346,311,346,363.0,353.0,346.0,352.0,267.0,225.0,338.0,361.0,384.0,374.0,442.0
30,376.0,412,288,233.0,357.0,379,225,179,301,307,319,307,337,319.0,331.0,313.0,319.0,328.0,339.0,72.0,500.0,494.0,328.0,367.0
31,324.0,312,341,,264.0,314,290,269,302,212,205,208,372,379.0,302.0,495.0,412.0,410.0,405.0,314.0,351.0,363.0,426.0,421.0
"
"
Year,2021
January-2021,00:00:00,01:00:00,02:00:00,03:00:00,04:00:00,05:00:00,06:00:00,07:00:00,08:00:00,09:00:00,10:00:00,11:00:00,12:00:00,13:00:00,14:00:00,15:00:00,16:00:00,17:00:00,18:00:00,19:00:00,20:00:00,21:00:00,22:00:00,23:00:00
1,413.0,458.0,453.0,465.0,486.0,430.0,500.0,484.0,500.0,500.0,500.0,500.0,500.0,,,,,,,,,,,
2,,,,,,,,,,425.0,422.0,420.0,407.0,417.0,336.0,500.0,469.0,433.0,404.0,428.0,393.0,409.0,421.0,410.0
3,347.0,295.0,322.0,296.0,311.0,355.0,272.0,276.0,267.0,223.0,193.0,217.0,150.0,200.0,198.0,180.0,116.0,83.0,75.0,70.0,86.0,74.0,70.0,75.0
4,76.0,72.0,67.0,68.0,67.0,72.0,101.0,91.0,82.0,91.0,113.0,139.0,126.0,98.0,500.0,469.0,342.0,331.0,293.0,312.0,315.0,492.0,232.0,129.0
5,134.0,138.0,142.0,87.0,80.0,,,,,,,123.0,406.0,406.0,102.0,200.0,287.0,258.0,276.0,387.0,223.0,190.0,292.0,478.0
6,224.0,500.0,254.0,193.0,197.0,500.0,389.0,165.0,209.0,277.0,258.0,260.0,221.0,179.0,212.0,208.0,202.0,144.0,476.0,500.0,447.0,407.0,400.0,361.0
7,376.0,408.0,267.0,193.0,276.0,236.0,204.0,164.0,148.0,167.0,183.0,119.0,163.0,227.0,239.0,287.0,288.0,221.0,255.0,439.0,315.0,388.0,313.0,326.0
8,324.0,338.0,315.0,283.0,186.0,98.0,129.0,152.0,177.0,209.0,211.0,304.0,344.0,359.0,384.0,383.0,360.0,376.0,413.0,419.0,424.0,452.0,419.0,341.0
9,395.0,266.0,191.0,183.0,207.0,237.0,235.0,252.0,262.0,246.0,397.0,301.0,329.0,342.0,332.0,329.0,292.0,304.0,,,,,,
10,,,,,,,,,,,,,,,,,,,,,,,,
11,,,,,,,,,,,,,,,,,,,,,,,,
12,,,,,,,,,,,,,307.0,319.0,327.0,279.0,301.0,307.0,239.0,314.0,309.0,393.0,414.0,465.0
13,500.0,495.0,470.0,433.0,414.0,379.0,340.0,363.0,401.0,400.0,364.0,393.0,410.0,433.0,440.0,445.0,426.0,317.0,253.0,402.0,448.0,480.0,460.0,456.0
14,452.0,500.0,500.0,500.0,500.0,500.0,454.0,500.0,500.0,500.0,500.0,458.0,500.0,500.0,496.0,322.0,339.0,347.0,500.0,206.0,200.0,300.0,290.0,500.0
15,500.0,500.0,500.0,500.0,487.0,445.0,493.0,467.0,434.0,487.0,463.0,440.0,453.0,433.0,460.0,474.0,498.0,458.0,500.0,500.0,500.0,424.0,473.0,500.0
16,500.0,500.0,411.0,500.0,421.0,335.0,343.0,410.0,404.0,326.0,352.0,358.0,395.0,362.0,348.0,439.0,428.0,428.0,351.0,346.0,414.0,360.0,435.0,500.0
17,273.0,387.0,225.0,220.0,157.0,252.0,249.0,185.0,440.0,307.0,321.0,362.0,326.0,316.0,323.0,454.0,472.0,432.0,479.0,377.0,500.0,463.0,439.0,445.0
18,429.0,333.0,418.0,393.0,246.0,281.0,406.0,408.0,310.0,416.0,458.0,446.0,438.0,421.0,387.0,403.0,434.0,404.0,433.0,419.0,443.0,500.0,500.0,500.0
19,500.0,500.0,500.0,500.0,489.0,458.0,460.0,466.0,484.0,500.0,500.0,449.0,420.0,422.0,427.0,500.0,442.0,457.0,450.0,408.0,423.0,460.0,417.0,332.0
20,411.0,409.0,320.0,400.0,294.0,208.0,214.0,225.0,291.0,264.0,213.0,223.0,284.0,321.0,322.0,313.0,366.0,324.0,337.0,402.0,400.0,384.0,343.0,353.0
21,336.0,366.0,398.0,382.0,418.0,246.0,297.0,406.0,400.0,430.0,221.0,273.0,431.0,286.0,413.0,410.0,281.0,299.0,234.0,406.0,413.0,451.0,500.0,463.0
22,451.0,473.0,500.0,,,,,,,,,308.0,400.0,424.0,410.0,419.0,425.0,430.0,411.0,434.0,468.0,417.0,428.0,456.0
23,417.0,352.0,358.0,385.0,397.0,292.0,250.0,230.0,243.0,194.0,179.0,214.0,228.0,210.0,252.0,286.0,280.0,300.0,271.0,306.0,343.0,401.0,391.0,
24,407.0,447.0,,449.0,452.0,462.0,,,,,412.0,,,,,,,,,,469.0,423.0,427.0,426.0
25,297.0,299.0,,,193.0,247.0,289.0,271.0,265.0,301.0,301.0,186.0,235.0,381.0,357.0,323.0,352.0,342.0,339.0,405.0,346.0,425.0,500.0,500.0
26,497.0,452.0,439.0,451.0,435.0,406.0,406.0,367.0,372.0,304.0,322.0,329.0,402.0,342.0,322.0,358.0,300.0,237.0,260.0,285.0,345.0,435.0,500.0,483.0
27,480.0,477.0,438.0,441.0,408.0,409.0,405.0,428.0,350.0,354.0,436.0,438.0,413.0,422.0,402.0,396.0,315.0,311.0,258.0,249.0,294.0,425.0,467.0,489.0
28,500.0,500.0,473.0,427.0,431.0,420.0,407.0,419.0,494.0,500.0,489.0,381.0,467.0,471.0,419.0,409.0,405.0,359.0,411.0,464.0,326.0,337.0,491.0,500.0
29,500.0,500.0,500.0,500.0,500.0,500.0,462.0,414.0,418.0,427.0,440.0,415.0,410.0,418.0,408.0,312.0,326.0,330.0,272.0,288.0,406.0,406.0,450.0,445.0
30,415.0,348.0,334.0,330.0,285.0,324.0,288.0,307.0,260.0,427.0,413.0,325.0,319.0,310.0,348.0,435.0,354.0,307.0,399.0,416.0,399.0,405.0,449.0,461.0
31,484.0,500.0,366.0,365.0,500.0,500.0,459.0,416.0,439.0,444.0,428.0,398.0,377.0,369.0,401.0,216.0,190.0,285.0,283.0,207.0,324.0,451.0,500.0,483.0
"
"
February-2021,00:00:00,01:00:00,02:00:00,03:00:00,04:00:00,05:00:00,06:00:00,07:00:00,08:00:00,09:00:00,10:00:00,11:00:00,12:00:00,13:00:00,14:00:00,15:00:00,16:00:00,17:00:00,18:00:00,19:00:00,20:00:00,21:00:00,22:00:00,23:00:00
1,474,494,500,500,500.0,500,500.0,484.0,500.0,500.0,484.0,422,489,76,125,325,224,233,308,370,374,487,500,500.0
2,447,481,470,480,436.0,457,454.0,469.0,459.0,488.0,455.0,431,427,464,500,309,433,493,268,414,500,500,482,417.0
3,440,446,438,408,368.0,325,270.0,238.0,294.0,346.0,245.0,259,340,190,229,260,276,263,270,282,396,303,314,286.0
4,385,442,412,388,416.0,403,402.0,354.0,325.0,352.0,351.0,316,303,321,301,238,200,190,206,176,84,82,109,141.0
5,146,128,124,118,84.0,97,114.0,119.0,110.0,110.0,115.0,143,215,159,145,160,152,168,134,154,153,162,196,165.0
6,190,283,205,162,176.0,189,223.0,240.0,170.0,273.0,306.0,306,299,243,191,193,171,163,181,175,234,224,284,236.0
7,291,261,364,263,186.0,222,320.0,192.0,254.0,296.0,225.0,193,292,250,211,168,42,42,43,44,60,307,500,429.0
8,414,491,495,464,385.0,314,445.0,458.0,343.0,408.0,403.0,354,403,407,348,236,282,282,198,233,349,297,405,438.0
9,465,458,416,416,412.0,482,500.0,433.0,362.0,396.0,314.0,314,317,331,321,288,283,294,247,221,386,420,445,
10,466,471,439,450,413.0,436,500.0,499.0,,402.0,300.0,283,291,195,195,223,308,296,302,244,409,416,428,428.0
11,380,342,338,288,288.0,309,360.0,404.0,411.0,430.0,309.0,304,328,317,343,339,326,243,219,284,315,354,359,336.0
12,444,464,311,284,415.0,399,413.0,424.0,411.0,463.0,352.0,307,310,356,357,409,410,446,484,492,475,447,475,500.0
13,470,351,358,473,454.0,169,183.0,180.0,183.0,146.0,153.0,278,346,326,394,466,447,347,330,398,454,475,469,453.0
14,500,500,500,488,457.0,475,406.0,295.0,473.0,500.0,409.0,337,319,324,327,281,215,193,225,251,309,370,386,407.0
15,433,428,430,437,460.0,430,436.0,500.0,498.0,390.0,310.0,340,405,334,242,199,188,42,158,431,346,368,350,414.0
16,437,447,426,417,424.0,423,432.0,472.0,452.0,439.0,406.0,500,465,431,306,271,214,311,263,298,476,500,500,475.0
17,198,385,440,461,431.0,444,444.0,428.0,415.0,485.0,453.0,274,247,343,218,209,372,335,192,409,495,418,433,472.0
18,493,500,471,442,424.0,410,403.0,407.0,410.0,411.0,387.0,201,300,412,357,281,360,346,326,264,295,406,434,437.0
19,429,431,419,401,414.0,418,417.0,404.0,423.0,428.0,444.0,460,426,406,404,414,274,290,351,250,272,302,313,476.0
20,477,407,476,500,283.0,306,234.0,249.0,,,168.0,146,238,387,394,301,293,271,193,234,302,339,312,379.0
21,405,394,367,296,253.0,402,429.0,436.0,436.0,455.0,342.0,325,421,428,384,278,253,251,365,500,336,228,298,313.0
22,247,321,372,334,332.0,373,,,320.0,,,285,268,408,406,376,404,339,349,384,385,352,404,436.0
23,421,490,464,428,394.0,366,350.0,359.0,364.0,380.0,408.0,379,355,368,369,335,308,358,353,362,436,477,500,358.0
24,500,500,500,500,442.0,439,460.0,464.0,500.0,500.0,500.0,500,477,391,361,427,350,295,239,212,283,426,451,471.0
25,475,475,474,483,480.0,466,450.0,434.0,435.0,436.0,421.0,426,417,375,402,446,432,335,292,319,304,301,330,352.0
26,339,298,326,327,315.0,325,316.0,364.0,383.0,349.0,351.0,414,406,374,374,298,285,252,305,269,298,363,415,355.0
27,350,278,199,162,,163,177.0,313.0,,286.0,314.0,351,358,299,286,275,263,254,251,226,237,268,293,298.0
28,333,335,293,253,213.0,186,179.0,178.0,188.0,220.0,237.0,240,220,210,261,217,224,212,197,191,194,192,231,191.0
"
"
March-2021,00:00:00,01:00:00,02:00:00,03:00:00,04:00:00,05:00:00,06:00:00,07:00:00,08:00:00,09:00:00,10:00:00,11:00:00,12:00:00,13:00:00,14:00:00,15:00:00,16:00:00,17:00:00,18:00:00,19:00:00,20:00:00,21:00:00,22:00:00,23:00:00
1,188.0,241.0,228.0,,,,,,270.0,313.0,382.0,353.0,252.0,229.0,224.0,258.0,307.0,239,183,216.0,198.0,222.0,293.0,288.0
2,303.0,214.0,240.0,215.0,251.0,199.0,192.0,222.0,194.0,198.0,256.0,266.0,280.0,330.0,305.0,301.0,293.0,274,261,234.0,200.0,223.0,231.0,244.0
3,209.0,220.0,189.0,183.0,,,,,357.0,429.0,455.0,443.0,428.0,410.0,361.0,228.0,239.0,190,190,181.0,246.0,256.0,318.0,338.0
4,380.0,407.0,433.0,449.0,449.0,448.0,462.0,467.0,481.0,475.0,467.0,457.0,434.0,405.0,305.0,254.0,216.0,197,175,,,,,
5,,,,,,,,,,,273.0,280.0,278.0,277.0,437.0,409.0,306.0,308,265,259.0,246.0,260.0,308.0,306.0
6,225.0,352.0,224.0,219.0,209.0,495.0,,,,,455.0,425.0,,388.0,356.0,192.0,315.0,261,242,,,325.0,393.0,
7,,,,,,,,,,454.0,,500.0,,,319.0,236.0,258.0,204,271,275.0,203.0,222.0,240.0,251.0
8,249.0,238.0,254.0,248.0,322.0,155.0,148.0,187.0,198.0,121.0,244.0,500.0,492.0,331.0,356.0,331.0,320.0,307,284,242.0,228.0,103.0,101.0,104.0
9,381.0,413.0,62.0,62.0,49.0,184.0,393.0,410.0,402.0,154.0,422.0,313.0,37.0,36.0,238.0,225.0,210.0,342,500,413.0,413.0,425.0,459.0,148.0
10,87.0,89.0,98.0,104.0,139.0,143.0,139.0,302.0,394.0,282.0,242.0,275.0,253.0,240.0,218.0,210.0,311.0,192,423,279.0,268.0,248.0,302.0,306.0
11,273.0,248.0,248.0,87.0,90.0,73.0,419.0,479.0,196.0,80.0,73.0,181.0,184.0,184.0,176.0,172.0,175.0,173,193,190.0,204.0,256.0,311.0,307.0
12,220.0,251.0,254.0,248.0,,,,,74.0,315.0,329.0,179.0,137.0,296.0,274.0,274.0,276.0,273,284,290.0,293.0,290.0,291.0,291.0
13,291.0,293.0,293.0,293.0,292.0,293.0,290.0,291.0,291.0,290.0,293.0,286.0,295.0,292.0,291.0,292.0,290.0,290,292,290.0,293.0,291.0,290.0,288.0
14,294.0,288.0,288.0,294.0,290.0,292.0,291.0,289.0,293.0,292.0,292.0,288.0,290.0,291.0,289.0,290.0,293.0,294,293,290.0,290.0,291.0,290.0,292.0
15,290.0,289.0,289.0,292.0,,,,,,352.0,344.0,344.0,345.0,346.0,363.0,368.0,352.0,347,309,308.0,301.0,404.0,404.0,179.0
16,172.0,298.0,166.0,126.0,201.0,235.0,265.0,275.0,337.0,413.0,146.0,498.0,401.0,467.0,457.0,440.0,438.0,323,292,55.0,59.0,82.0,76.0,72.0
17,133.0,36.0,34.0,500.0,,,29.0,27.0,,500.0,302.0,312.0,311.0,24.0,25.0,20.0,18.0,24,34,46.0,47.0,47.0,,43.0
18,213.0,211.0,66.0,64.0,69.0,57.0,54.0,48.0,58.0,63.0,71.0,274.0,484.0,413.0,335.0,285.0,374.0,352,400,500.0,401.0,398.0,305.0,313.0
19,272.0,256.0,259.0,278.0,277.0,279.0,256.0,242.0,257.0,314.0,322.0,306.0,302.0,30.0,347.0,220.0,278.0,234,233,214.0,275.0,379.0,233.0,235.0
20,282.0,222.0,222.0,209.0,258.0,265.0,252.0,299.0,414.0,482.0,438.0,409.0,418.0,500.0,311.0,247.0,204.0,293,189,407.0,240.0,210.0,260.0,304.0
21,335.0,405.0,434.0,425.0,429.0,432.0,439.0,497.0,500.0,500.0,500.0,500.0,500.0,500.0,500.0,500.0,500.0,500,101,119.0,144.0,190.0,299.0,281.0
22,237.0,292.0,235.0,246.0,355.0,195.0,194.0,186.0,169.0,188.0,203.0,428.0,416.0,317.0,307.0,330.0,327.0,319,306,314.0,,,,
23,,,,,,,,,222.0,280.0,348.0,,253.0,276.0,301.0,401.0,208.0,178,181,219.0,222.0,231.0,289.0,302.0
24,226.0,313.0,190.0,154.0,132.0,122.0,123.0,,,,,,,,,,350.0,337,317,374.0,422.0,306.0,341.0,312.0
25,326.0,487.0,493.0,468.0,41.0,82.0,122.0,,,,,,,,252.0,214.0,153.0,179,290,219.0,154.0,187.0,210.0,241.0
26,154.0,154.0,,,,,,,,,,,,,,,,222,212,253.0,228.0,201.0,172.0,253.0
27,154.0,244.0,500.0,500.0,497.0,355.0,355.0,355.0,355.0,310.0,323.0,,189.0,185.0,261.0,300.0,302.0,305,354,358.0,355.0,356.0,380.0,351.0
28,369.0,359.0,351.0,360.0,364.0,343.0,379.0,367.0,366.0,364.0,369.0,360.0,364.0,334.0,246.0,240.0,238.0,248,249,246.0,249.0,271.0,345.0,386.0
29,399.0,402.0,341.0,314.0,323.0,326.0,255.0,318.0,301.0,244.0,271.0,248.0,251.0,251.0,254.0,250.0,248.0,253,252,247.0,250.0,306.0,318.0,321.0
30,309.0,301.0,257.0,310.0,,,,,,,,,,460.0,422.0,371.0,67.0,70,336,366.0,166.0,195.0,165.0,166.0
31,165.0,166.0,176.0,168.0,164.0,164.0,173.0,173.0,230.0,281.0,240.0,263.0,310.0,301.0,296.0,352.0,352.0,348,240,234.0,218.0,230.0,179.0,183.0
"
"
April-2021,00:00:00,01:00:00,02:00:00,03:00:00,04:00:00,05:00:00,06:00:00,07:00:00,08:00:00,09:00:00,10:00:00,11:00:00,12:00:00,13:00:00,14:00:00,15:00:00,16:00:00,17:00:00,18:00:00,19:00:00,20:00:00,21:00:00,22:00:00,23:00:00
1,186.0,172.0,181.0,181.0,179.0,176.0,187.0,180.0,211.0,207.0,181.0,270.0,324.0,316.0,306.0,265.0,329.0,500.0,500.0,208.0,172.0,168.0,182.0,173.0
2,174.0,167.0,148.0,187.0,176.0,234.0,182.0,224.0,234.0,442.0,500.0,303.0,223.0,166.0,172.0,152.0,145.0,144.0,146.0,141.0,151.0,172.0,171.0,169.0
3,170.0,160.0,167.0,166.0,166.0,,,,,,,,,,,,,,,,,,,
4,,,,,,,,,,,,,,,,,,,,,,,,
5,,,,,,,,,,,,200.0,301.0,326.0,307.0,289.0,232.0,219.0,217.0,285.0,410.0,420.0,427.0,451.0
6,436.0,372.0,240.0,239.0,235.0,238.0,,,,,321.0,301.0,426.0,350.0,354.0,389.0,481.0,436.0,311.0,378.0,397.0,403.0,416.0,404.0
7,388.0,324.0,325.0,257.0,456.0,280.0,168.0,150.0,184.0,215.0,234.0,250.0,300.0,280.0,274.0,223.0,288.0,200.0,194.0,186.0,237.0,207.0,227.0,177.0
8,174.0,,,,,,,,,,,171.0,292.0,179.0,168.0,169.0,327.0,142.0,129.0,161.0,220.0,206.0,194.0,216.0
9,212.0,217.0,240.0,172.0,185.0,194.0,166.0,203.0,196.0,180.0,160.0,183.0,185.0,170.0,229.0,238.0,119.0,145.0,152.0,165.0,246.0,247.0,412.0,400.0
10,301.0,208.0,171.0,142.0,135.0,,,,,,,225.0,199.0,229.0,212.0,200.0,196.0,192.0,187.0,182.0,249.0,255.0,305.0,331.0
11,288.0,262.0,303.0,240.0,204.0,190.0,188.0,181.0,282.0,251.0,463.0,271.0,202.0,240.0,163.0,159.0,165.0,162.0,164.0,172.0,201.0,242.0,410.0,406.0
12,309.0,300.0,331.0,297.0,278.0,199.0,180.0,272.0,315.0,401.0,447.0,361.0,322.0,286.0,234.0,178.0,207.0,186.0,212.0,134.0,438.0,300.0,282.0,478.0
13,338.0,248.0,232.0,211.0,197.0,192.0,242.0,247.0,348.0,407.0,409.0,364.0,277.0,254.0,225.0,127.0,436.0,74.0,408.0,198.0,246.0,267.0,355.0,294.0
14,328.0,332.0,248.0,216.0,204.0,179.0,167.0,175.0,207.0,210.0,229.0,259.0,267.0,269.0,161.0,155.0,176.0,164.0,165.0,142.0,175.0,305.0,476.0,382.0
15,174.0,184.0,161.0,147.0,224.0,472.0,314.0,233.0,236.0,,,218.0,283.0,,,,187.0,184.0,194.0,193.0,193.0,269.0,304.0,321.0
16,317.0,454.0,500.0,320.0,303.0,298.0,322.0,329.0,319.0,360.0,410.0,278.0,304.0,310.0,243.0,44.0,37.0,500.0,238.0,500.0,245.0,103.0,118.0,424.0
17,53.0,121.0,40.0,93.0,151.0,52.0,105.0,104.0,62.0,126.0,,,,,,,,,,,,,,
18,,,,,147.0,56.0,402.0,78.0,101.0,76.0,50.0,66.0,334.0,500.0,500.0,500.0,500.0,69.0,77.0,63.0,44.0,77.0,63.0,69.0
19,170.0,174.0,345.0,135.0,44.0,43.0,46.0,403.0,500.0,215.0,178.0,191.0,191.0,176.0,165.0,58.0,40.0,65.0,47.0,83.0,87.0,316.0,396.0,420.0
20,186.0,319.0,398.0,287.0,227.0,188.0,170.0,164.0,,,,,,,,,,,,,,,,
21,,,,,,,,,,,,,38.0,132.0,103.0,33.0,32.0,33.0,34.0,34.0,39.0,43.0,45.0,42.0
22,103.0,88.0,39.0,,,,,,46.0,286.0,298.0,316.0,302.0,300.0,293.0,321.0,289.0,,246.0,251.0,246.0,253.0,248.0,245.0
23,244.0,258.0,250.0,250.0,,,,,,238.0,260.0,253.0,258.0,229.0,222.0,218.0,238.0,221.0,213.0,203.0,194.0,200.0,206.0,191.0
24,208.0,205.0,195.0,189.0,204.0,,,,,,184.0,209.0,198.0,198.0,198.0,212.0,171.0,167.0,169.0,164.0,162.0,169.0,169.0,170.0
25,163.0,165.0,167.0,167.0,163.0,170.0,167.0,172.0,167.0,166.0,164.0,169.0,167.0,166.0,166.0,168.0,166.0,169.0,155.0,133.0,135.0,134.0,134.0,132.0
26,136.0,168.0,257.0,235.0,135.0,188.0,175.0,203.0,150.0,223.0,225.0,166.0,165.0,173.0,166.0,174.0,166.0,164.0,169.0,168.0,168.0,165.0,167.0,165.0
27,164.0,166.0,172.0,231.0,164.0,167.0,164.0,176.0,172.0,,,204.0,,206.0,,326.0,,293.0,287.0,,,,343.0,
28,,,,,,,,,,,,,,,,,,,,,,,,
29,,,,,,,,,323.0,326.0,327.0,320.0,359.0,348.0,378.0,374.0,,,,364.0,403.0,,,
30,,,,,,,,,,385.0,373.0,357.0,,,,,,,,,,,,
"
"
May-2021,00:00:00,01:00:00,02:00:00,03:00:00,04:00:00,05:00:00,06:00:00,07:00:00,08:00:00,09:00:00,10:00:00,11:00:00,12:00:00,13:00:00,14:00:00,15:00:00,16:00:00,17:00:00,18:00:00,19:00:00,20:00:00,21:00:00,22:00:00,23:00:00
1,,,,,,,,,,,,,,,,,,,,,,,,
2,,,,,,,,,,356.0,372.0,368.0,354.0,361.0,370.0,325.0,387.0,378.0,401.0,,,,,
3,,,,,,,,,,,,,359.0,371.0,,,,,,,,,,
4,,,,,,,,,,,,362.0,345.0,391.0,370.0,374.0,388.0,364.0,383.0,371.0,374.0,356.0,341.0,387.0
5,377.0,369.0,377.0,347.0,369.0,356.0,365.0,365.0,343.0,360.0,365.0,351.0,379.0,384.0,368.0,368.0,356.0,354.0,360.0,358.0,370.0,378.0,353.0,342.0
6,364.0,383.0,365.0,367.0,384.0,337.0,354.0,364.0,378.0,370.0,354.0,369.0,370.0,364.0,347.0,352.0,251.0,247.0,247.0,247.0,246.0,251.0,252.0,243.0
7,248.0,245.0,260.0,252.0,242.0,255.0,248.0,252.0,253.0,249.0,250.0,258.0,247.0,243.0,250.0,260.0,235.0,246.0,237.0,243.0,269.0,255.0,258.0,255.0
8,253.0,262.0,250.0,252.0,255.0,260.0,238.0,257.0,249.0,258.0,238.0,246.0,249.0,249.0,233.0,165.0,167.0,166.0,163.0,168.0,165.0,164.0,168.0,165.0
9,164.0,162.0,167.0,165.0,167.0,169.0,168.0,171.0,167.0,166.0,162.0,169.0,168.0,163.0,168.0,167.0,167.0,164.0,165.0,167.0,168.0,163.0,167.0,166.0
10,169.0,171.0,165.0,170.0,168.0,165.0,167.0,166.0,167.0,165.0,165.0,,165.0,165.0,168.0,165.0,167.0,175.0,,,,,,
11,,,,,,,,,,,168.0,167.0,166.0,166.0,165.0,169.0,164.0,165.0,165.0,167.0,164.0,165.0,168.0,170.0
12,166.0,169.0,168.0,171.0,167.0,167.0,165.0,170.0,166.0,168.0,169.0,162.0,168.0,158.0,134.0,134.0,211.0,209.0,132.0,142.0,143.0,134.0,133.0,134.0
13,133.0,136.0,129.0,129.0,134.0,132.0,134.0,133.0,133.0,135.0,135.0,132.0,133.0,130.0,134.0,130.0,132.0,132.0,136.0,133.0,129.0,132.0,136.0,137.0
14,134.0,130.0,132.0,130.0,133.0,133.0,131.0,,,,,,,,,,,,,,,,,
15,,,,,,,,,,,,,,,,,,,,,,,,
16,,,,,,,,,,136.0,136.0,133.0,140.0,168.0,166.0,165.0,176.0,168.0,167.0,174.0,166.0,168.0,160.0,166.0
17,165.0,181.0,175.0,152.0,168.0,157.0,165.0,169.0,159.0,161.0,163.0,159.0,156.0,162.0,163.0,168.0,176.0,170.0,294.0,307.0,,,,
18,,,,,,,,,,,,300.0,301.0,301.0,297.0,300.0,300.0,308.0,290.0,304.0,287.0,295.0,299.0,301.0
19,313.0,307.0,297.0,288.0,294.0,307.0,302.0,315.0,303.0,298.0,164.0,167.0,172.0,167.0,163.0,168.0,171.0,158.0,165.0,169.0,163.0,166.0,170.0,168.0
20,163.0,172.0,162.0,166.0,169.0,167.0,168.0,165.0,145.0,98.0,100.0,100.0,96.0,,,,,99.0,102.0,,,,,
21,,,,,,,,,,,,100.0,99.0,100.0,102.0,100.0,98.0,101.0,100.0,102.0,99.0,102.0,101.0,97.0
22,101.0,103.0,100.0,100.0,98.0,100.0,103.0,98.0,100.0,98.0,102.0,102.0,128.0,139.0,128.0,125.0,122.0,200.0,90.0,93.0,87.0,90.0,100.0,94.0
23,88.0,91.0,88.0,92.0,92.0,21.0,23.0,25.0,28.0,30.0,25.0,25.0,26.0,26.0,36.0,30.0,30.0,300.0,306.0,279.0,247.0,252.0,260.0,186.0
24,176.0,187.0,182.0,181.0,181.0,181.0,180.0,131.0,134.0,133.0,134.0,132.0,133.0,132.0,136.0,135.0,135.0,131.0,133.0,136.0,135.0,132.0,134.0,129.0
25,132.0,134.0,134.0,131.0,136.0,134.0,130.0,135.0,135.0,133.0,133.0,133.0,149.0,144.0,146.0,147.0,148.0,148.0,146.0,143.0,143.0,147.0,150.0,206.0
26,149.0,149.0,146.0,146.0,150.0,147.0,150.0,150.0,148.0,146.0,142.0,194.0,198.0,168.0,164.0,167.0,172.0,157.0,167.0,164.0,170.0,159.0,166.0,162.0
27,161.0,166.0,164.0,166.0,172.0,163.0,172.0,164.0,164.0,183.0,197.0,205.0,85.0,27.0,100.0,264.0,121.0,89.0,101.0,101.0,101.0,101.0,96.0,98.0
28,109.0,99.0,138.0,193.0,160.0,25.0,33.0,13.0,435.0,23.0,146.0,211.0,62.0,70.0,37.0,42.0,409.0,457.0,80.0,79.0,64.0,88.0,95.0,80.0
29,86.0,85.0,57.0,55.0,73.0,37.0,56.0,53.0,33.0,45.0,61.0,,47.0,52.0,104.0,55.0,59.0,71.0,121.0,114.0,71.0,54.0,61.0,53.0
30,65.0,52.0,28.0,40.0,73.0,52.0,37.0,35.0,37.0,27.0,26.0,50.0,61.0,64.0,55.0,59.0,53.0,170.0,88.0,76.0,59.0,49.0,54.0,37.0
31,151.0,104.0,141.0,460.0,279.0,500.0,171.0,137.0,229.0,407.0,355.0,185.0,499.0,198.0,92.0,118.0,97.0,32.0,92.0,137.0,109.0,481.0,93.0,340.0
"
"
June-2021,00:00:00,01:00:00,02:00:00,03:00:00,04:00:00,05:00:00,06:00:00,07:00:00,08:00:00,09:00:00,10:00:00,11:00:00,12:00:00,13:00:00,14:00:00,15:00:00,16:00:00,17:00:00,18:00:00,19:00:00,20:00:00,21:00:00,22:00:00,23:00:00
1,216.0,348.0,398.0,201.0,97.0,56.0,51.0,62.0,53.0,53.0,58.0,67.0,68.0,85.0,86.0,94.0,43.0,430.0,485.0,104.0,118.0,125.0,135.0,149.0
2,175.0,193.0,186.0,179.0,180.0,202.0,373.0,392.0,296.0,209.0,190.0,112.0,112.0,162.0,287.0,197.0,123.0,128.0,130.0,96.0,115.0,180.0,104.0,111.0
3,113.0,121.0,124.0,133.0,146.0,152.0,161.0,171.0,150.0,249.0,383.0,123.0,372.0,398.0,142.0,132.0,183.0,191.0,187.0,128.0,176.0,431.0,279.0,219.0
4,241.0,247.0,215.0,195.0,199.0,217.0,363.0,417.0,363.0,167.0,219.0,212.0,133.0,126.0,114.0,121.0,141.0,141.0,124.0,106.0,108.0,496.0,20.0,492.0
5,102.0,22.0,60.0,60.0,140.0,427.0,403.0,148.0,27.0,23.0,20.0,81.0,16.0,19.0,70.0,204.0,142.0,126.0,116.0,130.0,124.0,116.0,113.0,118.0
6,122.0,112.0,115.0,106.0,112.0,115.0,108.0,104.0,108.0,106.0,,,,,,,176.0,,,,,,154.0,185.0
7,149.0,72.0,497.0,135.0,44.0,65.0,56.0,50.0,50.0,133.0,477.0,482.0,234.0,210.0,325.0,90.0,83.0,500.0,482.0,439.0,453.0,455.0,500.0,500.0
8,500.0,500.0,500.0,500.0,500.0,500.0,500.0,500.0,500.0,221.0,218.0,230.0,224.0,211.0,267.0,277.0,251.0,435.0,410.0,436.0,418.0,422.0,446.0,474.0
9,465.0,424.0,363.0,253.0,163.0,116.0,119.0,122.0,128.0,,,,,,110.0,139.0,272.0,207.0,483.0,280.0,177.0,335.0,421.0,285.0
10,252.0,272.0,251.0,229.0,198.0,168.0,103.0,183.0,93.0,86.0,135.0,136.0,174.0,252.0,302.0,329.0,424.0,429.0,352.0,262.0,320.0,301.0,24.0,23.0
11,265.0,,,,,,,,,,120.0,211.0,355.0,285.0,313.0,308.0,310.0,342.0,328.0,316.0,350.0,314.0,459.0,426.0
12,184.0,149.0,143.0,111.0,81.0,92.0,163.0,90.0,212.0,226.0,153.0,248.0,200.0,200.0,203.0,192.0,161.0,,,,,,,
13,,,,,,,,,,,,426.0,474.0,294.0,32.0,203.0,415.0,220.0,142.0,156.0,350.0,403.0,297.0,243.0
14,232.0,175.0,284.0,224.0,190.0,105.0,213.0,114.0,36.0,99.0,408.0,,172.0,44.0,484.0,475.0,415.0,314.0,256.0,49.0,246.0,323.0,194.0,191.0
15,238.0,139.0,199.0,119.0,140.0,134.0,107.0,103.0,179.0,173.0,173.0,43.0,148.0,73.0,106.0,422.0,500.0,239.0,,,,,199.0,174.0
16,156.0,132.0,114.0,,,,,,,,,99.0,131.0,124.0,117.0,282.0,129.0,125.0,175.0,404.0,187.0,228.0,240.0,244.0
17,243.0,189.0,185.0,227.0,243.0,179.0,183.0,169.0,147.0,113.0,150.0,381.0,432.0,207.0,147.0,153.0,164.0,149.0,160.0,137.0,126.0,196.0,222.0,186.0
18,164.0,129.0,173.0,200.0,146.0,135.0,127.0,129.0,115.0,117.0,123.0,137.0,305.0,124.0,139.0,132.0,129.0,134.0,129.0,130.0,121.0,130.0,134.0,140.0
19,117.0,110.0,109.0,105.0,113.0,114.0,203.0,269.0,219.0,218.0,178.0,96.0,274.0,369.0,129.0,111.0,143.0,156.0,127.0,124.0,121.0,121.0,123.0,119.0
20,126.0,120.0,118.0,118.0,130.0,123.0,121.0,150.0,165.0,171.0,136.0,109.0,107.0,103.0,105.0,126.0,123.0,102.0,106.0,115.0,116.0,119.0,122.0,125.0
21,130.0,136.0,120.0,143.0,191.0,316.0,412.0,414.0,355.0,129.0,103.0,90.0,163.0,172.0,248.0,500.0,183.0,194.0,171.0,155.0,163.0,168.0,184.0,340.0
22,280.0,187.0,176.0,149.0,159.0,179.0,146.0,216.0,201.0,197.0,266.0,149.0,83.0,174.0,168.0,231.0,162.0,243.0,166.0,250.0,205.0,237.0,323.0,291.0
23,243.0,209.0,229.0,198.0,204.0,187.0,201.0,257.0,311.0,440.0,500.0,496.0,360.0,221.0,263.0,152.0,180.0,237.0,495.0,297.0,195.0,174.0,216.0,206.0
24,209.0,231.0,202.0,177.0,162.0,172.0,158.0,135.0,123.0,145.0,141.0,152.0,152.0,159.0,278.0,195.0,325.0,401.0,370.0,200.0,179.0,135.0,234.0,151.0
25,145.0,137.0,138.0,136.0,158.0,155.0,165.0,330.0,293.0,218.0,240.0,231.0,199.0,174.0,115.0,,,500.0,415.0,254.0,202.0,184.0,151.0,181.0
26,144.0,122.0,126.0,108.0,110.0,120.0,127.0,,142.0,142.0,151.0,173.0,,149.0,63.0,158.0,500.0,,292.0,200.0,169.0,137.0,279.0,
27,109.0,107.0,161.0,72.0,83.0,87.0,357.0,124.0,361.0,188.0,164.0,173.0,166.0,114.0,312.0,221.0,209.0,178.0,165.0,102.0,500.0,443.0,171.0,193.0
28,202.0,169.0,157.0,172.0,151.0,150.0,152.0,140.0,136.0,139.0,151.0,143.0,136.0,223.0,179.0,166.0,234.0,144.0,135.0,222.0,201.0,242.0,233.0,247.0
29,260.0,231.0,246.0,276.0,,213.0,199.0,197.0,206.0,201.0,243.0,188.0,180.0,113.0,500.0,403.0,30.0,165.0,193.0,193.0,158.0,205.0,308.0,241.0
30,204.0,211.0,193.0,284.0,257.0,229.0,202.0,182.0,169.0,192.0,195.0,193.0,199.0,300.0,431.0,241.0,413.0,443.0,479.0,457.0,441.0,423.0,402.0,361.0
"
"
July-2021,00:00:00,01:00:00,02:00:00,03:00:00,04:00:00,05:00:00,06:00:00,07:00:00,08:00:00,09:00:00,10:00:00,11:00:00,12:00:00,13:00:00,14:00:00,15:00:00,16:00:00,17:00:00,18:00:00,19:00:00,20:00:00,21:00:00,22:00:00,23:00:00
1,369.0,299.0,224.0,181.0,136.0,89.0,173.0,169.0,269.0,281.0,239.0,302.0,289.0,303.0,285.0,258.0,171.0,418.0,266.0,239.0,231.0,245.0,255.0,254.0
2,232.0,300.0,296.0,434.0,464.0,162.0,451.0,500.0,88.0,56.0,500.0,391.0,402.0,410.0,437.0,434.0,411.0,379.0,358.0,390.0,238.0,131.0,94.0,130.0
3,124.0,117.0,106.0,70.0,59.0,58.0,,,,47.0,,44.0,,86.0,117.0,124.0,239.0,250.0,255.0,,,,,
4,,,,,,100.0,84.0,102.0,283.0,400.0,,247.0,,,,,,,,,,205.0,500.0,170.0
5,84.0,484.0,83.0,500.0,50.0,431.0,63.0,281.0,53.0,66.0,161.0,59.0,81.0,118.0,85.0,43.0,43.0,64.0,181.0,112.0,110.0,440.0,183.0,90.0
6,500.0,42.0,64.0,56.0,94.0,50.0,34.0,38.0,40.0,40.0,237.0,247.0,233.0,242.0,240.0,,,,,,,,,243.0
7,232.0,249.0,241.0,233.0,241.0,237.0,243.0,266.0,335.0,354.0,349.0,263.0,290.0,262.0,263.0,280.0,299.0,313.0,259.0,258.0,249.0,236.0,250.0,251.0
8,256.0,255.0,244.0,242.0,253.0,250.0,257.0,254.0,255.0,188.0,166.0,,,,,276.0,113.0,434.0,200.0,161.0,181.0,156.0,85.0,46.0
9,71.0,450.0,178.0,50.0,47.0,50.0,51.0,52.0,265.0,63.0,60.0,101.0,306.0,61.0,140.0,204.0,129.0,128.0,127.0,175.0,183.0,163.0,170.0,171.0
10,176.0,177.0,181.0,170.0,188.0,166.0,174.0,170.0,167.0,169.0,167.0,171.0,173.0,173.0,170.0,179.0,174.0,169.0,172.0,172.0,172.0,176.0,168.0,178.0
11,171.0,174.0,169.0,170.0,171.0,172.0,173.0,171.0,174.0,176.0,167.0,174.0,177.0,170.0,178.0,172.0,178.0,175.0,177.0,178.0,172.0,176.0,170.0,170.0
12,169.0,172.0,176.0,170.0,175.0,171.0,175.0,173.0,176.0,129.0,128.0,112.0,82.0,,83.0,128.0,83.0,120.0,359.0,128.0,44.0,49.0,45.0,45.0
13,49.0,40.0,34.0,146.0,32.0,420.0,,,,,,247.0,263.0,256.0,257.0,235.0,248.0,258.0,258.0,262.0,244.0,245.0,251.0,254.0
14,243.0,259.0,254.0,261.0,258.0,268.0,257.0,243.0,262.0,183.0,191.0,185.0,178.0,189.0,448.0,445.0,261.0,145.0,143.0,141.0,148.0,145.0,145.0,142.0
15,143.0,146.0,143.0,139.0,140.0,,,,,145.0,141.0,145.0,146.0,141.0,132.0,136.0,132.0,127.0,147.0,131.0,131.0,129.0,131.0,132.0
16,136.0,134.0,131.0,134.0,135.0,134.0,136.0,138.0,131.0,133.0,136.0,153.0,133.0,,,135.0,180.0,185.0,185.0,178.0,,,,189.0
17,180.0,185.0,177.0,183.0,183.0,186.0,187.0,180.0,179.0,185.0,184.0,184.0,190.0,124.0,134.0,176.0,193.0,133.0,177.0,134.0,133.0,135.0,138.0,138.0
18,134.0,134.0,135.0,139.0,129.0,133.0,134.0,136.0,131.0,133.0,133.0,131.0,136.0,135.0,132.0,137.0,134.0,138.0,138.0,136.0,134.0,134.0,139.0,131.0
19,137.0,138.0,134.0,134.0,135.0,135.0,127.0,132.0,131.0,124.0,122.0,123.0,123.0,123.0,125.0,123.0,123.0,124.0,123.0,124.0,125.0,123.0,124.0,124.0
20,124.0,125.0,122.0,124.0,124.0,123.0,123.0,123.0,124.0,114.0,111.0,100.0,70.0,77.0,83.0,72.0,74.0,75.0,80.0,72.0,77.0,75.0,77.0,72.0
21,94.0,91.0,80.0,80.0,77.0,77.0,93.0,92.0,94.0,75.0,75.0,76.0,75.0,78.0,74.0,78.0,80.0,76.0,,,,,,
22,72.0,81.0,77.0,76.0,75.0,72.0,75.0,73.0,76.0,72.0,71.0,74.0,74.0,75.0,76.0,71.0,31.0,86.0,92.0,123.0,104.0,88.0,88.0,90.0
23,90.0,94.0,92.0,88.0,89.0,91.0,90.0,92.0,87.0,114.0,112.0,112.0,111.0,116.0,113.0,113.0,112.0,114.0,114.0,115.0,109.0,114.0,112.0,115.0
24,111.0,115.0,112.0,115.0,115.0,115.0,113.0,112.0,115.0,114.0,112.0,111.0,110.0,114.0,113.0,112.0,114.0,111.0,113.0,113.0,115.0,113.0,113.0,115.0
25,113.0,133.0,134.0,113.0,111.0,112.0,112.0,113.0,115.0,114.0,114.0,113.0,114.0,91.0,89.0,90.0,97.0,89.0,91.0,90.0,90.0,89.0,91.0,90.0
26,90.0,90.0,89.0,90.0,90.0,89.0,89.0,90.0,106.0,112.0,124.0,128.0,133.0,133.0,135.0,133.0,133.0,120.0,114.0,115.0,114.0,114.0,112.0,113.0
27,113.0,114.0,112.0,114.0,112.0,115.0,115.0,113.0,112.0,92.0,90.0,90.0,73.0,74.0,75.0,83.0,127.0,216.0,108.0,28.0,50.0,409.0,,
28,,,,,,,,,,125.0,109.0,78.0,110.0,69.0,42.0,37.0,52.0,60.0,85.0,146.0,98.0,106.0,178.0,117.0
29,132.0,168.0,206.0,208.0,163.0,160.0,168.0,104.0,51.0,39.0,35.0,64.0,64.0,97.0,102.0,144.0,143.0,93.0,45.0,74.0,103.0,109.0,104.0,148.0
30,210.0,132.0,63.0,94.0,61.0,57.0,77.0,139.0,119.0,122.0,103.0,118.0,106.0,95.0,94.0,83.0,62.0,97.0,107.0,77.0,86.0,103.0,100.0,85.0
31,94.0,123.0,113.0,93.0,90.0,74.0,93.0,75.0,44.0,29.0,31.0,41.0,37.0,55.0,67.0,62.0,90.0,77.0,71.0,55.0,92.0,110.0,147.0,174.0
"
"
August-2021,00:00:00,01:00:00,02:00:00,03:00:00,04:00:00,05:00:00,06:00:00,07:00:00,08:00:00,09:00:00,10:00:00,11:00:00,12:00:00,13:00:00,14:00:00,15:00:00,16:00:00,17:00:00,18:00:00,19:00:00,20:00:00,21:00:00,22:00:00,23:00:00
1,235.0,263.0,197.0,319.0,427.0,418.0,325.0,176.0,178.0,168.0,105.0,62.0,81.0,60.0,49.0,50.0,85.0,83.0,119.0,113.0,107.0,161.0,173.0,120.0
2,147.0,178.0,389.0,433.0,319.0,199.0,189.0,413.0,416.0,367.0,167.0,56.0,67.0,92.0,63.0,76.0,48.0,66.0,34.0,43.0,54.0,70.0,97.0,74.0
3,77.0,70.0,78.0,84.0,87.0,75.0,76.0,76.0,63.0,61.0,72.0,73.0,66.0,50.0,157.0,88.0,84.0,122.0,90.0,86.0,164.0,145.0,174.0,245.0
4,194.0,111.0,114.0,125.0,162.0,177.0,92.0,104.0,138.0,158.0,249.0,297.0,68.0,73.0,96.0,98.0,102.0,100.0,90.0,101.0,97.0,103.0,112.0,128.0
5,148.0,173.0,201.0,259.0,306.0,260.0,191.0,162.0,144.0,107.0,117.0,112.0,106.0,106.0,132.0,138.0,106.0,105.0,114.0,108.0,107.0,114.0,121.0,119.0
6,121.0,130.0,139.0,155.0,231.0,420.0,444.0,500.0,469.0,189.0,179.0,113.0,130.0,116.0,119.0,110.0,134.0,110.0,128.0,116.0,118.0,117.0,111.0,120.0
7,131.0,137.0,137.0,156.0,184.0,168.0,108.0,182.0,429.0,160.0,155.0,140.0,135.0,49.0,53.0,85.0,129.0,188.0,113.0,108.0,135.0,180.0,308.0,412.0
8,424.0,445.0,401.0,153.0,176.0,57.0,56.0,59.0,57.0,64.0,56.0,49.0,54.0,72.0,191.0,265.0,108.0,253.0,349.0,68.0,74.0,125.0,162.0,260.0
9,271.0,276.0,341.0,262.0,262.0,267.0,195.0,248.0,276.0,264.0,,193.0,115.0,100.0,130.0,114.0,86.0,91.0,112.0,119.0,114.0,92.0,87.0,100.0
10,94.0,94.0,104.0,115.0,116.0,75.0,63.0,63.0,82.0,109.0,54.0,66.0,116.0,118.0,138.0,164.0,163.0,173.0,180.0,178.0,191.0,223.0,222.0,229.0
11,218.0,187.0,174.0,139.0,119.0,116.0,111.0,104.0,111.0,112.0,95.0,109.0,120.0,143.0,114.0,92.0,139.0,269.0,292.0,148.0,159.0,224.0,159.0,158.0
12,160.0,138.0,109.0,74.0,92.0,98.0,90.0,88.0,91.0,102.0,93.0,113.0,,,,,,,,,,,,
13,,,,,,,,,,,,106.0,103.0,37.0,151.0,188.0,155.0,154.0,146.0,152.0,185.0,160.0,237.0,344.0
14,176.0,70.0,82.0,93.0,76.0,101.0,106.0,81.0,111.0,106.0,97.0,109.0,137.0,153.0,154.0,148.0,165.0,156.0,145.0,156.0,178.0,189.0,196.0,220.0
15,213.0,139.0,118.0,242.0,244.0,179.0,57.0,80.0,102.0,109.0,58.0,58.0,65.0,73.0,103.0,142.0,145.0,147.0,151.0,142.0,160.0,292.0,445.0,235.0
16,232.0,190.0,182.0,174.0,159.0,135.0,58.0,71.0,104.0,126.0,124.0,124.0,122.0,135.0,123.0,138.0,165.0,182.0,155.0,160.0,156.0,167.0,174.0,178.0
17,180.0,172.0,164.0,155.0,156.0,157.0,180.0,226.0,180.0,184.0,171.0,203.0,196.0,252.0,150.0,169.0,313.0,148.0,152.0,213.0,245.0,165.0,204.0,237.0
18,225.0,238.0,199.0,179.0,179.0,163.0,165.0,179.0,168.0,160.0,245.0,168.0,174.0,58.0,296.0,301.0,198.0,155.0,324.0,302.0,310.0,336.0,187.0,185.0
19,229.0,156.0,144.0,298.0,233.0,195.0,180.0,162.0,194.0,255.0,219.0,190.0,247.0,173.0,187.0,179.0,173.0,190.0,214.0,182.0,173.0,170.0,177.0,159.0
20,192.0,182.0,160.0,161.0,165.0,187.0,169.0,154.0,147.0,124.0,113.0,108.0,110.0,103.0,84.0,72.0,68.0,79.0,90.0,82.0,100.0,91.0,94.0,70.0
21,89.0,109.0,135.0,462.0,473.0,226.0,254.0,239.0,476.0,500.0,50.0,,,,,,,,,,,,,
22,,,,,,,,,,,,,,,,,,,,,,,,
23,,,,,,,,,,,,,,,133.0,153.0,,101.0,100.0,168.0,152.0,107.0,150.0,161.0
24,160.0,166.0,198.0,221.0,250.0,272.0,200.0,318.0,202.0,106.0,100.0,97.0,500.0,500.0,293.0,204.0,145.0,88.0,168.0,146.0,95.0,109.0,204.0,283.0
25,292.0,241.0,216.0,173.0,162.0,193.0,223.0,151.0,112.0,77.0,82.0,113.0,122.0,162.0,138.0,110.0,133.0,130.0,126.0,109.0,,,,
26,,,,,,,,,,,91.0,83.0,83.0,72.0,52.0,79.0,109.0,91.0,90.0,276.0,160.0,111.0,108.0,153.0
27,121.0,122.0,114.0,106.0,69.0,106.0,122.0,168.0,140.0,80.0,76.0,78.0,78.0,75.0,79.0,100.0,102.0,130.0,145.0,274.0,106.0,453.0,384.0,145.0
28,169.0,230.0,242.0,207.0,,,,,,,,,,,,,,,,,,,,
29,,,,,,,,,,,,,66.0,67.0,100.0,96.0,206.0,103.0,123.0,400.0,232.0,167.0,215.0,105.0
30,68.0,60.0,59.0,112.0,127.0,79.0,54.0,58.0,274.0,357.0,291.0,158.0,76.0,60.0,58.0,60.0,58.0,59.0,60.0,156.0,128.0,217.0,144.0,279.0
31,271.0,91.0,143.0,131.0,70.0,70.0,72.0,74.0,184.0,96.0,85.0,80.0,500.0,430.0,140.0,306.0,309.0,286.0,336.0,279.0,156.0,223.0,447.0,496.0
"
"
September-2021,00:00:00,01:00:00,02:00:00,03:00:00,04:00:00,05:00:00,06:00:00,07:00:00,08:00:00,09:00:00,10:00:00,11:00:00,12:00:00,13:00:00,14:00:00,15:00:00,16:00:00,17:00:00,18:00:00,19:00:00,20:00:00,21:00:00,22:00:00,23:00:00
1,500.0,500.0,500.0,500.0,500.0,406.0,482.0,425.0,201.0,159.0,203.0,422,235.0,103.0,78.0,81,118,247,106,103.0,109.0,112.0,106,104
2,103.0,109.0,125.0,73.0,,,,115.0,60.0,70.0,81.0,79,72.0,67.0,70.0,62,217,62,74,97.0,109.0,108.0,112,106
3,104.0,129.0,104.0,90.0,76.0,127.0,121.0,84.0,94.0,96.0,100.0,109,110.0,120.0,112.0,112,158,112,104,118.0,104.0,109.0,126,107
4,105.0,122.0,166.0,134.0,,,,,,,,80,80.0,79.0,102.0,108,82,338,94,119.0,113.0,144.0,141,131
5,140.0,125.0,157.0,142.0,195.0,115.0,137.0,153.0,401.0,285.0,83.0,121,82.0,407.0,205.0,128,112,237,148,152.0,102.0,286.0,363,230
6,293.0,257.0,228.0,256.0,375.0,435.0,414.0,437.0,457.0,107.0,103.0,126,124.0,162.0,110.0,108,109,155,115,139.0,135.0,164.0,199,193
7,192.0,194.0,173.0,113.0,101.0,143.0,130.0,102.0,104.0,,,133,101.0,122.0,167.0,117,410,393,108,264.0,102.0,114.0,125,228
8,348.0,146.0,106.0,,,,,,79.0,80.0,81.0,97,103.0,102.0,92.0,128,391,87,80,109.0,86.0,99.0,104,103
9,107.0,98.0,97.0,83.0,71.0,69.0,70.0,71.0,74.0,75.0,74.0,72,142.0,437.0,158.0,102,105,93,107,129.0,102.0,113.0,120,125
10,134.0,127.0,125.0,117.0,109.0,104.0,98.0,81.0,63.0,79.0,120.0,98,92.0,30.0,58.0,375,53,369,194,147.0,170.0,188.0,155,109
11,109.0,108.0,104.0,100.0,64.0,51.0,44.0,46.0,39.0,33.0,34.0,56,102.0,168.0,64.0,40,64,53,60,66.0,65.0,119.0,105,50
12,60.0,67.0,34.0,68.0,57.0,42.0,31.0,99.0,78.0,43.0,34.0,31,,,,331,70,81,69,65.0,87.0,113.0,124,187
13,155.0,138.0,144.0,,,,,,,72.0,76.0,89,63.0,60.0,88.0,493,416,92,65,56.0,57.0,77.0,59,100
14,51.0,328.0,274.0,89.0,109.0,108.0,115.0,117.0,108.0,98.0,72.0,50,42.0,92.0,346.0,126,67,90,66,70.0,142.0,194.0,151,115
15,413.0,397.0,39.0,39.0,49.0,44.0,28.0,26.0,33.0,36.0,50.0,45,77.0,147.0,86.0,63,85,63,40,73.0,80.0,127.0,113,235
16,104.0,104.0,76.0,213.0,102.0,78.0,109.0,113.0,91.0,78.0,74.0,127,59.0,62.0,120.0,62,57,64,69,86.0,91.0,99.0,95,97
17,,,,,,,,,,61.0,60.0,66,98.0,82.0,84.0,81,117,109,95,103.0,111.0,134.0,124,123
18,128.0,109.0,86.0,84.0,49.0,52.0,84.0,85.0,103.0,94.0,96.0,85,83.0,89.0,146.0,103,112,96,83,,,125.0,160,228
19,181.0,133.0,124.0,98.0,101.0,416.0,156.0,208.0,186.0,59.0,33.0,39,63.0,168.0,161.0,108,88,78,86,237.0,255.0,120.0,107,126
20,123.0,114.0,150.0,86.0,93.0,66.0,93.0,118.0,181.0,,101.0,100,46.0,202.0,130.0,52,94,92,92,103.0,98.0,106.0,97,104
21,102.0,98.0,92.0,96.0,83.0,68.0,63.0,62.0,65.0,61.0,57.0,55,54.0,431.0,106.0,120,71,83,76,76.0,91.0,96.0,88,66
22,94.0,63.0,54.0,60.0,78.0,65.0,104.0,115.0,115.0,104.0,58.0,37,34.0,82.0,81.0,66,81,101,120,107.0,112.0,112.0,118,121
23,124.0,92.0,,,,,,,,77.0,81.0,82,79.0,44.0,80.0,92,89,86,55,476.0,190.0,,47,117
24,103.0,126.0,62.0,55.0,57.0,68.0,75.0,70.0,77.0,74.0,60.0,56,500.0,214.0,107.0,115,110,95,114,135.0,154.0,208.0,191,150
25,131.0,130.0,94.0,106.0,133.0,198.0,226.0,195.0,199.0,75.0,104.0,80,88.0,332.0,167.0,107,102,108,92,107.0,126.0,130.0,131,114
26,69.0,86.0,86.0,72.0,88.0,85.0,86.0,140.0,159.0,155.0,113.0,98,111.0,121.0,131.0,90,84,117,70,96.0,130.0,122.0,138,153
27,229.0,122.0,119.0,135.0,135.0,117.0,106.0,104.0,111.0,88.0,84.0,69,131.0,448.0,174.0,127,126,93,84,94.0,101.0,95.0,115,128
28,141.0,152.0,153.0,143.0,201.0,247.0,193.0,177.0,156.0,108.0,127.0,85,56.0,214.0,107.0,75,80,93,69,73.0,93.0,90.0,112,120
29,112.0,122.0,119.0,101.0,93.0,88.0,83.0,87.0,92.0,67.0,96.0,31,89.0,230.0,141.0,59,66,79,80,73.0,86.0,108.0,123,133
30,130.0,119.0,110.0,111.0,100.0,76.0,68.0,77.0,72.0,93.0,69.0,54,126.0,128.0,75.0,82,92,101,96,101.0,109.0,111.0,110,111
"
"
October-2021,00:00:00,01:00:00,02:00:00,03:00:00,04:00:00,05:00:00,06:00:00,07:00:00,08:00:00,09:00:00,10:00:00,11:00:00,12:00:00,13:00:00,14:00:00,15:00:00,16:00:00,17:00:00,18:00:00,19:00:00,20:00:00,21:00:00,22:00:00,23:00:00
1,116.0,116.0,101.0,114.0,224.0,243.0,291.0,291.0,282.0,232.0,149.0,152.0,118.0,96.0,98.0,90.0,86.0,122.0,121.0,122.0,130.0,145.0,155.0,147.0
2,172.0,216.0,206.0,290.0,306.0,309.0,222.0,170.0,176.0,100.0,100.0,129.0,113.0,109.0,82.0,102.0,103.0,98.0,109.0,111.0,119.0,140.0,148.0,153.0
3,121.0,133.0,131.0,129.0,133.0,133.0,132.0,,,97.0,,,,466.0,,,85.0,84.0,,94.0,94.0,95.0,,144.0
4,,,,,,83.0,,99.0,86.0,,77.0,115.0,144.0,354.0,111.0,101.0,109.0,112.0,103.0,81.0,97.0,109.0,117.0,154.0
5,182.0,159.0,199.0,234.0,169.0,129.0,106.0,97.0,81.0,78.0,79.0,75.0,352.0,210.0,148.0,153.0,129.0,166.0,255.0,149.0,124.0,133.0,121.0,134.0
6,156.0,156.0,153.0,159.0,160.0,281.0,480.0,475.0,72.0,96.0,493.0,55.0,131.0,80.0,96.0,93.0,108.0,107.0,267.0,155.0,160.0,130.0,146.0,126.0
7,120.0,131.0,134.0,117.0,111.0,114.0,123.0,136.0,163.0,119.0,91.0,111.0,231.0,175.0,307.0,207.0,234.0,188.0,466.0,161.0,150.0,160.0,170.0,183.0
8,176.0,180.0,182.0,169.0,168.0,160.0,153.0,151.0,147.0,133.0,121.0,240.0,355.0,252.0,310.0,301.0,213.0,176.0,157.0,,,,,329.0
9,335.0,355.0,341.0,302.0,290.0,238.0,200.0,188.0,180.0,189.0,205.0,160.0,435.0,409.0,222.0,211.0,186.0,167.0,168.0,166.0,,,,
10,,,,,,,,,,,,,451.0,278.0,186.0,154.0,139.0,141.0,145.0,145.0,144.0,235.0,319.0,367.0
11,322.0,331.0,333.0,241.0,234.0,252.0,180.0,176.0,209.0,251.0,270.0,220.0,405.0,402.0,171.0,138.0,143.0,469.0,145.0,164.0,299.0,229.0,209.0,284.0
12,292.0,238.0,298.0,204.0,258.0,251.0,170.0,209.0,253.0,245.0,338.0,262.0,181.0,198.0,205.0,,232.0,233.0,243.0,162.0,306.0,249.0,217.0,
13,,,,,,,,,,250.0,261.0,233.0,232.0,201.0,234.0,223.0,230.0,267.0,302.0,208.0,196.0,197.0,228.0,233.0
14,201.0,197.0,184.0,149.0,155.0,156.0,146.0,162.0,179.0,189.0,195.0,209.0,81.0,182.0,186.0,163.0,164.0,158.0,166.0,176.0,238.0,275.0,197.0,186.0
15,183.0,188.0,182.0,179.0,169.0,161.0,167.0,164.0,171.0,195.0,199.0,418.0,500.0,216.0,190.0,170.0,157.0,133.0,148.0,154.0,176.0,203.0,243.0,274.0
16,333.0,331.0,348.0,328.0,335.0,303.0,408.0,415.0,404.0,426.0,424.0,374.0,278.0,190.0,208.0,239.0,215.0,230.0,248.0,270.0,293.0,338.0,404.0,409.0
17,411.0,417.0,418.0,461.0,500.0,474.0,447.0,,,,,,,,,,,,,,,,,
18,,,,,,,,,,,,,,,,,,,,,,,,
19,,,,,,,,,,,,,,,,,,,,,,,,
20,,,,,,,,,,,,,,154.0,197.0,153.0,193.0,193.0,169.0,209.0,281.0,293.0,336.0,368.0
21,340.0,368.0,408.0,196.0,167.0,144.0,165.0,137.0,144.0,147.0,166.0,136.0,282.0,183.0,150.0,174.0,475.0,341.0,193.0,,,,,
22,,,,,,,,,,157.0,116.0,233.0,134.0,104.0,248.0,362.0,84.0,94.0,92.0,94.0,133.0,158.0,180.0,181.0
23,192.0,181.0,179.0,162.0,148.0,140.0,132.0,135.0,135.0,144.0,120.0,114.0,88.0,66.0,65.0,65.0,78.0,68.0,68.0,78.0,92.0,101.0,190.0,148.0
24,133.0,179.0,145.0,121.0,110.0,108.0,104.0,104.0,99.0,108.0,107.0,105.0,103.0,103.0,84.0,118.0,110.0,252.0,131.0,72.0,66.0,60.0,58.0,55.0
25,54.0,72.0,73.0,69.0,71.0,70.0,74.0,77.0,76.0,74.0,73.0,80.0,112.0,128.0,129.0,87.0,192.0,241.0,161.0,235.0,191.0,225.0,255.0,279.0
26,269.0,279.0,203.0,179.0,154.0,201.0,149.0,138.0,197.0,168.0,143.0,148.0,166.0,269.0,133.0,135.0,144.0,140.0,151.0,164.0,186.0,240.0,252.0,427.0
27,400.0,396.0,408.0,374.0,309.0,278.0,277.0,327.0,364.0,325.0,301.0,292.0,248.0,235.0,224.0,211.0,187.0,206.0,187.0,239.0,227.0,286.0,375.0,353.0
28,304.0,283.0,310.0,255.0,329.0,313.0,283.0,297.0,309.0,290.0,327.0,322.0,286.0,275.0,243.0,192.0,161.0,163.0,163.0,500.0,268.0,326.0,409.0,423.0
29,431.0,437.0,414.0,400.0,404.0,406.0,405.0,414.0,416.0,418.0,427.0,408.0,346.0,312.0,208.0,311.0,139.0,151.0,159.0,228.0,243.0,297.0,381.0,427.0
30,411.0,406.0,354.0,323.0,311.0,300.0,290.0,282.0,311.0,316.0,354.0,309.0,265.0,218.0,158.0,151.0,134.0,198.0,195.0,267.0,300.0,329.0,368.0,401.0
31,406.0,414.0,420.0,410.0,417.0,,,,,343.0,343.0,390.0,404.0,387.0,313.0,297.0,269.0,233.0,177.0,215.0,263.0,320.0,370.0,420.0
"
"
November-2021,00:00:00,01:00:00,02:00:00,03:00:00,04:00:00,05:00:00,06:00:00,07:00:00,08:00:00,09:00:00,10:00:00,11:00:00,12:00:00,13:00:00,14:00:00,15:00:00,16:00:00,17:00:00,18:00:00,19:00:00,20:00:00,21:00:00,22:00:00,23:00:00
1,415.0,327.0,322.0,374.0,391.0,370.0,362.0,312.0,321.0,363.0,327,316,356.0,364.0,303.0,282.0,249.0,218.0,201.0,324.0,403.0,410.0,409.0,361.0
2,412.0,402.0,371.0,342.0,296.0,250.0,226.0,224.0,236.0,280.0,291,252,409.0,268.0,256.0,218.0,196.0,187.0,188.0,231.0,269.0,295.0,273.0,329.0
3,359.0,368.0,338.0,345.0,301.0,287.0,267.0,260.0,231.0,214.0,400,291,261.0,267.0,301.0,344.0,321.0,258.0,239.0,236.0,238.0,308.0,391.0,407.0
4,405.0,360.0,332.0,402.0,424.0,442.0,447.0,433.0,459.0,457.0,451,459,487.0,493.0,449.0,434.0,431.0,438.0,440.0,451.0,461.0,495.0,500.0,337.0
5,409.0,446.0,494.0,498.0,499.0,500.0,500.0,500.0,500.0,500.0,500,500,500.0,500.0,500.0,478.0,436.0,432.0,432.0,415.0,431.0,462.0,500.0,500.0
6,500.0,500.0,500.0,490.0,465.0,468.0,460.0,442.0,464.0,455.0,455,459,477.0,449.0,425.0,404.0,346.0,366.0,375.0,423.0,481.0,476.0,484.0,480.0
7,460.0,477.0,493.0,498.0,500.0,498.0,493.0,490.0,464.0,456.0,460,460,468.0,433.0,391.0,307.0,237.0,250.0,213.0,216.0,278.0,379.0,417.0,417.0
8,406.0,403.0,412.0,414.0,431.0,455.0,463.0,492.0,481.0,487.0,473,466,440.0,431.0,407.0,315.0,315.0,319.0,348.0,403.0,422.0,429.0,443.0,430.0
9,434.0,432.0,451.0,475.0,500.0,500.0,500.0,454.0,459.0,491.0,500,500,475.0,445.0,419.0,337.0,315.0,343.0,323.0,318.0,332.0,367.0,410.0,417.0
10,411.0,400.0,361.0,319.0,292.0,260.0,237.0,339.0,341.0,402.0,445,480,489.0,481.0,448.0,406.0,321.0,283.0,276.0,417.0,466.0,474.0,450.0,450.0
11,466.0,491.0,478.0,445.0,435.0,415.0,404.0,411.0,419.0,430.0,443,449,463.0,500.0,500.0,485.0,480.0,462.0,489.0,499.0,500.0,500.0,500.0,500.0
12,500.0,500.0,500.0,500.0,500.0,500.0,500.0,500.0,500.0,500.0,500,500,500.0,500.0,500.0,467.0,436.0,425.0,450.0,495.0,500.0,498.0,500.0,500.0
13,500.0,500.0,500.0,478.0,476.0,481.0,477.0,460.0,467.0,476.0,478,486,487.0,478.0,439.0,302.0,182.0,236.0,239.0,208.0,308.0,404.0,406.0,400.0
14,423.0,416.0,417.0,407.0,383.0,363.0,355.0,307.0,271.0,267.0,338,372,402.0,377.0,245.0,168.0,168.0,346.0,273.0,224.0,390.0,429.0,477.0,500.0
15,500.0,500.0,454.0,428.0,311.0,416.0,384.0,,,401.0,392,254,353.0,231.0,,,,324.0,304.0,210.0,327.0,314.0,323.0,352.0
16,360.0,388.0,390.0,393.0,381.0,401.0,379.0,365.0,325.0,335.0,329,425,420.0,413.0,348.0,270.0,233.0,231.0,227.0,273.0,304.0,405.0,409.0,410.0
17,432.0,453.0,445.0,448.0,443.0,435.0,433.0,417.0,400.0,405.0,445,447,496.0,452.0,410.0,178.0,149.0,158.0,155.0,163.0,256.0,413.0,440.0,431.0
18,475.0,479.0,451.0,467.0,482.0,464.0,429.0,434.0,452.0,473.0,437,414,343.0,342.0,270.0,289.0,247.0,249.0,242.0,289.0,337.0,405.0,423.0,447.0
19,437.0,456.0,429.0,437.0,432.0,430.0,435.0,442.0,450.0,441.0,426,409,373.0,350.0,283.0,278.0,250.0,274.0,325.0,335.0,341.0,325.0,318.0,349.0
20,437.0,410.0,409.0,337.0,372.0,359.0,371.0,407.0,372.0,386.0,394,424,414.0,403.0,377.0,363.0,328.0,320.0,272.0,311.0,338.0,394.0,421.0,420.0
21,430.0,425.0,419.0,406.0,401.0,364.0,330.0,344.0,337.0,385.0,395,371,240.0,244.0,168.0,152.0,128.0,130.0,158.0,188.0,222.0,303.0,339.0,
22,,,,,,,,,328.0,305.0,347,298,316.0,307.0,263.0,204.0,207.0,172.0,187.0,162.0,262.0,283.0,237.0,311.0
23,227.0,234.0,202.0,292.0,230.0,318.0,320.0,296.0,340.0,213.0,311,308,334.0,310.0,389.0,360.0,388.0,374.0,352.0,127.0,142.0,471.0,484.0,166.0
24,500.0,500.0,500.0,500.0,500.0,500.0,500.0,500.0,472.0,461.0,456,469,424.0,347.0,338.0,332.0,311.0,317.0,404.0,429.0,440.0,466.0,473.0,474.0
25,452.0,444.0,433.0,427.0,430.0,423.0,410.0,409.0,406.0,413.0,415,408,417.0,342.0,354.0,356.0,338.0,399.0,374.0,412.0,445.0,500.0,500.0,500.0
26,500.0,500.0,500.0,500.0,500.0,500.0,500.0,475.0,466.0,484.0,500,459,440.0,481.0,345.0,333.0,365.0,381.0,397.0,410.0,415.0,450.0,500.0,500.0
27,500.0,500.0,500.0,500.0,493.0,500.0,500.0,459.0,414.0,410.0,404,362,392.0,401.0,370.0,385.0,344.0,326.0,282.0,314.0,378.0,408.0,420.0,443.0
28,460.0,485.0,500.0,500.0,500.0,500.0,500.0,500.0,485.0,479.0,476,486,,,,,,,,,,,,
29,,,,,,,,,,,477,445,412.0,397.0,340.0,342.0,339.0,315.0,324.0,228.0,312.0,309.0,426.0,413.0
30,408.0,373.0,278.0,236.0,226.0,323.0,243.0,289.0,293.0,335.0,342,312,297.0,305.0,361.0,339.0,374.0,227.0,214.0,331.0,364.0,319.0,370.0,411.0
"
"
December-2021,00:00:00,01:00:00,02:00:00,03:00:00,04:00:00,05:00:00,06:00:00,07:00:00,08:00:00,09:00:00,10:00:00,11:00:00,12:00:00,13:00:00,14:00:00,15:00:00,16:00:00,17:00:00,18:00:00,19:00:00,20:00:00,21:00:00,22:00:00,23:00:00
1,417.0,418.0,429.0,437.0,431.0,435.0,432.0,426.0,434.0,430.0,491.0,411,422,289,116.0,444.0,453.0,405.0,420.0,400.0,437.0,427.0,439.0,441.0
2,414.0,419.0,426.0,412.0,412.0,407.0,408.0,404.0,406.0,404.0,355.0,122,423,433,431.0,408.0,368.0,383.0,367.0,303.0,270.0,250.0,245.0,238.0
3,278.0,208.0,317.0,181.0,196.0,348.0,280.0,330.0,335.0,385.0,427.0,427,405,415,430.0,401.0,416.0,438.0,396.0,402.0,412.0,434.0,493.0,499.0
4,489.0,490.0,490.0,487.0,470.0,429.0,430.0,431.0,442.0,437.0,436.0,437,426,402,377.0,349.0,,221.0,311.0,282.0,184.0,299.0,304.0,331.0
5,333.0,293.0,304.0,294.0,302.0,314.0,391.0,447.0,489.0,446.0,445.0,432,408,313,326.0,249.0,319.0,327.0,304.0,287.0,333.0,414.0,448.0,465.0
6,462.0,460.0,453.0,418.0,417.0,407.0,365.0,377.0,353.0,295.0,285.0,284,268,263,260.0,238.0,214.0,321.0,274.0,181.0,312.0,227.0,246.0,343.0
7,299.0,305.0,308.0,307.0,,,,,,,237.0,338,348,346,305.0,204.0,143.0,147.0,147.0,184.0,274.0,316.0,313.0,355.0
8,307.0,305.0,271.0,221.0,196.0,273.0,189.0,221.0,233.0,237.0,269.0,301,305,321,311.0,300.0,211.0,214.0,138.0,181.0,275.0,334.0,373.0,452.0
9,410.0,408.0,403.0,397.0,356.0,328.0,317.0,308.0,318.0,330.0,337.0,354,369,385,340.0,309.0,306.0,321.0,310.0,331.0,366.0,407.0,433.0,420.0
10,404.0,374.0,363.0,314.0,331.0,374.0,315.0,377.0,325.0,318.0,319.0,388,402,415,266.0,314.0,322.0,315.0,331.0,346.0,446.0,435.0,116.0,429.0
11,366.0,345.0,352.0,317.0,343.0,349.0,345.0,341.0,323.0,309.0,315.0,305,336,313,319.0,161.0,182.0,221.0,164.0,269.0,305.0,,,347.0
12,278.0,290.0,306.0,210.0,185.0,288.0,302.0,270.0,266.0,,224.0,332,244,313,227.0,211.0,195.0,202.0,205.0,314.0,357.0,401.0,430.0,412.0
13,424.0,431.0,440.0,484.0,500.0,500.0,500.0,488.0,469.0,500.0,491.0,349,252,212,167.0,169.0,172.0,333.0,195.0,202.0,274.0,336.0,407.0,412.0
14,416.0,485.0,500.0,482.0,489.0,495.0,470.0,464.0,456.0,484.0,455.0,406,312,331,298.0,268.0,280.0,278.0,258.0,245.0,401.0,458.0,489.0,500.0
15,500.0,500.0,489.0,439.0,403.0,304.0,306.0,306.0,312.0,311.0,330.0,323,311,281,270.0,236.0,314.0,200.0,140.0,179.0,408.0,263.0,397.0,403.0
16,400.0,410.0,368.0,407.0,367.0,375.0,384.0,407.0,431.0,429.0,403.0,393,408,405,420.0,410.0,298.0,204.0,177.0,236.0,317.0,403.0,,
17,,,,,,,,,,,,229,208,203,217.0,176.0,167.0,133.0,176.0,198.0,250.0,255.0,278.0,271.0
18,350.0,316.0,330.0,264.0,219.0,254.0,252.0,238.0,241.0,276.0,255.0,264,260,246,201.0,213.0,194.0,172.0,169.0,171.0,192.0,196.0,180.0,300.0
19,268.0,294.0,307.0,360.0,191.0,187.0,180.0,181.0,192.0,202.0,249.0,311,254,243,,,,,,,,,,
20,,,,,,,,,,285.0,283.0,328,308,305,270.0,243.0,161.0,349.0,380.0,321.0,411.0,476.0,482.0,500.0
21,500.0,399.0,500.0,500.0,500.0,500.0,500.0,500.0,500.0,500.0,500.0,442,421,383,402.0,312.0,304.0,297.0,297.0,288.0,404.0,476.0,500.0,500.0
22,500.0,482.0,448.0,438.0,426.0,445.0,450.0,447.0,497.0,500.0,500.0,439,463,402,404.0,345.0,365.0,325.0,331.0,341.0,339.0,439.0,487.0,500.0
23,418.0,183.0,185.0,500.0,,,,,,,500.0,500,492,470,440.0,405.0,325.0,401.0,412.0,420.0,457.0,500.0,500.0,500.0
24,400.0,500.0,500.0,500.0,481.0,487.0,448.0,447.0,472.0,492.0,437.0,448,403,273,302.0,286.0,316.0,302.0,300.0,277.0,286.0,335.0,402.0,447.0
25,500.0,500.0,500.0,500.0,500.0,500.0,479.0,500.0,500.0,490.0,500.0,500,466,432,414.0,373.0,325.0,433.0,449.0,451.0,462.0,488.0,500.0,500.0
26,424.0,304.0,312.0,500.0,500.0,319.0,500.0,500.0,333.0,471.0,500.0,494,444,421,380.0,358.0,407.0,445.0,434.0,437.0,441.0,475.0,500.0,444.0
27,436.0,230.0,258.0,248.0,60.0,300.0,276.0,309.0,278.0,265.0,,304,275,318,305.0,280.0,251.0,254.0,252.0,240.0,248.0,343.0,401.0,313.0
28,401.0,412.0,340.0,248.0,240.0,275.0,233.0,238.0,283.0,262.0,300.0,310,367,340,363.0,387.0,329.0,321.0,308.0,304.0,308.0,306.0,314.0,305.0
29,293.0,313.0,372.0,407.0,398.0,364.0,353.0,331.0,311.0,304.0,346.0,401,403,368,349.0,329.0,95.0,78.0,333.0,325.0,320.0,318.0,402.0,436.0
30,457.0,418.0,351.0,336.0,365.0,343.0,329.0,406.0,361.0,403.0,430.0,350,324,36,300.0,311.0,307.0,313.0,64.0,344.0,361.0,413.0,475.0,500.0
31,500.0,415.0,500.0,387.0,371.0,387.0,417.0,417.0,400.0,394.0,370.0,401,356,313,281.0,209.0,279.0,205.0,175.0,306.0,315.0,407.0,438.0,462.0
"
"
Year,2022
January-2022,00:00:00,01:00:00,02:00:00,03:00:00,04:00:00,05:00:00,06:00:00,07:00:00,08:00:00,09:00:00,10:00:00,11:00:00,12:00:00,13:00:00,14:00:00,15:00:00,16:00:00,17:00:00,18:00:00,19:00:00,20:00:00,21:00:00,22:00:00,23:00:00
1,465.0,468.0,457.0,451.0,424.0,423.0,403.0,342.0,386.0,400.0,383.0,381.0,371.0,346.0,352.0,325.0,231.0,313.0,274.0,227.0,403.0,453.0,500.0,500.0
2,500.0,500.0,500.0,500.0,500.0,450.0,444.0,464.0,434.0,421.0,424.0,433.0,420.0,438.0,270.0,224.0,267.0,247.0,206.0,303.0,381.0,455.0,480.0,485.0
3,497.0,466.0,436.0,413.0,404.0,410.0,440.0,428.0,412.0,405.0,416.0,417.0,421.0,410.0,408.0,315.0,332.0,401.0,401.0,382.0,418.0,444.0,483.0,500.0
4,500.0,500.0,500.0,439.0,416.0,419.0,411.0,411.0,416.0,416.0,410.0,424.0,401.0,318.0,317.0,318.0,229.0,201.0,162.0,214.0,352.0,402.0,408.0,462.0
5,478.0,481.0,483.0,463.0,448.0,423.0,482.0,477.0,494.0,456.0,435.0,455.0,440.0,493.0,448.0,447.0,292.0,107.0,156.0,,,,,
6,,,,,,,299.0,309.0,395.0,258.0,218.0,232.0,143.0,139.0,129.0,159.0,179.0,156.0,154.0,279.0,200.0,174.0,240.0,295.0
7,326.0,222.0,165.0,224.0,168.0,132.0,120.0,131.0,153.0,174.0,226.0,157.0,106.0,110.0,121.0,134.0,163.0,126.0,125.0,151.0,165.0,153.0,163.0,250.0
8,226.0,137.0,,108.0,100.0,106.0,96.0,95.0,163.0,,,,,,,,,,,,,,,
9,,,,,,,,,,,,,,,,,141.0,,,,,,130.0,
10,,,,,,,,,,135.0,138.0,128.0,119.0,102.0,79.0,112.0,178.0,194.0,196.0,336.0,293.0,339.0,272.0,341.0
11,246.0,158.0,160.0,148.0,104.0,62.0,103.0,99.0,113.0,109.0,105.0,125.0,126.0,141.0,153.0,121.0,185.0,246.0,,,,,,
12,,,,,,,,,,,,,,,,,,,,,,,,
13,,,,,,,,,,,,,,,,,,,,,,,,
14,,,,,,,,,,,,,,,,,,,135.0,,490.0,456.0,463.0,500.0
15,497.0,441.0,450.0,403.0,253.0,154.0,132.0,148.0,161.0,138.0,138.0,141.0,178.0,150.0,182.0,256.0,259.0,250.0,277.0,299.0,276.0,248.0,238.0,221.0
16,177.0,166.0,164.0,156.0,152.0,152.0,154.0,154.0,159.0,156.0,168.0,173.0,184.0,176.0,200.0,292.0,213.0,215.0,198.0,227.0,279.0,347.0,417.0,440.0
17,436.0,449.0,424.0,403.0,422.0,402.0,320.0,,210.0,,195.0,,,,237.0,252.0,,,,420.0,420.0,420.0,416.0,400.0
18,322.0,312.0,374.0,413.0,406.0,349.0,192.0,263.0,266.0,349.0,250.0,286.0,360.0,382.0,362.0,304.0,304.0,351.0,246.0,303.0,407.0,327.0,412.0,376.0
19,306.0,339.0,431.0,333.0,417.0,220.0,443.0,445.0,272.0,482.0,262.0,233.0,456.0,298.0,326.0,46.0,41.0,38.0,409.0,405.0,422.0,409.0,478.0,500.0
20,500.0,500.0,500.0,430.0,313.0,411.0,413.0,404.0,412.0,439.0,444.0,455.0,439.0,407.0,396.0,362.0,360.0,388.0,422.0,404.0,418.0,365.0,378.0,402.0
21,421.0,445.0,463.0,457.0,454.0,414.0,258.0,258.0,292.0,326.0,280.0,309.0,265.0,202.0,268.0,301.0,273.0,407.0,311.0,254.0,222.0,235.0,295.0,383.0
22,418.0,411.0,404.0,346.0,304.0,313.0,252.0,223.0,221.0,264.0,156.0,151.0,243.0,146.0,166.0,171.0,227.0,313.0,305.0,241.0,309.0,302.0,205.0,118.0
23,,110.0,33.0,,,,,74.0,,,,,,,,,,,,,,,,
24,,,,,,,,,,,294.0,371.0,329.0,263.0,223.0,187.0,186.0,175.0,272.0,166.0,347.0,325.0,425.0,409.0
25,363.0,350.0,431.0,300.0,428.0,371.0,211.0,215.0,168.0,170.0,127.0,129.0,122.0,143.0,253.0,295.0,189.0,192.0,344.0,217.0,305.0,225.0,352.0,416.0
26,453.0,414.0,405.0,350.0,231.0,264.0,302.0,173.0,161.0,170.0,185.0,198.0,170.0,147.0,182.0,167.0,165.0,164.0,164.0,184.0,229.0,245.0,258.0,419.0
27,309.0,335.0,281.0,248.0,235.0,236.0,196.0,143.0,153.0,171.0,165.0,272.0,307.0,289.0,178.0,180.0,144.0,138.0,95.0,389.0,360.0,240.0,282.0,334.0
28,285.0,230.0,196.0,227.0,158.0,155.0,257.0,243.0,317.0,328.0,331.0,321.0,251.0,317.0,204.0,239.0,171.0,164.0,184.0,144.0,158.0,306.0,423.0,407.0
29,410.0,420.0,380.0,333.0,194.0,181.0,240.0,198.0,256.0,195.0,174.0,193.0,233.0,210.0,238.0,174.0,256.0,157.0,125.0,130.0,302.0,263.0,320.0,372.0
30,355.0,326.0,302.0,260.0,207.0,301.0,224.0,195.0,351.0,337.0,184.0,191.0,199.0,,,,,,,,,,,
31,,,,,,,,,,410.0,425.0,324.0,244.0,225.0,476.0,405.0,399.0,400.0,362.0,,,417.0,415.0,424.0
"
"
February-2022,00:00:00,01:00:00,02:00:00,03:00:00,04:00:00,05:00:00,06:00:00,07:00:00,08:00:00,09:00:00,10:00:00,11:00:00,12:00:00,13:00:00,14:00:00,15:00:00,16:00:00,17:00:00,18:00:00,19:00:00,20:00:00,21:00:00,22:00:00,23:00:00
1,414.0,409.0,415.0,407.0,366.0,417.0,375.0,393.0,384.0,355.0,352.0,330,414,145.0,239,257,332,326.0,309.0,337.0,311.0,341.0,362.0,321.0
2,313.0,307.0,298.0,250.0,231.0,239.0,222.0,214.0,234.0,276.0,289.0,259,268,326.0,423,307,285,307.0,332.0,377.0,404.0,408.0,399.0,418.0
3,394.0,276.0,300.0,353.0,,,,,,,133.0,130,144,155.0,152,184,172,,221.0,201.0,192.0,210.0,207.0,195.0
4,189.0,158.0,136.0,120.0,86.0,80.0,79.0,60.0,68.0,93.0,104.0,103,62,429.0,190,118,102,123.0,127.0,114.0,143.0,237.0,361.0,408.0
5,434.0,471.0,471.0,406.0,396.0,350.0,295.0,220.0,179.0,168.0,148.0,136,134,153.0,192,251,295,252.0,174.0,228.0,250.0,294.0,349.0,432.0
6,443.0,438.0,447.0,456.0,434.0,419.0,425.0,423.0,419.0,462.0,500.0,404,351,300.0,235,170,144,138.0,231.0,223.0,285.0,261.0,298.0,409.0
7,425.0,374.0,433.0,423.0,315.0,211.0,210.0,204.0,192.0,192.0,186.0,162,145,314.0,196,219,303,305.0,328.0,313.0,307.0,329.0,354.0,358.0
8,,,,,,,,,,,,228,311,326.0,307,311,316,321.0,312.0,266.0,313.0,395.0,419.0,428.0
9,453.0,464.0,460.0,446.0,429.0,409.0,199.0,74.0,104.0,126.0,108.0,150,120,161.0,165,115,171,126.0,113.0,117.0,204.0,186.0,206.0,252.0
10,234.0,301.0,294.0,224.0,214.0,188.0,166.0,202.0,187.0,161.0,241.0,189,215,280.0,263,306,278,247.0,200.0,312.0,310.0,321.0,329.0,313.0
11,268.0,300.0,172.0,167.0,227.0,182.0,186.0,228.0,227.0,249.0,304.0,308,121,176.0,315,317,302,164.0,182.0,180.0,215.0,309.0,322.0,327.0
12,313.0,241.0,239.0,192.0,271.0,304.0,230.0,207.0,200.0,198.0,191.0,193,201,195.0,172,159,135,125.0,129.0,128.0,150.0,224.0,355.0,443.0
13,500.0,495.0,457.0,450.0,439.0,416.0,402.0,331.0,318.0,379.0,259.0,236,147,436.0,388,238,146,148.0,163.0,156.0,184.0,216.0,245.0,286.0
14,316.0,371.0,419.0,443.0,425.0,417.0,420.0,343.0,320.0,304.0,308.0,283,163,149.0,145,132,121,124.0,139.0,129.0,149.0,189.0,359.0,409.0
15,416.0,419.0,328.0,354.0,421.0,373.0,419.0,409.0,429.0,433.0,384.0,375,310,194.0,191,93,170,235.0,,164.0,337.0,366.0,410.0,428.0
16,446.0,428.0,407.0,404.0,400.0,402.0,414.0,433.0,458.0,484.0,468.0,405,265,388.0,419,323,181,133.0,157.0,210.0,267.0,244.0,290.0,351.0
17,406.0,402.0,430.0,415.0,415.0,398.0,381.0,359.0,353.0,382.0,385.0,351,437,,314,234,208,180.0,141.0,197.0,256.0,399.0,404.0,455.0
18,429.0,366.0,360.0,389.0,392.0,366.0,356.0,398.0,405.0,394.0,419.0,370,330,401.0,391,319,248,162.0,156.0,171.0,170.0,231.0,187.0,253.0
19,305.0,237.0,333.0,326.0,264.0,203.0,169.0,249.0,197.0,169.0,260.0,169,159,152.0,94,288,142,215.0,220.0,264.0,199.0,176.0,197.0,239.0
20,298.0,222.0,166.0,137.0,134.0,137.0,163.0,174.0,168.0,154.0,183.0,268,170,180.0,260,155,199,240.0,209.0,136.0,137.0,162.0,175.0,177.0
21,,173.0,181.0,178.0,,160.0,154.0,163.0,,172.0,198.0,196,197,171.0,146,138,131,132.0,,,,,,
22,,,,,,,,,,293.0,380.0,331,322,206.0,325,329,349,62.0,330.0,318.0,319.0,336.0,337.0,311.0
23,350.0,348.0,338.0,316.0,314.0,324.0,306.0,229.0,337.0,152.0,177.0,339,177,210.0,324,310,311,329.0,299.0,250.0,268.0,216.0,219.0,258.0
24,339.0,429.0,443.0,436.0,448.0,425.0,424.0,446.0,429.0,409.0,363.0,374,350,304.0,322,278,315,181.0,310.0,302.0,315.0,314.0,294.0,284.0
25,323.0,353.0,347.0,325.0,356.0,374.0,415.0,432.0,423.0,423.0,398.0,401,414,316.0,301,299,307,311.0,305.0,293.0,304.0,312.0,204.0,75.0
26,70.0,109.0,90.0,62.0,63.0,64.0,59.0,60.0,62.0,66.0,65.0,64,63,84.0,77,72,81,84.0,83.0,78.0,86.0,103.0,114.0,119.0
27,132.0,128.0,127.0,100.0,101.0,93.0,92.0,93.0,97.0,106.0,103.0,89,84,82.0,83,85,105,85.0,87.0,107.0,100.0,106.0,133.0,135.0
28,133.0,138.0,127.0,111.0,102.0,72.0,67.0,77.0,77.0,78.0,108.0,111,118,145.0,124,118,119,95.0,96.0,152.0,143.0,195.0,216.0,216.0
"
"
March-2022,00:00:00,01:00:00,02:00:00,03:00:00,04:00:00,05:00:00,06:00:00,07:00:00,08:00:00,09:00:00,10:00:00,11:00:00,12:00:00,13:00:00,14:00:00,15:00:00,16:00:00,17:00:00,18:00:00,19:00:00,20:00:00,21:00:00,22:00:00,23:00:00
1,212.0,217.0,201.0,186.0,168.0,151.0,145.0,152.0,159.0,172.0,192.0,336.0,215.0,183.0,291.0,211.0,162.0,252.0,146.0,139.0,130.0,149.0,189.0,247.0
2,281.0,353.0,288.0,276.0,320.0,255.0,,,,,,310.0,288.0,266.0,248.0,217.0,148.0,126.0,112.0,113.0,226.0,223.0,321.0,261.0
3,406.0,314.0,416.0,313.0,210.0,170.0,149.0,182.0,200.0,198.0,207.0,184.0,157.0,139.0,121.0,140.0,144.0,97.0,101.0,126.0,255.0,258.0,186.0,318.0
4,189.0,214.0,189.0,300.0,372.0,229.0,212.0,273.0,248.0,221.0,257.0,219.0,171.0,166.0,146.0,,,,,,,,,
5,,,,,,,,,,,,,,,,,,,,,,,,
6,,,,,,,,,,,,,,,,,,,,148.0,162.0,189.0,232.0,286.0
7,312.0,355.0,319.0,377.0,415.0,310.0,305.0,302.0,354.0,421.0,303.0,257.0,190.0,182.0,176.0,189.0,180.0,180.0,188.0,241.0,191.0,297.0,338.0,371.0
8,406.0,426.0,401.0,373.0,401.0,369.0,370.0,416.0,425.0,427.0,418.0,300.0,232.0,254.0,194.0,140.0,125.0,113.0,113.0,131.0,140.0,170.0,249.0,255.0
9,231.0,250.0,209.0,186.0,179.0,172.0,169.0,190.0,195.0,208.0,228.0,211.0,162.0,201.0,153.0,131.0,128.0,115.0,114.0,142.0,145.0,149.0,166.0,186.0
10,193.0,185.0,158.0,151.0,152.0,139.0,140.0,145.0,155.0,164.0,191.0,190.0,155.0,172.0,153.0,147.0,243.0,204.0,127.0,128.0,137.0,142.0,166.0,199.0
11,208.0,221.0,187.0,175.0,170.0,285.0,180.0,363.0,347.0,384.0,,367.0,343.0,326.0,367.0,271.0,225.0,132.0,146.0,140.0,201.0,190.0,200.0,243.0
12,206.0,172.0,174.0,168.0,158.0,135.0,147.0,180.0,243.0,230.0,287.0,283.0,154.0,500.0,444.0,151.0,133.0,167.0,130.0,128.0,236.0,190.0,178.0,215.0
13,238.0,250.0,234.0,199.0,193.0,192.0,207.0,200.0,194.0,196.0,204.0,215.0,173.0,341.0,193.0,170.0,156.0,144.0,138.0,141.0,229.0,164.0,208.0,230.0
14,259.0,275.0,349.0,350.0,381.0,366.0,418.0,473.0,484.0,424.0,328.0,368.0,342.0,203.0,365.0,333.0,183.0,302.0,357.0,332.0,324.0,377.0,394.0,313.0
15,378.0,354.0,351.0,370.0,383.0,379.0,347.0,370.0,358.0,346.0,378.0,367.0,344.0,367.0,487.0,300.0,243.0,222.0,248.0,256.0,247.0,324.0,314.0,304.0
16,305.0,295.0,289.0,315.0,383.0,394.0,441.0,488.0,429.0,379.0,242.0,343.0,366.0,204.0,482.0,210.0,265.0,298.0,148.0,144.0,146.0,175.0,171.0,168.0
17,171.0,178.0,184.0,318.0,198.0,306.0,278.0,324.0,397.0,388.0,407.0,,,,,,,,267.0,128.0,121.0,128.0,121.0,120.0
18,116.0,117.0,122.0,124.0,124.0,126.0,129.0,134.0,136.0,130.0,127.0,124.0,132.0,70.0,77.0,121.0,118.0,122.0,132.0,132.0,119.0,121.0,120.0,120.0
19,118.0,121.0,119.0,118.0,120.0,123.0,123.0,123.0,123.0,121.0,125.0,134.0,88.0,14.0,20.0,415.0,398.0,303.0,304.0,301.0,,360.0,351.0,355.0
20,322.0,343.0,313.0,319.0,307.0,285.0,300.0,287.0,247.0,305.0,234.0,240.0,132.0,109.0,279.0,403.0,134.0,128.0,186.0,143.0,158.0,196.0,250.0,409.0
21,434.0,357.0,416.0,422.0,389.0,376.0,335.0,370.0,431.0,,452.0,419.0,425.0,268.0,269.0,500.0,216.0,277.0,177.0,174.0,177.0,185.0,188.0,202.0
22,182.0,185.0,166.0,318.0,147.0,154.0,157.0,156.0,155.0,164.0,165.0,107.0,326.0,181.0,216.0,464.0,350.0,195.0,265.0,183.0,216.0,193.0,184.0,200.0
23,218.0,203.0,234.0,200.0,191.0,186.0,196.0,232.0,251.0,263.0,282.0,300.0,274.0,278.0,468.0,266.0,164.0,164.0,156.0,162.0,185.0,322.0,410.0,404.0
24,400.0,410.0,425.0,415.0,391.0,411.0,421.0,438.0,433.0,428.0,420.0,407.0,401.0,134.0,296.0,500.0,470.0,404.0,157.0,241.0,,,,
25,,,,,,,,,,312.0,355.0,216.0,235.0,194.0,132.0,449.0,166.0,,,,,,,
26,,,,,,,,,,,,,,,,,,,,,,,,
27,,,,,,,,,,,,,,,,,,,,,,,,
28,,,,,,,,,391.0,,414.0,,,,,,,137.0,131.0,280.0,303.0,319.0,400.0,379.0
29,389.0,396.0,386.0,419.0,337.0,335.0,389.0,358.0,406.0,136.0,404.0,378.0,103.0,485.0,400.0,250.0,318.0,82.0,311.0,159.0,172.0,337.0,413.0,394.0
30,446.0,387.0,369.0,366.0,346.0,422.0,429.0,235.0,319.0,364.0,391.0,321.0,308.0,460.0,321.0,370.0,235.0,,,,,,,
31,,,,,,,,,,406.0,,246.0,309.0,290.0,300.0,271.0,230.0,192.0,191.0,242.0,260.0,269.0,359.0,406.0
"
"
April-2022,00:00:00,01:00:00,02:00:00,03:00:00,04:00:00,05:00:00,06:00:00,07:00:00,08:00:00,09:00:00,10:00:00,11:00:00,12:00:00,13:00:00,14:00:00,15:00:00,16:00:00,17:00:00,18:00:00,19:00:00,20:00:00,21:00:00,22:00:00,23:00:00
1,285.0,446.0,284.0,180.0,140.0,135.0,222.0,301.0,191.0,135.0,220.0,407,430.0,190.0,160.0,148,170.0,162,,,124,,,
2,,,,,,,,,,,304.0,308,270.0,18.0,469.0,427,242.0,318,324.0,101.0,104,426.0,500.0,500.0
3,491.0,434.0,409.0,384.0,332.0,326.0,350.0,396.0,372.0,329.0,338.0,314,322.0,476.0,487.0,445,320.0,275,273.0,317.0,339,401.0,403.0,424.0
4,441.0,413.0,334.0,401.0,429.0,444.0,144.0,417.0,354.0,309.0,297.0,330,334.0,500.0,328.0,341,308.0,250,186.0,352.0,369,115.0,454.0,375.0
5,389.0,321.0,307.0,329.0,355.0,308.0,345.0,422.0,399.0,425.0,437.0,258,426.0,434.0,139.0,252,125.0,110,191.0,214.0,299,108.0,393.0,377.0
6,357.0,406.0,338.0,323.0,338.0,352.0,324.0,355.0,434.0,435.0,425.0,298,262.0,136.0,242.0,347,301.0,120,247.0,97.0,112,353.0,410.0,419.0
7,333.0,443.0,416.0,272.0,400.0,304.0,363.0,402.0,352.0,326.0,,378,333.0,314.0,407.0,297,292.0,161,152.0,173.0,203,254.0,389.0,428.0
8,417.0,400.0,373.0,336.0,307.0,240.0,225.0,307.0,236.0,248.0,312.0,256,169.0,241.0,310.0,191,160.0,120,119.0,249.0,161,260.0,410.0,407.0
9,418.0,399.0,385.0,366.0,381.0,255.0,216.0,212.0,336.0,271.0,256.0,356,137.0,162.0,443.0,216,48.0,128,122.0,137.0,300,281.0,418.0,419.0
10,394.0,350.0,349.0,281.0,264.0,210.0,353.0,331.0,320.0,297.0,315.0,230,211.0,286.0,432.0,146,144.0,128,139.0,129.0,164,249.0,322.0,318.0
11,280.0,282.0,291.0,264.0,265.0,279.0,292.0,323.0,346.0,380.0,401.0,261,194.0,122.0,306.0,207,166.0,156,154.0,167.0,327,334.0,410.0,421.0
12,337.0,317.0,340.0,428.0,433.0,429.0,372.0,255.0,244.0,220.0,198.0,220,245.0,214.0,206.0,182,,163,173.0,197.0,324,,252.0,427.0
13,,443.0,429.0,,,497.0,,456.0,478.0,482.0,485.0,415,204.0,303.0,460.0,194,265.0,196,169.0,182.0,187,221.0,302.0,401.0
14,450.0,468.0,425.0,390.0,371.0,338.0,352.0,322.0,322.0,314.0,329.0,339,190.0,268.0,490.0,366,141.0,168,142.0,292.0,228,409.0,500.0,460.0
15,194.0,118.0,160.0,82.0,99.0,,,,,,,273,171.0,218.0,460.0,272,237.0,225,213.0,254.0,232,272.0,289.0,324.0
16,349.0,410.0,429.0,416.0,361.0,401.0,351.0,377.0,450.0,401.0,253.0,219,251.0,179.0,419.0,289,183.0,303,205.0,216.0,305,451.0,464.0,465.0
17,427.0,396.0,345.0,353.0,366.0,380.0,362.0,356.0,416.0,451.0,340.0,277,194.0,182.0,154.0,183,143.0,164,153.0,169.0,272,390.0,338.0,362.0
18,371.0,377.0,327.0,323.0,328.0,306.0,358.0,444.0,323.0,279.0,280.0,224,265.0,220.0,250.0,189,188.0,221,322.0,337.0,336,367.0,441.0,472.0
19,500.0,460.0,461.0,475.0,455.0,486.0,500.0,500.0,500.0,500.0,478.0,437,401.0,302.0,424.0,227,248.0,208,322.0,212.0,201,237.0,295.0,350.0
20,390.0,415.0,415.0,369.0,335.0,314.0,313.0,321.0,324.0,371.0,346.0,323,306.0,210.0,450.0,239,289.0,169,137.0,146.0,149,212.0,248.0,244.0
21,238.0,257.0,304.0,292.0,309.0,250.0,308.0,310.0,320.0,,381.0,500,498.0,461.0,428.0,352,237.0,152,202.0,169.0,244,310.0,321.0,337.0
22,312.0,407.0,397.0,188.0,109.0,114.0,88.0,103.0,159.0,195.0,184.0,169,188.0,212.0,214.0,247,310.0,190,154.0,145.0,154,166.0,224.0,297.0
23,324.0,343.0,309.0,285.0,255.0,233.0,203.0,237.0,369.0,390.0,305.0,268,216.0,225.0,123.0,225,127.0,124,122.0,131.0,146,310.0,353.0,376.0
24,407.0,356.0,305.0,267.0,305.0,294.0,301.0,322.0,319.0,352.0,327.0,325,303.0,262.0,178.0,402,154.0,156,163.0,179.0,199,193.0,276.0,275.0
25,284.0,240.0,223.0,228.0,215.0,246.0,203.0,213.0,196.0,201.0,219.0,212,180.0,163.0,142.0,415,230.0,174,169.0,170.0,171,265.0,213.0,477.0
26,453.0,,75.0,71.0,,82.0,72.0,84.0,,172.0,246.0,275,251.0,297.0,143.0,466,302.0,255,270.0,187.0,199,307.0,332.0,374.0
27,361.0,360.0,350.0,350.0,361.0,350.0,351.0,419.0,457.0,463.0,439.0,58,254.0,199.0,370.0,150,117.0,111,146.0,137.0,147,309.0,344.0,402.0
28,409.0,381.0,407.0,412.0,418.0,413.0,414.0,423.0,407.0,355.0,340.0,331,,,,124,273.0,239,256.0,227.0,325,406.0,472.0,479.0
29,451.0,445.0,452.0,464.0,451.0,453.0,451.0,439.0,454.0,467.0,438.0,311,317.0,327.0,365.0,467,274.0,213,270.0,266.0,271,303.0,356.0,404.0
30,407.0,431.0,443.0,438.0,446.0,427.0,412.0,325.0,436.0,387.0,367.0,323,312.0,411.0,173.0,424,152.0,136,128.0,139.0,139,204.0,294.0,350.0
"
"
May-2022,00:00:00,01:00:00,02:00:00,03:00:00,04:00:00,05:00:00,06:00:00,07:00:00,08:00:00,09:00:00,10:00:00,11:00:00,12:00:00,13:00:00,14:00:00,15:00:00,16:00:00,17:00:00,18:00:00,19:00:00,20:00:00,21:00:00,22:00:00,23:00:00
1,436.0,434.0,426.0,401.0,361.0,367.0,363.0,325.0,415.0,396.0,271.0,379.0,283.0,269.0,259.0,247.0,237.0,168.0,413.0,373.0,258.0,270.0,274.0,277.0
2,270.0,258.0,238.0,226.0,227.0,229.0,214.0,195.0,187.0,213.0,207.0,243.0,239.0,243.0,256.0,250.0,240.0,260.0,248.0,249.0,245.0,313.0,273.0,243.0
3,235.0,233.0,198.0,246.0,208.0,,,226.0,177.0,183.0,182.0,200.0,263.0,298.0,427.0,421.0,500.0,467.0,457.0,444.0,448.0,437.0,435.0,410.0
4,348.0,312.0,275.0,300.0,226.0,193.0,179.0,169.0,187.0,283.0,264.0,320.0,288.0,412.0,484.0,287.0,302.0,226.0,217.0,184.0,153.0,104.0,84.0,69.0
5,82.0,,,,,,,,,,185.0,156.0,135.0,114.0,121.0,145.0,157.0,165.0,196.0,200.0,209.0,301.0,303.0,384.0
6,423.0,441.0,426.0,410.0,349.0,332.0,290.0,268.0,299.0,389.0,421.0,353.0,366.0,310.0,422.0,406.0,354.0,307.0,256.0,232.0,203.0,175.0,216.0,173.0
7,192.0,136.0,127.0,211.0,145.0,145.0,205.0,229.0,264.0,287.0,269.0,320.0,387.0,300.0,438.0,260.0,187.0,152.0,135.0,146.0,379.0,315.0,426.0,346.0
8,404.0,315.0,216.0,171.0,157.0,172.0,132.0,225.0,155.0,183.0,194.0,190.0,196.0,168.0,409.0,414.0,260.0,185.0,,,,,,
9,,,,,,,,,,,287.0,,,,,,,,,,,,,
10,,,,,,,,,195.0,,140.0,,185.0,172.0,85.0,284.0,178.0,131.0,185.0,381.0,288.0,199.0,208.0,216.0
11,272.0,173.0,124.0,118.0,115.0,99.0,175.0,165.0,139.0,168.0,236.0,193.0,281.0,194.0,178.0,214.0,180.0,176.0,250.0,223.0,220.0,272.0,215.0,251.0
12,216.0,156.0,145.0,139.0,138.0,135.0,145.0,156.0,164.0,187.0,177.0,207.0,201.0,188.0,194.0,186.0,173.0,184.0,185.0,173.0,220.0,316.0,306.0,277.0
13,291.0,237.0,198.0,229.0,144.0,121.0,115.0,154.0,135.0,133.0,203.0,141.0,188.0,168.0,298.0,239.0,250.0,294.0,237.0,236.0,284.0,318.0,329.0,341.0
14,332.0,339.0,349.0,327.0,324.0,342.0,319.0,320.0,331.0,326.0,332.0,338.0,306.0,231.0,203.0,294.0,189.0,190.0,149.0,151.0,192.0,241.0,280.0,286.0
15,255.0,256.0,310.0,312.0,301.0,272.0,287.0,395.0,435.0,439.0,250.0,213.0,407.0,180.0,225.0,250.0,265.0,155.0,148.0,151.0,191.0,276.0,335.0,340.0
16,359.0,344.0,310.0,273.0,160.0,135.0,164.0,211.0,287.0,409.0,410.0,420.0,429.0,409.0,453.0,459.0,403.0,381.0,373.0,359.0,351.0,375.0,415.0,421.0
17,348.0,185.0,108.0,106.0,105.0,105.0,106.0,106.0,109.0,109.0,133.0,156.0,138.0,176.0,472.0,451.0,373.0,403.0,466.0,284.0,256.0,202.0,195.0,173.0
18,287.0,161.0,179.0,150.0,170.0,172.0,136.0,126.0,164.0,182.0,276.0,255.0,224.0,314.0,500.0,256.0,217.0,171.0,148.0,175.0,186.0,193.0,209.0,225.0
19,222.0,240.0,258.0,236.0,193.0,273.0,255.0,301.0,312.0,306.0,294.0,279.0,12.0,308.0,300.0,275.0,302.0,303.0,283.0,302.0,324.0,329.0,333.0,334.0
20,311.0,305.0,301.0,302.0,276.0,270.0,208.0,219.0,256.0,307.0,303.0,304.0,301.0,262.0,304.0,354.0,403.0,230.0,309.0,314.0,341.0,324.0,322.0,313.0
21,313.0,317.0,314.0,319.0,325.0,325.0,294.0,260.0,226.0,255.0,294.0,323.0,340.0,347.0,274.0,460.0,421.0,286.0,271.0,290.0,400.0,433.0,309.0,245.0
22,199.0,239.0,296.0,250.0,150.0,241.0,223.0,275.0,241.0,192.0,269.0,226.0,221.0,183.0,196.0,291.0,241.0,241.0,165.0,220.0,231.0,236.0,300.0,243.0
23,245.0,144.0,131.0,135.0,101.0,109.0,204.0,258.0,103.0,126.0,62.0,63.0,64.0,71.0,127.0,126.0,130.0,143.0,127.0,124.0,112.0,112.0,107.0,118.0
24,113.0,146.0,128.0,121.0,114.0,112.0,111.0,108.0,104.0,97.0,,107.0,100.0,95.0,107.0,111.0,108.0,143.0,133.0,111.0,125.0,140.0,152.0,186.0
25,195.0,238.0,318.0,390.0,453.0,500.0,500.0,430.0,419.0,418.0,326.0,192.0,170.0,199.0,192.0,184.0,178.0,198.0,196.0,187.0,178.0,182.0,234.0,254.0
26,251.0,326.0,307.0,352.0,409.0,413.0,417.0,419.0,406.0,355.0,282.0,199.0,185.0,163.0,,166.0,182.0,195.0,198.0,177.0,157.0,214.0,231.0,260.0
27,249.0,275.0,254.0,253.0,242.0,216.0,210.0,229.0,287.0,324.0,307.0,267.0,212.0,224.0,245.0,229.0,249.0,256.0,228.0,192.0,172.0,213.0,259.0,261.0
28,243.0,243.0,196.0,174.0,156.0,141.0,133.0,184.0,174.0,199.0,212.0,307.0,405.0,420.0,436.0,432.0,415.0,413.0,402.0,403.0,406.0,409.0,435.0,433.0
29,428.0,392.0,288.0,241.0,202.0,209.0,261.0,230.0,420.0,431.0,410.0,315.0,387.0,407.0,298.0,416.0,328.0,358.0,346.0,305.0,327.0,172.0,171.0,200.0
30,211.0,237.0,251.0,207.0,179.0,174.0,185.0,187.0,234.0,228.0,245.0,239.0,215.0,193.0,259.0,492.0,256.0,316.0,392.0,232.0,179.0,197.0,264.0,271.0
31,194.0,283.0,271.0,239.0,287.0,220.0,295.0,300.0,308.0,303.0,310.0,332.0,341.0,434.0,500.0,419.0,444.0,439.0,421.0,424.0,428.0,441.0,475.0,497.0
"
"
June-2022,00:00:00,01:00:00,02:00:00,03:00:00,04:00:00,05:00:00,06:00:00,07:00:00,08:00:00,09:00:00,10:00:00,11:00:00,12:00:00,13:00:00,14:00:00,15:00:00,16:00:00,17:00:00,18:00:00,19:00:00,20:00:00,21:00:00,22:00:00,23:00:00
1,492.0,500.0,500.0,500.0,484.0,444.0,418.0,382.0,381.0,400.0,417.0,423.0,66.0,81.0,303.0,321.0,234.0,500.0,305.0,149.0,233.0,232.0,229.0,306.0
2,365.0,349.0,338.0,331.0,330.0,328.0,348.0,105.0,379.0,396.0,396.0,401.0,402.0,351.0,457.0,338.0,414.0,323.0,337.0,325.0,333.0,363.0,382.0,406.0
3,403.0,388.0,327.0,339.0,343.0,345.0,384.0,386.0,,,,388.0,332.0,353.0,403.0,206.0,224.0,406.0,186.0,195.0,288.0,321.0,387.0,426.0
4,426.0,342.0,331.0,323.0,319.0,312.0,,,,,344.0,,,,,,,,,,,,,
5,,,,,,,,,,,,,,,,,,,,,,,,
6,,,,,,,,,,,267.0,,,,,,,,,,,,,
7,,,,,,,,,,,337.0,394.0,322.0,444.0,500.0,461.0,419.0,402.0,333.0,293.0,286.0,460.0,496.0,491.0
8,485.0,447.0,430.0,402.0,320.0,287.0,320.0,373.0,383.0,405.0,439.0,490.0,500.0,444.0,,,,,,,,,,
9,,,,,,,,,,281.0,,,,,,,,438.0,224.0,194.0,199.0,211.0,254.0,251.0
10,248.0,307.0,307.0,306.0,275.0,258.0,229.0,243.0,276.0,286.0,311.0,415.0,370.0,348.0,467.0,388.0,349.0,401.0,269.0,263.0,208.0,241.0,291.0,220.0
11,226.0,240.0,198.0,264.0,302.0,278.0,210.0,306.0,255.0,258.0,319.0,322.0,310.0,329.0,302.0,301.0,344.0,377.0,294.0,249.0,,,,
12,,,,,,,,,,,277.0,231.0,188.0,193.0,191.0,304.0,181.0,405.0,206.0,194.0,200.0,243.0,220.0,249.0
13,245.0,269.0,203.0,162.0,130.0,143.0,,,,,168.0,187.0,190.0,212.0,223.0,289.0,317.0,302.0,238.0,229.0,197.0,214.0,305.0,292.0
14,220.0,231.0,208.0,155.0,198.0,144.0,189.0,263.0,297.0,292.0,315.0,279.0,257.0,304.0,281.0,278.0,254.0,250.0,231.0,188.0,193.0,191.0,179.0,155.0
15,125.0,110.0,101.0,87.0,90.0,100.0,104.0,95.0,98.0,98.0,107.0,115.0,119.0,,,109.0,108.0,200.0,149.0,131.0,127.0,139.0,142.0,137.0
16,130.0,321.0,324.0,178.0,91.0,86.0,54.0,72.0,80.0,128.0,52.0,70.0,67.0,336.0,289.0,144.0,121.0,175.0,198.0,181.0,149.0,145.0,145.0,158.0
17,105.0,390.0,261.0,217.0,212.0,176.0,182.0,167.0,163.0,156.0,158.0,158.0,147.0,143.0,140.0,131.0,138.0,130.0,120.0,131.0,119.0,157.0,125.0,145.0
18,146.0,136.0,130.0,119.0,115.0,112.0,95.0,121.0,303.0,491.0,133.0,98.0,87.0,75.0,110.0,161.0,241.0,306.0,82.0,79.0,77.0,93.0,98.0,124.0
19,137.0,157.0,129.0,121.0,107.0,104.0,130.0,402.0,449.0,348.0,277.0,279.0,164.0,,96.0,124.0,,116.0,90.0,110.0,,129.0,128.0,
20,142.0,197.0,416.0,304.0,410.0,407.0,388.0,378.0,329.0,359.0,408.0,373.0,,383.0,369.0,342.0,177.0,203.0,194.0,208.0,195.0,110.0,127.0,279.0
21,202.0,265.0,284.0,287.0,301.0,291.0,287.0,301.0,300.0,294.0,171.0,153.0,123.0,101.0,98.0,99.0,91.0,93.0,76.0,68.0,83.0,90.0,106.0,121.0
22,192.0,135.0,117.0,145.0,144.0,151.0,137.0,143.0,140.0,126.0,110.0,84.0,68.0,87.0,97.0,106.0,111.0,164.0,128.0,130.0,121.0,122.0,117.0,120.0
23,153.0,113.0,109.0,112.0,131.0,142.0,151.0,149.0,130.0,125.0,122.0,123.0,124.0,,95.0,122.0,166.0,183.0,178.0,403.0,167.0,270.0,282.0,165.0
24,168.0,262.0,144.0,143.0,95.0,124.0,394.0,256.0,294.0,192.0,186.0,133.0,142.0,163.0,,153.0,148.0,222.0,291.0,180.0,199.0,286.0,225.0,263.0
25,304.0,311.0,304.0,303.0,318.0,422.0,309.0,265.0,306.0,341.0,318.0,159.0,323.0,158.0,369.0,485.0,306.0,302.0,124.0,306.0,139.0,303.0,189.0,300.0
26,253.0,303.0,332.0,351.0,319.0,314.0,66.0,231.0,138.0,177.0,206.0,312.0,242.0,192.0,296.0,263.0,178.0,73.0,137.0,183.0,193.0,,,
27,,,,,,,,,,,,,,173.0,211.0,319.0,178.0,141.0,216.0,206.0,186.0,385.0,311.0,177.0
28,173.0,182.0,158.0,162.0,147.0,139.0,142.0,169.0,186.0,211.0,236.0,277.0,414.0,258.0,258.0,435.0,391.0,235.0,430.0,500.0,248.0,329.0,258.0,224.0
29,186.0,199.0,112.0,88.0,81.0,68.0,47.0,74.0,69.0,80.0,111.0,180.0,191.0,466.0,450.0,267.0,266.0,284.0,412.0,500.0,296.0,302.0,274.0,241.0
30,343.0,258.0,171.0,312.0,312.0,469.0,102.0,318.0,287.0,286.0,168.0,76.0,56.0,50.0,36.0,32.0,452.0,451.0,183.0,224.0,224.0,224.0,224.0,224.0
"
"
July-2022,00:00:00,01:00:00,02:00:00,03:00:00,04:00:00,05:00:00,06:00:00,07:00:00,08:00:00,09:00:00,10:00:00,11:00:00,12:00:00,13:00:00,14:00:00,15:00:00,16:00:00,17:00:00,18:00:00,19:00:00,20:00:00,21:00:00,22:00:00,23:00:00
1,224.0,224.0,224.0,224.0,224.0,224.0,224.0,224.0,224.0,224.0,224.0,183.0,167.0,67.0,99.0,98.0,94.0,90.0,96.0,95.0,88.0,105.0,111.0,96.0
2,98.0,95.0,98.0,157.0,145.0,145.0,98.0,97.0,90.0,123.0,119.0,193.0,211.0,219.0,229.0,178.0,124.0,160.0,132.0,123.0,123.0,137.0,113.0,148.0
3,166.0,347.0,394.0,399.0,355.0,382.0,325.0,200.0,195.0,230.0,216.0,297.0,,,,,,,,,,,,
4,,,,,,,,,,,,153.0,133.0,181.0,127.0,122.0,153.0,167.0,122.0,104.0,207.0,104.0,101.0,188.0
5,302.0,219.0,64.0,56.0,42.0,42.0,197.0,96.0,99.0,50.0,99.0,139.0,113.0,125.0,97.0,98.0,83.0,82.0,430.0,299.0,96.0,87.0,98.0,80.0
6,69.0,,,,,,,,,,,249.0,403.0,359.0,219.0,202.0,179.0,167.0,148.0,129.0,154.0,146.0,128.0,122.0
7,116.0,132.0,114.0,113.0,106.0,106.0,106.0,105.0,108.0,108.0,106.0,140.0,106.0,105.0,105.0,119.0,113.0,219.0,97.0,90.0,107.0,102.0,91.0,91.0
8,113.0,113.0,110.0,111.0,90.0,94.0,92.0,95.0,81.0,84.0,95.0,104.0,99.0,103.0,98.0,101.0,76.0,83.0,89.0,99.0,75.0,95.0,100.0,109.0
9,122.0,130.0,120.0,104.0,105.0,134.0,154.0,140.0,93.0,95.0,93.0,153.0,98.0,105.0,110.0,108.0,105.0,92.0,69.0,49.0,60.0,91.0,68.0,49.0
10,71.0,70.0,79.0,92.0,55.0,58.0,69.0,62.0,62.0,64.0,75.0,82.0,95.0,79.0,72.0,87.0,80.0,104.0,86.0,79.0,76.0,61.0,71.0,85.0
11,63.0,69.0,70.0,78.0,75.0,76.0,54.0,54.0,58.0,73.0,70.0,97.0,109.0,104.0,94.0,89.0,143.0,88.0,70.0,79.0,97.0,106.0,115.0,125.0
12,129.0,130.0,134.0,132.0,136.0,129.0,103.0,86.0,78.0,93.0,,51.0,51.0,51.0,48.0,53.0,55.0,52.0,52.0,49.0,50.0,72.0,127.0,309.0
13,,454.0,473.0,,115.0,,,,,,,,,,,,,,,,,,,
14,,,,,,,,,,,,128.0,81.0,66.0,36.0,191.0,413.0,99.0,73.0,90.0,109.0,124.0,96.0,93.0
15,77.0,55.0,54.0,53.0,51.0,60.0,76.0,55.0,50.0,50.0,50.0,58.0,74.0,131.0,74.0,78.0,147.0,228.0,115.0,116.0,102.0,94.0,107.0,87.0
16,101.0,100.0,90.0,70.0,64.0,73.0,82.0,52.0,50.0,52.0,55.0,51.0,118.0,152.0,90.0,90.0,82.0,90.0,326.0,143.0,112.0,83.0,74.0,66.0
17,68.0,86.0,66.0,52.0,48.0,52.0,51.0,51.0,51.0,67.0,54.0,57.0,66.0,59.0,343.0,121.0,102.0,88.0,85.0,59.0,67.0,114.0,74.0,76.0
18,77.0,68.0,71.0,73.0,59.0,99.0,115.0,167.0,102.0,405.0,220.0,100.0,125.0,374.0,80.0,500.0,103.0,75.0,142.0,231.0,114.0,115.0,123.0,142.0
19,140.0,134.0,124.0,117.0,108.0,114.0,104.0,106.0,85.0,63.0,77.0,74.0,67.0,221.0,165.0,171.0,116.0,58.0,64.0,75.0,113.0,118.0,115.0,136.0
20,131.0,133.0,129.0,108.0,100.0,98.0,98.0,93.0,87.0,96.0,75.0,61.0,126.0,61.0,123.0,27.0,34.0,247.0,209.0,42.0,53.0,48.0,47.0,41.0
21,32.0,32.0,37.0,33.0,35.0,39.0,30.0,30.0,34.0,34.0,40.0,54.0,46.0,48.0,67.0,80.0,86.0,85.0,75.0,86.0,109.0,112.0,129.0,126.0
22,128.0,136.0,129.0,117.0,123.0,121.0,114.0,103.0,86.0,75.0,65.0,69.0,87.0,18.0,101.0,107.0,159.0,146.0,75.0,110.0,102.0,71.0,60.0,63.0
23,65.0,50.0,53.0,95.0,165.0,114.0,123.0,145.0,117.0,141.0,168.0,216.0,204.0,238.0,,,,,,,,,,
24,,,,,,,,,,,,,,,,,,,,,,,,5.0
25,47.0,57.0,65.0,73.0,89.0,82.0,87.0,90.0,65.0,77.0,83.0,96.0,39.0,35.0,43.0,43.0,79.0,48.0,140.0,443.0,84.0,81.0,76.0,85.0
26,67.0,60.0,66.0,65.0,46.0,45.0,44.0,43.0,37.0,38.0,38.0,38.0,41.0,46.0,295.0,91.0,246.0,236.0,81.0,64.0,68.0,88.0,65.0,64.0
27,55.0,65.0,76.0,55.0,50.0,50.0,44.0,45.0,45.0,49.0,49.0,47.0,43.0,45.0,,38.0,78.0,74.0,104.0,129.0,98.0,90.0,82.0,82.0
28,63.0,66.0,57.0,65.0,52.0,32.0,33.0,34.0,37.0,36.0,37.0,38.0,55.0,65.0,72.0,83.0,277.0,259.0,84.0,84.0,83.0,83.0,84.0,83.0
29,79.0,83.0,84.0,84.0,84.0,84.0,83.0,83.0,85.0,84.0,85.0,55.0,35.0,55.0,71.0,70.0,105.0,58.0,60.0,54.0,45.0,52.0,57.0,56.0
30,90.0,64.0,57.0,56.0,53.0,44.0,44.0,45.0,48.0,59.0,57.0,56.0,52.0,110.0,94.0,69.0,96.0,100.0,80.0,74.0,74.0,93.0,104.0,140.0
31,313.0,382.0,329.0,251.0,235.0,193.0,238.0,74.0,59.0,60.0,94.0,104.0,140.0,174.0,173.0,190.0,178.0,163.0,158.0,149.0,89.0,89.0,88.0,117.0
"
"
August-2022,00:00:00,01:00:00,02:00:00,03:00:00,04:00:00,05:00:00,06:00:00,07:00:00,08:00:00,09:00:00,10:00:00,11:00:00,12:00:00,13:00:00,14:00:00,15:00:00,16:00:00,17:00:00,18:00:00,19:00:00,20:00:00,21:00:00,22:00:00,23:00:00
1,116.0,71.0,69.0,73.0,79.0,70.0,69.0,74.0,61.0,59.0,134.0,136.0,130.0,125.0,128.0,116.0,99.0,155.0,96.0,154.0,120.0,93.0,85.0,78.0
2,55.0,63.0,56.0,83.0,398.0,406.0,305.0,228.0,177.0,155.0,157.0,149.0,171.0,177.0,165.0,196.0,265.0,,,,,,,
3,,,,,,,,,,,,,,,,,,,,,,,,
4,,,,,,,,,,,,,,,,,,,,,,,,
5,,,,,,,,,,,,,,,,,,,,,,,,
6,,,,,,,,,,,,,,,,,,,,,,,,
7,,,,,,,,,,,,,,,,,,,,,,,,
8,,,,,,,,,,,,,,,,,,,,,,,,
9,,,,,,,,,,,,,,,,,,,,,,,,
10,,,,,,,,,,,,,,,,,,,,,,,,
11,,,,,,,,,,,,,,,,,,,,,,,,
12,,,,,,,,,,,,,,,,,,,,,,,,
13,,,,,,,,,,,,,,,,,,,,,,,,
14,,,,,,,,,,,,,,,,,,,,,,,,
15,,,,,,,,,,,,,,,,,,,,,,,,
16,,,,,,,,,,,,,,,,,,,,,,,,
17,,,,,,,,,,,,,,,,,,,,,,,,
18,,,,,,,,,,,,,,,,,,,,,,,,
19,,,,,,,,,,,,,,,,,,,,,,,,
20,,,,,,,,,,,,,,,,,,,,,,,,
21,,,,,,,,,,,,,,,,,,,,,,,,
22,,,,,,,,,,,,,,,,,,,,,,,,
23,,,,,,,,,,,,,,,,,,,,,,,,
24,,,,,,,,,,,,,,,,,,,,,,,,
25,,,,,,,,,,,,,,,,,,,,,,,,
26,,,,,,,,,,,,,,,,,,,,,,,,
27,,,,,,,,,,,,,,,,,,,,,,,,
28,,,,,,,,,,,,,,,,,,,,,,,,
29,,,,,,,,,,,,,,,,,,,,,,,,
30,,,,,,,,,,,,,,,,,,,,,,,,
31,,,,,,,,,,,,,,,,,,,,,,,,
"
"
September-2022,00:00:00,01:00:00,02:00:00,03:00:00,04:00:00,05:00:00,06:00:00,07:00:00,08:00:00,09:00:00,10:00:00,11:00:00,12:00:00,13:00:00,14:00:00,15:00:00,16:00:00,17:00:00,18:00:00,19:00:00,20:00:00,21:00:00,22:00:00,23:00:00
1,,,,,,,,,,,,,,,,,,,,,,,,
2,,,,,,,,,,,,,,,,,,,,,,,,
3,,,,,,,,,,,,,,,,,,,,,,,,
4,,,,,,,,,,,,,,,,,,,,,,,,
5,,,,,,,,,,,,,,,,,,,,,,,,
6,,,,,,,,,,,,,,,,,,,,,,,,
7,,,,,,,,,,,,,,,,,,,,,,,,
8,,,,,,,,,,,,,,,,,,,,,,,,
9,,,,,,,,,,,,,,,,,,,,,,,,
10,,,,,,,,,,,,,,,,,,,,,,,,
11,,,,,,,,,,,,,,,,,,,,,,,,
12,,,,,,,,,,,,,,,,,,,,,,,,
13,,,,,,,,,,,,,,,,,,,,,,,,
14,,,,,,,,,,,,,,,,,,,,,,,,
15,,,,,,,,,,,,,,,,,,,,,,,,
16,,,,,,,,,,,,,,,,,,,,,,,,
17,,,,,,,,,,,,,,,,,,,,,,,,
18,,,,,,,,,,,,,,,,,,,,,,,,
19,,,,,,,,,,,,,,,,,,,,,,,,
20,,,,,,,,,,,,,,,,,,,,,,,,
21,,,,,,,,,,,,,,,,,,,,,,,,
22,,,,,,,,,,,,,,,,,,,,,,,,
23,,,,,,,,,,,,,,,,,,,,,,,,
24,,,,,,,,,,,,,,,,,,,,,,,,
25,,,,,,,,,,,,,,,,,,,,,,,,
26,,,,,,,,,,,,,,,,,,,,,,,,
27,,,,,,,,,,,,,,,,,,,,,,,,
28,,,,,,,,,,,,,,,,,,,,,,,,
29,,,,,,,,,,,,,,,,,,,,,,,,
30,,,,,,,,,,,,,,,,,,,,,,,,
"
"
October-2022,00:00:00,01:00:00,02:00:00,03:00:00,04:00:00,05:00:00,06:00:00,07:00:00,08:00:00,09:00:00,10:00:00,11:00:00,12:00:00,13:00:00,14:00:00,15:00:00,16:00:00,17:00:00,18:00:00,19:00:00,20:00:00,21:00:00,22:00:00,23:00:00
1,,,,,,,,,,,,,,,,,,,,,,,,
2,,,,,,,,,,,,,,,,,,,,,,,,
3,,,,,,,,,,,,,,,,,,,,,,,,
4,,,,,,,,,,,,,,,,,,,,,,,,
5,,,,,,,,,,,,,,,,,,,,,,,,
6,,,,,,,,,,,,,,,,,,,,,,,,
7,,,,,,,,,,,,,,,,,,,,,,,,
8,,,,,,,,,,,,,,,,,,,,,,,,
9,,,,,,,,,,,,,,,,,,,,,,,,
10,,,,,,,,,,,,,,,,,,,,,,,,
11,,,,,,,,,,,,,,,,,,,,,,,,
12,,,,,,,,,,,,,,,,,,,,,,,,
13,,,,,,,,,,,,,,,,,,,,,,,,
14,,,,,,,,,,,,,,,,,,,,,,,,
15,,,,,,,,,,,,,,,,,,,,,,,,
16,,,,,,,,,,,,,,,,,,,,,,,,
17,,,,,,,,,,,,,,,,,,,,,,,,
18,,,,,,,,,,,,,,,,,,,,,,,,
19,,,,,,,,,,,,,,,,,,,,,,,,
20,,,,,,,,,,,,,,,,,,,,,,,,
21,,,,,,,,,,,,,,,,,,,,,,,,
22,,,,,,,,,,,,,,,,,,,,,,,,
23,,,,,,,,,,,,,,,,,,,,,,,,
24,,,,,,,,,,,,,,,,,,,,,,,,
25,,,,,,,,,,,,,,,,,,,,,,,,
26,,,,,,,,,,,,,,,,,,,,,,,,
27,,,,,,,,,,,,,,,,,,,,,,,,
28,,,,,,,,,,,,,,,,,,,,,,,,
29,,,,,,,,,,,,,,,,,,,,,,,,
30,,,,,,,,,,,,,,,,,,,,,,,,
31,,,,,,,,,,,,,,,,,,,,,,,,
"
"
November-2022,00:00:00,01:00:00,02:00:00,03:00:00,04:00:00,05:00:00,06:00:00,07:00:00,08:00:00,09:00:00,10:00:00,11:00:00,12:00:00,13:00:00,14:00:00,15:00:00,16:00:00,17:00:00,18:00:00,19:00:00,20:00:00,21:00:00,22:00:00,23:00:00
1,,,,,,,,,,,,,,,,,,,,,,,,
2,,,,,,,,,,,,,,,,,,,,,,,,
3,,,,,,,,,,,,,,,,,,,,,,,,
4,,,,,,,,,,,,,,,,,,,,,,,,
5,,,,,,,,,,,,,,,,,,,,,,,,
6,,,,,,,,,,,,,,,,,,,,,,,,
7,,,,,,,,,,,,,,,,,,,,,,,,
8,,,,,,,,,,,,,,,,,,,,,,,,
9,,,,,,,,,,,,,,,,,,,,,,,,
10,,,,,,,,,,,,,,,,,,,,,,,,
11,,,,,,,,,,,,,,,,,,,,,,,,
12,,,,,,,,,,,,,,,,,,,,,,,,
13,,,,,,,,,,,,,,,,,,,,,,,,
14,,,,,,,,,,,,,,,,,,,,,,,,
15,,,,,,,,,,,,,,,,,,,,,,,,
16,,,,,,,,,,,,,,,,,,,,,,,,
17,,,,,,,,,,,,,,,,,,,,,,,,
18,,,,,,,,,,,,,,,,,,,,,,,,
19,,,,,,,,,,,,,,,,,,,,,,,,
20,,,,,,,,,,,,,,,,,,,,,,,,
21,,,,,,,,,,,,,,,,,,,,,,,,
22,,,,,,,,,,,,,,,,,,,,,,,,
23,,,,,,,,,,,,,,,,,,,,,,,,
24,,,,,,,,,,,,,,,,,,,,,,,,
25,,,,,,,,,,,,,,,,,,,,,,,,
26,,,,,,,,,,,,,,,,,,,,,,,,
27,,,,,,,,,,,,,,,,,,,,,,,,
28,,,,,,,,,,,,,,,,,,,,,,,,
29,,,,,,,,,,,,,,,,,,,,,,,,
30,,,,,,,,,,,,,,,,,,,,,,,,
"
"
December-2022,00:00:00,01:00:00,02:00:00,03:00:00,04:00:00,05:00:00,06:00:00,07:00:00,08:00:00,09:00:00,10:00:00,11:00:00,12:00:00,13:00:00,14:00:00,15:00:00,16:00:00,17:00:00,18:00:00,19:00:00,20:00:00,21:00:00,22:00:00,23:00:00
1,,,,,,,,,,,,,,,,,,,,,,,,
2,,,,,,,,,,,,,,,,,,,,,,,,
3,,,,,,,,,,,,,,,,,,,,,,,,
4,,,,,,,,,,,,,,,,,,,,,,,,
5,,,,,,,,,,,,,,,,,,,,,,,,
6,,,,,,,,,,,,,,,,,,,,,,,,
7,,,,,,,,,,,,,,,,,,,,,,,,
8,,,,,,,,,,,,,,,,,,,,,,,,
9,,,,,,,,,,,,,,,,,,,,,,,,
10,,,,,,,,,,,,,,,,,,,,,,,,
11,,,,,,,,,,,,,,,,,,,,,,,,
12,,,,,,,,,,,,,,,,,,,,,,,,
13,,,,,,,,,,,,,,,,,,,,,,,,
14,,,,,,,,,,,,,,,,,,,,,,,,
15,,,,,,,,,,,,,,,,,,,,,,,,
16,,,,,,,,,,,,,,,,,,,,,,,,
17,,,,,,,,,,,,,,,,,,,,,,,,
18,,,,,,,,,,,,,,,,,,,,,,,,
19,,,,,,,,,,,,,,107.0,98.0,94.0,97.0,101.0,106.0,117.0,125.0,122.0,133.0,129.0
20,339.0,121.0,114.0,109.0,109.0,106.0,105.0,102.0,100.0,101.0,102.0,331.0,337.0,103.0,309.0,302.0,230.0,190.0,184.0,174.0,173.0,190.0,120.0,
21,254.0,112.0,106.0,102.0,94.0,86.0,172.0,170.0,177.0,187.0,159.0,173.0,184.0,70.0,66.0,66.0,61.0,68.0,81.0,100.0,105.0,115.0,116.0,116.0
22,322.0,110.0,104.0,98.0,84.0,75.0,70.0,176.0,196.0,66.0,65.0,71.0,225.0,272.0,307.0,304.0,301.0,305.0,96.0,289.0,290.0,281.0,302.0,114.0
23,301.0,108.0,107.0,105.0,103.0,93.0,86.0,83.0,156.0,129.0,141.0,190.0,197.0,101.0,97.0,474.0,307.0,500.0,,285.0,284.0,300.0,375.0,340.0
24,307.0,308.0,258.0,251.0,222.0,303.0,319.0,243.0,263.0,269.0,287.0,222.0,232.0,245.0,238.0,216.0,221.0,171.0,168.0,175.0,202.0,184.0,174.0,175.0
25,174.0,182.0,176.0,182.0,208.0,198.0,242.0,215.0,195.0,243.0,284.0,296.0,225.0,291.0,410.0,258.0,206.0,237.0,273.0,274.0,249.0,229.0,234.0,218.0
26,177.0,,,,,,,,213.0,199.0,180.0,,337.0,401.0,410.0,320.0,388.0,413.0,356.0,356.0,353.0,362.0,364.0,360.0
27,378.0,364.0,347.0,347.0,342.0,301.0,315.0,318.0,315.0,325.0,319.0,277.0,305.0,317.0,323.0,336.0,325.0,,,,,,,
28,,,,,,,,,,275.0,283.0,305.0,,,,366.0,286.0,,,,,,,
29,,,,,,,,,,,,297.0,314.0,316.0,327.0,332.0,332.0,323.0,316.0,429.0,408.0,436.0,412.0,375.0
30,416.0,444.0,414.0,371.0,337.0,334.0,327.0,324.0,321.0,320.0,362.0,332.0,500.0,384.0,313.0,319.0,304.0,306.0,330.0,333.0,329.0,331.0,403.0,409.0
31,474.0,473.0,401.0,375.0,366.0,342.0,329.0,324.0,314.0,280.0,282.0,277.0,284.0,275.0,402.0,294.0,410.0,228.0,206.0,239.0,225.0,243.0,202.0,238.0
"
"
Year,2023
January-2023,00:00:00,01:00:00,02:00:00,03:00:00,04:00:00,05:00:00,06:00:00,07:00:00,08:00:00,09:00:00,10:00:00,11:00:00,12:00:00,13:00:00,14:00:00,15:00:00,16:00:00,17:00:00,18:00:00,19:00:00,20:00:00,21:00:00,22:00:00,23:00:00
1,251.0,248.0,225.0,248.0,184.0,195.0,164.0,201.0,217.0,226.0,192.0,193.0,,,,,,,,,,287.0,296.0,361.0
2,441.0,457.0,424.0,417.0,419.0,356.0,340.0,335.0,335.0,324.0,312.0,312.0,305.0,313.0,336.0,317.0,310.0,317.0,314.0,318.0,306.0,310.0,265.0,299.0
3,297.0,313.0,324.0,338.0,347.0,349.0,317.0,305.0,303.0,307.0,309.0,307.0,311.0,348.0,321.0,332.0,335.0,338.0,363.0,331.0,339.0,339.0,362.0,399.0
4,402.0,379.0,328.0,325.0,327.0,320.0,315.0,309.0,241.0,216.0,205.0,226.0,214.0,215.0,230.0,258.0,292.0,311.0,315.0,320.0,307.0,318.0,353.0,319.0
5,344.0,334.0,319.0,351.0,351.0,351.0,351.0,299.0,300.0,309.0,307.0,312.0,381.0,,370.0,396.0,57.0,404.0,397.0,366.0,361.0,345.0,352.0,366.0
6,406.0,412.0,413.0,429.0,416.0,380.0,358.0,361.0,348.0,336.0,349.0,358.0,388.0,393.0,408.0,424.0,449.0,423.0,417.0,384.0,353.0,370.0,353.0,374.0
7,447.0,500.0,494.0,497.0,482.0,443.0,453.0,439.0,384.0,351.0,34.0,358.0,325.0,333.0,333.0,255.0,245.0,256.0,270.0,227.0,223.0,407.0,419.0,407.0
8,428.0,428.0,406.0,374.0,318.0,270.0,234.0,210.0,183.0,181.0,197.0,224.0,303.0,303.0,327.0,284.0,286.0,388.0,295.0,272.0,500.0,323.0,323.0,330.0
9,454.0,352.0,453.0,455.0,336.0,326.0,394.0,318.0,495.0,500.0,310.0,,,,278.0,305.0,489.0,296.0,,,,399.0,317.0,319.0
10,500.0,320.0,,,77.0,313.0,,,,,,,179.0,,,,,163.0,336.0,301.0,306.0,312.0,306.0,303.0
11,301.0,333.0,358.0,210.0,150.0,112.0,106.0,94.0,120.0,118.0,144.0,147.0,,224.0,384.0,417.0,392.0,337.0,309.0,315.0,316.0,,,
12,,,,,,,,,133.0,84.0,14.0,,,,,,,,,,,,,
13,,,,,,,,,,,,,,,,,,,,,,,,
14,,,,,,,,,,,,,,,,,,,,,,,,
15,,,,,,,,,,,,,,,,,,,,,,,,
16,,,,,,,,,,,,,,,,,,,,,,,,
17,,,,,,,,,,,,,,,,,,,,,,,,
18,,,,,,,,,,,,,,,,,,,,,,,,
19,,,,,,,,,,,,,,,,,,,,,,,,
20,,,,,,,,,,,,,,,,,,,,,,,,
21,,,,,,,,,,,,,,,,,,,,,,,,
22,,,,,,,,,,,,,,,,,,,,,,,,
23,,,,,,,,,,,,,,,,,,,,,255.0,460.0,500.0,462.0
24,400.0,401.0,220.0,238.0,225.0,193.0,200.0,152.0,135.0,191.0,213.0,169.0,141.0,132.0,129.0,155.0,109.0,113.0,98.0,102.0,115.0,105.0,89.0,87.0
25,105.0,120.0,101.0,156.0,99.0,101.0,,,,,28.0,248.0,169.0,164.0,180.0,184.0,192.0,299.0,223.0,169.0,241.0,289.0,302.0,225.0
26,332.0,324.0,300.0,310.0,192.0,138.0,419.0,172.0,202.0,304.0,173.0,156.0,240.0,63.0,253.0,211.0,156.0,150.0,183.0,150.0,166.0,152.0,145.0,131.0
27,113.0,97.0,90.0,72.0,65.0,66.0,,,,,,,,,,,,,,,,,,
28,,,,,,,,,,,,,,,,,,248.0,,,,,,
29,,,,,,,,,,,,,,,,165.0,328.0,179.0,205.0,157.0,285.0,432.0,154.0,188.0
30,260.0,,,,,,,,,,,291.0,106.0,106.0,106.0,106.0,106.0,121.0,117.0,128.0,113.0,130.0,127.0,161.0
31,149.0,139.0,180.0,193.0,192.0,155.0,147.0,135.0,116.0,113.0,106.0,110.0,120.0,108.0,110.0,184.0,154.0,106.0,110.0,124.0,155.0,261.0,114.0,107.0
"
"
February-2023,00:00:00,01:00:00,02:00:00,03:00:00,04:00:00,05:00:00,06:00:00,07:00:00,08:00:00,09:00:00,10:00:00,11:00:00,12:00:00,13:00:00,14:00:00,15:00:00,16:00:00,17:00:00,18:00:00,19:00:00,20:00:00,21:00:00,22:00:00,23:00:00
1,116.0,106.0,106.0,118.0,108.0,106.0,106.0,106.0,106.0,150.0,113.0,111.0,113.0,123.0,107.0,223.0,264.0,109.0,134.0,117.0,124.0,145.0,161.0,167.0
2,162.0,154.0,149.0,138.0,130.0,125.0,117.0,112.0,194.0,250.0,131.0,133.0,143.0,106.0,153.0,142.0,141.0,156.0,131.0,,,,,
3,,,,,,,,,,133.0,,154.0,165.0,166.0,159.0,136.0,135.0,147.0,139.0,119.0,138.0,172.0,217.0,293.0
4,327.0,308.0,318.0,321.0,263.0,188.0,178.0,,,143.0,150.0,,,,,,,,,,,,,
5,,,,,,,,,149.0,151.0,152.0,155.0,155.0,159.0,169.0,156.0,132.0,150.0,141.0,126.0,139.0,158.0,255.0,372.0
6,373.0,402.0,273.0,186.0,199.0,236.0,258.0,245.0,226.0,232.0,228.0,221.0,198.0,239.0,312.0,149.0,186.0,118.0,323.0,261.0,169.0,177.0,191.0,214.0
7,235.0,250.0,267.0,268.0,242.0,231.0,251.0,233.0,216.0,224.0,221.0,291.0,238.0,146.0,172.0,171.0,162.0,125.0,123.0,117.0,117.0,132.0,141.0,141.0
8,127.0,130.0,126.0,123.0,109.0,108.0,109.0,112.0,114.0,124.0,141.0,151.0,154.0,177.0,149.0,,,,,,,,,
9,,,,,,,,,,,,,,,,,,,,,,,,
10,,,,,,,,,,,,,,,,,,,,,,,,
11,,,,,,,,,,,,,,,,,,,,,,,,
12,,,,,,,,,,,,,,,,,,,,,,,,
13,,,,,,,,,,,,,,,,,,,,,,,,
14,,,,,,,,,,,,,,,,160.0,119.0,93.0,108.0,164.0,180.0,234.0,186.0,238.0
15,174.0,170.0,218.0,175.0,175.0,177.0,182.0,181.0,184.0,190.0,351.0,190.0,194.0,202.0,188.0,189.0,179.0,170.0,172.0,187.0,196.0,189.0,206.0,183.0
16,197.0,379.0,267.0,293.0,303.0,294.0,282.0,291.0,287.0,299.0,305.0,311.0,313.0,324.0,330.0,332.0,336.0,334.0,327.0,322.0,316.0,343.0,355.0,374.0
17,330.0,419.0,349.0,322.0,421.0,482.0,409.0,363.0,410.0,366.0,306.0,321.0,313.0,240.0,198.0,181.0,197.0,212.0,209.0,241.0,263.0,299.0,393.0,402.0
18,384.0,403.0,392.0,406.0,386.0,399.0,,,,,,,,,,,,,,,,,,
19,,,,,,,,,,,,,,,,,,,,,,,,
20,,,,,,,,,,,221.0,259.0,232.0,195.0,232.0,201.0,193.0,192.0,208.0,220.0,209.0,204.0,249.0,247.0
21,185.0,186.0,179.0,161.0,169.0,171.0,169.0,168.0,174.0,189.0,194.0,206.0,90.0,240.0,278.0,323.0,272.0,321.0,317.0,309.0,304.0,404.0,302.0,403.0
22,303.0,267.0,290.0,230.0,173.0,221.0,266.0,201.0,210.0,211.0,187.0,161.0,266.0,311.0,328.0,273.0,220.0,213.0,208.0,223.0,,,,
23,,,,,,,,,,,,,,,,158.0,157.0,169.0,179.0,148.0,198.0,189.0,175.0,173.0
24,165.0,172.0,163.0,168.0,152.0,177.0,180.0,168.0,193.0,210.0,198.0,219.0,224.0,181.0,165.0,172.0,164.0,149.0,178.0,194.0,163.0,214.0,259.0,208.0
25,286.0,280.0,300.0,300.0,235.0,258.0,288.0,261.0,301.0,290.0,302.0,318.0,302.0,290.0,367.0,236.0,225.0,232.0,198.0,202.0,258.0,261.0,257.0,304.0
26,409.0,355.0,347.0,340.0,439.0,414.0,378.0,345.0,338.0,330.0,342.0,321.0,301.0,256.0,220.0,242.0,226.0,206.0,177.0,192.0,251.0,218.0,277.0,288.0
27,280.0,385.0,395.0,,,,,,,,,311.0,247.0,245.0,200.0,206.0,181.0,194.0,180.0,179.0,216.0,371.0,237.0,206.0
28,500.0,215.0,30.0,193.0,226.0,190.0,193.0,193.0,215.0,323.0,200.0,240.0,227.0,165.0,256.0,310.0,160.0,159.0,192.0,160.0,171.0,158.0,155.0,168.0
"
"
March-2023,00:00:00,01:00:00,02:00:00,03:00:00,04:00:00,05:00:00,06:00:00,07:00:00,08:00:00,09:00:00,10:00:00,11:00:00,12:00:00,13:00:00,14:00:00,15:00:00,16:00:00,17:00:00,18:00:00,19:00:00,20:00:00,21:00:00,22:00:00,23:00:00
1,166.0,182.0,247.0,153.0,127.0,200.0,241.0,270.0,168.0,117.0,174.0,,157.0,140.0,157.0,248.0,134.0,135.0,100.0,157.0,129.0,112.0,171.0,314.0
2,241.0,213.0,310.0,294.0,178.0,168.0,193.0,203.0,80.0,170.0,185.0,64.0,166.0,150.0,145.0,155.0,306.0,38.0,300.0,143.0,146.0,153.0,159.0,166.0
3,153.0,164.0,152.0,246.0,50.0,178.0,140.0,113.0,128.0,155.0,165.0,45.0,228.0,128.0,42.0,126.0,36.0,105.0,38.0,126.0,115.0,49.0,118.0,44.0
4,129.0,148.0,222.0,42.0,38.0,100.0,96.0,101.0,111.0,114.0,110.0,139.0,157.0,153.0,117.0,140.0,148.0,124.0,122.0,157.0,146.0,149.0,163.0,141.0
5,137.0,150.0,157.0,141.0,117.0,126.0,148.0,114.0,46.0,117.0,112.0,121.0,40.0,102.0,38.0,105.0,37.0,121.0,110.0,84.0,44.0,108.0,122.0,41.0
6,88.0,119.0,102.0,39.0,106.0,119.0,40.0,130.0,147.0,160.0,139.0,40.0,140.0,118.0,115.0,259.0,106.0,101.0,110.0,116.0,105.0,,,
7,,,,339.0,133.0,44.0,165.0,144.0,500.0,282.0,270.0,,,,219.0,85.0,45.0,41.0,170.0,42.0,101.0,113.0,121.0,62.0
8,305.0,235.0,294.0,299.0,,294.0,274.0,285.0,249.0,249.0,273.0,231.0,199.0,164.0,142.0,116.0,114.0,94.0,110.0,108.0,83.0,82.0,114.0,113.0
9,116.0,133.0,123.0,95.0,88.0,72.0,66.0,101.0,110.0,124.0,116.0,117.0,119.0,102.0,103.0,120.0,132.0,107.0,121.0,109.0,145.0,186.0,290.0,180.0
10,118.0,163.0,458.0,500.0,136.0,126.0,124.0,135.0,139.0,142.0,174.0,163.0,149.0,130.0,164.0,128.0,41.0,140.0,130.0,123.0,125.0,134.0,145.0,150.0
11,151.0,162.0,165.0,172.0,191.0,199.0,173.0,181.0,204.0,153.0,174.0,139.0,130.0,194.0,144.0,124.0,140.0,116.0,109.0,94.0,121.0,136.0,164.0,194.0
12,217.0,234.0,263.0,264.0,246.0,250.0,231.0,251.0,198.0,179.0,174.0,160.0,161.0,150.0,159.0,161.0,166.0,131.0,120.0,126.0,133.0,148.0,160.0,100.0
13,111.0,183.0,177.0,196.0,202.0,225.0,460.0,432.0,368.0,407.0,413.0,255.0,,224.0,199.0,163.0,150.0,140.0,,,,,,
14,,197.0,,,,,,,,,,,,,,,,,,,,,,
15,,,,,,,,,,,,,,,,,,,,,,,,
16,,,,,,,,,,,260.0,201.0,205.0,196.0,175.0,58.0,124.0,161.0,113.0,118.0,122.0,115.0,146.0,241.0
17,167.0,115.0,127.0,131.0,122.0,363.0,455.0,145.0,147.0,177.0,180.0,186.0,214.0,250.0,170.0,187.0,199.0,178.0,,,314.0,420.0,448.0,452.0
18,161.0,99.0,94.0,124.0,90.0,500.0,128.0,100.0,113.0,124.0,118.0,110.0,109.0,94.0,151.0,142.0,131.0,123.0,99.0,82.0,73.0,58.0,72.0,65.0
19,66.0,102.0,105.0,98.0,113.0,122.0,118.0,127.0,134.0,136.0,132.0,142.0,103.0,97.0,114.0,110.0,107.0,110.0,124.0,105.0,117.0,121.0,125.0,139.0
20,151.0,163.0,188.0,213.0,191.0,201.0,236.0,200.0,195.0,216.0,178.0,146.0,136.0,128.0,112.0,238.0,325.0,140.0,104.0,101.0,108.0,98.0,91.0,69.0
21,500.0,76.0,76.0,79.0,80.0,82.0,154.0,176.0,100.0,73.0,71.0,86.0,94.0,91.0,80.0,65.0,78.0,86.0,75.0,89.0,128.0,140.0,137.0,317.0
22,320.0,333.0,332.0,328.0,328.0,155.0,141.0,118.0,76.0,131.0,333.0,154.0,144.0,90.0,68.0,147.0,122.0,125.0,103.0,86.0,116.0,307.0,307.0,82.0
23,408.0,145.0,139.0,117.0,98.0,70.0,157.0,121.0,133.0,80.0,312.0,221.0,133.0,137.0,141.0,123.0,111.0,112.0,113.0,103.0,110.0,116.0,,154.0
24,177.0,213.0,,239.0,239.0,,239.0,217.0,201.0,,,,,152.0,129.0,114.0,115.0,114.0,114.0,107.0,107.0,108.0,109.0,104.0
25,96.0,91.0,68.0,66.0,64.0,62.0,64.0,65.0,63.0,62.0,61.0,62.0,55.0,66.0,64.0,60.0,60.0,70.0,88.0,92.0,106.0,131.0,175.0,235.0
26,275.0,280.0,251.0,222.0,198.0,180.0,157.0,136.0,131.0,131.0,126.0,129.0,114.0,57.0,164.0,180.0,138.0,139.0,136.0,139.0,145.0,162.0,169.0,166.0
27,160.0,146.0,132.0,121.0,111.0,110.0,107.0,103.0,106.0,84.0,82.0,120.0,114.0,75.0,76.0,112.0,97.0,77.0,87.0,96.0,99.0,100.0,120.0,132.0
28,135.0,139.0,138.0,128.0,131.0,136.0,137.0,147.0,152.0,149.0,160.0,,,,136.0,113.0,102.0,72.0,74.0,84.0,122.0,121.0,123.0,169.0
29,160.0,177.0,168.0,160.0,185.0,164.0,160.0,206.0,248.0,238.0,233.0,209.0,198.0,163.0,141.0,134.0,129.0,134.0,173.0,279.0,152.0,185.0,71.0,80.0
30,127.0,,,,,,,,,,,,,,,,,,,,,,,
31,,,,,,,,,,,,,74.0,60.0,102.0,118.0,135.0,133.0,105.0,107.0,108.0,103.0,104.0,102.0
"
"
April-2023,00:00:00,01:00:00,02:00:00,03:00:00,04:00:00,05:00:00,06:00:00,07:00:00,08:00:00,09:00:00,10:00:00,11:00:00,12:00:00,13:00:00,14:00:00,15:00:00,16:00:00,17:00:00,18:00:00,19:00:00,20:00:00,21:00:00,22:00:00,23:00:00
1,101.0,82.0,78.0,79.0,74.0,90.0,83.0,72.0,77.0,79.0,74.0,71.0,82.0,78.0,70.0,74.0,82.0,105.0,96.0,100.0,91.0,92.0,106.0,246.0
2,235.0,292.0,251.0,229.0,208.0,178.0,154.0,147.0,130.0,123.0,117.0,75.0,116.0,116.0,93.0,92.0,107.0,82.0,79.0,76.0,84.0,105.0,112.0,104.0
3,144.0,186.0,169.0,197.0,216.0,212.0,232.0,313.0,215.0,193.0,184.0,162.0,116.0,81.0,387.0,481.0,127.0,115.0,113.0,110.0,117.0,122.0,113.0,117.0
4,128.0,139.0,156.0,138.0,150.0,159.0,150.0,125.0,100.0,108.0,107.0,48.0,42.0,,27.0,142.0,96.0,69.0,76.0,80.0,84.0,118.0,124.0,220.0
5,259.0,179.0,142.0,122.0,124.0,128.0,128.0,121.0,130.0,134.0,127.0,125.0,52.0,63.0,413.0,401.0,141.0,119.0,88.0,78.0,102.0,125.0,146.0,276.0
6,377.0,259.0,179.0,163.0,138.0,128.0,123.0,120.0,127.0,134.0,129.0,127.0,121.0,86.0,62.0,137.0,145.0,92.0,93.0,88.0,115.0,134.0,153.0,184.0
7,184.0,171.0,188.0,165.0,153.0,150.0,144.0,135.0,129.0,133.0,123.0,104.0,64.0,92.0,129.0,152.0,122.0,94.0,88.0,81.0,90.0,112.0,143.0,187.0
8,240.0,248.0,238.0,219.0,192.0,166.0,155.0,152.0,152.0,162.0,159.0,162.0,,,190.0,143.0,115.0,122.0,105.0,82.0,80.0,112.0,169.0,255.0
9,408.0,417.0,415.0,357.0,258.0,,206.0,202.0,212.0,234.0,219.0,,,,,,,,84.0,102.0,86.0,104.0,124.0,145.0
10,182.0,203.0,252.0,216.0,187.0,,,169.0,,,,,,,,,,,,,,,,
11,,,,,,,,,,,,,,,,,,,,,,,,
12,,,,,,,,,,,,,,,,,,,,,,,,
13,,,,,,,,,,,,,,,,,,,,,,,,
14,,,,,,,,,,,,,,,,,,,,,,,,
15,,,,,,,,,,,,23.0,160.0,87.0,163.0,456.0,339.0,141.0,170.0,170.0,205.0,271.0,407.0,443.0
16,446.0,443.0,427.0,402.0,354.0,319.0,294.0,316.0,300.0,97.0,156.0,209.0,181.0,157.0,142.0,136.0,139.0,104.0,108.0,155.0,153.0,130.0,158.0,234.0
17,280.0,372.0,316.0,240.0,193.0,226.0,299.0,299.0,411.0,403.0,248.0,145.0,155.0,189.0,159.0,150.0,121.0,142.0,175.0,177.0,170.0,204.0,405.0,441.0
18,415.0,414.0,366.0,372.0,332.0,293.0,233.0,201.0,174.0,157.0,155.0,185.0,195.0,216.0,,,199.0,207.0,170.0,143.0,181.0,293.0,334.0,484.0
19,490.0,422.0,406.0,310.0,237.0,432.0,488.0,410.0,320.0,263.0,191.0,181.0,182.0,180.0,171.0,163.0,154.0,156.0,171.0,182.0,202.0,326.0,356.0,239.0
20,190.0,187.0,148.0,128.0,149.0,155.0,113.0,116.0,124.0,125.0,128.0,,110.0,108.0,123.0,135.0,152.0,169.0,187.0,188.0,122.0,172.0,221.0,153.0
21,186.0,174.0,175.0,114.0,137.0,114.0,123.0,121.0,166.0,176.0,114.0,113.0,130.0,130.0,136.0,138.0,160.0,218.0,167.0,123.0,166.0,211.0,155.0,168.0
22,191.0,193.0,207.0,139.0,124.0,148.0,131.0,123.0,129.0,121.0,,120.0,113.0,121.0,111.0,140.0,110.0,127.0,158.0,120.0,173.0,195.0,152.0,299.0
23,471.0,168.0,149.0,167.0,155.0,115.0,111.0,112.0,111.0,116.0,,,,,,,,,,,,,,
24,,,,,,,,,,,,185.0,40.0,21.0,363.0,456.0,94.0,95.0,131.0,118.0,120.0,122.0,129.0,142.0
25,149.0,146.0,144.0,155.0,151.0,132.0,128.0,123.0,132.0,135.0,133.0,141.0,139.0,109.0,181.0,500.0,,128.0,129.0,140.0,153.0,353.0,338.0,405.0
26,323.0,344.0,261.0,233.0,200.0,307.0,204.0,196.0,174.0,174.0,164.0,,102.0,108.0,154.0,146.0,426.0,480.0,160.0,154.0,197.0,195.0,,
27,,,,,,,,,,,,,,152.0,108.0,271.0,297.0,186.0,151.0,157.0,304.0,413.0,312.0,141.0
28,115.0,110.0,112.0,113.0,113.0,110.0,117.0,402.0,184.0,160.0,169.0,199.0,207.0,188.0,160.0,165.0,147.0,156.0,139.0,153.0,170.0,275.0,379.0,296.0
29,309.0,225.0,196.0,182.0,157.0,147.0,152.0,338.0,250.0,184.0,191.0,206.0,172.0,125.0,487.0,113.0,306.0,,,,,,,160.0
30,,183.0,151.0,147.0,,,,,,,,,,,,,,,,,,,,
"
"
May-2023,00:00:00,01:00:00,02:00:00,03:00:00,04:00:00,05:00:00,06:00:00,07:00:00,08:00:00,09:00:00,10:00:00,11:00:00,12:00:00,13:00:00,14:00:00,15:00:00,16:00:00,17:00:00,18:00:00,19:00:00,20:00:00,21:00:00,22:00:00,23:00:00
1,,,,,,,,,,,,113.0,111.0,109.0,112.0,,,,,,,,,
2,,,,,,,,,,,,,,,,,,,,,,,,
3,,,,,,,,,,,,,,,,,,,,,,,,
4,,,,,,,,,,,,,,,,,82.0,172.0,237.0,213.0,236.0,247.0,278.0,268.0
5,416.0,232.0,192.0,206.0,306.0,423.0,91.0,115.0,188.0,264.0,81.0,106.0,137.0,126.0,123.0,110.0,130.0,144.0,145.0,112.0,182.0,217.0,243.0,399.0
6,396.0,325.0,281.0,289.0,278.0,268.0,314.0,253.0,225.0,269.0,240.0,212.0,177.0,183.0,177.0,75.0,34.0,98.0,116.0,118.0,147.0,197.0,187.0,212.0
7,226.0,214.0,263.0,162.0,319.0,335.0,273.0,262.0,165.0,150.0,134.0,120.0,133.0,235.0,240.0,175.0,156.0,134.0,149.0,144.0,106.0,154.0,131.0,131.0
8,137.0,132.0,137.0,140.0,138.0,333.0,333.0,273.0,174.0,,,128.0,,,112.0,,,,,133.0,,133.0,,
9,,133.0,,,,,,,,,,,,133.0,157.0,165.0,131.0,151.0,169.0,218.0,259.0,342.0,300.0,208.0
10,182.0,194.0,212.0,249.0,337.0,193.0,198.0,215.0,226.0,234.0,155.0,132.0,,,6.0,131.0,128.0,135.0,127.0,,,221.0,332.0,373.0
11,366.0,394.0,406.0,475.0,401.0,413.0,287.0,330.0,382.0,295.0,233.0,266.0,244.0,191.0,178.0,164.0,154.0,172.0,331.0,113.0,140.0,241.0,348.0,249.0
12,386.0,345.0,350.0,334.0,258.0,231.0,262.0,235.0,248.0,132.0,169.0,157.0,161.0,161.0,163.0,240.0,168.0,171.0,133.0,183.0,202.0,205.0,253.0,256.0
13,249.0,269.0,240.0,269.0,258.0,212.0,195.0,210.0,200.0,247.0,183.0,171.0,186.0,191.0,187.0,194.0,204.0,278.0,427.0,180.0,135.0,308.0,217.0,361.0
14,328.0,355.0,317.0,417.0,364.0,320.0,279.0,264.0,306.0,466.0,357.0,197.0,229.0,181.0,177.0,183.0,191.0,189.0,177.0,238.0,165.0,339.0,404.0,173.0
15,143.0,179.0,139.0,152.0,142.0,113.0,103.0,141.0,103.0,126.0,120.0,117.0,140.0,143.0,146.0,155.0,176.0,410.0,191.0,167.0,117.0,148.0,177.0,280.0
16,463.0,218.0,96.0,99.0,136.0,330.0,500.0,25.0,40.0,37.0,45.0,34.0,50.0,493.0,467.0,414.0,303.0,300.0,429.0,429.0,470.0,493.0,500.0,496.0
17,500.0,499.0,454.0,439.0,347.0,265.0,284.0,403.0,405.0,342.0,206.0,173.0,177.0,165.0,201.0,183.0,204.0,228.0,226.0,241.0,264.0,264.0,233.0,131.0
18,162.0,167.0,422.0,223.0,131.0,338.0,141.0,106.0,106.0,171.0,107.0,106.0,106.0,107.0,90.0,,,,,,,,,
19,,,,,,,,,,,,,,,,,,,,,,,,
20,,,,,,,,,,,,,,132.0,122.0,138.0,146.0,146.0,156.0,150.0,152.0,218.0,285.0,272.0
21,345.0,315.0,211.0,242.0,205.0,224.0,251.0,342.0,179.0,185.0,165.0,143.0,139.0,145.0,154.0,135.0,135.0,145.0,130.0,170.0,183.0,177.0,221.0,262.0
22,249.0,201.0,203.0,205.0,224.0,199.0,171.0,184.0,368.0,500.0,257.0,495.0,238.0,184.0,185.0,190.0,226.0,177.0,185.0,175.0,230.0,290.0,216.0,242.0
23,264.0,304.0,218.0,175.0,220.0,181.0,142.0,139.0,157.0,166.0,141.0,144.0,141.0,134.0,145.0,137.0,142.0,150.0,127.0,86.0,470.0,88.0,403.0,138.0
24,350.0,341.0,102.0,92.0,100.0,96.0,100.0,102.0,100.0,146.0,98.0,157.0,100.0,184.0,178.0,138.0,128.0,106.0,106.0,96.0,101.0,106.0,103.0,101.0
25,100.0,105.0,100.0,101.0,116.0,92.0,98.0,100.0,102.0,102.0,102.0,100.0,100.0,100.0,95.0,100.0,95.0,95.0,112.0,235.0,102.0,141.0,117.0,107.0
26,104.0,,98.0,98.0,100.0,98.0,95.0,101.0,98.0,91.0,88.0,92.0,92.0,92.0,94.0,100.0,96.0,100.0,101.0,102.0,119.0,132.0,120.0,120.0
27,120.0,119.0,111.0,118.0,135.0,130.0,111.0,106.0,101.0,,124.0,150.0,102.0,102.0,102.0,103.0,103.0,103.0,104.0,107.0,117.0,121.0,145.0,130.0
28,150.0,128.0,134.0,132.0,110.0,106.0,168.0,191.0,163.0,111.0,133.0,117.0,,119.0,116.0,118.0,113.0,,117.0,,116.0,162.0,156.0,170.0
29,,225.0,,,,112.0,,136.0,,,103.0,105.0,,,,,,,,,,,,
30,,,,,,,,,,94.0,129.0,103.0,228.0,228.0,228.0,98.0,100.0,101.0,128.0,108.0,172.0,118.0,152.0,115.0
31,218.0,218.0,76.0,96.0,108.0,104.0,78.0,100.0,96.0,50.0,93.0,101.0,101.0,77.0,94.0,106.0,101.0,103.0,105.0,111.0,112.0,143.0,165.0,164.0
"
"
June-2023,00:00:00,01:00:00,02:00:00,03:00:00,04:00:00,05:00:00,06:00:00,07:00:00,08:00:00,09:00:00,10:00:00,11:00:00,12:00:00,13:00:00,14:00:00,15:00:00,16:00:00,17:00:00,18:00:00,19:00:00,20:00:00,21:00:00,22:00:00,23:00:00
1,148.0,143.0,128.0,208.0,107.0,109.0,115.0,210.0,137.0,107.0,107.0,102.0,112.0,107.0,,102.0,246.0,234.0,136.0,132.0,112.0,126.0,135.0,146.0
2,161.0,163.0,150.0,139.0,127.0,125.0,142.0,165.0,128.0,96.0,31.0,32.0,35.0,43.0,250.0,463.0,99.0,,,,,,,
3,,,,,,,,,,,,,101.0,81.0,111.0,92.0,,,,,,,428.0,341.0
4,419.0,351.0,274.0,225.0,260.0,,,,,,,,,,,,,,,,,,,
5,,,,,,,,,,,,,,,,,,,,,,,,
6,,,,,,,,,,,,479.0,214.0,,,,149.0,429.0,192.0,170.0,178.0,334.0,500.0,160.0
7,172.0,182.0,165.0,,,,,,,,,163.0,362.0,477.0,98.0,176.0,357.0,86.0,356.0,170.0,170.0,180.0,199.0,249.0
8,264.0,225.0,,,,,,,,,,,,,,,,,,,,,,
9,,,,,,,,,,,,,,,,,,,,,,,,
10,,,,,,,,,,,,,,,,,,,,,,,,
11,,,,,,,,,,,,,,,,,,,,,,,,
12,,,,,,,,,,,,,,,,,,,,,,,,
13,,,,,,,,,,,,,,,,,,,,,,,,
14,,,,,,,,,,,,,,,,,,,,,,,,
15,,,,,,,,,,,,,,,,,,,,,,,,
16,,,,,,,,,,,,,,,,,,,,,,,,
17,,,,,,,,,,,,,,,,,,,,,,,,
18,,,,,,,,,,,,,,,,,,,,,,,,
19,,,,,,,,,,,,,,,,,,,,,,,,
20,,,,,,,,,,,,,,,,,,,,,,,,
21,,,,,,,,,,,,,,,,,,,,,,,,
22,,,,,,,,,,,,,,,,,,,,,,,,
23,,,,,,,,,,,,,,,,,,,,,,,,
24,,,,,,,,,,,,,,,,,,,,,,,,
25,,,,,,,,,,,,,,,,,,,,,,,,
26,,,,,,,,,,,,,,,,,,,,,,,,
27,,,,,,,,,,,,,,,,,,,,,,,,
28,,,,,,,,,,,,,,,,,,,,,,,,
29,,,,,,,,,,,,,,,,,,,,,,,,
30,,,,,,,,,,,,,,,,,,,,,,,,
"
"
July-2023,00:00:00,01:00:00,02:00:00,03:00:00,04:00:00,05:00:00,06:00:00,07:00:00,08:00:00,09:00:00,10:00:00,11:00:00,12:00:00,13:00:00,14:00:00,15:00:00,16:00:00,17:00:00,18:00:00,19:00:00,20:00:00,21:00:00,22:00:00,23:00:00
1,,,,,,,,,,,,,,,,,,,,,,,,
2,,,,,,,,,,,,,,,,,,,,,,,,
3,,,,,,,,,,,,,,,,,,,,,,,,
4,,,,,,,,,,,,,,,,,,,,,,,,
5,,,,,,,,,,,,,,,,,,,,,,,,
6,,,,,,,,,,,,,,,,,,,,,,,,
7,,,,,,,,,,,,,,,,,,,,,,,,
8,,,,,,,,,,,,,,,,,,,,,,,,
9,,,,,,,,,,,,,,,,,,,,,,,,
10,,,,,,,,,,,,,,,,,,,,,,,,
11,,,,,,,,,,,,,,,,,,,,,,,,
12,,,,,,,,,,,,,,,,,,,,,,,,
13,,,,,,,,,,,,,,,,,,,,,,,,
14,,,,,,,,,,,,,,,,,,,,,,,,
15,,,,,,,,,,,,,,,,,,,,,,,,
16,,,,,,,,,,,,,,,,,,,,,,,,
17,,,,,,,,,,,,,,,,,,,,,,,,
18,,,,,,,,,,,,,,,,,,,,,,,,
19,,,,,,,,,,,,,,,,,,,,,,,,
20,,,,,,,,,,,,,,,,,,,,,,,,
21,,,,,,,,,,,,,,,,,,,,,,,,
22,,,,,,,,,,,,,,,,,,,,,,,,
23,,,,,,,,,,,,,,,,,,,,,,,,
24,,,,,,,,,,,,,,,,,,,,,,,,
25,,,,,,,,,,,,,,,,,,,,,,,,
26,,,,,,,,,,,,,,,,,,,,,,,,
27,,,,,,,,,,,,,,,,,,,,,,,,
28,,,,,,,,,,,,,,,,,,,,,,,,
29,,,,,,,,,,,,,,,,,,,,,,,,
30,,,,,,,,,,,,,,,,,,,,,,,,
31,,,,,,,,,,,,,,,,,,,,,,,,
"
"
August-2023,00:00:00,01:00:00,02:00:00,03:00:00,04:00:00,05:00:00,06:00:00,07:00:00,08:00:00,09:00:00,10:00:00,11:00:00,12:00:00,13:00:00,14:00:00,15:00:00,16:00:00,17:00:00,18:00:00,19:00:00,20:00:00,21:00:00,22:00:00,23:00:00
1,,,,,,,,,,,,,,,,,,,,,,,,
2,,,,,,,,,,,,,,,,,,,,,,,,
3,,,,,,,,,,,,,,,,,,,,,,,,
4,,,,,,,,,,,,,,,,,,,,,,,,
5,,,,,,,,,,,,,,,,,,,,,,,,
6,,,,,,,,,,,,,,,,,,,,,,,,
7,,,,,,,,,,,,,,,,,,,,,,,,
8,,,,,,,,,,,,,,,,,,,,,,,,
9,,,,,,,,,,,,,,,,,,,,,,,,
10,,,,,,,,,,,,,,,,,,,,,,,,
11,,,,,,,,,,,,,,,,,,,,,,,,
12,,,,,,,,,,,,,,,,,,,,,,,,
13,,,,,,,,,,,,,,,,,,,,,,,,
14,,,,,,,,,,,,,,,,,,,,,,,,
15,,,,,,,,,,,,,,,,,,,,,,,,
16,,,,,,,,,,,,,,,,,,,,,,,,
17,,,,,,,,,,,,,,,,,,,,,,,,
18,,,,,,,,,,,,,,,,,,,,,,,,
19,,,,,,,,,,,,,,,,,,,,,,,,
20,,,,,,,,,,,,,,,,,,,,,,,,
21,,,,,,,,,,,,,,,,,,,,,,,,
22,,,,,,,,,,,,,,,,,,,,,,,,
23,,,,,,,,,,,,,,,,,,,,,,,,
24,,,,,,,,,,,,,,,,,,,,,,,,
25,,,,,,,,,,,,,,,,,,,,,,,,
26,,,,,,,,,,,,,,,,,,,,,,,,
27,,,,,,,,,,,,,,,,,,,,,,,,
28,,,,,,,,,,,,,,,,,,,,,,,,
29,,,,,,,,,,,,,,,,,,,,,,,,
30,,,,,,,,,,,,,,,,,,,,,,,,
31,,,,,,,,,,,,,,,,,,,,,,,,
"
"
September-2023,00:00:00,01:00:00,02:00:00,03:00:00,04:00:00,05:00:00,06:00:00,07:00:00,08:00:00,09:00:00,10:00:00,11:00:00,12:00:00,13:00:00,14:00:00,15:00:00,16:00:00,17:00:00,18:00:00,19:00:00,20:00:00,21:00:00,22:00:00,23:00:00
1,,,,,,,,,,,,,,,,,,,,,,,,
2,,,,,,,,,,,,,,,,,,,,,,,,
3,,,,,,,,,,,,,,,,,,,,,,,,
4,,,,,,,,,,,,,,,,,,,,,,,,
5,,,,,,,,,,,,,,,,,,,,,,,,
6,,,,,,,,,,,,,,,,,,,,,,,,
7,,,,,,,,,,,,,,,,,,,,,,,,
8,,,,,,,,,,,,,,,,,,,,,,,,
9,,,,,,,,,,,,,,,,,,,,,,,,
10,,,,,,,,,,,,,,,,,,,,,,,,
11,,,,,,,,,,,,,,,,,,,,,,,,
12,,,,,,,,,,,,,,,,,,,,,,,,
13,,,,,,,,,,,,,,,,,,,,,,,,
14,,,,,,,,,,,,,,,,,,,,,,,,
15,,,,,,,,,,,,,,,,,,,,,,,,
16,,,,,,,,,,,,,,,,,,,,,,,,
17,,,,,,,,,,,,,,,,,,,,,,,,
18,,,,,,,,,,,,,,,,,,,,,,,,
19,,,,,,,,,,,,,,,,,,,,,,,,
20,,,,,,,,,,,,,,,,,,,,,,,,
21,,,,,,,,,,,,,,,,,,,,,,,,
22,,,,,,,,,,,,,,,,,,,,,,,,
23,,,,,,,,,,,,,,,,,,,,,,,,
24,,,,,,,,,,,,,,,,,,,,,,,,
25,,,,,,,,,,,,,,,,,,,,,,,,
26,,,,,,,,,,,,,,,,,,,,,,,,
27,,,,,,,,,,,,,,,,,,,,,,,,
28,,,,,,,,,,,,,,,,,,,,,,,,
29,,,,,,,,,,,,,,,,,,,,,,,,
30,,,,,,,,,,,,,,,,,,,,,,,,
"
"
October-2023,00:00:00,01:00:00,02:00:00,03:00:00,04:00:00,05:00:00,06:00:00,07:00:00,08:00:00,09:00:00,10:00:00,11:00:00,12:00:00,13:00:00,14:00:00,15:00:00,16:00:00,17:00:00,18:00:00,19:00:00,20:00:00,21:00:00,22:00:00,23:00:00
1,,,,,,,,,,,,,,,,,,,,,,,,
2,,,,,,,,,,,,,,,,,,,,,,,,
3,,,,,,,,,,,,,,,,,,,,,,,,
4,,,,,,,,,,,,,,,,,,,,,,,,
5,,,,,,,,,,,,,,,,,,,,,,,,
6,,,,,,,,,,,,,,,,,,,,,,,,
7,,,,,,,,,,,,,,,,,,,,,,,,
8,,,,,,,,,,,,,,,,,,,,,,,,
9,,,,,,,,,,,,,,,,,,,,,,,,
10,,,,,,,,,,,,,,,,,,,,,,,,
11,,,,,,,,,,,,,,,,,,,,,,,,
12,,,,,,,,,,,,,,,,,,,,,,,,
13,,,,,,,,,,,,,,,,,,,,,,,,
14,,,,,,,,,,,,,,,,,,,,,,,,
15,,,,,,,,,,,,,,,,,,,,,,,,
16,,,,,,,,,,,,,,,,,,,,,,,,
17,,,,,,,,,,,,,,,,,,,,,,,,
18,,,,,,,,,,,,,,,,,,,,,,,,
19,,,,,,,,,,,,,,,,,,,,,,,,
20,,,,,,,,,,,,,,,,,,,,,,,,
21,,,,,,,,,,,,,,,,,,,,,,,,
22,,,,,,,,,,,,,,,,,,,,,,,,
23,,,,,,,,,,,,,,,,,,,,,,,,
24,,,,,,,,,,,,,,,,,,,,,,,,
25,,,,,,,,,,,,,,,,,,,,,,,,
26,,,,,,,,,,,,,,,,,,,,,,,,
27,,,,,,,,,,,,,,,,,,,,,,,,
28,,,,,,,,,,,,,,,,,,,,,,,,
29,,,,,,,,,,,,,,,,,,,,,,,,
30,,,,,,,,,,,,,,,,,,,,,,,,
31,,,,,,,,,,,,,,,,,,,,,,,,
"
"
November-2023,00:00:00,01:00:00,02:00:00,03:00:00,04:00:00,05:00:00,06:00:00,07:00:00,08:00:00,09:00:00,10:00:00,11:00:00,12:00:00,13:00:00,14:00:00,15:00:00,16:00:00,17:00:00,18:00:00,19:00:00,20:00:00,21:00:00,22:00:00,23:00:00
1,,,,,,,,,,,,,,,,,,,,,,,,
2,,,,,,,,,,,,,,,,,,,,,,,,
3,,,,,,,,,,,,,,,,,,,,,,,,
4,,,,,,,,,,,,,,,,,,,,,,,,
5,,,,,,,,,,,,,,,,,,,,,,,,
6,,,,,,,,,,,,,,,,,,,,,,,,
7,,,,,,,,,,,,,,,,,,,,,,,,
8,,,,,,,,,,,,,,,,,,,,,,,,
9,,,,,,,,,,,,,,,,,,,,,,,,
10,,,,,,,,,,,,,,,,,,,,,,,,
11,,,,,,,,,,,,,,,,,,,,,,,,
12,,,,,,,,,,,,,,,,,,,,,,,,
13,,,,,,,,,,,,,,,,,,,,,,,,
14,,,,,,,,,,,,,,,,,,,,,,,,
15,,,,,,,,,,,,,,,,,,,,,,,,
16,,,,,,,,,,,,,,,,,,,,,,,,
17,,,,,,,,,,,,,,,,,,,,,,,,
18,,,,,,,,,,,,,,,,,,,,,,,,
19,,,,,,,,,,,,,,,,,,,,,,,,
20,,,,,,,,,,,,,,,,,,,,,,,,
21,,,,,,,,,,,,,,,,,,,,,,,,
22,,,,,,,,,,,,,,,,,,,,,,,,
23,,,,,,,,,,,,,,,,,,,,,,,,
24,,,,,,,,,,,,,,,,,,,,,,,,
25,,,,,,,,,,,,,,,,,,,,,,,,
26,,,,,,,,,,,,,,,,,,,,,,,,
27,,,,,,,,,,,,,,,,,,,,,,,,
28,,,,,,,,,,,,,,,,,,,,,,,,
29,,,,,,,,,,,,,,,,,,,,,,,,
30,,,,,,,,,,,,,,,,,,,,,,,,
"
"
December-2023,00:00:00,01:00:00,02:00:00,03:00:00,04:00:00,05:00:00,06:00:00,07:00:00,08:00:00,09:00:00,10:00:00,11:00:00,12:00:00,13:00:00,14:00:00,15:00:00,16:00:00,17:00:00,18:00:00,19:00:00,20:00:00,21:00:00,22:00:00,23:00:00
1,,,,,,,,,,,,,,,,,,,,,,,,
2,,,,,,,,,,,,,,,,,,,,,,,,
3,,,,,,,,,,,,,,,,,,,,,,,,
4,,,,,,,,,,,,,,,,,,,,,,,,
5,,,,,,,,,,,,,,,,,,,,,,,,
6,,,,,,,,,,,,,,,,,,,,,,,,
7,,,,,,,,,,,,,,,,,,,,,,,,
8,,,,,,,,,,,,,,,,,,,,,,,,
9,,,,,,,,,,,,,,,,,,,,,,,,
10,,,,,,,,,,,,,,,,,,,,,,,,
11,,,,,,,,,,,,,,,,,,,,,,,,
12,,,,,,,,,,,,,,,,,,,,,,,,
13,,,,,,,,,,,,,,,,,,,,,,,,
14,,,,,,,,,,,,,,,,,,,,,,,,
15,,,,,,,,,,,,,,,,,,,,,,,,
16,,,,,,,,,,,,,,,,,,,,,,,,
17,,,,,,,,,,,,,,,,,,,,,,,,
18,,,,,,,,,,,,,,,,,,,,,,,,
19,,,,,,,,,,,,,,,,,,,,,,,,
20,,,,,,,,,,,,,,,,,,,,,,,,
21,,,,,,,,,,,,,,,,,,,,,,,,
22,,,,,,,,,,,,,,,,,,,,,,,,
23,,,,,,,,,,,,,,,,,,,,,,,,
24,,,,,,,,,,,,,,,,,,,,,,,,
25,,,,,,,,,,,,,,,,,,,,,,,,
26,,,,,,,,,,,,,,,,,,,,,,,,
27,,,,,,,,,,,,,,,,,,,,,,,,
28,,,,,,,,,,,,,,,,,,,,,,,,
29,,,,,,,,,,,,,,,,,,,,,,,,
30,,,,,,,,,,,,,,,,,,,,,,,,
31,,,,,,,,,,,,,,,,,,,,,,,,
"
"
