Year,2017
January-2017,00:00:00,01:00:00,02:00:00,03:00:00,04:00:00,05:00:00,06:00:00,07:00:00,08:00:00,09:00:00,10:00:00,11:00:00,12:00:00,13:00:00,14:00:00,15:00:00,16:00:00,17:00:00,18:00:00,19:00:00,20:00:00,21:00:00,22:00:00,23:00:00
"
"
February-2017,00:00:00,01:00:00,02:00:00,03:00:00,04:00:00,05:00:00,06:00:00,07:00:00,08:00:00,09:00:00,10:00:00,11:00:00,12:00:00,13:00:00,14:00:00,15:00:00,16:00:00,17:00:00,18:00:00,19:00:00,20:00:00,21:00:00,22:00:00,23:00:00
"
"
March-2017,00:00:00,01:00:00,02:00:00,03:00:00,04:00:00,05:00:00,06:00:00,07:00:00,08:00:00,09:00:00,10:00:00,11:00:00,12:00:00,13:00:00,14:00:00,15:00:00,16:00:00,17:00:00,18:00:00,19:00:00,20:00:00,21:00:00,22:00:00,23:00:00
"
"
April-2017,00:00:00,01:00:00,02:00:00,03:00:00,04:00:00,05:00:00,06:00:00,07:00:00,08:00:00,09:00:00,10:00:00,11:00:00,12:00:00,13:00:00,14:00:00,15:00:00,16:00:00,17:00:00,18:00:00,19:00:00,20:00:00,21:00:00,22:00:00,23:00:00
"
"
May-2017,00:00:00,01:00:00,02:00:00,03:00:00,04:00:00,05:00:00,06:00:00,07:00:00,08:00:00,09:00:00,10:00:00,11:00:00,12:00:00,13:00:00,14:00:00,15:00:00,16:00:00,17:00:00,18:00:00,19:00:00,20:00:00,21:00:00,22:00:00,23:00:00
"
"
June-2017,00:00:00,01:00:00,02:00:00,03:00:00,04:00:00,05:00:00,06:00:00,07:00:00,08:00:00,09:00:00,10:00:00,11:00:00,12:00:00,13:00:00,14:00:00,15:00:00,16:00:00,17:00:00,18:00:00,19:00:00,20:00:00,21:00:00,22:00:00,23:00:00
"
"
July-2017,00:00:00,01:00:00,02:00:00,03:00:00,04:00:00,05:00:00,06:00:00,07:00:00,08:00:00,09:00:00,10:00:00,11:00:00,12:00:00,13:00:00,14:00:00,15:00:00,16:00:00,17:00:00,18:00:00,19:00:00,20:00:00,21:00:00,22:00:00,23:00:00
"
"
August-2017,00:00:00,01:00:00,02:00:00,03:00:00,04:00:00,05:00:00,06:00:00,07:00:00,08:00:00,09:00:00,10:00:00,11:00:00,12:00:00,13:00:00,14:00:00,15:00:00,16:00:00,17:00:00,18:00:00,19:00:00,20:00:00,21:00:00,22:00:00,23:00:00
"
"
September-2017,00:00:00,01:00:00,02:00:00,03:00:00,04:00:00,05:00:00,06:00:00,07:00:00,08:00:00,09:00:00,10:00:00,11:00:00,12:00:00,13:00:00,14:00:00,15:00:00,16:00:00,17:00:00,18:00:00,19:00:00,20:00:00,21:00:00,22:00:00,23:00:00
"
"
October-2017,00:00:00,01:00:00,02:00:00,03:00:00,04:00:00,05:00:00,06:00:00,07:00:00,08:00:00,09:00:00,10:00:00,11:00:00,12:00:00,13:00:00,14:00:00,15:00:00,16:00:00,17:00:00,18:00:00,19:00:00,20:00:00,21:00:00,22:00:00,23:00:00
"
"
November-2017,00:00:00,01:00:00,02:00:00,03:00:00,04:00:00,05:00:00,06:00:00,07:00:00,08:00:00,09:00:00,10:00:00,11:00:00,12:00:00,13:00:00,14:00:00,15:00:00,16:00:00,17:00:00,18:00:00,19:00:00,20:00:00,21:00:00,22:00:00,23:00:00
"
"
December-2017,00:00:00,01:00:00,02:00:00,03:00:00,04:00:00,05:00:00,06:00:00,07:00:00,08:00:00,09:00:00,10:00:00,11:00:00,12:00:00,13:00:00,14:00:00,15:00:00,16:00:00,17:00:00,18:00:00,19:00:00,20:00:00,21:00:00,22:00:00,23:00:00
"
"
Year,2018
January-2018,00:00:00,01:00:00,02:00:00,03:00:00,04:00:00,05:00:00,06:00:00,07:00:00,08:00:00,09:00:00,10:00:00,11:00:00,12:00:00,13:00:00,14:00:00,15:00:00,16:00:00,17:00:00,18:00:00,19:00:00,20:00:00,21:00:00,22:00:00,23:00:00
"
"
February-2018,00:00:00,01:00:00,02:00:00,03:00:00,04:00:00,05:00:00,06:00:00,07:00:00,08:00:00,09:00:00,10:00:00,11:00:00,12:00:00,13:00:00,14:00:00,15:00:00,16:00:00,17:00:00,18:00:00,19:00:00,20:00:00,21:00:00,22:00:00,23:00:00
"
"
March-2018,00:00:00,01:00:00,02:00:00,03:00:00,04:00:00,05:00:00,06:00:00,07:00:00,08:00:00,09:00:00,10:00:00,11:00:00,12:00:00,13:00:00,14:00:00,15:00:00,16:00:00,17:00:00,18:00:00,19:00:00,20:00:00,21:00:00,22:00:00,23:00:00
"
"
April-2018,00:00:00,01:00:00,02:00:00,03:00:00,04:00:00,05:00:00,06:00:00,07:00:00,08:00:00,09:00:00,10:00:00,11:00:00,12:00:00,13:00:00,14:00:00,15:00:00,16:00:00,17:00:00,18:00:00,19:00:00,20:00:00,21:00:00,22:00:00,23:00:00
"
"
May-2018,00:00:00,01:00:00,02:00:00,03:00:00,04:00:00,05:00:00,06:00:00,07:00:00,08:00:00,09:00:00,10:00:00,11:00:00,12:00:00,13:00:00,14:00:00,15:00:00,16:00:00,17:00:00,18:00:00,19:00:00,20:00:00,21:00:00,22:00:00,23:00:00
"
"
June-2018,00:00:00,01:00:00,02:00:00,03:00:00,04:00:00,05:00:00,06:00:00,07:00:00,08:00:00,09:00:00,10:00:00,11:00:00,12:00:00,13:00:00,14:00:00,15:00:00,16:00:00,17:00:00,18:00:00,19:00:00,20:00:00,21:00:00,22:00:00,23:00:00
"
"
July-2018,00:00:00,01:00:00,02:00:00,03:00:00,04:00:00,05:00:00,06:00:00,07:00:00,08:00:00,09:00:00,10:00:00,11:00:00,12:00:00,13:00:00,14:00:00,15:00:00,16:00:00,17:00:00,18:00:00,19:00:00,20:00:00,21:00:00,22:00:00,23:00:00
1,,,,,,,,,,,,,,,,,,,,,179.0,177.0,117.0,
2,90.0,86.0,103.0,68.0,59.0,57.0,81.0,115.0,,147.0,146.0,127.0,148.0,250.0,199.0,205.0,362.0,244.0,167.0,187.0,,,,
3,,,,,,,,,,,148.0,156.0,175.0,178.0,183.0,159.0,164.0,137.0,181.0,157.0,145.0,174.0,270.0,193.0
4,157.0,139.0,120.0,157.0,260.0,447.0,351.0,230.0,257.0,273.0,129.0,156.0,153.0,185.0,314.0,170.0,289.0,488.0,314.0,222.0,394.0,272.0,305.0,330.0
5,342.0,428.0,320.0,410.0,407.0,488.0,445.0,441.0,432.0,294.0,149.0,149.0,270.0,157.0,171.0,159.0,185.0,153.0,181.0,148.0,167.0,240.0,203.0,178.0
6,165.0,177.0,197.0,207.0,223.0,180.0,162.0,141.0,126.0,,,,140.0,87.0,253.0,191.0,175.0,244.0,163.0,142.0,181.0,243.0,178.0,160.0
7,135.0,109.0,103.0,92.0,102.0,101.0,,,105.0,108.0,104.0,107.0,115.0,126.0,159.0,133.0,147.0,159.0,156.0,175.0,193.0,185.0,161.0,145.0
8,111.0,95.0,86.0,89.0,69.0,75.0,73.0,88.0,92.0,101.0,103.0,113.0,116.0,129.0,148.0,155.0,160.0,134.0,146.0,171.0,159.0,148.0,148.0,137.0
9,127.0,105.0,81.0,84.0,81.0,77.0,95.0,94.0,119.0,111.0,89.0,100.0,127.0,142.0,207.0,145.0,150.0,147.0,141.0,196.0,238.0,196.0,90.0,59.0
10,55.0,56.0,62.0,73.0,55.0,,,53.0,63.0,85.0,72.0,84.0,99.0,127.0,90.0,,94.0,53.0,53.0,,,,62.0,72.0
11,68.0,68.0,69.0,59.0,62.0,70.0,70.0,55.0,103.0,80.0,92.0,157.0,150.0,109.0,123.0,35.0,46.0,72.0,77.0,84.0,81.0,111.0,127.0,137.0
12,135.0,119.0,101.0,72.0,78.0,93.0,111.0,88.0,100.0,83.0,80.0,85.0,89.0,81.0,74.0,67.0,68.0,78.0,85.0,111.0,120.0,105.0,122.0,127.0
13,131.0,118.0,102.0,78.0,80.0,83.0,86.0,91.0,92.0,108.0,105.0,116.0,116.0,115.0,96.0,50.0,57.0,70.0,,,,2.0,,
14,33.0,,,,,,,,,,,,,,,,,,,,,210.0,148.0,135.0
15,146.0,133.0,133.0,108.0,88.0,95.0,130.0,,,153.0,123.0,115.0,118.0,103.0,135.0,107.0,115.0,100.0,157.0,138.0,149.0,153.0,79.0,83.0
16,80.0,53.0,61.0,86.0,120.0,67.0,97.0,112.0,117.0,172.0,143.0,117.0,101.0,100.0,113.0,116.0,105.0,115.0,179.0,172.0,164.0,68.0,70.0,84.0
17,68.0,86.0,67.0,92.0,,123.0,90.0,103.0,33.0,38.0,28.0,,38.0,,92.0,111.0,90.0,126.0,167.0,177.0,177.0,138.0,140.0,133.0
18,133.0,79.0,111.0,124.0,,,,,,,,,178.0,167.0,130.0,192.0,40.0,40.0,80.0,95.0,85.0,95.0,,
19,,,,,,,,53.0,64.0,56.0,57.0,52.0,50.0,53.0,86.0,95.0,79.0,89.0,45.0,43.0,55.0,62.0,70.0,62.0
20,55.0,77.0,52.0,62.0,47.0,,,,,,68.0,79.0,90.0,115.0,92.0,96.0,89.0,97.0,105.0,134.0,117.0,114.0,137.0,124.0
21,137.0,150.0,119.0,123.0,85.0,64.0,149.0,133.0,90.0,173.0,152.0,172.0,156.0,146.0,155.0,240.0,,,,,,,,
22,,,,,,,,,,,95.0,115.0,75.0,114.0,118.0,139.0,133.0,129.0,125.0,124.0,113.0,68.0,73.0,50.0
23,43.0,46.0,81.0,69.0,68.0,35.0,62.0,48.0,50.0,32.0,40.0,38.0,38.0,55.0,50.0,66.0,39.0,50.0,57.0,48.0,48.0,48.0,48.0,43.0
24,32.0,30.0,30.0,25.0,35.0,30.0,30.0,35.0,35.0,35.0,43.0,52.0,45.0,56.0,47.0,38.0,35.0,35.0,38.0,43.0,38.0,35.0,35.0,35.0
25,35.0,35.0,35.0,30.0,35.0,35.0,35.0,60.0,77.0,93.0,73.0,35.0,67.0,85.0,101.0,62.0,74.0,97.0,95.0,78.0,48.0,62.0,65.0,81.0
26,,,,,,,,,,,,,,,,,,,,,,,,
27,,,,,,,,,,,105.0,104.0,117.0,123.0,166.0,,,148.0,156.0,160.0,,,,
28,,,135.0,121.0,121.0,129.0,126.0,122.0,133.0,145.0,146.0,145.0,182.0,190.0,199.0,174.0,199.0,278.0,273.0,199.0,344.0,200.0,319.0,194.0
29,75.0,,,,,,,,,,,,,,,,,,,,,,,
"
"
August-2018,00:00:00,01:00:00,02:00:00,03:00:00,04:00:00,05:00:00,06:00:00,07:00:00,08:00:00,09:00:00,10:00:00,11:00:00,12:00:00,13:00:00,14:00:00,15:00:00,16:00:00,17:00:00,18:00:00,19:00:00,20:00:00,21:00:00,22:00:00,23:00:00
1,75.0,47.0,59.0,58.0,113.0,115.0,127.0,135.0,127.0,151.0,159.0,201.0,223.0,240.0,251.0,257.0,257.0,254.0,326.0,304.0,296.0,374.0,399.0,419.0
2,402.0,396.0,270.0,187.0,182.0,,,,,205.0,238.0,418.0,406.0,388.0,376.0,374.0,385.0,381.0,407.0,414.0,416.0,,,
3,,,,,,,,217.0,192.0,270.0,391.0,395.0,434.0,403.0,332.0,349.0,339.0,334.0,403.0,411.0,394.0,340.0,299.0,273.0
4,200.0,222.0,165.0,159.0,178.0,181.0,175.0,169.0,185.0,188.0,229.0,358.0,404.0,398.0,400.0,407.0,416.0,405.0,418.0,408.0,470.0,500.0,479.0,418.0
5,362.0,252.0,193.0,170.0,156.0,159.0,185.0,169.0,174.0,211.0,249.0,416.0,418.0,400.0,406.0,371.0,301.0,230.0,260.0,282.0,218.0,227.0,,
6,,,,,,,,126.0,105.0,118.0,127.0,96.0,109.0,119.0,115.0,115.0,142.0,145.0,127.0,178.0,153.0,167.0,138.0,148.0
7,100.0,78.0,89.0,105.0,109.0,120.0,88.0,66.0,55.0,77.0,94.0,127.0,149.0,219.0,167.0,262.0,374.0,256.0,196.0,210.0,118.0,138.0,148.0,91.0
8,112.0,105.0,113.0,117.0,147.0,96.0,32.0,45.0,52.0,93.0,68.0,88.0,75.0,97.0,97.0,103.0,84.0,88.0,101.0,105.0,124.0,134.0,115.0,171.0
9,143.0,120.0,,,,,,,,,100.0,105.0,108.0,108.0,92.0,102.0,108.0,115.0,112.0,100.0,137.0,164.0,164.0,157.0
10,156.0,163.0,402.0,178.0,206.0,153.0,185.0,189.0,282.0,213.0,151.0,137.0,137.0,100.0,116.0,189.0,219.0,189.0,147.0,191.0,332.0,401.0,178.0,109.0
11,123.0,129.0,90.0,66.0,66.0,56.0,111.0,75.0,94.0,86.0,113.0,169.0,217.0,186.0,,,,188.0,177.0,171.0,168.0,171.0,112.0,103.0
12,127.0,109.0,89.0,94.0,137.0,80.0,70.0,64.0,57.0,79.0,78.0,104.0,118.0,96.0,105.0,101.0,115.0,111.0,102.0,105.0,127.0,137.0,156.0,137.0
13,131.0,107.0,84.0,68.0,64.0,74.0,72.0,77.0,,97.0,94.0,121.0,127.0,113.0,168.0,149.0,181.0,174.0,116.0,124.0,163.0,182.0,157.0,138.0
14,83.0,99.0,54.0,91.0,141.0,123.0,141.0,160.0,147.0,135.0,119.0,144.0,197.0,137.0,181.0,212.0,184.0,183.0,155.0,157.0,155.0,284.0,207.0,221.0
15,270.0,155.0,165.0,127.0,118.0,111.0,105.0,114.0,119.0,130.0,155.0,407.0,147.0,66.0,59.0,78.0,114.0,145.0,43.0,57.0,96.0,99.0,84.0,75.0
16,89.0,102.0,107.0,90.0,107.0,89.0,75.0,111.0,127.0,116.0,88.0,109.0,97.0,101.0,131.0,213.0,104.0,119.0,119.0,102.0,,,,
17,,,,,,,,,,,59.0,64.0,77.0,75.0,85.0,90.0,103.0,500.0,159.0,115.0,167.0,147.0,109.0,100.0
18,100.0,88.0,121.0,,,,,,,,102.0,102.0,115.0,,,,,,,,,,,
19,,,,,,,,,,,,,,,,,,,,,,,,
20,,,,,,,,,,,,150.0,183.0,163.0,147.0,177.0,,,166.0,175.0,168.0,139.0,113.0,173.0
21,121.0,130.0,105.0,69.0,58.0,69.0,59.0,73.0,86.0,97.0,103.0,101.0,111.0,109.0,117.0,115.0,102.0,111.0,156.0,,,,,
22,,,,,,,,,109.0,73.0,94.0,97.0,102.0,92.0,138.0,100.0,157.0,52.0,75.0,92.0,102.0,104.0,90.0,92.0
23,117.0,115.0,115.0,129.0,94.0,99.0,101.0,97.0,85.0,62.0,40.0,38.0,30.0,25.0,34.0,61.0,86.0,111.0,127.0,116.0,153.0,127.0,148.0,108.0
24,117.0,109.0,104.0,97.0,89.0,77.0,78.0,86.0,,,104.0,141.0,142.0,115.0,97.0,135.0,164.0,172.0,175.0,126.0,355.0,364.0,222.0,
25,,,,,,,,,,,100.0,119.0,112.0,137.0,157.0,182.0,185.0,328.0,,,,,,
26,,,,,,,,,,,,,,,,,,,,,,,,
27,,,,,,,,,,,55.0,47.0,,72.0,94.0,102.0,94.0,91.0,99.0,195.0,178.0,209.0,328.0,133.0
28,134.0,131.0,105.0,115.0,107.0,59.0,30.0,25.0,30.0,52.0,57.0,,,,,28.0,28.0,35.0,48.0,75.0,88.0,90.0,83.0,82.0
29,92.0,73.0,55.0,42.0,63.0,69.0,88.0,77.0,61.0,61.0,63.0,74.0,89.0,103.0,133.0,65.0,45.0,51.0,103.0,85.0,38.0,45.0,70.0,67.0
30,82.0,102.0,108.0,96.0,68.0,62.0,61.0,72.0,67.0,67.0,61.0,92.0,115.0,107.0,92.0,113.0,395.0,101.0,207.0,133.0,157.0,149.0,249.0,312.0
31,406.0,249.0,167.0,160.0,162.0,135.0,118.0,133.0,133.0,140.0,133.0,145.0,140.0,135.0,155.0,185.0,201.0,222.0,170.0,199.0,215.0,296.0,389.0,349.0
"
"
September-2018,00:00:00,01:00:00,02:00:00,03:00:00,04:00:00,05:00:00,06:00:00,07:00:00,08:00:00,09:00:00,10:00:00,11:00:00,12:00:00,13:00:00,14:00:00,15:00:00,16:00:00,17:00:00,18:00:00,19:00:00,20:00:00,21:00:00,22:00:00,23:00:00
1,246.0,293.0,257.0,123.0,129.0,246.0,133.0,150.0,125.0,153.0,108.0,127.0,101,58,61,77.0,114.0,113.0,135.0,159.0,141.0,267.0,183.0,175.0
2,237.0,213.0,260.0,122.0,123.0,130.0,147.0,45.0,72.0,40.0,38.0,40.0,38,38,34,40.0,40.0,40.0,65.0,78.0,61.0,68.0,62.0,66.0
3,65.0,57.0,46.0,56.0,45.0,55.0,95.0,61.0,58.0,64.0,80.0,97.0,86,104,107,103.0,62.0,57.0,55.0,70.0,102.0,107.0,148.0,109.0
4,143.0,108.0,108.0,108.0,108.0,108.0,147.0,213.0,217.0,163.0,273.0,187.0,177,127,130,117.0,123.0,123.0,132.0,115.0,115.0,131.0,120.0,103.0
5,109.0,105.0,94.0,78.0,80.0,91.0,102.0,114.0,109.0,108.0,55.0,56.0,52,52,101,141.0,148.0,163.0,134.0,199.0,170.0,196.0,212.0,210.0
6,271.0,193.0,70.0,219.0,165.0,135.0,145.0,105.0,114.0,66.0,78.0,115.0,133,135,140,149.0,157.0,148.0,230.0,175.0,62.0,57.0,39.0,35.0
7,49.0,53.0,44.0,39.0,40.0,46.0,66.0,62.0,83.0,73.0,58.0,75.0,86,137,157,193.0,147.0,65.0,72.0,65.0,67.0,80.0,73.0,69.0
8,79.0,61.0,46.0,48.0,72.0,67.0,57.0,62.0,90.0,114.0,123.0,68.0,61,53,67,69.0,75.0,120.0,73.0,86.0,143.0,55.0,65.0,60.0
9,62.0,62.0,55.0,80.0,46.0,45.0,39.0,41.0,45.0,50.0,52.0,56.0,57,66,66,67.0,62.0,68.0,64.0,70.0,109.0,111.0,74.0,94.0
10,89.0,62.0,70.0,101.0,79.0,85.0,69.0,68.0,75.0,62.0,77.0,92.0,114,117,105,141.0,153.0,147.0,134.0,147.0,192.0,256.0,195.0,145.0
11,100.0,100.0,35.0,62.0,67.0,53.0,57.0,95.0,79.0,118.0,78.0,107.0,114,119,137,138.0,123.0,134.0,121.0,133.0,177.0,281.0,175.0,124.0
12,109.0,111.0,40.0,78.0,80.0,81.0,83.0,75.0,127.0,127.0,111.0,197.0,202,137,137,155.0,138.0,209.0,402.0,147.0,197.0,298.0,192.0,157.0
13,117.0,104.0,80.0,75.0,61.0,66.0,75.0,86.0,101.0,129.0,159.0,166.0,221,151,148,146.0,168.0,149.0,141.0,171.0,171.0,,,172.0
14,144.0,141.0,114.0,96.0,81.0,110.0,119.0,100.0,112.0,122.0,122.0,,186,170,181,165.0,400.0,201.0,189.0,177.0,212.0,234.0,189.0,190.0
15,200.0,472.0,277.0,153.0,226.0,116.0,117.0,144.0,169.0,152.0,123.0,130.0,162,149,189,190.0,240.0,262.0,189.0,229.0,366.0,351.0,319.0,247.0
16,181.0,196.0,191.0,178.0,138.0,131.0,175.0,172.0,148.0,163.0,157.0,139.0,163,185,173,149.0,145.0,163.0,152.0,133.0,186.0,335.0,168.0,157.0
17,155.0,149.0,130.0,165.0,184.0,120.0,219.0,241.0,316.0,270.0,139.0,146.0,189,181,314,218.0,193.0,197.0,239.0,243.0,248.0,320.0,241.0,166.0
18,179.0,163.0,185.0,150.0,179.0,206.0,197.0,151.0,174.0,179.0,219.0,252.0,235,202,179,312.0,215.0,218.0,230.0,227.0,284.0,265.0,164.0,240.0
19,164.0,332.0,309.0,276.0,183.0,200.0,175.0,164.0,168.0,195.0,191.0,217.0,257,209,289,328.0,382.0,412.0,268.0,199.0,243.0,399.0,293.0,255.0
20,182.0,254.0,306.0,233.0,207.0,199.0,207.0,229.0,220.0,296.0,224.0,189.0,255,205,181,249.0,179.0,279.0,184.0,206.0,374.0,388.0,230.0,297.0
21,273.0,260.0,233.0,179.0,156.0,165.0,177.0,223.0,306.0,135.0,123.0,124.0,112,120,127,125.0,109.0,139.0,105.0,88.0,86.0,94.0,100.0,92.0
22,80.0,35.0,25.0,28.0,36.0,26.0,25.0,30.0,30.0,31.0,48.0,60.0,65,67,67,81.0,70.0,55.0,55.0,77.0,79.0,78.0,84.0,68.0
23,67.0,70.0,67.0,47.0,47.0,48.0,45.0,52.0,56.0,48.0,55.0,75.0,84,91,92,107.0,91.0,78.0,70.0,99.0,75.0,68.0,68.0,50.0
24,40.0,51.0,46.0,48.0,54.0,30.0,30.0,35.0,40.0,46.0,52.0,60.0,57,50,50,48.0,52.0,57.0,40.0,35.0,35.0,35.0,35.0,35.0
25,41.0,58.0,52.0,52.0,57.0,,,,,,,30.0,42,41,62,61.0,81.0,84.0,62.0,103.0,101.0,157.0,135.0,68.0
26,103.0,89.0,52.0,92.0,114.0,92.0,250.0,91.0,83.0,92.0,79.0,109.0,123,385,173,100.0,111.0,109.0,153.0,142.0,173.0,227.0,185.0,418.0
27,358.0,408.0,366.0,447.0,411.0,230.0,232.0,213.0,245.0,200.0,161.0,137.0,197,175,188,137.0,156.0,171.0,152.0,186.0,251.0,385.0,342.0,494.0
28,422.0,456.0,500.0,478.0,267.0,423.0,330.0,312.0,358.0,464.0,290.0,217.0,249,199,202,,,,,,,,,
29,,,,,,,,,,,,,246,380,311,346.0,284.0,290.0,273.0,211.0,406.0,446.0,385.0,319.0
30,257.0,253.0,253.0,127.0,133.0,183.0,187.0,180.0,157.0,169.0,184.0,133.0,364,240,167,165.0,270.0,234.0,212.0,245.0,301.0,298.0,201.0,220.0
"
"
October-2018,00:00:00,01:00:00,02:00:00,03:00:00,04:00:00,05:00:00,06:00:00,07:00:00,08:00:00,09:00:00,10:00:00,11:00:00,12:00:00,13:00:00,14:00:00,15:00:00,16:00:00,17:00:00,18:00:00,19:00:00,20:00:00,21:00:00,22:00:00,23:00:00
1,193,203,223,250,193,203,143,157,213,223,180,107,95,133,219,254,217,188,206,300,409,469,309.0,374
2,237,260,350,332,312,342,267,237,287,243,163,166,173,224,254,183,165,165,191,212,156,138,,141
3,174,220,222,208,131,162,152,183,162,133,138,203,251,206,248,196,186,252,169,260,255,347,266.0,142
4,330,364,435,328,420,257,200,270,287,316,165,172,141,232,370,183,228,382,263,172,193,227,445.0,342
5,304,417,498,500,481,500,415,473,457,481,458,371,414,446,500,346,277,277,277,234,297,381,332.0,312
6,315,468,409,312,401,250,319,334,297,309,308,260,267,201,260,301,269,412,229,360,425,386,479.0,372
7,329,425,346,380,412,300,177,206,217,244,306,165,222,185,320,314,194,223,208,205,336,301,292.0,368
8,226,322,287,311,409,350,312,302,224,428,322,321,304,319,417,302,270,313,255,319,345,407,413.0,344
9,327,388,419,402,354,301,283,307,316,258,260,250,257,237,198,230,222,236,224,204,233,423,461.0,456
10,411,434,458,467,453,405,378,307,258,238,259,218,199,216,202,200,200,202,263,210,228,280,242.0,272
11,252,269,288,242,260,303,310,238,237,246,258,227,205,213,230,192,246,181,161,173,175,217,167.0,141
12,138,147,113,117,118,163,143,118,125,200,307,243,189,254,183,199,188,245,249,249,455,445,420.0,435
13,341,310,325,322,349,356,369,417,434,396,394,335,336,271,261,238,234,362,362,293,500,320,425.0,439
14,412,407,425,325,332,337,438,322,253,277,315,273,209,420,216,167,175,182,178,189,389,500,500.0,358
15,304,325,315,332,334,371,339,339,320,303,312,311,230,230,230,217,216,274,279,322,424,448,448.0,434
16,477,441,390,454,500,500,500,500,436,500,473,370,380,304,265,199,192,185,500,469,471,500,484.0,470
17,500,493,429,402,406,366,378,403,404,423,344,308,260,399,348,218,262,193,349,440,500,456,500.0,500
18,500,500,500,500,459,437,408,461,468,441,355,306,376,399,261,261,229,213,252,423,399,414,454.0,500
19,436,481,403,284,303,321,246,257,330,396,333,417,428,403,416,301,304,342,311,408,394,362,351.0,351
20,353,339,342,359,396,416,436,446,451,463,487,441,345,305,260,187,299,447,259,455,410,497,464.0,431
21,331,306,355,332,412,448,400,412,417,468,348,220,500,245,206,197,179,222,186,320,482,414,406.0,396
22,375,402,323,375,367,361,334,290,315,315,314,418,420,418,440,484,418,433,361,441,500,500,500.0,500
23,487,428,356,321,309,306,305,250,257,322,253,420,309,308,215,237,294,282,380,416,395,492,500.0,500
24,500,500,500,500,491,429,409,334,434,500,453,401,463,489,482,436,360,330,430,387,427,500,500.0,493
25,435,380,461,432,429,449,414,500,500,500,494,500,488,424,350,290,240,422,405,500,478,500,500.0,496
26,500,497,472,453,441,440,430,500,500,491,488,126,75,58,102,344,301,301,358,500,414,500,473.0,433
27,449,492,500,500,495,500,500,500,500,500,435,456,456,456,414,314,314,358,371,459,500,500,470.0,475
28,499,500,469,478,472,500,456,407,424,460,479,453,449,404,378,256,251,362,302,404,493,483,500.0,473
29,500,500,452,456,462,500,500,500,440,442,427,437,426,416,378,332,301,500,389,500,500,454,500.0,500
30,500,486,500,500,500,500,493,474,426,427,404,410,406,421,414,293,324,340,432,477,500,470,500.0,500
31,500,500,500,500,500,471,472,473,500,500,500,500,382,355,345,366,382,478,486,500,500,495,500.0,500
"
"
November-2018,00:00:00,01:00:00,02:00:00,03:00:00,04:00:00,05:00:00,06:00:00,07:00:00,08:00:00,09:00:00,10:00:00,11:00:00,12:00:00,13:00:00,14:00:00,15:00:00,16:00:00,17:00:00,18:00:00,19:00:00,20:00:00,21:00:00,22:00:00,23:00:00
1,500,500,500.0,500,500,500,500,500,500.0,500.0,500.0,500.0,345.0,319.0,327.0,332.0,333,332.0,348,449,491,460,484,454
2,416,411,423.0,421,426,418,414,407,388.0,401.0,395.0,389.0,363.0,332.0,320.0,319.0,382,394.0,349,370,408,422,408,398
3,348,353,365.0,361,371,373,379,410,383.0,391.0,373.0,422.0,419.0,391.0,359.0,337.0,320,305.0,301,326,267,273,277,323
4,267,177,207.0,183,140,91,84,68,150.0,197.0,127.0,103.0,112.0,114.0,137.0,160.0,305,316.0,341,376,370,387,384,410
5,417,472,495.0,500,500,500,500,500,500.0,495.0,456.0,477.0,500.0,500.0,423.0,418.0,356,370.0,500,429,454,471,441,424
6,410,392,443.0,500,500,500,500,500,473.0,449.0,400.0,338.0,290.0,412.0,416.0,277.0,325,478.0,289,292,299,446,414,315
7,318,341,368.0,500,500,412,399,338,315.0,311.0,319.0,336.0,360.0,315.0,273.0,230.0,190,182.0,203,271,341,365,410,460
8,500,500,111.0,500,500,500,500,466,462.0,500.0,444.0,369.0,345.0,342.0,310.0,334.0,348,500.0,494,358,405,483,500,500
9,486,499,500.0,455,480,500,500,496,500.0,500.0,500.0,486.0,459.0,368.0,323.0,312.0,302,314.0,325,316,416,405,397,431
10,455,487,479.0,500,500,499,500,496,481.0,469.0,475.0,447.0,475.0,423.0,357.0,376.0,383,362.0,426,482,500,500,500,500
11,500,500,500.0,500,500,500,500,500,500.0,500.0,500.0,469.0,388.0,348.0,314.0,237.0,200,213.0,197,334,500,500,500,500
12,500,500,500.0,500,500,500,499,495,493.0,500.0,500.0,500.0,420.0,411.0,402.0,384.0,424,422.0,452,500,500,500,500,499
13,500,500,500.0,444,456,443,447,475,500.0,500.0,500.0,500.0,493.0,462.0,413.0,335.0,273,302.0,422,447,419,375,421,440
14,413,385,332.0,363,322,293,310,167,273.0,324.0,322.0,325.0,348.0,312.0,197.0,133.0,127,150.0,250,293,382,325,365,334
15,310,321,312.0,183,163,177,301,323,323.0,220.0,170.0,180.0,243.0,230.0,233.0,141.0,170,150.0,157,301,365,376,375,439
16,447,423,433.0,440,432,407,356,386,420.0,443.0,398.0,357.0,304.0,177.0,157.0,164.0,212,227.0,218,357,400,339,347,351
17,350,342,345.0,351,342,327,324,329,338.0,344.0,365.0,391.0,332.0,302.0,230.0,186.0,281,334.0,238,431,431,424,472,500
18,500,471,447.0,411,423,405,356,355,368.0,401.0,429.0,417.0,334.0,304.0,233.0,197.0,217,273.0,280,375,403,417,400,400
19,401,403,401.0,390,398,399,383,378,362.0,357.0,349.0,331.0,308.0,305.0,305.0,290.0,307,311.0,361,421,424,454,434,420
20,432,438,418.0,414,410,403,408,464,471.0,500.0,500.0,472.0,413.0,401.0,405.0,351.0,388,340.0,382,483,479,455,500,500
21,500,500,485.0,496,487,475,486,471,457.0,459.0,463.0,462.0,411.0,367.0,374.0,371.0,338,,319,396,500,500,462,401
22,419,376,345.0,345,327,335,332,315,320.0,335.0,340.0,328.0,327.0,378.0,380.0,326.0,274,500.0,240,434,491,500,500,500
23,500,461,449.0,500,500,494,437,444,447.0,470.0,449.0,,,325.0,,430.0,463,,266,410,348,477,75,395
24,342,328,,340,329,318,339,358,362.0,344.0,371.0,328.0,302.0,233.0,328.0,271.0,304,187.0,179,295,441,424,439,432
25,340,349,349.0,375,362,352,350,366,315.0,273.0,315.0,341.0,342.0,331.0,273.0,188.0,165,196.0,205,368,436,446,484,490
26,500,500,500.0,500,459,425,457,437,484.0,443.0,479.0,500.0,449.0,,,,270,203.0,411,448,500,500,465,500
27,500,500,500.0,495,500,469,440,430,430.0,500.0,500.0,500.0,486.0,461.0,333.0,150.0,233,207.0,272,437,500,500,500,500
28,500,429,375.0,376,357,428,432,425,,,,455.0,460.0,370.0,342.0,309.0,243,220.0,273,442,422,459,453,495
29,500,348,500.0,467,496,500,490,405,404.0,378.0,405.0,420.0,436.0,408.0,350.0,325.0,312,314.0,410,428,500,500,500,448
30,443,472,449.0,456,440,441,400,404,,368.0,,,,,327.0,304.0,270,329.0,399,344,500,500,500,479
"
"
December-2018,00:00:00,01:00:00,02:00:00,03:00:00,04:00:00,05:00:00,06:00:00,07:00:00,08:00:00,09:00:00,10:00:00,11:00:00,12:00:00,13:00:00,14:00:00,15:00:00,16:00:00,17:00:00,18:00:00,19:00:00,20:00:00,21:00:00,22:00:00,23:00:00
1,446.0,422.0,444.0,453.0,462.0,444.0,392.0,352.0,331.0,342.0,365.0,378.0,371.0,328.0,391.0,239,197,204.0,285.0,461.0,391.0,451.0,443.0,418.0
2,439.0,455.0,390.0,378.0,359.0,352.0,344.0,359.0,411.0,396.0,387.0,358.0,328.0,322.0,240.0,203,160,177.0,189.0,403.0,500.0,500.0,453.0,500.0
3,494.0,500.0,435.0,388.0,395.0,365.0,358.0,365.0,348.0,365.0,362.0,380.0,350.0,320.0,293.0,233,356,274.0,237.0,464.0,500.0,500.0,500.0,439.0
4,485.0,474.0,130.0,500.0,476.0,500.0,500.0,470.0,483.0,453.0,425.0,420.0,391.0,,346.0,230,200,261.0,336.0,478.0,434.0,468.0,423.0,500.0
5,500.0,500.0,500.0,500.0,500.0,500.0,401.0,375.0,383.0,401.0,444.0,,,,,302,390,500.0,332.0,424.0,445.0,433.0,428.0,500.0
6,500.0,500.0,500.0,500.0,484.0,500.0,491.0,464.0,425.0,,,500.0,451.0,460.0,318.0,311,310,280.0,368.0,476.0,480.0,454.0,437.0,384.0
7,472.0,,,,474.0,437.0,423.0,451.0,392.0,401.0,397.0,425.0,439.0,401.0,398.0,315,306,330.0,263.0,479.0,483.0,450.0,440.0,500.0
8,488.0,494.0,500.0,441.0,443.0,380.0,359.0,379.0,371.0,363.0,368.0,380.0,410.0,398.0,431.0,415,402,335.0,358.0,306.0,492.0,500.0,500.0,444.0
9,460.0,455.0,474.0,486.0,480.0,429.0,420.0,418.0,425.0,480.0,500.0,500.0,445.0,318.0,302.0,322,243,273.0,297.0,323.0,462.0,500.0,500.0,500.0
10,500.0,469.0,454.0,461.0,474.0,486.0,470.0,435.0,429.0,485.0,500.0,445.0,416.0,390.0,364.0,339,318,,,,,,,
11,,,,,,,,,,,,410.0,421.0,378.0,329.0,322,341,371.0,412.0,433.0,491.0,500.0,500.0,500.0
12,466.0,441.0,476.0,495.0,455.0,436.0,464.0,403.0,395.0,410.0,426.0,438.0,407.0,230.0,166.0,147,127,134.0,125.0,200.0,307.0,326.0,297.0,302.0
13,301.0,240.0,203.0,112.0,111.0,111.0,120.0,105.0,141.0,163.0,297.0,150.0,177.0,222.0,130.0,135,173,164.0,143.0,270.0,344.0,341.0,312.0,301.0
14,290.0,270.0,307.0,297.0,301.0,325.0,243.0,220.0,183.0,217.0,230.0,270.0,336.0,336.0,204.0,181,188,314.0,159.0,265.0,409.0,421.0,301.0,306.0
15,270.0,290.0,260.0,302.0,307.0,290.0,333.0,305.0,323.0,316.0,311.0,316.0,333.0,,273.0,192,311,210.0,199.0,248.0,429.0,237.0,297.0,341.0
16,315.0,424.0,327.0,325.0,403.0,325.0,267.0,312.0,308.0,330.0,332.0,362.0,446.0,306.0,260.0,260,244,197.0,428.0,389.0,402.0,374.0,341.0,398.0
17,473.0,500.0,434.0,404.0,402.0,420.0,417.0,427.0,374.0,411.0,500.0,487.0,442.0,440.0,500.0,303,261,402.0,,476.0,419.0,485.0,500.0,500.0
18,500.0,500.0,500.0,500.0,485.0,469.0,444.0,475.0,455.0,449.0,422.0,473.0,417.0,437.0,352.0,311,316,277.0,396.0,500.0,435.0,489.0,500.0,499.0
19,422.0,421.0,440.0,437.0,438.0,440.0,447.0,454.0,421.0,421.0,391.0,348.0,345.0,,349.0,348,409,432.0,401.0,,500.0,481.0,429.0,426.0
20,474.0,500.0,499.0,487.0,500.0,492.0,500.0,500.0,499.0,458.0,449.0,447.0,419.0,385.0,,352,349,349.0,418.0,440.0,488.0,500.0,500.0,500.0
21,500.0,483.0,472.0,484.0,465.0,444.0,434.0,392.0,405.0,430.0,463.0,489.0,469.0,404.0,429.0,396,385,401.0,384.0,483.0,473.0,489.0,500.0,500.0
22,500.0,500.0,500.0,479.0,475.0,466.0,414.0,417.0,447.0,452.0,500.0,500.0,487.0,429.0,451.0,369,325,334.0,425.0,484.0,480.0,500.0,500.0,500.0
23,500.0,500.0,138.0,500.0,500.0,500.0,500.0,500.0,500.0,500.0,500.0,500.0,500.0,452.0,414.0,388,355,349.0,405.0,418.0,500.0,500.0,500.0,500.0
24,500.0,500.0,500.0,500.0,500.0,500.0,500.0,500.0,500.0,500.0,500.0,500.0,500.0,480.0,437.0,438,453,470.0,467.0,478.0,500.0,500.0,500.0,500.0
25,500.0,500.0,489.0,500.0,500.0,500.0,492.0,457.0,420.0,398.0,374.0,396.0,425.0,475.0,423.0,408,404,430.0,407.0,479.0,443.0,484.0,500.0,500.0
26,500.0,500.0,499.0,473.0,465.0,468.0,384.0,414.0,422.0,429.0,423.0,417.0,426.0,455.0,410.0,356,435,336.0,344.0,500.0,459.0,500.0,500.0,500.0
27,500.0,500.0,56.0,500.0,500.0,500.0,500.0,500.0,500.0,500.0,500.0,500.0,483.0,374.0,383.0,356,421,358.0,500.0,500.0,500.0,500.0,486.0,472.0
28,450.0,479.0,500.0,444.0,431.0,426.0,449.0,477.0,474.0,451.0,422.0,446.0,487.0,460.0,457.0,438,405,408.0,454.0,436.0,449.0,500.0,500.0,500.0
29,500.0,500.0,500.0,482.0,500.0,453.0,500.0,435.0,382.0,410.0,451.0,468.0,431.0,362.0,348.0,320,418,380.0,411.0,460.0,453.0,500.0,500.0,500.0
30,500.0,500.0,158.0,500.0,500.0,,472.0,500.0,500.0,496.0,450.0,474.0,430.0,388.0,341.0,329,337,290.0,270.0,436.0,448.0,483.0,500.0,500.0
31,500.0,500.0,500.0,500.0,500.0,500.0,500.0,500.0,500.0,500.0,500.0,500.0,500.0,500.0,416.0,366,332,256.0,249.0,435.0,500.0,480.0,500.0,500.0
"
"
Year,2019
January-2019,00:00:00,01:00:00,02:00:00,03:00:00,04:00:00,05:00:00,06:00:00,07:00:00,08:00:00,09:00:00,10:00:00,11:00:00,12:00:00,13:00:00,14:00:00,15:00:00,16:00:00,17:00:00,18:00:00,19:00:00,20:00:00,21:00:00,22:00:00,23:00:00
1,500,500.0,500.0,437.0,432.0,450.0,416.0,374,403.0,414.0,414.0,484.0,500.0,419.0,336.0,327,345.0,336,325.0,382,500,500,500,500
2,500,500.0,500.0,500.0,500.0,500.0,500.0,500,500.0,500.0,500.0,500.0,478.0,414.0,401.0,349,335.0,341,419.0,500,430,500,500,500
3,500,500.0,500.0,500.0,500.0,500.0,500.0,500,500.0,500.0,480.0,430.0,454.0,500.0,500.0,472,445.0,83,416.0,468,500,500,500,500
4,500,487.0,102.0,483.0,436.0,378.0,373.0,355,355.0,382.0,404.0,405.0,437.0,434.0,434.0,386,422.0,455,440.0,438,464,500,500,500
5,500,500.0,142.0,500.0,500.0,500.0,500.0,499,500.0,500.0,500.0,480.0,449.0,375.0,309.0,295,265.0,302,314.0,407,489,500,500,500
6,500,463.0,430.0,428.0,413.0,437.0,384.0,303,217.0,200.0,318.0,314.0,312.0,309.0,280.0,217,267.0,257,217.0,302,320,328,370,405
7,401,374.0,404.0,392.0,395.0,363.0,363.0,382,385.0,387.0,369.0,462.0,455.0,418.0,361.0,333,325.0,486,301.0,400,480,500,469,450
8,393,439.0,55.0,407.0,362.0,403.0,362.0,348,348.0,340.0,395.0,420.0,420.0,312.0,358.0,277,193.0,240,262.0,315,476,500,444,416
9,371,356.0,342.0,362.0,342.0,341.0,336.0,328,359.0,401.0,438.0,342.0,319.0,263.0,407.0,300,229.0,244,312.0,412,456,429,500,438
10,389,361.0,389.0,401.0,405.0,403.0,447.0,370,375.0,438.0,414.0,420.0,406.0,406.0,344.0,303,228.0,253,192.0,475,475,462,443,470
11,500,500.0,491.0,500.0,499.0,481.0,478.0,500,447.0,500.0,500.0,500.0,489.0,422.0,315.0,352,243.0,358,401.0,500,464,500,500,497
12,500,455.0,500.0,,500.0,,,500,,,,500.0,,500.0,434.0,325,346.0,336,451.0,471,442,500,500,480
13,500,500.0,500.0,467.0,432.0,408.0,315.0,320,319.0,327.0,376.0,418.0,406.0,403.0,312.0,430,456.0,424,415.0,415,421,406,307,306
14,277,167.0,174.0,203.0,151.0,127.0,147.0,141,260.0,181.0,178.0,230.0,350.0,421.0,454.0,440,472.0,458,444.0,464,463,500,470,340
15,290,220.0,213.0,163.0,213.0,200.0,257.0,308,339.0,345.0,357.0,378.0,424.0,443.0,500.0,447,480.0,413,422.0,485,500,500,497,473
16,429,417.0,443.0,465.0,484.0,429.0,421.0,467,346.0,315.0,340.0,418.0,494.0,315.0,240.0,310,321.0,396,428.0,470,500,500,500,500
17,500,500.0,136.0,500.0,500.0,500.0,499.0,479,500.0,,500.0,,,,500.0,495,487.0,425,,500,500,470,455,420
18,420,424.0,,392.0,405.0,414.0,369.0,333,332.0,328.0,371.0,361.0,351.0,,,401,488.0,410,447.0,500,420,473,496,500
19,500,,,,,,,392,407.0,476.0,500.0,500.0,490.0,435.0,312.0,213,348.0,410,325.0,500,432,500,500,500
20,500,500.0,500.0,500.0,500.0,500.0,500.0,500,500.0,500.0,500.0,500.0,500.0,387.0,309.0,293,170.0,197,167.0,396,441,500,500,500
21,500,486.0,500.0,419.0,397.0,388.0,399.0,396,376.0,365.0,379.0,380.0,362.0,315.0,290.0,267,,267,113.0,170,167,119,113,168
22,113,110.0,92.0,113.0,88.0,63.0,59.0,66,75.0,67.0,83.0,,,,,83,58.0,143,203.0,120,87,79,73,80
23,70,88.0,100.0,118.0,70.0,63.0,57.0,83,93.0,329.0,230.0,230.0,324.0,167.0,207.0,297,325.0,297,331.0,312,302,307,388,403
24,316,277.0,297.0,240.0,220.0,160.0,167.0,203,213.0,293.0,312.0,318.0,401.0,411.0,307.0,304,436.0,440,295.0,396,200,175,160,133
25,133,91.0,107.0,80.0,60.0,42.0,47.0,47,73.0,213.0,267.0,107.0,85.0,140.0,171.0,188,341.0,199,,277,415,260,315,315
26,315,316.0,310.0,307.0,299.0,222.0,298.0,318,338.0,354.0,341.0,318.0,163.0,170.0,189.0,107,93.0,102,215.0,157,389,307,150,315
27,304,301.0,417.0,314.0,267.0,160.0,203.0,207,233.0,303.0,315.0,328.0,325.0,428.0,366.0,166,197.0,155,168.0,179,340,220,322,273
28,240,177.0,160.0,183.0,213.0,306.0,180.0,170,213.0,395.0,310.0,306.0,287.0,406.0,408.0,199,261.0,240,318.0,362,410,325,412,426
29,302,302.0,314.0,150.0,193.0,147.0,230.0,240,316.0,332.0,339.0,361.0,305.0,453.0,355.0,279,325.0,442,187.0,356,484,500,414,493
30,385,472.0,339.0,314.0,325.0,319.0,277.0,312,327.0,357.0,353.0,358.0,406.0,449.0,336.0,318,424.0,322,382.0,401,500,459,486,500
31,500,500.0,500.0,500.0,410.0,407.0,365.0,361,366.0,384.0,399.0,349.0,307.0,257.0,233.0,230,160.0,200,160.0,167,203,287,305,302
"
"
February-2019,00:00:00,01:00:00,02:00:00,03:00:00,04:00:00,05:00:00,06:00:00,07:00:00,08:00:00,09:00:00,10:00:00,11:00:00,12:00:00,13:00:00,14:00:00,15:00:00,16:00:00,17:00:00,18:00:00,19:00:00,20:00:00,21:00:00,22:00:00,23:00:00
1,293.0,301.0,233.0,230.0,207.0,197.0,250.0,207.0,307.0,309.0,307.0,318.0,290.0,301.0,339.0,321.0,297.0,316.0,335.0,312.0,305.0,305.0,308.0,293.0
2,233.0,223.0,160.0,150.0,113.0,96.0,127.0,143.0,157.0,143.0,163.0,177.0,293.0,302.0,332.0,410.0,439.0,319.0,311.0,320.0,402.0,412.0,418.0,329.0
3,257.0,233.0,157.0,110.0,103.0,95.0,103.0,98.0,79.0,83.0,85.0,111.0,160.0,183.0,177.0,223.0,180.0,157.0,145.0,237.0,290.0,306.0,328.0,147.0
4,149.0,137.0,159.0,143.0,108.0,105.0,89.0,105.0,80.0,75.0,57.0,86.0,111.0,318.0,348.0,337.0,,,266.0,233.0,489.0,396.0,500.0,493.0
5,489.0,500.0,500.0,500.0,500.0,500.0,500.0,500.0,500.0,500.0,500.0,486.0,449.0,439.0,344.0,312.0,322.0,315.0,305.0,341.0,443.0,500.0,488.0,485.0
6,441.0,414.0,404.0,470.0,404.0,382.0,382.0,388.0,387.0,395.0,425.0,427.0,357.0,301.0,260.0,277.0,213.0,220.0,155.0,180.0,280.0,331.0,333.0,328.0
7,322.0,316.0,217.0,167.0,150.0,120.0,113.0,127.0,123.0,143.0,121.0,119.0,135.0,119.0,124.0,146.0,157.0,138.0,140.0,74.0,62.0,80.0,107.0,143.0
8,130.0,130.0,85.0,52.0,92.0,88.0,87.0,95.0,97.0,302.0,410.0,500.0,362.0,162.0,204.0,204.0,68.0,430.0,413.0,391.0,415.0,406.0,327.0,375.0
9,348.0,312.0,207.0,203.0,157.0,193.0,280.0,171.0,207.0,213.0,302.0,285.0,238.0,283.0,311.0,306.0,320.0,407.0,272.0,350.0,454.0,437.0,500.0,490.0
10,478.0,452.0,451.0,413.0,416.0,353.0,388.0,430.0,362.0,404.0,440.0,458.0,481.0,497.0,274.0,273.0,348.0,240.0,223.0,281.0,342.0,457.0,458.0,446.0
11,402.0,378.0,491.0,441.0,465.0,429.0,494.0,408.0,420.0,439.0,500.0,487.0,417.0,418.0,288.0,290.0,315.0,274.0,368.0,283.0,321.0,413.0,400.0,472.0
12,421.0,406.0,392.0,458.0,424.0,413.0,395.0,403.0,433.0,388.0,444.0,485.0,416.0,355.0,338.0,334.0,421.0,418.0,362.0,387.0,493.0,463.0,449.0,384.0
13,413.0,410.0,363.0,340.0,345.0,365.0,397.0,401.0,392.0,434.0,468.0,420.0,390.0,384.0,316.0,305.0,311.0,321.0,346.0,354.0,428.0,414.0,451.0,416.0
14,420.0,420.0,408.0,371.0,357.0,358.0,353.0,345.0,350.0,370.0,342.0,315.0,293.0,320.0,307.0,307.0,277.0,240.0,237.0,287.0,270.0,303.0,315.0,302.0
15,287.0,253.0,230.0,177.0,160.0,148.0,167.0,177.0,213.0,314.0,345.0,351.0,500.0,484.0,466.0,458.0,480.0,340.0,356.0,321.0,344.0,358.0,327.0,306.0
16,325.0,327.0,280.0,200.0,233.0,253.0,304.0,304.0,290.0,253.0,240.0,249.0,429.0,434.0,260.0,415.0,274.0,398.0,426.0,240.0,419.0,279.0,306.0,396.0
17,320.0,366.0,310.0,243.0,164.0,233.0,302.0,213.0,187.0,140.0,144.0,388.0,309.0,435.0,411.0,420.0,300.0,261.0,370.0,235.0,451.0,500.0,488.0,500.0
18,429.0,500.0,364.0,416.0,322.0,302.0,165.0,196.0,257.0,500.0,395.0,399.0,328.0,302.0,,,171.0,166.0,165.0,170.0,189.0,167.0,200.0,177.0
19,170.0,147.0,133.0,143.0,119.0,131.0,193.0,260.0,311.0,305.0,213.0,230.0,167.0,250.0,270.0,267.0,391.0,329.0,331.0,297.0,349.0,325.0,342.0,349.0
20,354.0,315.0,323.0,303.0,243.0,297.0,303.0,277.0,310.0,140.0,65.0,68.0,84.0,120.0,111.0,91.0,88.0,91.0,109.0,127.0,97.0,163.0,98.0,95.0
21,200.0,127.0,98.0,157.0,150.0,140.0,180.0,110.0,97.0,187.0,170.0,130.0,101.0,101.0,111.0,104.0,111.0,133.0,110.0,130.0,250.0,303.0,320.0,320.0
22,354.0,342.0,267.0,163.0,183.0,133.0,98.0,120.0,110.0,157.0,90.0,108.0,103.0,153.0,139.0,111.0,126.0,131.0,81.0,91.0,111.0,78.0,107.0,233.0
23,170.0,88.0,85.0,63.0,62.0,103.0,75.0,150.0,217.0,213.0,85.0,105.0,130.0,327.0,127.0,105.0,,105.0,75.0,70.0,213.0,183.0,,207.0
24,355.0,223.0,167.0,177.0,226.0,244.0,194.0,148.0,213.0,267.0,163.0,177.0,193.0,91.0,78.0,95.0,88.0,105.0,75.0,120.0,177.0,319.0,314.0,332.0
25,273.0,287.0,203.0,237.0,304.0,180.0,280.0,312.0,230.0,333.0,310.0,290.0,,97.0,72.0,,150.0,105.0,,90.0,113.0,49.0,59.0,72.0
26,79.0,,,,,,,,,87.0,107.0,113.0,67.0,73.0,92.0,183.0,200.0,,93.0,72.0,73.0,78.0,130.0,93.0
27,70.0,76.0,73.0,67.0,68.0,68.0,80.0,51.0,52.0,70.0,70.0,80.0,94.0,,,,,,,,,,,
28,,,,,,,,,,,,,,,,,,,,,,,,
"
"
March-2019,00:00:00,01:00:00,02:00:00,03:00:00,04:00:00,05:00:00,06:00:00,07:00:00,08:00:00,09:00:00,10:00:00,11:00:00,12:00:00,13:00:00,14:00:00,15:00:00,16:00:00,17:00:00,18:00:00,19:00:00,20:00:00,21:00:00,22:00:00,23:00:00
1,414.0,378.0,375.0,386.0,406.0,414.0,411.0,387.0,367.0,388.0,398.0,,290.0,162.0,,,148.0,,73.0,,133.0,273.0,270.0,342.0
2,380.0,,,16.0,,320.0,,356.0,,,,70.0,,489.0,,243.0,,207.0,,130.0,,223.0,,93.0
3,92.0,,237.0,,120.0,,170.0,200.0,167.0,123.0,130.0,97.0,85.0,75.0,,77.0,,95.0,,107.0,,277.0,,320.0
4,,322.0,,303.0,,305.0,,,280.0,,352.0,,320.0,,250.0,,207.0,,121.0,,230.0,,306.0,
5,301.0,280.0,,307.0,,240.0,,,,319.0,,312.0,,140.0,,,73.0,,73.0,,163.0,307.0,327.0,341.0
6,,358.0,,332.0,,311.0,,386.0,380.0,388.0,395.0,342.0,170.0,,97.0,,68.0,60.0,48.0,,130.0,,308.0,339.0
7,383.0,,331.0,,422.0,,407.0,340.0,302.0,,318.0,,223.0,113.0,88.0,,63.0,,73.0,,200.0,,308.0,
8,308.0,335.0,320.0,,362.0,306.0,302.0,375.0,329.0,,358.0,325.0,322.0,267.0,414.0,339.0,326.0,245.0,308.0,189.0,480.0,500.0,429.0,315.0
9,250.0,,300.0,267.0,369.0,369.0,366.0,395.0,436.0,376.0,364.0,261.0,263.0,,296.0,408.0,322.0,194.0,229.0,177.0,238.0,358.0,277.0,233.0
10,213.0,267.0,330.0,,303.0,237.0,243.0,309.0,250.0,401.0,189.0,177.0,185.0,267.0,300.0,189.0,184.0,119.0,173.0,153.0,306.0,445.0,500.0,477.0
11,361.0,227.0,223.0,184.0,302.0,233.0,187.0,197.0,187.0,207.0,204.0,230.0,197.0,170.0,163.0,171.0,175.0,171.0,168.0,326.0,314.0,190.0,321.0,466.0
12,164.0,131.0,126.0,131.0,143.0,101.0,166.0,169.0,163.0,220.0,115.0,200.0,213.0,287.0,220.0,197.0,302.0,230.0,220.0,207.0,277.0,223.0,213.0,315.0
13,277.0,140.0,113.0,163.0,107.0,237.0,310.0,311.0,287.0,305.0,323.0,270.0,315.0,240.0,217.0,257.0,233.0,260.0,297.0,150.0,337.0,446.0,350.0,323.0
14,311.0,318.0,240.0,253.0,303.0,280.0,308.0,328.0,270.0,301.0,302.0,302.0,197.0,257.0,177.0,120.0,52.0,40.0,44.0,47.0,57.0,70.0,107.0,180.0
15,177.0,160.0,200.0,163.0,157.0,273.0,230.0,240.0,280.0,147.0,143.0,143.0,127.0,160.0,103.0,65.0,87.0,,55.0,65.0,150.0,302.0,341.0,320.0
16,308.0,306.0,220.0,253.0,305.0,303.0,183.0,310.0,315.0,348.0,311.0,257.0,267.0,267.0,163.0,77.0,186.0,67.0,306.0,175.0,370.0,451.0,296.0,394.0
17,342.0,500.0,365.0,365.0,409.0,408.0,420.0,437.0,479.0,460.0,449.0,322.0,261.0,171.0,416.0,201.0,201.0,155.0,160.0,145.0,355.0,371.0,311.0,308.0
18,257.0,287.0,331.0,388.0,442.0,363.0,350.0,368.0,391.0,483.0,452.0,380.0,309.0,209.0,257.0,172.0,285.0,241.0,234.0,240.0,424.0,500.0,480.0,372.0
19,408.0,340.0,395.0,428.0,426.0,452.0,424.0,365.0,369.0,421.0,425.0,335.0,233.0,222.0,212.0,322.0,255.0,403.0,268.0,179.0,500.0,493.0,348.0,435.0
20,405.0,424.0,276.0,310.0,293.0,354.0,273.0,243.0,280.0,318.0,254.0,237.0,200.0,199.0,185.0,189.0,196.0,197.0,368.0,219.0,285.0,245.0,,273.0
21,340.0,348.0,340.0,320.0,324.0,344.0,352.0,352.0,365.0,365.0,332.0,197.0,230.0,200.0,127.0,112.0,117.0,134.0,153.0,80.0,100.0,108.0,129.0,126.0
22,287.0,304.0,273.0,133.0,123.0,147.0,127.0,243.0,297.0,308.0,223.0,159.0,244.0,222.0,432.0,441.0,416.0,446.0,226.0,160.0,169.0,279.0,334.0,305.0
23,165.0,143.0,127.0,170.0,293.0,223.0,267.0,233.0,217.0,301.0,302.0,201.0,418.0,262.0,289.0,278.0,409.0,420.0,194.0,140.0,277.0,,,
24,,,,,,,,,,,,,,,,,,,,,,,,
25,,,,,,,,177.0,187.0,302.0,290.0,197.0,155.0,177.0,177.0,194.0,199.0,185.0,360.0,138.0,127.0,159.0,171.0,253.0
26,302.0,325.0,356.0,400.0,322.0,305.0,302.0,362.0,388.0,328.0,290.0,260.0,185.0,415.0,293.0,159.0,243.0,215.0,211.0,185.0,407.0,500.0,292.0,384.0
27,421.0,331.0,303.0,328.0,332.0,312.0,340.0,331.0,333.0,329.0,342.0,287.0,277.0,199.0,212.0,168.0,181.0,213.0,140.0,245.0,391.0,500.0,453.0,349.0
28,371.0,438.0,443.0,429.0,461.0,388.0,437.0,439.0,398.0,338.0,318.0,217.0,145.0,163.0,193.0,223.0,165.0,153.0,199.0,205.0,292.0,480.0,432.0,454.0
29,449.0,332.0,308.0,,315.0,,,,,454.0,389.0,267.0,312.0,161.0,431.0,305.0,292.0,192.0,215.0,170.0,251.0,460.0,385.0,301.0
30,237.0,223.0,301.0,344.0,403.0,293.0,305.0,405.0,436.0,418.0,339.0,311.0,213.0,159.0,175.0,149.0,137.0,235.0,200.0,265.0,244.0,321.0,417.0,355.0
31,212.0,293.0,310.0,277.0,233.0,233.0,240.0,170.0,240.0,315.0,302.0,257.0,500.0,500.0,419.0,402.0,402.0,360.0,252.0,162.0,251.0,299.0,314.0,340.0
"
"
April-2019,00:00:00,01:00:00,02:00:00,03:00:00,04:00:00,05:00:00,06:00:00,07:00:00,08:00:00,09:00:00,10:00:00,11:00:00,12:00:00,13:00:00,14:00:00,15:00:00,16:00:00,17:00:00,18:00:00,19:00:00,20:00:00,21:00:00,22:00:00,23:00:00
1,297,193,243.0,243,240,157.0,363,383,382.0,374.0,312.0,226.0,348.0,305.0,287.0,421.0,322.0,366.0,239.0,211,160,174.0,175.0,290.0
2,197,167,267.0,338,328,368.0,348,318,328.0,391.0,312.0,303.0,169.0,212.0,198.0,210.0,192.0,197.0,186.0,206,215,414.0,439.0,478.0
3,436,406,325.0,350,324,370.0,362,375,,416.0,352.0,290.0,220.0,229.0,165.0,176.0,219.0,212.0,156.0,211,401,493.0,495.0,470.0
4,436,415,389.0,500,438,391.0,458,500,454.0,500.0,430.0,,268.0,184.0,177.0,137.0,173.0,350.0,193.0,350,398,417.0,417.0,445.0
5,447,446,445.0,370,302,352.0,353,397,458.0,484.0,464.0,308.0,227.0,197.0,177.0,219.0,273.0,305.0,196.0,171,259,323.0,350.0,500.0
6,328,266,50.0,267,402,318.0,348,335,436.0,450.0,364.0,409.0,403.0,424.0,478.0,284.0,368.0,243.0,234.0,255,219,500.0,459.0,413.0
7,447,425,358.0,380,401,406.0,416,398,414.0,448.0,336.0,361.0,,336.0,361.0,314.0,278.0,266.0,200.0,201,218,130.0,345.0,423.0
8,497,164,102.0,164,296,179.0,196,201,254.0,250.0,381.0,434.0,425.0,410.0,332.0,246.0,232.0,199.0,429.0,206,188,188.0,195.0,224.0
9,255,246,273.0,411,370,358.0,338,315,181.0,184.0,174.0,178.0,185.0,263.0,195.0,278.0,189.0,184.0,189.0,204,356,500.0,500.0,500.0
10,445,490,414.0,316,314,335.0,457,390,429.0,400.0,243.0,184.0,150.0,167.0,144.0,147.0,227.0,162.0,161.0,240,435,471.0,399.0,240.0
11,160,131,130.0,141,139,199.0,219,287,500.0,416.0,304.0,325.0,268.0,250.0,217.0,370.0,199.0,227.0,293.0,384,320,469.0,420.0,293.0
12,290,270,193.0,187,348,500.0,329,444,403.0,218.0,215.0,200.0,267.0,238.0,228.0,171.0,144.0,293.0,212.0,215,335,452.0,292.0,283.0
13,255,266,281.0,338,391,,393,320,478.0,437.0,362.0,418.0,500.0,430.0,453.0,223.0,174.0,163.0,284.0,162,175,202.0,197.0,174.0
14,131,312,48.0,350,319,331.0,297,301,327.0,331.0,205.0,201.0,165.0,165.0,140.0,130.0,187.0,326.0,239.0,189,391,374.0,382.0,202.0
15,244,179,156.0,123,124,79.0,111,133,301.0,325.0,207.0,193.0,288.0,273.0,218.0,273.0,186.0,181.0,193.0,186,308,450.0,463.0,478.0
16,500,500,410.0,489,223,135.0,118,22,32.0,50.0,52.0,60.0,129.0,125.0,129.0,125.0,129.0,133.0,140.0,233,63,69.0,81.0,70.0
17,90,120,41.0,31,31,30.0,52,88,75.0,70.0,57.0,66.0,70.0,90.0,84.0,76.0,86.0,78.0,144.0,48,52,68.0,88.0,55.0
18,59,70,105.0,53,57,58.0,103,81,84.0,105.0,115.0,115.0,126.0,86.0,84.0,115.0,81.0,104.0,95.0,105,156,171.0,230.0,240.0
19,242,325,,361,348,342.0,370,401,402.0,365.0,315.0,130.0,116.0,97.0,126.0,123.0,94.0,131.0,135.0,137,165,342.0,381.0,315.0
20,391,355,365.0,375,439,438.0,368,373,390.0,388.0,371.0,320.0,129.0,121.0,123.0,153.0,111.0,123.0,145.0,129,271,334.0,262.0,218.0
21,303,448,457.0,368,379,378.0,417,413,414.0,358.0,346.0,160.0,157.0,329.0,153.0,194.0,159.0,183.0,178.0,166,159,299.0,394.0,246.0
22,293,239,277.0,311,307,307.0,318,416,420.0,434.0,430.0,378.0,202.0,126.0,148.0,153.0,235.0,300.0,209.0,250,399,402.0,342.0,420.0
23,427,352,388.0,380,337,376.0,403,425,500.0,434.0,426.0,399.0,184.0,149.0,179.0,249.0,244.0,292.0,234.0,222,309,476.0,500.0,434.0
24,349,260,260.0,190,176,181.0,184,198,222.0,267.0,271.0,250.0,257.0,238.0,227.0,189.0,222.0,408.0,254.0,334,390,368.0,424.0,432.0
25,426,391,297.0,240,267,222.0,212,195,228.0,206.0,204.0,221.0,256.0,230.0,237.0,261.0,204.0,279.0,438.0,251,457,191.0,169.0,189.0
26,212,181,189.0,267,217,224.0,301,390,487.0,424.0,331.0,223.0,212.0,175.0,416.0,318.0,409.0,309.0,417.0,278,414,,,
27,461,444,448.0,364,338,275.0,206,310,,354.0,228.0,373.0,467.0,500.0,487.0,487.0,484.0,475.0,453.0,410,346,374.0,408.0,395.0
28,424,423,400.0,315,369,349.0,309,336,368.0,308.0,349.0,298.0,345.0,438.0,403.0,391.0,435.0,326.0,250.0,197,270,435.0,423.0,424.0
29,443,407,419.0,355,308,259.0,354,418,358.0,428.0,440.0,371.0,213.0,,,102.0,101.0,259.0,199.0,250,410,500.0,432.0,479.0
30,456,319,303.0,309,290,250.0,227,302,325.0,,,,,,,,,,,243,290,410.0,464.0,401.0
"
"
May-2019,00:00:00,01:00:00,02:00:00,03:00:00,04:00:00,05:00:00,06:00:00,07:00:00,08:00:00,09:00:00,10:00:00,11:00:00,12:00:00,13:00:00,14:00:00,15:00:00,16:00:00,17:00:00,18:00:00,19:00:00,20:00:00,21:00:00,22:00:00,23:00:00
1,423.0,422.0,418.0,290.0,253.0,272.0,400.0,368.0,256.0,187.0,213.0,230.0,287.0,376.0,307.0,281.0,193.0,166.0,188.0,173.0,361.0,424.0,442.0,428.0
2,381.0,420.0,410.0,382.0,278.0,171.0,170.0,149.0,144.0,164.0,179.0,221.0,260.0,277.0,299.0,350.0,277.0,348.0,270.0,489.0,337.0,159.0,111.0,105.0
3,118.0,105.0,68.0,67.0,61.0,72.0,101.0,127.0,175.0,169.0,177.0,220.0,373.0,327.0,134.0,225.0,181.0,168.0,142.0,155.0,279.0,133.0,172.0,209.0
4,205.0,280.0,335.0,179.0,62.0,63.0,59.0,59.0,55.0,52.0,81.0,112.0,94.0,102.0,114.0,,,,,,,,,
5,,,,,,,,,,,,,,,,,,,,,,,,
6,,,,,,,,,,,,426.0,420.0,371.0,416.0,368.0,403.0,288.0,265.0,217.0,410.0,386.0,500.0,456.0
7,440.0,489.0,478.0,455.0,465.0,410.0,436.0,386.0,357.0,400.0,322.0,432.0,436.0,453.0,450.0,444.0,500.0,500.0,434.0,340.0,421.0,,,
8,500.0,415.0,500.0,500.0,500.0,470.0,491.0,457.0,459.0,500.0,492.0,500.0,500.0,495.0,476.0,438.0,335.0,356.0,407.0,375.0,422.0,455.0,452.0,476.0
9,478.0,500.0,500.0,484.0,480.0,470.0,456.0,447.0,419.0,371.0,482.0,500.0,500.0,500.0,475.0,460.0,381.0,306.0,279.0,358.0,408.0,472.0,493.0,490.0
10,500.0,500.0,448.0,464.0,425.0,422.0,320.0,276.0,403.0,400.0,403.0,314.0,348.0,301.0,279.0,221.0,255.0,272.0,382.0,193.0,362.0,500.0,256.0,157.0
11,188.0,153.0,30.0,177.0,184.0,222.0,329.0,448.0,440.0,384.0,378.0,348.0,277.0,305.0,349.0,248.0,215.0,233.0,430.0,382.0,470.0,459.0,,
12,457.0,468.0,467.0,469.0,485.0,475.0,427.0,450.0,480.0,450.0,370.0,334.0,333.0,500.0,465.0,402.0,223.0,191.0,209.0,335.0,322.0,384.0,403.0,439.0
13,439.0,459.0,483.0,491.0,500.0,500.0,500.0,500.0,500.0,500.0,500.0,480.0,433.0,328.0,337.0,312.0,250.0,217.0,192.0,500.0,430.0,167.0,170.0,146.0
14,88.0,70.0,58.0,44.0,75.0,233.0,310.0,314.0,319.0,297.0,180.0,193.0,135.0,146.0,116.0,124.0,153.0,161.0,185.0,211.0,216.0,410.0,480.0,421.0
15,500.0,500.0,432.0,315.0,327.0,407.0,327.0,322.0,410.0,368.0,165.0,107.0,104.0,96.0,107.0,111.0,125.0,127.0,117.0,118.0,144.0,209.0,403.0,402.0
16,309.0,278.0,281.0,298.0,348.0,322.0,385.0,312.0,396.0,115.0,69.0,81.0,114.0,123.0,88.0,173.0,116.0,143.0,156.0,163.0,283.0,301.0,401.0,335.0
17,378.0,400.0,495.0,436.0,429.0,355.0,405.0,445.0,301.0,500.0,315.0,478.0,471.0,339.0,165.0,147.0,197.0,74.0,94.0,95.0,102.0,90.0,99.0,111.0
18,46.0,44.0,77.0,67.0,97.0,99.0,140.0,92.0,118.0,329.0,213.0,86.0,80.0,75.0,,,,,111.0,129.0,157.0,241.0,253.0,250.0
19,226.0,253.0,249.0,,,5.0,,,,,,,,,,,,,,,,,,
20,,,,,,,,,,,2.0,67.0,237.0,188.0,175.0,175.0,227.0,168.0,209.0,172.0,209.0,284.0,292.0,254.0
21,401.0,446.0,348.0,391.0,373.0,369.0,395.0,466.0,470.0,371.0,332.0,290.0,189.0,170.0,165.0,161.0,157.0,149.0,178.0,238.0,201.0,223.0,211.0,167.0
22,155.0,308.0,321.0,385.0,320.0,319.0,332.0,304.0,320.0,230.0,181.0,329.0,388.0,332.0,334.0,215.0,199.0,248.0,189.0,237.0,388.0,219.0,440.0,380.0
23,369.0,284.0,202.0,290.0,412.0,416.0,436.0,407.0,406.0,297.0,273.0,360.0,272.0,285.0,292.0,272.0,224.0,277.0,192.0,336.0,253.0,,118.0,122.0
24,137.0,85.0,92.0,68.0,78.0,105.0,133.0,177.0,237.0,257.0,155.0,163.0,239.0,133.0,97.0,88.0,111.0,101.0,109.0,95.0,163.0,140.0,163.0,266.0
25,312.0,253.0,290.0,277.0,329.0,140.0,127.0,112.0,197.0,153.0,161.0,155.0,167.0,153.0,145.0,159.0,171.0,129.0,160.0,151.0,159.0,134.0,237.0,186.0
26,155.0,155.0,43.0,133.0,142.0,148.0,243.0,328.0,337.0,365.0,302.0,179.0,129.0,117.0,115.0,105.0,155.0,148.0,133.0,122.0,129.0,166.0,189.0,179.0
27,179.0,243.0,267.0,318.0,270.0,312.0,358.0,339.0,365.0,350.0,305.0,253.0,173.0,162.0,166.0,,193.0,255.0,183.0,229.0,185.0,251.0,261.0,178.0
28,312.0,245.0,68.0,322.0,421.0,432.0,404.0,342.0,400.0,418.0,336.0,183.0,175.0,148.0,181.0,199.0,175.0,305.0,354.0,252.0,399.0,394.0,493.0,349.0
29,261.0,306.0,223.0,220.0,443.0,301.0,408.0,355.0,408.0,350.0,368.0,227.0,189.0,370.0,201.0,200.0,245.0,221.0,218.0,332.0,255.0,346.0,415.0,381.0
30,441.0,487.0,436.0,358.0,396.0,360.0,390.0,394.0,358.0,429.0,402.0,358.0,301.0,254.0,215.0,279.0,482.0,289.0,369.0,266.0,292.0,401.0,448.0,472.0
31,359.0,418.0,350.0,449.0,414.0,478.0,460.0,499.0,465.0,445.0,428.0,465.0,432.0,,399.0,361.0,283.0,356.0,348.0,470.0,426.0,500.0,428.0,411.0
"
"
June-2019,00:00:00,01:00:00,02:00:00,03:00:00,04:00:00,05:00:00,06:00:00,07:00:00,08:00:00,09:00:00,10:00:00,11:00:00,12:00:00,13:00:00,14:00:00,15:00:00,16:00:00,17:00:00,18:00:00,19:00:00,20:00:00,21:00:00,22:00:00,23:00:00
1,461.0,471.0,484.0,422.0,250.0,237.0,330.0,451.0,470.0,381.0,302.0,239.0,342.0,401.0,339.0,294.0,294.0,260.0,292.0,355.0,312.0,362.0,336.0,314.0
2,256.0,262.0,325.0,235.0,212.0,181.0,170.0,175.0,169.0,193.0,201.0,189.0,186.0,183.0,187.0,188.0,193.0,185.0,197.0,197.0,232.0,259.0,322.0,288.0
3,257.0,227.0,164.0,157.0,150.0,155.0,148.0,199.0,296.0,401.0,422.0,444.0,450.0,438.0,416.0,416.0,420.0,389.0,315.0,304.0,277.0,256.0,260.0,260.0
4,191.0,159.0,142.0,129.0,116.0,192.0,155.0,144.0,139.0,137.0,157.0,156.0,170.0,177.0,184.0,170.0,172.0,182.0,156.0,187.0,190.0,277.0,382.0,279.0
5,272.0,245.0,207.0,192.0,181.0,171.0,171.0,163.0,165.0,167.0,172.0,178.0,200.0,182.0,178.0,186.0,183.0,196.0,196.0,,232.0,244.0,376.0,416.0
6,411.0,448.0,253.0,310.0,170.0,240.0,179.0,197.0,289.0,422.0,304.0,177.0,168.0,157.0,159.0,161.0,200.0,360.0,360.0,71.0,22.0,425.0,245.0,194.0
7,133.0,130.0,,92.0,84.0,74.0,77.0,94.0,107.0,115.0,125.0,141.0,164.0,227.0,223.0,209.0,227.0,195.0,177.0,157.0,161.0,149.0,213.0,211.0
8,197.0,251.0,250.0,173.0,175.0,177.0,288.0,223.0,177.0,195.0,162.0,165.0,155.0,130.0,139.0,143.0,171.0,226.0,375.0,389.0,374.0,449.0,328.0,491.0
9,500.0,422.0,,,,,,,,,,,,,,,,,,,,,,
10,,,,,,,,,,,,,,,,,,,,,,,,
11,,,,,,,,,,,,,,,,,,,278.0,273.0,328.0,500.0,500.0,500.0
12,500.0,439.0,102.0,403.0,36.0,19.0,34.0,42.0,27.0,39.0,37.0,42.0,100.0,329.0,222.0,175.0,165.0,173.0,210.0,195.0,177.0,70.0,267.0,60.0
13,454.0,233.0,151.0,146.0,140.0,138.0,133.0,197.0,207.0,221.0,216.0,173.0,141.0,121.0,125.0,131.0,153.0,,,150.0,235.0,263.0,364.0,299.0
14,177.0,181.0,197.0,240.0,217.0,220.0,190.0,197.0,204.0,197.0,193.0,213.0,268.0,295.0,272.0,277.0,404.0,368.0,289.0,263.0,371.0,341.0,464.0,382.0
15,325.0,318.0,257.0,396.0,303.0,304.0,328.0,455.0,466.0,447.0,298.0,288.0,375.0,403.0,451.0,487.0,423.0,,,,,408.0,371.0,
16,230.0,278.0,432.0,324.0,282.0,111.0,109.0,87.0,96.0,112.0,149.0,222.0,97.0,66.0,57.0,74.0,107.0,124.0,167.0,171.0,254.0,241.0,129.0,120.0
17,123.0,217.0,193.0,124.0,96.0,90.0,94.0,125.0,111.0,127.0,164.0,252.0,218.0,139.0,256.0,163.0,141.0,149.0,159.0,151.0,185.0,166.0,255.0,256.0
18,235.0,127.0,92.0,42.0,44.0,41.0,40.0,40.0,38.0,50.0,49.0,63.0,42.0,55.0,52.0,61.0,51.0,55.0,59.0,94.0,99.0,99.0,156.0,143.0
19,312.0,309.0,327.0,303.0,319.0,316.0,309.0,308.0,301.0,307.0,150.0,77.0,268.0,190.0,296.0,312.0,261.0,279.0,266.0,255.0,235.0,147.0,80.0,68.0
20,52.0,40.0,43.0,35.0,45.0,40.0,52.0,70.0,62.0,57.0,52.0,52.0,50.0,55.0,67.0,54.0,55.0,121.0,134.0,86.0,85.0,87.0,123.0,88.0
21,101.0,147.0,187.0,140.0,127.0,113.0,306.0,167.0,233.0,217.0,123.0,95.0,163.0,141.0,293.0,194.0,166.0,181.0,137.0,137.0,163.0,167.0,87.0,78.0
22,70.0,78.0,110.0,200.0,253.0,304.0,321.0,344.0,348.0,342.0,203.0,97.0,85.0,149.0,155.0,163.0,157.0,121.0,153.0,211.0,175.0,189.0,239.0,267.0
23,278.0,202.0,153.0,119.0,104.0,107.0,113.0,107.0,108.0,107.0,97.0,102.0,105.0,121.0,122.0,118.0,112.0,101.0,105.0,107.0,121.0,151.0,173.0,159.0
24,298.0,141.0,78.0,57.0,44.0,40.0,48.0,56.0,55.0,62.0,72.0,78.0,107.0,111.0,118.0,145.0,125.0,111.0,123.0,114.0,134.0,152.0,155.0,113.0
25,117.0,126.0,105.0,91.0,88.0,119.0,129.0,153.0,195.0,133.0,133.0,98.0,141.0,165.0,131.0,130.0,149.0,118.0,111.0,119.0,156.0,239.0,199.0,229.0
26,183.0,187.0,118.0,110.0,102.0,104.0,119.0,140.0,287.0,395.0,305.0,217.0,193.0,183.0,199.0,149.0,171.0,219.0,194.0,167.0,212.0,155.0,230.0,451.0
27,185.0,153.0,163.0,181.0,211.0,251.0,329.0,358.0,348.0,332.0,388.0,427.0,416.0,180.0,230.0,179.0,219.0,277.0,293.0,272.0,251.0,405.0,418.0,263.0
28,421.0,414.0,448.0,329.0,426.0,414.0,430.0,428.0,417.0,334.0,408.0,403.0,194.0,233.0,214.0,255.0,370.0,411.0,380.0,329.0,294.0,403.0,394.0,281.0
29,228.0,269.0,252.0,276.0,410.0,402.0,380.0,342.0,260.0,224.0,222.0,237.0,268.0,255.0,305.0,350.0,406.0,430.0,354.0,318.0,439.0,336.0,355.0,395.0
30,384.0,396.0,418.0,368.0,348.0,389.0,362.0,295.0,197.0,119.0,180.0,254.0,294.0,284.0,281.0,314.0,335.0,,206.0,239.0,235.0,376.0,,142.0
"
"
July-2019,00:00:00,01:00:00,02:00:00,03:00:00,04:00:00,05:00:00,06:00:00,07:00:00,08:00:00,09:00:00,10:00:00,11:00:00,12:00:00,13:00:00,14:00:00,15:00:00,16:00:00,17:00:00,18:00:00,19:00:00,20:00:00,21:00:00,22:00:00,23:00:00
1,131.0,,,,113.0,126.0,,,,,,173.0,204,,197.0,195.0,,,,,,,,
2,,,,,,457.0,342.0,248.0,293.0,223.0,197.0,222.0,189,248.0,207.0,215.0,240.0,249.0,250.0,223.0,179.0,179.0,178.0,185.0
3,161.0,134.0,127.0,117.0,126.0,134.0,134.0,133.0,133.0,135.0,119.0,111.0,131,120.0,115.0,92.0,88.0,96.0,97.0,107.0,123.0,145.0,158.0,141.0
4,,122.0,105.0,77.0,91.0,83.0,80.0,88.0,119.0,113.0,100.0,104.0,100,115.0,90.0,90.0,92.0,95.0,101.0,105.0,103.0,102.0,104.0,112.0
5,127.0,114.0,101.0,73.0,113.0,193.0,177.0,160.0,140.0,160.0,141.0,138.0,168,131.0,101.0,101.0,101.0,127.0,137.0,109.0,100.0,96.0,103.0,98.0
6,98.0,96.0,90.0,89.0,100.0,138.0,155.0,113.0,141.0,97.0,95.0,119.0,159,130.0,138.0,114.0,108.0,126.0,133.0,130.0,157.0,197.0,173.0,141.0
7,131.0,145.0,90.0,75.0,80.0,80.0,85.0,105.0,348.0,171.0,111.0,116.0,97,138.0,130.0,83.0,85.0,92.0,102.0,116.0,120.0,124.0,102.0,118.0
8,,168.0,164.0,153.0,167.0,250.0,175.0,194.0,185.0,201.0,149.0,,152,194.0,171.0,137.0,92.0,,155.0,184.0,192.0,176.0,159.0,197.0
9,148.0,200.0,119.0,116.0,114.0,104.0,85.0,99.0,90.0,91.0,84.0,109.0,149,175.0,204.0,301.0,181.0,170.0,178.0,140.0,145.0,161.0,173.0,174.0
10,126.0,111.0,123.0,119.0,103.0,105.0,112.0,102.0,147.0,157.0,145.0,163.0,218,263.0,,,,,,,,,,
11,,,,,,,,,,,,88.0,325,489.0,497.0,487.0,499.0,500.0,473.0,483.0,487.0,484.0,378.0,278.0
12,256.0,241.0,205.0,174.0,181.0,175.0,160.0,167.0,211.0,315.0,336.0,420.0,500,500.0,500.0,500.0,500.0,463.0,432.0,429.0,432.0,432.0,418.0,483.0
13,458.0,431.0,243.0,175.0,125.0,128.0,138.0,137.0,153.0,177.0,334.0,500.0,500,500.0,471.0,446.0,434.0,424.0,369.0,294.0,334.0,417.0,308.0,211.0
14,235.0,408.0,404.0,375.0,314.0,218.0,163.0,165.0,219.0,267.0,432.0,479.0,453,430.0,430.0,423.0,411.0,315.0,292.0,341.0,331.0,256.0,259.0,201.0
15,142.0,109.0,84.0,71.0,73.0,70.0,84.0,77.0,84.0,114.0,120.0,123.0,206,325.0,414.0,443.0,254.0,229.0,92.0,106.0,117.0,120.0,115.0,100.0
16,110.0,127.0,110.0,81.0,78.0,72.0,68.0,81.0,84.0,73.0,70.0,75.0,103,118.0,134.0,120.0,115.0,32.0,95.0,96.0,95.0,107.0,100.0,104.0
17,111.0,117.0,77.0,74.0,104.0,75.0,60.0,75.0,94.0,24.0,28.0,78.0,70,70.0,63.0,60.0,68.0,,93.0,99.0,70.0,94.0,90.0,162.0
18,137.0,137.0,177.0,73.0,62.0,60.0,60.0,65.0,,,88.0,90.0,55,53.0,57.0,65.0,82.0,85.0,95.0,105.0,107.0,120.0,141.0,159.0
19,169.0,246.0,246.0,194.0,172.0,167.0,146.0,149.0,144.0,157.0,154.0,137.0,142,159.0,143.0,159.0,151.0,174.0,190.0,184.0,179.0,213.0,193.0,210.0
20,181.0,191.0,218.0,143.0,135.0,193.0,169.0,155.0,152.0,134.0,127.0,146.0,153,118.0,137.0,95.0,101.0,101.0,98.0,98.0,104.0,109.0,118.0,152.0
21,187.0,,,,,,,135.0,148.0,112.0,105.0,108.0,121,117.0,115.0,127.0,193.0,104.0,,100.0,,,,
22,,,,,,,,,,,,102.0,111,119.0,119.0,137.0,131.0,149.0,102.0,121.0,122.0,151.0,175.0,183.0
23,181.0,202.0,219.0,193.0,165.0,220.0,317.0,307.0,318.0,271.0,220.0,148.0,171,121.0,205.0,435.0,108.0,109.0,153.0,134.0,140.0,117.0,210.0,193.0
24,199.0,322.0,279.0,217.0,195.0,207.0,250.0,189.0,131.0,104.0,148.0,184.0,177,149.0,163.0,177.0,166.0,140.0,199.0,223.0,122.0,104.0,104.0,104.0
25,105.0,70.0,72.0,72.0,72.0,70.0,73.0,75.0,,,,105.0,112,185.0,151.0,85.0,115.0,90.0,90.0,90.0,105.0,121.0,117.0,101.0
26,101.0,103.0,82.0,101.0,109.0,96.0,104.0,102.0,82.0,88.0,88.0,88.0,85,85.0,88.0,101.0,80.0,85.0,85.0,90.0,85.0,,95.0,85.0
27,80.0,75.0,75.0,70.0,70.0,70.0,70.0,70.0,70.0,80.0,80.0,75.0,81,,,,,,100.0,65.0,57.0,68.0,85.0,68.0
28,99.0,95.0,85.0,82.0,85.0,90.0,100.0,101.0,102.0,105.0,106.0,106.0,108,108.0,108.0,109.0,110.0,113.0,115.0,114.0,116.0,120.0,123.0,123.0
29,124.0,108.0,95.0,86.0,82.0,78.0,75.0,78.0,82.0,100.0,101.0,101.0,102,100.0,101.0,102.0,102.0,104.0,104.0,106.0,105.0,115.0,135.0,123.0
30,137.0,107.0,104.0,94.0,87.0,105.0,92.0,115.0,120.0,95.0,95.0,95.0,101,105.0,97.0,107.0,104.0,105.0,103.0,102.0,104.0,107.0,135.0,118.0
31,102.0,90.0,97.0,84.0,75.0,70.0,70.0,75.0,82.0,95.0,95.0,95.0,100,108.0,89.0,92.0,92.0,97.0,104.0,159.0,130.0,121.0,123.0,131.0
"
"
August-2019,00:00:00,01:00:00,02:00:00,03:00:00,04:00:00,05:00:00,06:00:00,07:00:00,08:00:00,09:00:00,10:00:00,11:00:00,12:00:00,13:00:00,14:00:00,15:00:00,16:00:00,17:00:00,18:00:00,19:00:00,20:00:00,21:00:00,22:00:00,23:00:00
1,148.0,164.0,117.0,104.0,97.0,78.0,75.0,97.0,92.0,105.0,95.0,105.0,89.0,96.0,100.0,79,,97.0,98.0,109.0,90.0,105.0,135.0,114.0
2,113.0,115.0,95.0,95.0,100.0,102.0,102.0,104.0,106.0,109.0,111.0,153.0,109.0,108.0,217.0,111,112.0,114.0,116.0,118.0,124.0,122.0,118.0,119.0
3,121.0,100.0,109.0,137.0,100.0,92.0,95.0,105.0,150.0,102.0,111.0,,,100.0,70.0,65,57.0,62.0,72.0,83.0,92.0,108.0,131.0,121.0
4,123.0,104.0,106.0,127.0,120.0,100.0,100.0,90.0,90.0,90.0,92.0,98.0,102.0,99.0,102.0,101,97.0,100.0,103.0,98.0,101.0,112.0,122.0,145.0
5,167.0,177.0,137.0,120.0,105.0,107.0,117.0,104.0,115.0,123.0,103.0,107.0,100.0,95.0,118.0,112,112.0,95.0,101.0,121.0,113.0,118.0,145.0,141.0
6,130.0,119.0,121.0,116.0,115.0,99.0,117.0,120.0,133.0,123.0,80.0,80.0,68.0,100.0,104.0,102,104.0,101.0,101.0,95.0,103.0,115.0,112.0,111.0
7,113.0,116.0,110.0,88.0,95.0,92.0,101.0,103.0,101.0,128.0,130.0,111.0,112.0,111.0,129.0,89,90.0,94.0,89.0,78.0,101.0,105.0,139.0,164.0
8,146.0,99.0,90.0,85.0,90.0,118.0,135.0,145.0,260.0,131.0,135.0,119.0,97.0,86.0,81.0,75,80.0,80.0,90.0,102.0,120.0,179.0,197.0,213.0
9,146.0,96.0,112.0,88.0,74.0,68.0,77.0,80.0,97.0,80.0,107.0,104.0,111.0,129.0,105.0,101,107.0,80.0,91.0,89.0,86.0,,,
10,,,,,,,,,,,75.0,78.0,75.0,91.0,92.0,80,82.0,80.0,88.0,83.0,105.0,111.0,102.0,91.0
11,88.0,94.0,90.0,83.0,99.0,92.0,84.0,81.0,83.0,80.0,82.0,111.0,75.0,81.0,72.0,81,73.0,75.0,75.0,74.0,87.0,100.0,90.0,70.0
12,75.0,77.0,75.0,72.0,70.0,68.0,65.0,70.0,70.0,80.0,80.0,83.0,80.0,75.0,75.0,75,75.0,,,,,134.0,149.0,73.0
13,75.0,70.0,72.0,70.0,70.0,70.0,70.0,70.0,78.0,111.0,79.0,75.0,91.0,107.0,89.0,101,92.0,80.0,85.0,105.0,108.0,101.0,101.0,85.0
14,104.0,82.0,77.0,78.0,80.0,85.0,90.0,82.0,98.0,102.0,103.0,102.0,106.0,107.0,111.0,127,98.0,98.0,100.0,80.0,83.0,85.0,98.0,98.0
15,100.0,85.0,93.0,85.0,110.0,113.0,113.0,70.0,77.0,88.0,88.0,95.0,90.0,75.0,80.0,78,80.0,82.0,85.0,75.0,80.0,92.0,88.0,88.0
16,85.0,75.0,70.0,68.0,70.0,70.0,70.0,72.0,80.0,80.0,82.0,82.0,80.0,78.0,85.0,80,82.0,82.0,90.0,82.0,90.0,102.0,100.0,103.0
17,92.0,72.0,70.0,65.0,70.0,70.0,72.0,70.0,78.0,75.0,80.0,80.0,82.0,75.0,75.0,78,78.0,82.0,82.0,80.0,90.0,90.0,88.0,80.0
18,82.0,70.0,70.0,65.0,70.0,70.0,68.0,67.0,72.0,70.0,72.0,70.0,70.0,68.0,70.0,70,75.0,75.0,75.0,70.0,70.0,103.0,114.0,124.0
19,129.0,140.0,126.0,112.0,124.0,125.0,117.0,107.0,101.0,107.0,103.0,70.0,67.0,70.0,,88,95.0,95.0,95.0,103.0,111.0,126.0,145.0,135.0
20,165.0,137.0,111.0,146.0,143.0,130.0,120.0,85.0,90.0,90.0,90.0,95.0,95.0,70.0,75.0,75,85.0,90.0,101.0,104.0,109.0,141.0,129.0,117.0
21,170.0,131.0,174.0,155.0,149.0,135.0,135.0,141.0,149.0,157.0,163.0,83.0,85.0,206.0,148.0,160,145.0,164.0,174.0,151.0,142.0,153.0,140.0,135.0
22,159.0,112.0,116.0,181.0,358.0,112.0,95.0,129.0,143.0,177.0,155.0,136.0,157.0,117.0,117.0,129,155.0,121.0,151.0,201.0,179.0,198.0,209.0,201.0
23,236.0,217.0,177.0,142.0,140.0,121.0,138.0,160.0,165.0,167.0,146.0,120.0,150.0,177.0,174.0,147,134.0,246.0,150.0,144.0,160.0,189.0,401.0,278.0
24,419.0,422.0,241.0,296.0,237.0,195.0,193.0,193.0,262.0,190.0,149.0,149.0,167.0,155.0,118.0,99,100.0,115.0,103.0,117.0,117.0,131.0,164.0,170.0
25,116.0,117.0,97.0,97.0,94.0,108.0,94.0,91.0,100.0,87.0,83.0,80.0,80.0,83.0,85.0,90,92.0,91.0,107.0,80.0,80.0,93.0,102.0,106.0
26,105.0,101.0,101.0,85.0,95.0,100.0,101.0,88.0,92.0,98.0,100.0,95.0,95.0,75.0,83.0,85,,93.0,100.0,,,,,
27,,,,,,,311.0,133.0,194.0,192.0,,,82.0,85.0,121.0,156,164.0,125.0,100.0,88.0,107.0,209.0,206.0,172.0
28,168.0,171.0,182.0,168.0,180.0,213.0,179.0,156.0,157.0,140.0,105.0,86.0,85.0,85.0,105.0,108,111.0,115.0,122.0,122.0,129.0,150.0,123.0,134.0
29,218.0,140.0,114.0,153.0,90.0,99.0,96.0,88.0,119.0,118.0,97.0,116.0,,,88.0,92,103.0,109.0,96.0,109.0,113.0,134.0,116.0,101.0
30,92.0,102.0,114.0,133.0,131.0,120.0,129.0,127.0,166.0,160.0,116.0,135.0,123.0,100.0,109.0,151,223.0,188.0,186.0,246.0,281.0,273.0,318.0,316.0
31,270.0,306.0,322.0,312.0,311.0,223.0,207.0,138.0,159.0,152.0,117.0,105.0,104.0,131.0,183.0,185,107.0,109.0,143.0,193.0,174.0,352.0,260.0,408.0
"
"
September-2019,00:00:00,01:00:00,02:00:00,03:00:00,04:00:00,05:00:00,06:00:00,07:00:00,08:00:00,09:00:00,10:00:00,11:00:00,12:00:00,13:00:00,14:00:00,15:00:00,16:00:00,17:00:00,18:00:00,19:00:00,20:00:00,21:00:00,22:00:00,23:00:00
1,290.0,369.0,301.0,243.0,197.0,220.0,153,127,97,72,75,80,82,90,85,88,85.0,90.0,85.0,88.0,110.0,104.0,98.0,113.0
2,98.0,102.0,115.0,83.0,82.0,90.0,92,85,85,86,90,101,116,127,127,135,146.0,123.0,124.0,123.0,91.0,143.0,163.0,169.0
3,133.0,140.0,127.0,157.0,178.0,154.0,230,297,297,280,220,143,173,220,163,118,135.0,145.0,125.0,127.0,192.0,231.0,189.0,160.0
4,183.0,227.0,240.0,203.0,230.0,281.0,292,270,280,298,213,141,223,261,247,147,130.0,154.0,165.0,162.0,162.0,168.0,157.0,134.0
5,109.0,102.0,109.0,97.0,95.0,81.0,80,90,122,92,88,90,129,155,153,80,80.0,,100.0,95.0,107.0,111.0,123.0,147.0
6,149.0,141.0,148.0,142.0,103.0,101.0,130,129,104,111,124,108,109,102,111,117,129.0,101.0,90.0,120.0,127.0,153.0,131.0,107.0
7,118.0,119.0,127.0,153.0,125.0,137.0,129,115,134,113,104,96,109,112,97,89,109.0,90.0,103.0,96.0,120.0,153.0,135.0,119.0
8,119.0,123.0,105.0,86.0,72.0,90.0,73,163,113,92,139,96,121,116,115,83,89.0,137.0,99.0,78.0,101.0,109.0,121.0,131.0
9,129.0,193.0,223.0,243.0,280.0,203.0,277,277,302,203,121,99,107,114,122,170,177.0,177.0,244.0,195.0,201.0,186.0,201.0,164.0
10,142.0,153.0,131.0,113.0,140.0,403.0,384,187,217,257,115,134,111,113,130,117,188.0,167.0,173.0,141.0,254.0,193.0,230.0,253.0
11,220.0,260.0,213.0,217.0,240.0,253.0,233,257,270,243,193,167,149,139,133,135,146.0,215.0,,223.0,327.0,352.0,324.0,
12,252.0,260.0,233.0,157.0,183.0,207.0,180,167,137,139,148,149,169,131,141,147,118.0,146.0,145.0,131.0,135.0,161.0,145.0,117.0
13,119.0,112.0,94.0,91.0,81.0,81.0,88,92,114,122,124,97,96,90,105,92,90.0,105.0,115.0,114.0,134.0,159.0,133.0,159.0
14,120.0,100.0,75.0,70.0,70.0,70.0,70,72,75,78,80,91,90,107,118,103,113.0,111.0,111.0,112.0,127.0,113.0,153.0,97.0
15,156.0,80.0,90.0,70.0,70.0,65.0,70,75,80,85,85,80,78,91,81,104,103.0,104.0,90.0,112.0,121.0,140.0,153.0,181.0
16,162.0,129.0,138.0,146.0,129.0,131.0,163,293,311,287,135,115,112,135,95,139,131.0,133.0,195.0,160.0,237.0,358.0,230.0,187.0
17,180.0,157.0,230.0,217.0,207.0,111.0,97,217,129,85,82,75,92,129,113,92,78.0,102.0,113.0,130.0,246.0,224.0,156.0,187.0
18,171.0,149.0,145.0,138.0,117.0,123.0,118,116,119,92,94,107,150,148,115,119,127.0,115.0,116.0,126.0,126.0,127.0,111.0,103.0
19,91.0,83.0,72.0,70.0,68.0,65.0,65,70,75,80,80,86,78,94,131,72,80.0,86.0,78.0,83.0,101.0,113.0,121.0,105.0
20,99.0,107.0,90.0,89.0,85.0,89.0,103,96,157,135,105,99,101,114,105,70,86.0,89.0,90.0,100.0,130.0,173.0,157.0,145.0
21,210.0,162.0,130.0,105.0,129.0,161.0,157,119,124,163,96,108,123,157,126,139,168.0,133.0,163.0,,,,,
22,,,,,,,86,80,88,88,85,92,103,89,80,80,75.0,80.0,88.0,86.0,96.0,101.0,89.0,88.0
23,85.0,85.0,72.0,70.0,70.0,65.0,65,75,82,88,97,135,140,130,97,116,135.0,142.0,175.0,144.0,135.0,151.0,159.0,114.0
24,111.0,101.0,84.0,94.0,79.0,65.0,72,109,114,113,130,151,134,137,134,112,116.0,120.0,137.0,127.0,140.0,108.0,148.0,107.0
25,92.0,102.0,92.0,70.0,70.0,87.0,104,80,95,151,142,101,123,112,90,101,120.0,137.0,96.0,119.0,116.0,109.0,98.0,98.0
26,99.0,104.0,91.0,73.0,75.0,94.0,83,70,77,77,80,80,108,95,101,82,75.0,75.0,116.0,89.0,113.0,108.0,267.0,110.0
27,103.0,89.0,70.0,65.0,70.0,100.0,65,126,81,80,78,75,85,96,73,73,81.0,81.0,85.0,81.0,108.0,104.0,105.0,102.0
28,98.0,96.0,84.0,259.0,112.0,79.0,234,100,82,127,126,112,118,131,119,84,68.0,70.0,89.0,90.0,90.0,107.0,104.0,74.0
29,80.0,69.0,41.0,30.0,25.0,25.0,28,25,38,41,40,53,59,45,63,50,123.0,96.0,101.0,86.0,78.0,82.0,69.0,65.0
30,58.0,40.0,36.0,30.0,37.0,31.0,30,39,57,74,74,84,83,69,78,137,,,133.0,141.0,144.0,161.0,132.0,127.0
"
"
October-2019,00:00:00,01:00:00,02:00:00,03:00:00,04:00:00,05:00:00,06:00:00,07:00:00,08:00:00,09:00:00,10:00:00,11:00:00,12:00:00,13:00:00,14:00:00,15:00:00,16:00:00,17:00:00,18:00:00,19:00:00,20:00:00,21:00:00,22:00:00,23:00:00
1,112.0,104.0,100.0,92.0,68.0,56.0,56.0,,,91.0,91.0,85,78.0,103,107.0,119.0,,,139.0,124,119,114,133,
2,137.0,,,,,,,,,,,85,,95,,,149.0,84.0,109.0,90,92,199,102,123.0
3,120.0,149.0,265.0,181.0,139.0,131.0,265.0,166.0,194.0,268.0,,193,149.0,164,161.0,204.0,186.0,160.0,436.0,210,478,414,179,69.0
4,109.0,97.0,65.0,59.0,45.0,50.0,78.0,72.0,105.0,92.0,93.0,80,55.0,86,133.0,129.0,143.0,126.0,157.0,140,131,112,143,156.0
5,135.0,123.0,147.0,79.0,94.0,103.0,293.0,60.0,72.0,92.0,57.0,111,155.0,167,135.0,115.0,107.0,182.0,218.0,455,332,290,145,164.0
6,260.0,207.0,129.0,131.0,157.0,170.0,277.0,200.0,187.0,287.0,183.0,160,147.0,204,152.0,170.0,130.0,157.0,157.0,202,153,249,203,177.0
7,183.0,107.0,160.0,129.0,152.0,157.0,223.0,133.0,140.0,157.0,116.0,141,205.0,171,177.0,197.0,221.0,212.0,193.0,250,384,315,145,170.0
8,131.0,122.0,115.0,119.0,150.0,112.0,90.0,123.0,108.0,123.0,135.0,159,119.0,119,131.0,159.0,131.0,141.0,77.0,94,125,135,167,253.0
9,216.0,207.0,220.0,257.0,278.0,304.0,308.0,301.0,240.0,306.0,346.0,203,160.0,121,117.0,107.0,140.0,182.0,191.0,251,358,350,450,426.0
10,287.0,302.0,293.0,240.0,315.0,354.0,320.0,335.0,332.0,355.0,378.0,350,320.0,200,207.0,159.0,187.0,,240.0,358,481,358,405,
11,,,,,,,,307.0,316.0,329.0,312.0,183,174.0,129,153.0,164.0,131.0,150.0,182.0,164,420,410,311,287.0
12,312.0,301.0,303.0,305.0,305.0,311.0,315.0,325.0,336.0,325.0,311.0,325,203.0,296,301.0,218.0,205.0,199.0,179.0,271,460,489,500,368.0
13,424.0,425.0,370.0,333.0,348.0,328.0,318.0,433.0,357.0,349.0,401.0,464,311.0,308,233.0,182.0,227.0,186.0,167.0,202,269,292,313,315.0
14,311.0,302.0,304.0,326.0,324.0,318.0,314.0,319.0,313.0,321.0,322.0,315,304.0,183,167.0,262.0,171.0,305.0,375.0,361,339,439,482,382.0
15,398.0,394.0,342.0,340.0,390.0,322.0,334.0,361.0,383.0,412.0,458.0,336,332.0,307,199.0,190.0,227.0,235.0,439.0,458,469,481,465,439.0
16,423.0,432.0,455.0,477.0,369.0,361.0,352.0,370.0,373.0,379.0,356.0,319,305.0,303,288.0,305.0,312.0,314.0,405.0,422,388,428,412,402.0
17,371.0,390.0,395.0,309.0,301.0,280.0,302.0,307.0,326.0,342.0,319.0,300,302.0,267,250.0,233.0,233.0,203.0,203.0,252,306,309,310,315.0
18,315.0,312.0,318.0,293.0,267.0,250.0,270.0,298.0,308.0,315.0,305.0,260,203.0,148,164.0,162.0,155.0,166.0,163.0,183,290,109,30,38.0
19,52.0,140.0,181.0,94.0,53.0,97.0,107.0,87.0,106.0,163.0,277.0,319,324.0,315,240.0,299.0,173.0,201.0,194.0,221,309,428,342,345.0
20,341.0,322.0,338.0,316.0,304.0,323.0,349.0,348.0,363.0,365.0,351.0,312,180.0,177,155.0,171.0,165.0,141.0,157.0,223,187,308,319,341.0
21,333.0,314.0,333.0,337.0,354.0,354.0,394.0,342.0,336.0,322.0,322.0,331,334.0,394,315.0,306.0,252.0,192.0,204.0,325,308,355,369,304.0
22,320.0,420.0,385.0,341.0,364.0,312.0,290.0,303.0,307.0,316.0,328.0,309,,226,197.0,197.0,190.0,266.0,270.0,150,414,446,318,391.0
23,445.0,457.0,345.0,324.0,301.0,306.0,302.0,304.0,319.0,318.0,408.0,371,371.0,50,334.0,304.0,318.0,314.0,355.0,292,390,499,500,500.0
24,500.0,500.0,138.0,500.0,453.0,402.0,472.0,451.0,500.0,500.0,500.0,443,431.0,290,305.0,350.0,312.0,400.0,451.0,466,500,500,500,500.0
25,443.0,443.0,446.0,351.0,319.0,297.0,406.0,237.0,310.0,318.0,312.0,257,207.0,250,203.0,230.0,210.0,322.0,403.0,358,500,459,500,478.0
26,445.0,500.0,132.0,431.0,494.0,426.0,320.0,305.0,305.0,334.0,350.0,320,309.0,297,230.0,203.0,240.0,223.0,405.0,500,461,358,392,454.0
27,500.0,463.0,434.0,413.0,410.0,406.0,401.0,403.0,392.0,401.0,395.0,382,366.0,400,414.0,205.0,238.0,233.0,187.0,190,274,315,405,439.0
28,467.0,469.0,446.0,407.0,391.0,397.0,380.0,393.0,398.0,402.0,406.0,410,413.0,404,376.0,353.0,332.0,324.0,335.0,344,371,375,388,400.0
29,407.0,413.0,435.0,453.0,439.0,444.0,429.0,429.0,,,104.0,403,386.0,404,421.0,414.0,434.0,429.0,431.0,405,441,424,445,500.0
30,500.0,500.0,483.0,500.0,447.0,440.0,434.0,416.0,392.0,372.0,367.0,375,418.0,405,447.0,456.0,444.0,440.0,,92,390,414,500,500.0
31,500.0,500.0,408.0,414.0,401.0,398.0,407.0,382.0,400.0,405.0,493.0,426,425.0,423,426.0,477.0,500.0,500.0,500.0,500,500,500,500,500.0
"
"
November-2019,00:00:00,01:00:00,02:00:00,03:00:00,04:00:00,05:00:00,06:00:00,07:00:00,08:00:00,09:00:00,10:00:00,11:00:00,12:00:00,13:00:00,14:00:00,15:00:00,16:00:00,17:00:00,18:00:00,19:00:00,20:00:00,21:00:00,22:00:00,23:00:00
1,500,500.0,500,500,500,500.0,500.0,500.0,500.0,500.0,,500.0,109.0,500.0,500.0,500,500,,447,483,500,415,324.0,320
2,328,341.0,371,429,382,446.0,257.0,250.0,301.0,301.0,312.0,432.0,481.0,500.0,500.0,500,470,500.0,500,500,500,500,500.0,500
3,500,500.0,500,500,500,500.0,500.0,500.0,500.0,500.0,500.0,500.0,118.0,500.0,500.0,500,500,471.0,425,404,431,432,414.0,414
4,382,388.0,354,353,345,447.0,500.0,500.0,500.0,500.0,500.0,500.0,496.0,413.0,375.0,323,287,202.0,202,277,297,305,385.0,315
5,332,382.0,425,442,460,479.0,483.0,463.0,438.0,430.0,417.0,371.0,329.0,293.0,221.0,290,164,252.0,160,273,402,464,,339
6,329,333.0,332,315,312,323.0,320.0,310.0,312.0,321.0,317.0,237.0,220.0,192.0,147.0,125,109,,113,177,282,321,351.0,370
7,383,417.0,340,302,277,332.0,328.0,327.0,351.0,369.0,376.0,414.0,417.0,409.0,413.0,384,358,331.0,302,332,336,324,333.0,344
8,368,359.0,384,383,378,369.0,359.0,342.0,333.0,342.0,,348.0,354.0,328.0,303.0,280,243,203.0,218,181,250,304,325.0,338
9,358,358.0,375,365,397,435.0,434.0,435.0,449.0,430.0,422.0,334.0,273.0,435.0,254.0,109,119,217.0,167,405,290,325,354.0,378
10,368,367.0,366,370,422,460.0,460.0,459.0,477.0,480.0,447.0,420.0,366.0,500.0,290.0,213,163,163.0,160,217,327,369,423.0,439
11,424,376.0,378,407,414,473.0,466.0,500.0,490.0,500.0,500.0,500.0,500.0,493.0,418.0,341,308,304.0,267,301,369,407,421.0,401
12,460,500.0,500,500,500,500.0,500.0,500.0,500.0,500.0,500.0,500.0,500.0,500.0,483.0,428,409,388.0,427,500,469,500,500.0,500
13,500,500.0,500,500,500,500.0,500.0,500.0,500.0,500.0,500.0,500.0,467.0,459.0,472.0,477,474,472.0,441,416,500,468,500.0,500
14,500,500.0,500,500,500,,,,,,,,500.0,482.0,500.0,467,418,388.0,426,472,361,410,409.0,444
15,443,447.0,500,500,500,500.0,,,,,,,,,500.0,429,397,397.0,406,404,418,472,466.0,477
16,492,479.0,467,446,497,497.0,500.0,500.0,489.0,494.0,417.0,385.0,334.0,270.0,252.0,279,366,478.0,189,217,312,341,342.0,378
17,387,403.0,375,327,302,324.0,358.0,348.0,325.0,315.0,301.0,223.0,137.0,211.0,150.0,152,195,153.0,109,133,162,277,340.0,366
18,374,375.0,397,440,348,341.0,339.0,329.0,305.0,297.0,270.0,253.0,183.0,125.0,159.0,112,125,123.0,123,167,416,429,346.0,358
19,331,341.0,359,342,362,363.0,329.0,315.0,306.0,,,362.0,324.0,301.0,270.0,163,116,116.0,179,340,452,458,431.0,368
20,361,355.0,351,358,383,431.0,363.0,355.0,362.0,373.0,376.0,420.0,426.0,404.0,345.0,230,187,217.0,267,404,500,449,425.0,430
21,411,424.0,406,401,416,414.0,413.0,411.0,440.0,452.0,495.0,478.0,440.0,418.0,340.0,304,309,308.0,315,338,432,448,491.0,493
22,409,422.0,410,434,485,472.0,450.0,435.0,436.0,460.0,487.0,432.0,370.0,351.0,338.0,333,309,,302,361,335,345,375.0,398
23,392,413.0,411,376,383,374.0,369.0,355.0,345.0,354.0,366.0,344.0,328.0,305.0,237.0,133,174,155.0,318,436,270,315,312.0,323
24,324,328.0,383,345,323,328.0,357.0,340.0,,345.0,320.0,311.0,311.0,223.0,145.0,137,124,120.0,170,243,302,338,346.0,348
25,359,,355,362,377,385.0,356.0,337.0,339.0,370.0,403.0,372.0,,316.0,239.0,207,155,160.0,201,352,483,472,422.0,58
26,356,334.0,332,325,307,293.0,306.0,318.0,306.0,322.0,344.0,331.0,250.0,270.0,273.0,257,301,323.0,348,322,407,151,140.0,88
27,109,130.0,51,45,46,68.0,58.0,57.0,95.0,91.0,100.0,243.0,200.0,215.0,225.0,283,304,315.0,207,207,273,305,157.0,52
28,33,36.0,56,45,35,28.0,27.0,38.0,47.0,48.0,37.0,42.0,40.0,50.0,63.0,70,68,70.0,72,78,91,90,109.0,77
29,95,143.0,107,187,92,52.0,47.0,48.0,65.0,77.0,97.0,89.0,103.0,78.0,97.0,80,99,149.0,107,122,150,223,331.0,338
30,314,302.0,308,421,321,302.0,350.0,280.0,311.0,203.0,160.0,217.0,,,,200,150,130.0,133,230,233,439,406.0,434
"
"
December-2019,00:00:00,01:00:00,02:00:00,03:00:00,04:00:00,05:00:00,06:00:00,07:00:00,08:00:00,09:00:00,10:00:00,11:00:00,12:00:00,13:00:00,14:00:00,15:00:00,16:00:00,17:00:00,18:00:00,19:00:00,20:00:00,21:00:00,22:00:00,23:00:00
1,360.0,378.0,398.0,388.0,367.0,340.0,327.0,324.0,321.0,367.0,384,376,345.0,314.0,180.0,180.0,143,,,,,,,
2,,,,,,,,,,,329,322,336.0,308.0,200.0,202.0,175,157.0,202.0,312.0,414.0,399.0,419.0,421.0
3,411.0,402.0,373.0,363.0,359.0,374.0,350.0,357.0,352.0,329.0,337,362,324.0,287.0,270.0,186.0,212,163.0,267.0,311.0,482.0,500.0,457.0,497.0
4,494.0,423.0,376.0,367.0,332.0,331.0,327.0,318.0,311.0,339.0,325,319,346.0,329.0,385.0,273.0,223,180.0,193.0,312.0,416.0,419.0,470.0,500.0
5,500.0,500.0,431.0,443.0,495.0,500.0,444.0,410.0,500.0,437.0,433,414,397.0,361.0,325.0,312.0,332,358.0,393.0,440.0,431.0,432.0,454.0,486.0
6,487.0,478.0,467.0,449.0,456.0,463.0,489.0,465.0,476.0,499.0,500,493,417.0,382.0,328.0,311.0,297,297.0,312.0,328.0,392.0,397.0,438.0,463.0
7,475.0,466.0,,500.0,500.0,484.0,460.0,463.0,453.0,433.0,444,447,467.0,,392.0,314.0,301,230.0,394.0,394.0,401.0,419.0,441.0,437.0
8,451.0,468.0,500.0,463.0,466.0,451.0,462.0,459.0,422.0,428.0,423,430,,,,,193,160.0,163.0,318.0,348.0,378.0,393.0,420.0
9,417.0,413.0,419.0,444.0,433.0,460.0,430.0,424.0,405.0,399.0,408,411,433.0,368.0,305.0,207.0,220,200.0,280.0,368.0,396.0,369.0,433.0,486.0
10,497.0,440.0,446.0,483.0,464.0,426.0,443.0,456.0,465.0,426.0,420,421,423.0,393.0,356.0,398.0,350,341.0,428.0,405.0,422.0,469.0,500.0,500.0
11,500.0,500.0,500.0,500.0,496.0,495.0,500.0,500.0,482.0,500.0,500,500,443.0,420.0,396.0,392.0,392,421.0,415.0,479.0,500.0,500.0,500.0,500.0
12,500.0,500.0,500.0,500.0,500.0,500.0,500.0,500.0,500.0,500.0,500,500,474.0,435.0,417.0,396.0,375,378.0,358.0,371.0,396.0,392.0,382.0,357.0
13,319.0,304.0,290.0,280.0,280.0,240.0,290.0,257.0,260.0,167.0,106,107,127.0,197.0,163.0,187.0,316,325.0,315.0,267.0,257.0,250.0,200.0,207.0
14,167.0,203.0,187.0,213.0,193.0,230.0,253.0,177.0,,,310,312,277.0,187.0,253.0,197.0,197,163.0,147.0,193.0,290.0,260.0,306.0,287.0
15,325.0,187.0,277.0,270.0,290.0,302.0,340.0,280.0,305.0,303.0,318,320,309.0,233.0,170.0,147.0,133,110.0,107.0,140.0,151.0,142.0,159.0,156.0
16,153.0,146.0,155.0,153.0,131.0,129.0,127.0,123.0,114.0,121.0,107,101,116.0,159.0,123.0,120.0,145,123.0,133.0,124.0,127.0,122.0,109.0,104.0
17,107.0,101.0,89.0,86.0,96.0,105.0,124.0,84.0,79.0,100.0,107,105,118.0,114.0,137.0,187.0,200,213.0,197.0,217.0,318.0,352.0,414.0,374.0
18,391.0,325.0,318.0,312.0,315.0,319.0,315.0,306.0,306.0,306.0,309,315,339.0,311.0,48.0,323.0,325,320.0,319.0,325.0,359.0,359.0,449.0,500.0
19,443.0,449.0,438.0,423.0,404.0,371.0,351.0,346.0,395.0,366.0,339,354,396.0,402.0,462.0,465.0,480,500.0,500.0,500.0,500.0,500.0,499.0,494.0
20,484.0,460.0,463.0,473.0,428.0,406.0,404.0,397.0,387.0,386.0,385,396,417.0,437.0,471.0,466.0,500,497.0,486.0,460.0,450.0,460.0,450.0,450.0
21,414.0,413.0,414.0,426.0,418.0,429.0,390.0,370.0,351.0,375.0,382,437,,409.0,391.0,367.0,365,357.0,368.0,379.0,428.0,487.0,449.0,388.0
22,374.0,396.0,370.0,386.0,342.0,335.0,305.0,270.0,273.0,217.0,270,237,267.0,323.0,346.0,327.0,331,,309.0,344.0,355.0,362.0,353.0,324.0
23,328.0,318.0,325.0,328.0,328.0,332.0,335.0,332.0,332.0,332.0,342,328,333.0,338.0,346.0,334.0,353,350.0,327.0,332.0,355.0,403.0,401.0,410.0
24,462.0,500.0,481.0,430.0,392.0,399.0,376.0,378.0,376.0,376.0,380,401,420.0,,444.0,434.0,436,441.0,419.0,413.0,441.0,472.0,500.0,500.0
25,500.0,500.0,432.0,323.0,310.0,316.0,304.0,297.0,277.0,267.0,280,287,304.0,303.0,302.0,304.0,319,327.0,341.0,353.0,350.0,387.0,413.0,459.0
26,441.0,426.0,395.0,407.0,,,351.0,,342.0,332.0,354,363,349.0,345.0,362.0,397.0,409,407.0,,420.0,438.0,423.0,416.0,489.0
27,490.0,474.0,88.0,398.0,365.0,367.0,348.0,342.0,334.0,354.0,375,423,431.0,435.0,417.0,416.0,424,423.0,373.0,378.0,439.0,490.0,434.0,500.0
28,447.0,416.0,454.0,500.0,453.0,391.0,402.0,410.0,386.0,388.0,361,353,329.0,328.0,345.0,358.0,362,369.0,379.0,401.0,450.0,499.0,500.0,495.0
29,496.0,447.0,431.0,411.0,426.0,408.0,397.0,392.0,385.0,384.0,397,420,441.0,447.0,463.0,476.0,447,444.0,444.0,444.0,496.0,500.0,456.0,476.0
30,500.0,500.0,500.0,453.0,429.0,420.0,399.0,384.0,365.0,375.0,410,411,454.0,450.0,482.0,500.0,500,500.0,500.0,500.0,500.0,500.0,483.0,450.0
31,422.0,407.0,399.0,358.0,336.0,335.0,335.0,332.0,345.0,375.0,370,390,427.0,,101.0,426.0,403,395.0,392.0,410.0,500.0,500.0,500.0,
"
"
Year,2020
January-2020,00:00:00,01:00:00,02:00:00,03:00:00,04:00:00,05:00:00,06:00:00,07:00:00,08:00:00,09:00:00,10:00:00,11:00:00,12:00:00,13:00:00,14:00:00,15:00:00,16:00:00,17:00:00,18:00:00,19:00:00,20:00:00,21:00:00,22:00:00,23:00:00
1,500,500,500.0,500.0,500,500.0,500.0,497.0,432.0,487.0,500.0,500.0,426.0,425.0,382.0,348.0,337,332,352,423,500.0,170,500,160
2,500,500,500.0,500.0,500,478.0,452.0,425.0,423.0,477.0,500.0,500.0,500.0,436.0,359.0,318.0,293,301,309,350,444.0,500,463,423
3,413,393,380.0,371.0,374,396.0,393.0,398.0,396.0,416.0,481.0,500.0,484.0,193.0,167.0,140.0,114,104,109,237,354.0,468,443,413
4,421,441,429.0,437.0,431,447.0,469.0,500.0,477.0,490.0,453.0,482.0,500.0,407.0,338.0,315.0,273,273,250,309,351.0,354,388,392
5,410,379,351.0,342.0,355,361.0,387.0,366.0,374.0,,,428.0,380.0,356.0,302.0,180.0,167,260,240,307,362.0,393,372,382
6,362,382,358.0,369.0,356,358.0,357.0,356.0,367.0,375.0,370.0,387.0,413.0,402.0,384.0,332.0,302,270,323,328,341.0,333,293,302
7,280,207,187.0,270.0,257,,,,,,,,306.0,230.0,290.0,302.0,329,339,372,384,382.0,384,362,327
8,319,290,273.0,267.0,220,233.0,170.0,143.0,140.0,183.0,280.0,287.0,309.0,315.0,335.0,327.0,316,306,325,322,310.0,280,257,223
9,213,157,233.0,203.0,253,97.0,127.0,123.0,103.0,233.0,302.0,240.0,,203.0,,203.0,55,127,123,203,309.0,331,345,359
10,357,382,352.0,325.0,287,233.0,213.0,233.0,213.0,277.0,305.0,310.0,312.0,320.0,310.0,323.0,316,203,207,280,338.0,413,420,426
11,422,398,395.0,375.0,383,454.0,390.0,357.0,437.0,423.0,361.0,332.0,318.0,267.0,180.0,157.0,250,213,207,304,382.0,441,500,435
12,423,434,468.0,500.0,453,457.0,494.0,424.0,396.0,411.0,417.0,392.0,365.0,328.0,250.0,200.0,183,177,213,312,351.0,456,466,500
13,500,482,465.0,427.0,430,446.0,441.0,444.0,409.0,411.0,401.0,365.0,333.0,327.0,318.0,334.0,325,325,333,403,325.0,307,257,260
14,200,207,177.0,167.0,157,,,223.0,188.0,,197.0,309.0,290.0,307.0,280.0,150.0,101,96,131,123,240.0,331,339,304
15,333,335,328.0,410.0,337,243.0,,197.0,220.0,302.0,321.0,316.0,315.0,318.0,233.0,160.0,147,180,280,356,354.0,383,378,365
16,368,353,333.0,240.0,207,220.0,277.0,233.0,237.0,302.0,267.0,327.0,337.0,329.0,334.0,323.0,318,315,273,302,301.0,321,333,316
17,344,334,318.0,311.0,309,312.0,322.0,320.0,260.0,267.0,318.0,318.0,329.0,303.0,250.0,197.0,200,180,127,140,180.0,322,361,370
18,340,351,332.0,302.0,307,303.0,,267.0,187.0,170.0,180.0,203.0,,213.0,302.0,260.0,290,203,240,305,382.0,411,411,345
19,333,339,342.0,354.0,287,308.0,230.0,213.0,306.0,307.0,304.0,309.0,305.0,301.0,267.0,287.0,270,293,306,302,339.0,348,345,338
20,318,306,315.0,303.0,237,233.0,257.0,237.0,270.0,319.0,328.0,340.0,318.0,318.0,341.0,348.0,335,319,328,339,390.0,430,500,500
21,500,449,430.0,468.0,453,429.0,444.0,438.0,437.0,456.0,486.0,450.0,426.0,411.0,407.0,400.0,416,480,452,469,495.0,500,500,500
22,500,500,447.0,382.0,353,349.0,370.0,332.0,303.0,307.0,315.0,316.0,376.0,391.0,405.0,,366,341,318,328,435.0,378,436,414
23,325,270,217.0,243.0,250,213.0,267.0,280.0,240.0,305.0,277.0,223.0,150.0,175.0,211.0,270.0,170,115,125,170,177.0,309,257,306
24,287,233,267.0,217.0,207,270.0,220.0,170.0,203.0,312.0,311.0,302.0,240.0,193.0,181.0,137.0,143,137,147,151,223.0,315,311,336
25,500,486,449.0,431.0,316,315.0,319.0,315.0,334.0,336.0,315.0,303.0,310.0,280.0,187.0,130.0,130,134,139,310,301.0,341,436,418
26,414,500,481.0,447.0,410,411.0,423.0,424.0,499.0,471.0,,,325.0,307.0,297.0,167.0,130,140,140,180,305.0,348,477,500
27,444,404,430.0,367.0,361,354.0,351.0,350.0,365.0,414.0,476.0,481.0,492.0,477.0,444.0,334.0,308,332,304,322,,395,59,213
28,143,270,143.0,,183,,67.0,213.0,167.0,257.0,187.0,197.0,197.0,,66.0,305.0,302,313,324,329,319.0,327,327,315
29,314,297,,217.0,170,133.0,127.0,140.0,157.0,314.0,302.0,223.0,157.0,167.0,110.0,92.0,99,91,85,96,147.0,320,359,336
30,371,336,,,326,367.0,310.0,325.0,419.0,366.0,321.0,314.0,327.0,321.0,304.0,183.0,120,127,96,148,183.0,314,332,372
31,352,338,341.0,85.0,328,302.0,297.0,270.0,230.0,267.0,267.0,90.0,50.0,319.0,302.0,170.0,134,57,160,155,362.0,324,375,424
"
"
February-2020,00:00:00,01:00:00,02:00:00,03:00:00,04:00:00,05:00:00,06:00:00,07:00:00,08:00:00,09:00:00,10:00:00,11:00:00,12:00:00,13:00:00,14:00:00,15:00:00,16:00:00,17:00:00,18:00:00,19:00:00,20:00:00,21:00:00,22:00:00,23:00:00
1,500.0,357,342,323.0,315,324.0,311.0,310.0,312.0,312.0,402.0,339.0,321.0,180.0,167.0,183.0,135.0,179.0,170,153.0,220.0,329.0,312.0,
2,309.0,342,391,449.0,362,433.0,382.0,340.0,314.0,257.0,277.0,297.0,332.0,320.0,312.0,,240.0,127.0,112,,359.0,354.0,433.0,408.0
3,382.0,416,354,365.0,370,,392.0,334.0,327.0,341.0,376.0,371.0,322.0,203.0,163.0,157.0,145.0,131.0,202,429.0,315.0,432.0,391.0,432.0
4,477.0,500,493,500.0,484,413.0,395.0,385.0,395.0,410.0,500.0,500.0,345.0,277.0,217.0,180.0,170.0,181.0,215,287.0,430.0,478.0,460.0,457.0
5,,380,373,444.0,449,496.0,485.0,461.0,428.0,422.0,395.0,343.0,333.0,303.0,193.0,165.0,146.0,173.0,149,164.0,311.0,332.0,378.0,362.0
6,327.0,318,337,390.0,358,384.0,337.0,340.0,348.0,,378.0,369.0,353.0,277.0,157.0,152.0,189.0,170.0,139,172.0,324.0,315.0,355.0,401.0
7,414.0,405,357,409.0,366,359.0,358.0,374.0,,444.0,500.0,406.0,338.0,312.0,267.0,243.0,207.0,200.0,137,175.0,285.0,323.0,341.0,424.0
8,471.0,480,401,424.0,344,362.0,328.0,363.0,358.0,373.0,432.0,443.0,422.0,351.0,332.0,250.0,197.0,240.0,187,260.0,342.0,358.0,372.0,373.0
9,407.0,437,424,440.0,374,356.0,392.0,419.0,333.0,363.0,421.0,463.0,463.0,121.0,306.0,197.0,140.0,138.0,127,130.0,233.0,378.0,358.0,382.0
10,413.0,431,414,399.0,437,472.0,446.0,366.0,376.0,,426.0,447.0,363.0,342.0,237.0,197.0,233.0,197.0,159,243.0,306.0,417.0,431.0,434.0
11,407.0,417,429,423.0,480,500.0,487.0,487.0,471.0,429.0,456.0,498.0,462.0,350.0,307.0,267.0,,,187,233.0,413.0,339.0,401.0,434.0
12,439.0,447,500,494.0,444,401.0,395.0,391.0,387.0,414.0,428.0,500.0,401.0,322.0,320.0,426.0,375.0,251.0,280,293.0,311.0,,312.0,308.0
13,293.0,293,309,290.0,290,287.0,250.0,197.0,327.0,382.0,406.0,315.0,305.0,274.0,177.0,204.0,211.0,197.0,219,181.0,179.0,157.0,312.0,322.0
14,329.0,293,312,312.0,318,338.0,393.0,260.0,183.0,,,180.0,155.0,229.0,265.0,430.0,470.0,350.0,207,167.0,184.0,157.0,187.0,149.0
15,150.0,129,167,213.0,220,267.0,270.0,233.0,183.0,233.0,312.0,260.0,205.0,175.0,221.0,230.0,213.0,197.0,160,173.0,245.0,310.0,253.0,311.0
16,309.0,390,348,420.0,374,369.0,426.0,409.0,375.0,356.0,380.0,413.0,386.0,320.0,277.0,160.0,146.0,139.0,91,159.0,167.0,250.0,337.0,385.0
17,395.0,450,444,480.0,437,382.0,407.0,422.0,480.0,500.0,474.0,467.0,413.0,302.0,180.0,188.0,188.0,,84,195.0,330.0,302.0,444.0,308.0
18,328.0,395,420,414.0,413,417.0,421.0,407.0,395.0,410.0,405.0,398.0,331.0,277.0,196.0,192.0,,109.0,130,180.0,320.0,356.0,370.0,365.0
19,417.0,450,429,420.0,423,404.0,426.0,436.0,367.0,351.0,346.0,277.0,260.0,96.0,240.0,209.0,211.0,218.0,207,239.0,241.0,230.0,,301.0
20,301.0,304,305,233.0,260,307.0,312.0,315.0,,310.0,277.0,257.0,388.0,,125.0,416.0,88.0,248.0,219,197.0,193.0,230.0,257.0,302.0
21,120.0,187,223,233.0,183,140.0,140.0,140.0,140.0,140.0,,,,,75.0,,,23.0,61,51.0,101.0,88.0,230.0,200.0
22,183.0,217,120,110.0,110,,,12.0,,,,,,,151.0,175.0,112.0,99.0,111,130.0,266.0,276.0,257.0,372.0
23,402.0,385,354,328.0,315,310.0,303.0,320.0,370.0,395.0,383.0,357.0,352.0,287.0,180.0,104.0,120.0,120.0,97,102.0,,237.0,213.0,108.0
24,80.0,186,204,165.0,107,312.0,,,,,,167.0,109.0,115.0,,,17.0,268.0,123,129.0,237.0,309.0,362.0,375.0
25,362.0,426,427,,408,337.0,407.0,429.0,426.0,406.0,417.0,456.0,428.0,328.0,223.0,,,,152,250.0,295.0,316.0,324.0,414.0
26,416.0,455,434,439.0,418,379.0,407.0,434.0,402.0,358.0,365.0,370.0,334.0,233.0,243.0,220.0,193.0,135.0,193,190.0,332.0,469.0,427.0,369.0
27,359.0,392,357,337.0,303,270.0,197.0,217.0,223.0,303.0,316.0,301.0,253.0,277.0,200.0,163.0,155.0,131.0,205,137.0,227.0,240.0,297.0,302.0
28,302.0,280,297,257.0,200,217.0,183.0,187.0,200.0,223.0,183.0,180.0,215.0,181.0,199.0,170.0,35.0,175.0,172,167.0,172.0,193.0,160.0,143.0
29,123.0,127,150,113.0,101,110.0,110.0,104.0,110.0,160.0,127.0,141.0,155.0,152.0,139.0,150.0,163.0,73.0,81,55.0,88.0,81.0,83.0,70.0
"
"
March-2020,00:00:00,01:00:00,02:00:00,03:00:00,04:00:00,05:00:00,06:00:00,07:00:00,08:00:00,09:00:00,10:00:00,11:00:00,12:00:00,13:00:00,14:00:00,15:00:00,16:00:00,17:00:00,18:00:00,19:00:00,20:00:00,21:00:00,22:00:00,23:00:00
1,81.0,78.0,59.0,40.0,65.0,65.0,64.0,82.0,80.0,98.0,116.0,78.0,73.0,75.0,104,83.0,,72.0,77.0,54.0,68.0,147.0,270.0,290.0
2,280.0,315.0,307.0,293.0,273.0,267.0,280.0,322.0,367.0,,,55.0,,193.0,44,150.0,157.0,157.0,53.0,153.0,263.0,,,
3,,,,,,,,,,,,,4.0,141.0,153,153.0,133.0,296.0,409.0,159.0,,,,
4,,,,,,,,,,,,,,265.0,40,146.0,149.0,160.0,189.0,228.0,,,,
5,,,,,,,,,,,,,,9.0,40,102.0,107.0,101.0,113.0,125.0,,,,
6,,,,,,,,,,,,,,,38,58.0,77.0,61.0,38.0,77.0,70.0,76.0,70.0,69.0
7,64.0,48.0,42.0,37.0,42.0,33.0,34.0,34.0,38.0,47.0,58.0,64.0,78.0,77.0,78,96.0,118.0,104.0,109.0,131.0,150.0,233.0,312.0,353.0
8,305.0,308.0,304.0,,312.0,260.0,331.0,133.0,150.0,50.0,130.0,230.0,331.0,297.0,103,92.0,92.0,84.0,76.0,66.0,83.0,293.0,366.0,305.0
9,311.0,301.0,315.0,305.0,197.0,323.0,310.0,,273.0,170.0,167.0,101.0,140.0,197.0,135,119.0,109.0,119.0,,,141.0,163.0,197.0,306.0
10,325.0,414.0,315.0,320.0,345.0,339.0,312.0,311.0,356.0,342.0,305.0,127.0,112.0,136.0,154,,166.0,181.0,138.0,115.0,123.0,125.0,113.0,304.0
11,318.0,187.0,147.0,105.0,133.0,140.0,163.0,157.0,167.0,110.0,130.0,116.0,115.0,113.0,118,123.0,120.0,121.0,113.0,121.0,123.0,125.0,120.0,97.0
12,88.0,110.0,131.0,140.0,159.0,163.0,169.0,123.0,151.0,113.0,130.0,213.0,203.0,257.0,163,135.0,131.0,129.0,119.0,133.0,169.0,265.0,328.0,381.0
13,306.0,,,,195.0,184.0,260.0,311.0,353.0,309.0,267.0,280.0,207.0,201.0,196,281.0,355.0,362.0,348.0,311.0,355.0,341.0,309.0,306.0
14,396.0,137.0,129.0,95.0,70.0,74.0,72.0,68.0,62.0,78.0,95.0,100.0,99.0,112.0,109,85.0,89.0,99.0,126.0,146.0,122.0,123.0,113.0,111.0
15,170.0,72.0,111.0,131.0,133.0,151.0,160.0,336.0,329.0,400.0,346.0,378.0,355.0,187.0,187,177.0,159.0,140.0,140.0,114.0,149.0,207.0,297.0,273.0
16,344.0,349.0,344.0,318.0,331.0,355.0,,342.0,332.0,293.0,220.0,163.0,160.0,145.0,246,133.0,121.0,129.0,141.0,162.0,224.0,265.0,318.0,304.0
17,240.0,312.0,374.0,372.0,339.0,345.0,349.0,378.0,328.0,351.0,318.0,146.0,147.0,165.0,178,123.0,153.0,167.0,207.0,150.0,193.0,248.0,270.0,237.0
18,287.0,318.0,329.0,331.0,352.0,349.0,348.0,345.0,328.0,325.0,321.0,131.0,141.0,167.0,121,171.0,144.0,167.0,149.0,191.0,361.0,366.0,333.0,312.0
19,336.0,316.0,319.0,416.0,366.0,430.0,349.0,383.0,428.0,453.0,410.0,217.0,140.0,160.0,137,177.0,175.0,152.0,163.0,191.0,314.0,235.0,240.0,259.0
20,220.0,230.0,290.0,151.0,137.0,96.0,125.0,177.0,293.0,270.0,303.0,290.0,213.0,253.0,237,183.0,167.0,157.0,149.0,163.0,232.0,376.0,394.0,401.0
21,301.0,348.0,411.0,418.0,341.0,267.0,187.0,273.0,131.0,328.0,332.0,180.0,171.0,159.0,160,168.0,252.0,287.0,125.0,177.0,279.0,283.0,342.0,335.0
22,358.0,309.0,311.0,318.0,308.0,213.0,217.0,237.0,316.0,331.0,327.0,319.0,197.0,177.0,92,89.0,94.0,90.0,85.0,68.0,88.0,101.0,150.0,103.0
23,120.0,93.0,70.0,83.0,73.0,95.0,116.0,290.0,280.0,328.0,370.0,193.0,80.0,91.0,94,104.0,107.0,99.0,96.0,101.0,95.0,130.0,121.0,120.0
24,114.0,141.0,120.0,127.0,97.0,88.0,97.0,163.0,150.0,213.0,133.0,107.0,111.0,96.0,102,109.0,107.0,,44.0,30.0,41.0,64.0,67.0,57.0
25,48.0,50.0,98.0,88.0,92.0,80.0,98.0,120.0,140.0,170.0,143.0,95.0,68.0,50.0,69,42.0,46.0,52.0,42.0,50.0,53.0,85.0,107.0,170.0
26,302.0,380.0,404.0,331.0,63.0,57.0,88.0,318.0,329.0,147.0,163.0,70.0,59.0,44.0,39,44.0,51.0,45.0,,85.0,67.0,90.0,217.0,293.0
27,297.0,160.0,287.0,62.0,42.0,41.0,39.0,51.0,55.0,93.0,58.0,40.0,52.0,48.0,39,42.0,47.0,50.0,20.0,46.0,73.0,30.0,35.0,35.0
28,40.0,40.0,40.0,35.0,40.0,45.0,50.0,50.0,63.0,50.0,48.0,45.0,45.0,43.0,40,40.0,40.0,40.0,43.0,20.0,35.0,95.0,120.0,253.0
29,167.0,183.0,187.0,133.0,167.0,167.0,133.0,213.0,80.0,68.0,56.0,57.0,48.0,62.0,54,58.0,61.0,63.0,62.0,55.0,53.0,79.0,147.0,260.0
30,130.0,107.0,73.0,80.0,,81.0,127.0,290.0,336.0,339.0,334.0,73.0,56.0,66.0,45,70.0,71.0,72.0,67.0,56.0,48.0,,267.0,373.0
31,237.0,187.0,187.0,301.0,180.0,233.0,,306.0,280.0,243.0,92.0,52.0,45.0,57.0,58,61.0,63.0,58.0,58.0,48.0,63.0,61.0,72.0,75.0
"
"
April-2020,00:00:00,01:00:00,02:00:00,03:00:00,04:00:00,05:00:00,06:00:00,07:00:00,08:00:00,09:00:00,10:00:00,11:00:00,12:00:00,13:00:00,14:00:00,15:00:00,16:00:00,17:00:00,18:00:00,19:00:00,20:00:00,21:00:00,22:00:00,23:00:00
1,53.0,36.0,53.0,64.0,51.0,50.0,63.0,62.0,77.0,342.0,352.0,183.0,93.0,87.0,68.0,63.0,63.0,70.0,,52.0,69.0,88.0,140.0,267.0
2,133.0,55.0,87.0,85.0,113.0,177.0,183.0,113.0,163.0,220.0,67.0,67.0,69.0,73.0,72.0,69.0,72.0,76.0,75.0,66.0,70.0,64.0,63.0,59.0
3,72.0,70.0,,250.0,273.0,230.0,127.0,277.0,349.0,345.0,127.0,81.0,85.0,82.0,84.0,89.0,89.0,92.0,92.0,79.0,57.0,237.0,290.0,250.0
4,277.0,302.0,,220.0,312.0,307.0,318.0,305.0,358.0,316.0,163.0,82.0,85.0,87.0,87.0,84.0,84.0,86.0,86.0,74.0,66.0,126.0,100.0,101.0
5,325.0,331.0,328.0,280.0,233.0,240.0,306.0,308.0,354.0,342.0,306.0,110.0,79.0,68.0,73.0,76.0,80.0,74.0,74.0,84.0,,,,240.0
6,257.0,297.0,277.0,250.0,290.0,312.0,307.0,309.0,318.0,332.0,273.0,140.0,113.0,86.0,79.0,75.0,84.0,80.0,92.0,92.0,85.0,118.0,115.0,92.0
7,82.0,82.0,90.0,94.0,303.0,312.0,213.0,157.0,382.0,369.0,148.0,224.0,130.0,109.0,133.0,83.0,59.0,70.0,67.0,68.0,85.0,72.0,78.0,145.0
8,102.0,109.0,101.0,111.0,270.0,147.0,83.0,94.0,213.0,220.0,100.0,78.0,92.0,83.0,77.0,79.0,83.0,84.0,99.0,90.0,73.0,104.0,101.0,90.0
9,86.0,91.0,110.0,113.0,200.0,243.0,302.0,322.0,287.0,342.0,287.0,,,96.0,,99.0,96.0,97.0,93.0,96.0,84.0,124.0,151.0,193.0
10,217.0,301.0,273.0,280.0,307.0,315.0,303.0,324.0,321.0,355.0,339.0,220.0,92.0,92.0,96.0,92.0,,,,,,,,
11,,,203.0,240.0,220.0,207.0,177.0,167.0,,240.0,260.0,140.0,111.0,103.0,111.0,115.0,97.0,101.0,111.0,119.0,122.0,151.0,155.0,149.0
12,150.0,160.0,140.0,302.0,163.0,220.0,77.0,130.0,332.0,342.0,297.0,117.0,107.0,105.0,90.0,88.0,90.0,90.0,89.0,107.0,109.0,301.0,135.0,141.0
13,119.0,180.0,302.0,267.0,243.0,250.0,316.0,325.0,362.0,387.0,354.0,270.0,117.0,88.0,94.0,100.0,107.0,108.0,102.0,117.0,131.0,170.0,157.0,193.0
14,187.0,270.0,304.0,297.0,267.0,240.0,305.0,287.0,373.0,417.0,411.0,334.0,,119.0,122.0,104.0,119.0,121.0,112.0,124.0,157.0,308.0,308.0,273.0
15,200.0,193.0,203.0,220.0,163.0,193.0,155.0,148.0,157.0,186.0,215.0,,,,,,,124.0,114.0,123.0,157.0,256.0,312.0,329.0
16,280.0,297.0,312.0,327.0,161.0,260.0,237.0,183.0,311.0,314.0,301.0,314.0,324.0,178.0,116.0,141.0,204.0,265.0,107.0,115.0,140.0,169.0,216.0,330.0
17,294.0,175.0,145.0,131.0,118.0,137.0,134.0,114.0,129.0,118.0,88.0,101.0,85.0,88.0,96.0,105.0,103.0,99.0,93.0,278.0,93.0,101.0,73.0,69.0
18,86.0,104.0,119.0,112.0,99.0,81.0,164.0,104.0,50.0,59.0,74.0,89.0,108.0,99.0,99.0,108.0,110.0,114.0,117.0,183.0,63.0,57.0,89.0,99.0
19,74.0,54.0,40.0,47.0,65.0,41.0,35.0,36.0,63.0,217.0,312.0,103.0,79.0,86.0,94.0,92.0,90.0,91.0,94.0,78.0,187.0,177.0,223.0,346.0
20,306.0,267.0,257.0,220.0,203.0,243.0,217.0,213.0,273.0,308.0,325.0,101.0,104.0,84.0,94.0,131.0,,,,,,,,
21,,,,,,,,,,,,,,,,,,,,,,,,
22,,,,,,,,,,,,,,,,62.0,66.0,57.0,97.0,96.0,137.0,186.0,293.0,328.0
23,180.0,233.0,311.0,217.0,123.0,126.0,119.0,123.0,130.0,135.0,157.0,94.0,92.0,82.0,86.0,298.0,105.0,83.0,78.0,70.0,89.0,171.0,312.0,346.0
24,,,157.0,203.0,220.0,193.0,197.0,203.0,290.0,312.0,220.0,147.0,115.0,90.0,121.0,133.0,135.0,123.0,,,,,,
25,,,,,,,,,,,,78.0,80.0,130.0,95.0,103.0,112.0,115.0,97.0,87.0,64.0,141.0,230.0,199.0
26,187.0,184.0,169.0,183.0,135.0,133.0,144.0,200.0,130.0,71.0,79.0,76.0,52.0,48.0,184.0,58.0,70.0,80.0,82.0,76.0,65.0,65.0,54.0,47.0
27,45.0,40.0,38.0,47.0,40.0,40.0,70.0,82.0,93.0,,,,,,,,,,,,,,,
28,,,,,,,,,,,,,,,,,,,,,,,,
29,,,,,,,,,,,,,,,,,,,,,,,,
30,,,,,,,,,,,,,65.0,122.0,120.0,129.0,144.0,128.0,111.0,135.0,168.0,112.0,116.0,133.0
"
"
May-2020,00:00:00,01:00:00,02:00:00,03:00:00,04:00:00,05:00:00,06:00:00,07:00:00,08:00:00,09:00:00,10:00:00,11:00:00,12:00:00,13:00:00,14:00:00,15:00:00,16:00:00,17:00:00,18:00:00,19:00:00,20:00:00,21:00:00,22:00:00,23:00:00
1,187,170,163.0,243,237,140.0,108.0,130.0,157.0,160.0,170.0,160,138.0,125.0,137.0,145.0,145,176,153,151,153,146,137,122
2,108,99,94.0,86,92,83.0,73.0,72.0,74.0,73.0,91.0,94,115.0,121.0,119.0,127.0,128,136,135,138,114,119,117,137
3,109,80,67.0,70,63,63.0,80.0,68.0,99.0,101.0,59.0,63,76.0,99.0,107.0,110.0,98,89,75,88,91,456,71,70
4,71,68,20.0,56,43,37.0,30.0,37.0,67.0,287.0,64.0,80,70.0,47.0,54.0,91.0,117,135,140,135,77,111,123,117
5,130,113,,109,123,,,,,,,150,115.0,114.0,129.0,134.0,146,160,152,153,108,153,207,277
6,273,297,285.0,282,226,187.0,179.0,171.0,204.0,129.0,92.0,263,224.0,141.0,107.0,119.0,113,135,154,153,139,163,203,180
7,160,152,170.0,87,85,88.0,91.0,88.0,82.0,89.0,101.0,118,133.0,138.0,153.0,160.0,161,161,161,146,119,137,127,129
8,126,170,147.0,101,83,89.0,107.0,104.0,133.0,157.0,130.0,150,157.0,165.0,178.0,178.0,182,107,207,177,145,159,172,160
9,140,140,127.0,107,100,96.0,101.0,101.0,119.0,130.0,129.0,119,115.0,115.0,133.0,139.0,170,180,180,174,141,159,156,129
10,118,109,109.0,101,105,101.0,109.0,119.0,123.0,123.0,118.0,123,129.0,331.0,422.0,115.0,68,64,95,78,63,58,105,84
11,66,78,41.0,60,58,51.0,52.0,68.0,61.0,77.0,81.0,98,105.0,111.0,102.0,105.0,115,137,122,115,118,123,131,180
12,135,124,140.0,96,89,89.0,90.0,89.0,108.0,120.0,112.0,114,123.0,102.0,143.0,163.0,127,152,181,139,105,108,111,130
13,129,111,157.0,143,110,110.0,180.0,312.0,240.0,213.0,263.0,223,202.0,177.0,151.0,149.0,129,115,125,141,140,197,177,163
14,147,183,160.0,150,127,133.0,160.0,163.0,217.0,170.0,113.0,111,155.0,164.0,152.0,152.0,177,182,108,160,131,50,87,75
15,92,130,290.0,140,105,77.0,64.0,86.0,83.0,267.0,233.0,123,,129.0,126.0,128.0,130,124,126,102,155,129,293,320
16,344,344,388.0,404,383,393.0,392.0,371.0,388.0,333.0,293.0,167,139.0,143.0,143.0,143.0,148,136,136,117,121,123,149,187
17,312,321,341.0,345,354,367.0,411.0,416.0,420.0,398.0,344.0,312,208.0,172.0,171.0,182.0,156,186,161,135,265,140,127,183
18,325,350,365.0,348,416,370.0,353.0,346.0,385.0,406.0,388.0,342,315.0,193.0,151.0,138.0,156,148,141,121,183,207,322,277
19,331,359,393.0,408,434,444.0,447.0,457.0,495.0,500.0,420.0,379,303.0,130.0,121.0,125.0,136,129,124,165,167,215,424,307
20,237,354,297.0,327,386,382.0,349.0,352.0,351.0,323.0,260.0,128,152.0,200.0,161.0,200.0,159,241,209,171,175,170,167,164
21,193,177,163.0,183,167,170.0,140.0,183.0,339.0,233.0,183.0,241,348.0,251.0,206.0,206.0,256,272,251,167,185,251,346,409
22,285,358,308.0,363,376,418.0,355.0,287.0,312.0,356.0,354.0,325,240.0,145.0,147.0,143.0,150,143,147,155,186,248,413,416
23,399,346,303.0,200,183,158.0,233.0,221.0,267.0,302.0,260.0,250,294.0,295.0,210.0,167.0,149,162,184,165,228,305,358,276
24,246,200,160.0,189,184,207.0,237.0,187.0,272.0,311.0,312.0,267,192.0,185.0,183.0,152.0,292,148,148,156,137,142,171,167
25,169,187,267.0,307,290,203.0,318.0,363.0,365.0,376.0,319.0,163,130.0,141.0,159.0,175.0,332,199,196,140,137,191,175,255
26,298,266,213.0,304,342,356.0,303.0,151.0,170.0,197.0,173.0,197,211.0,199.0,267.0,155.0,191,251,155,182,256,389,404,319
27,358,163,113.0,104,138,121.0,127.0,120.0,135.0,141.0,178.0,250,415.0,205.0,209.0,149.0,130,221,180,178,141,183,177,428
28,257,124,109.0,104,168,369.0,240.0,226.0,206.0,209.0,179.0,207,395.0,260.0,257.0,224.0,266,243,215,223,210,177,217,69
29,63,57,46.0,58,59,50.0,55.0,55.0,58.0,66.0,77.0,88,,,,,94,122,125,111,66,114,71,83
30,64,65,48.0,56,86,71.0,61.0,50.0,51.0,59.0,75.0,79,101.0,90.0,96.0,94.0,102,110,97,100,97,90,88,96
31,78,70,58.0,78,70,71.0,72.0,60.0,59.0,63.0,66.0,80,91.0,74.0,65.0,68.0,72,66,54,58,58,56,52,62
"
"
June-2020,00:00:00,01:00:00,02:00:00,03:00:00,04:00:00,05:00:00,06:00:00,07:00:00,08:00:00,09:00:00,10:00:00,11:00:00,12:00:00,13:00:00,14:00:00,15:00:00,16:00:00,17:00:00,18:00:00,19:00:00,20:00:00,21:00:00,22:00:00,23:00:00
1,87,62,42,45,46,83,53,60,73.0,80,83,97,122.0,156,169.0,180.0,160.0,120.0,118.0,88.0,103,105,129,133
2,140,141,135,168,183,223,101,183,61.0,51,71,89,72.0,90,103.0,133.0,127.0,129.0,109.0,91.0,95,95,112,130
3,131,146,167,321,302,143,147,147,180.0,130,121,149,177.0,153,149.0,137.0,138.0,107.0,118.0,85.0,101,105,134,149
4,181,230,257,302,243,197,390,421,426.0,398,290,220,302.0,230,198.0,147.0,152.0,135.0,186.0,68.0,58,110,97,120
5,100,95,91,99,108,113,108,109,108.0,103,70,77,68.0,67,69.0,94.0,107.0,84.0,83.0,91.0,107,184,197,238
6,153,113,105,83,66,57,56,62,70.0,74,64,88,106.0,80,,114.0,111.0,104.0,123.0,107.0,111,139,172,151
7,127,139,123,121,123,109,107,113,62.0,64,66,114,127.0,103,99.0,105.0,86.0,88.0,94.0,82.0,72,57,55,74
8,129,131,130,107,109,95,79,104,230.0,130,115,128,162.0,117,95.0,98.0,100.0,107.0,119.0,109.0,99,118,137,167
9,224,229,167,146,193,203,280,203,277.0,149,127,149,119.0,134,143.0,173.0,215.0,166.0,156.0,130.0,120,149,209,174
10,241,213,168,178,250,145,119,140,133.0,150,137,134,137.0,119,116.0,131.0,131.0,131.0,261.0,408.0,94,93,129,178
11,119,109,101,99,103,123,105,111,130.0,167,125,137,177.0,131,131.0,141.0,131.0,107.0,115.0,149.0,146,199,261,183
12,148,184,149,402,183,186,135,170,153.0,140,129,145,135.0,137,476.0,325.0,105.0,155.0,189.0,171.0,233,210,202,252
13,177,155,138,125,117,119,114,114,119.0,119,116,116,113.0,121,127.0,123.0,245.0,111.0,109.0,425.0,133,173,131,142
14,127,162,155,240,305,213,237,207,207.0,243,302,257,230.0,143,117.0,108.0,105.0,109.0,103.0,107.0,107,139,177,285
15,211,139,119,103,96,107,101,113,119.0,129,141,147,134.0,131,115.0,107.0,144.0,139.0,148.0,150.0,194,187,260,257
16,204,172,140,130,117,97,72,66,79.0,72,83,103,105.0,104,144.0,168.0,180.0,153.0,130.0,138.0,145,175,173,211
17,168,129,109,119,90,77,61,59,66.0,63,70,79,94.0,95,121.0,133.0,157.0,171.0,137.0,120.0,133,141,131,108
18,107,115,81,72,64,51,53,69,78.0,61,77,92,105.0,141,,,,,,,143,168,163,137
19,122,117,123,119,111,101,68,70,85.0,85,118,234,453.0,482,480.0,404.0,444.0,418.0,370.0,384.0,336,358,244,205
20,185,138,115,92,69,64,68,68,103.0,402,172,61,94.0,115,113.0,120.0,130.0,143.0,162.0,189.0,118,111,86,135
21,119,107,81,77,109,99,53,55,57.0,66,81,92,81.0,99,120.0,116.0,,,,117.0,120,145,131,109
22,105,107,86,96,85,91,108,72,30.0,38,55,52,,45,46.0,55.0,59.0,67.0,69.0,79.0,115,164,181,223
23,273,167,127,101,68,50,44,53,51.0,48,51,80,83.0,56,83.0,64.0,62.0,,61.0,66.0,79,84,81,91
24,99,78,52,52,69,63,58,56,53.0,55,64,83,80.0,80,45.0,36.0,53.0,59.0,69.0,80.0,90,86,100,99
25,95,102,55,70,105,91,99,89,78.0,77,67,50,72.0,109,75.0,95.0,35.0,77.0,109.0,112.0,111,135,112,96
26,120,144,160,144,109,150,217,301,297.0,223,147,122,228.0,139,149.0,147.0,109.0,152.0,137.0,131.0,139,143,133,140
27,161,185,163,127,116,99,84,89,100.0,127,111,163,279.0,416,319.0,288.0,287.0,443.0,252.0,213.0,252,160,100,181
28,238,254,267,283,285,305,401,346,191.0,137,181,304,388.0,283,406.0,460.0,480.0,422.0,441.0,432.0,459,447,433,434
29,420,322,267,210,250,161,120,113,144.0,134,138,163,205.0,305,376.0,284.0,207.0,202.0,165.0,500.0,182,95,94,109
30,81,83,92,94,86,79,76,76,,78,85,88,92.0,91,97.0,109.0,114.0,118.0,125.0,124.0,129,143,129,126
"
"
July-2020,00:00:00,01:00:00,02:00:00,03:00:00,04:00:00,05:00:00,06:00:00,07:00:00,08:00:00,09:00:00,10:00:00,11:00:00,12:00:00,13:00:00,14:00:00,15:00:00,16:00:00,17:00:00,18:00:00,19:00:00,20:00:00,21:00:00,22:00:00,23:00:00
1,124.0,127.0,117.0,100.0,86.0,105.0,114.0,119.0,119.0,123.0,119.0,126.0,123.0,119.0,125.0,124.0,130.0,133.0,151.0,141.0,149.0,148.0,145.0,144.0
2,149.0,137.0,111.0,108.0,101.0,112.0,107.0,124.0,131.0,134.0,123.0,129.0,161.0,167.0,151.0,146.0,162.0,157.0,165.0,157.0,171.0,168.0,207.0,217.0
3,193.0,167.0,147.0,130.0,121.0,121.0,131.0,142.0,157.0,152.0,146.0,143.0,155.0,155.0,202.0,233.0,137.0,130.0,146.0,157.0,120.0,223.0,123.0,105.0
4,96.0,102.0,104.0,88.0,79.0,86.0,88.0,101.0,120.0,101.0,103.0,116.0,111.0,135.0,149.0,121.0,112.0,111.0,90.0,103.0,108.0,105.0,109.0,111.0
5,,130.0,127.0,97.0,401.0,18.0,18.0,,,37.0,25.0,,,,,,,,,,,,,
6,,,,,,,,,,,,,,,2.0,45.0,96.0,94.0,107.0,105.0,105.0,129.0,107.0,96.0
7,97.0,90.0,81.0,69.0,57.0,48.0,47.0,45.0,58.0,51.0,45.0,74.0,58.0,68.0,56.0,44.0,38.0,35.0,31.0,32.0,50.0,50.0,35.0,36.0
8,44.0,33.0,28.0,22.0,30.0,30.0,39.0,35.0,60.0,48.0,45.0,50.0,69.0,84.0,81.0,81.0,85.0,80.0,89.0,72.0,53.0,35.0,50.0,95.0
9,79.0,62.0,79.0,41.0,42.0,40.0,75.0,94.0,143.0,200.0,83.0,62.0,69.0,80.0,80.0,73.0,75.0,67.0,86.0,84.0,85.0,84.0,102.0,112.0
10,81.0,90.0,99.0,91.0,85.0,83.0,53.0,63.0,105.0,97.0,101.0,85.0,73.0,83.0,80.0,84.0,129.0,140.0,129.0,116.0,150.0,161.0,135.0,107.0
11,85.0,62.0,78.0,202.0,25.0,25.0,25.0,28.0,30.0,25.0,25.0,35.0,66.0,68.0,61.0,68.0,75.0,70.0,77.0,81.0,92.0,153.0,152.0,130.0
12,127.0,108.0,105.0,91.0,84.0,101.0,103.0,255.0,26.0,25.0,25.0,45.0,73.0,27.0,30.0,42.0,27.0,35.0,24.0,38.0,57.0,39.0,34.0,38.0
13,66.0,36.0,53.0,46.0,83.0,98.0,98.0,107.0,108.0,111.0,105.0,86.0,85.0,75.0,118.0,146.0,189.0,213.0,234.0,192.0,206.0,223.0,185.0,186.0
14,172.0,161.0,102.0,95.0,80.0,73.0,80.0,85.0,95.0,84.0,96.0,111.0,153.0,127.0,141.0,143.0,156.0,179.0,164.0,166.0,189.0,193.0,232.0,201.0
15,177.0,187.0,159.0,135.0,125.0,112.0,115.0,119.0,124.0,109.0,107.0,123.0,141.0,114.0,119.0,100.0,92.0,102.0,130.0,123.0,123.0,137.0,140.0,116.0
16,115.0,84.0,,59.0,,,57.0,55.0,61.0,57.0,70.0,100.0,80.0,91.0,83.0,96.0,99.0,83.0,81.0,115.0,107.0,121.0,115.0,111.0
17,80.0,84.0,70.0,62.0,58.0,60.0,60.0,65.0,68.0,75.0,80.0,101.0,127.0,123.0,127.0,102.0,95.0,109.0,99.0,91.0,105.0,134.0,183.0,139.0
18,130.0,133.0,100.0,85.0,103.0,102.0,107.0,100.0,103.0,105.0,109.0,115.0,117.0,105.0,68.0,96.0,99.0,109.0,103.0,105.0,108.0,130.0,116.0,101.0
19,95.0,67.0,83.0,63.0,27.0,25.0,30.0,52.0,20.0,26.0,34.0,17.0,,16.0,88.0,44.0,44.0,34.0,45.0,50.0,41.0,41.0,115.0,142.0
20,175.0,101.0,20.0,12.0,22.0,20.0,14.0,28.0,19.0,22.0,19.0,25.0,29.0,46.0,22.0,23.0,20.0,27.0,27.0,38.0,73.0,119.0,153.0,152.0
21,127.0,52.0,9.0,11.0,22.0,31.0,16.0,52.0,63.0,55.0,50.0,70.0,70.0,97.0,68.0,37.0,18.0,23.0,34.0,33.0,47.0,56.0,73.0,65.0
22,75.0,99.0,75.0,67.0,40.0,20.0,14.0,26.0,48.0,85.0,47.0,87.0,103.0,15.0,37.0,12.0,20.0,16.0,20.0,28.0,20.0,34.0,38.0,47.0
23,67.0,81.0,75.0,80.0,85.0,55.0,56.0,37.0,63.0,60.0,45.0,56.0,61.0,63.0,62.0,50.0,47.0,63.0,74.0,79.0,78.0,84.0,135.0,156.0
24,246.0,305.0,213.0,187.0,157.0,140.0,160.0,150.0,187.0,163.0,107.0,102.0,99.0,101.0,96.0,79.0,81.0,90.0,107.0,105.0,57.0,61.0,74.0,107.0
25,100.0,107.0,90.0,53.0,52.0,50.0,46.0,52.0,61.0,61.0,66.0,84.0,79.0,107.0,100.0,97.0,119.0,111.0,79.0,57.0,95.0,97.0,107.0,103.0
26,73.0,86.0,81.0,70.0,68.0,90.0,88.0,93.0,97.0,78.0,81.0,92.0,77.0,113.0,81.0,78.0,57.0,79.0,85.0,90.0,105.0,137.0,187.0,220.0
27,257.0,213.0,149.0,162.0,161.0,149.0,135.0,147.0,160.0,103.0,102.0,114.0,,,,99.0,38.0,35.0,111.0,104.0,137.0,127.0,123.0,116.0
28,101.0,80.0,79.0,56.0,66.0,64.0,53.0,58.0,69.0,72.0,86.0,119.0,130.0,108.0,115.0,101.0,119.0,105.0,131.0,123.0,137.0,177.0,201.0,181.0
29,213.0,142.0,104.0,107.0,66.0,95.0,101.0,107.0,102.0,107.0,97.0,127.0,164.0,162.0,155.0,172.0,135.0,113.0,51.0,53.0,62.0,69.0,64.0,86.0
30,79.0,70.0,85.0,61.0,58.0,47.0,51.0,51.0,57.0,56.0,50.0,63.0,18.0,33.0,20.0,11.0,16.0,29.0,36.0,41.0,67.0,88.0,75.0,123.0
31,79.0,124.0,111.0,90.0,102.0,99.0,115.0,123.0,207.0,150.0,187.0,107.0,102.0,92.0,111.0,78.0,119.0,123.0,118.0,121.0,,72.0,119.0,127.0
"
"
August-2020,00:00:00,01:00:00,02:00:00,03:00:00,04:00:00,05:00:00,06:00:00,07:00:00,08:00:00,09:00:00,10:00:00,11:00:00,12:00:00,13:00:00,14:00:00,15:00:00,16:00:00,17:00:00,18:00:00,19:00:00,20:00:00,21:00:00,22:00:00,23:00:00
1,111.0,100.0,74.0,92.0,45.0,75.0,94.0,83.0,105.0,104.0,99.0,130.0,133.0,122.0,135.0,135.0,118.0,119.0,86.0,89.0,109.0,120.0,95.0,107.0
2,112.0,90.0,63.0,56.0,51.0,66.0,62.0,58.0,63.0,61.0,57.0,46.0,47.0,63.0,81.0,119.0,85.0,99.0,107.0,88.0,91.0,109.0,105.0,112.0
3,118.0,121.0,138.0,102.0,89.0,69.0,72.0,66.0,55.0,42.0,44.0,50.0,56.0,50.0,67.0,61.0,61.0,52.0,,73.0,77.0,58.0,94.0,75.0
4,63.0,62.0,35.0,30.0,38.0,39.0,42.0,46.0,42.0,58.0,69.0,66.0,92.0,88.0,108.0,96.0,115.0,97.0,100.0,107.0,92.0,163.0,142.0,
5,163.0,159.0,105.0,101.0,131.0,105.0,143.0,90.0,111.0,99.0,131.0,127.0,123.0,199.0,45.0,69.0,77.0,97.0,99.0,107.0,108.0,,113.0,105.0
6,96.0,73.0,67.0,48.0,52.0,62.0,55.0,50.0,57.0,55.0,64.0,100.0,43.0,,,,156.0,81.0,52.0,79.0,91.0,74.0,69.0,72.0
7,68.0,52.0,45.0,46.0,35.0,38.0,35.0,40.0,45.0,46.0,50.0,62.0,59.0,59.0,69.0,68.0,55.0,69.0,67.0,68.0,94.0,109.0,120.0,112.0
8,111.0,130.0,108.0,115.0,103.0,101.0,109.0,122.0,127.0,121.0,96.0,107.0,149.0,152.0,183.0,149.0,167.0,149.0,149.0,78.0,207.0,203.0,209.0,197.0
9,207.0,73.0,52.0,36.0,40.0,40.0,48.0,45.0,48.0,45.0,43.0,65.0,105.0,64.0,95.0,72.0,84.0,109.0,86.0,50.0,62.0,72.0,99.0,104.0
10,92.0,111.0,124.0,79.0,77.0,53.0,57.0,48.0,42.0,51.0,63.0,68.0,86.0,90.0,80.0,94.0,123.0,119.0,91.0,88.0,80.0,50.0,60.0,65.0
11,70.0,47.0,65.0,79.0,73.0,64.0,73.0,95.0,88.0,85.0,87.0,78.0,58.0,53.0,58.0,50.0,59.0,60.0,90.0,100.0,106.0,127.0,130.0,96.0
12,70.0,56.0,44.0,48.0,50.0,52.0,48.0,48.0,45.0,45.0,55.0,63.0,74.0,95.0,97.0,,86.0,96.0,,131.0,164.0,125.0,91.0,50.0
13,52.0,51.0,45.0,45.0,48.0,35.0,35.0,40.0,35.0,,,,,34.0,35.0,22.0,27.0,45.0,45.0,43.0,52.0,68.0,65.0,70.0
14,68.0,57.0,57.0,40.0,47.0,40.0,45.0,50.0,55.0,57.0,60.0,60.0,67.0,62.0,59.0,63.0,89.0,94.0,84.0,63.0,65.0,75.0,88.0,105.0
15,91.0,105.0,124.0,86.0,73.0,73.0,63.0,58.0,57.0,57.0,48.0,48.0,45.0,48.0,70.0,,,,,88.0,98.0,100.0,100.0,
16,,62.0,57.0,,,75.0,85.0,90.0,90.0,92.0,95.0,100.0,,,,,,,,,,,,
17,,,,,,,,,,,,,,86.0,104.0,97.0,55.0,57.0,80.0,88.0,106.0,103.0,106.0,106.0
18,106.0,90.0,107.0,92.0,94.0,100.0,79.0,89.0,99.0,99.0,74.0,109.0,101.0,97.0,84.0,81.0,89.0,50.0,59.0,65.0,88.0,77.0,62.0,72.0
19,74.0,69.0,77.0,92.0,101.0,101.0,80.0,66.0,62.0,65.0,59.0,45.0,60.0,75.0,90.0,113.0,102.0,104.0,106.0,109.0,109.0,113.0,122.0,114.0
20,112.0,100.0,95.0,80.0,57.0,40.0,40.0,45.0,45.0,55.0,52.0,55.0,60.0,60.0,55.0,57.0,62.0,70.0,70.0,65.0,82.0,88.0,102.0,100.0
21,95.0,69.0,57.0,77.0,68.0,57.0,97.0,55.0,,68.0,80.0,90.0,85.0,81.0,80.0,84.0,85.0,,88.0,108.0,123.0,107.0,102.0,107.0
22,105.0,96.0,99.0,41.0,46.0,43.0,64.0,70.0,70.0,75.0,80.0,80.0,82.0,85.0,115.0,94.0,85.0,88.0,90.0,95.0,103.0,103.0,104.0,101.0
23,98.0,75.0,72.0,75.0,80.0,85.0,85.0,90.0,90.0,95.0,100.0,95.0,100.0,98.0,98.0,95.0,95.0,101.0,101.0,101.0,101.0,102.0,101.0,101.0
24,100.0,45.0,45.0,40.0,45.0,45.0,45.0,45.0,50.0,55.0,57.0,75.0,75.0,62.0,89.0,75.0,67.0,96.0,72.0,79.0,119.0,122.0,133.0,95.0
25,69.0,75.0,55.0,55.0,59.0,52.0,55.0,55.0,70.0,59.0,,78.0,85.0,101.0,119.0,78.0,88.0,123.0,94.0,92.0,100.0,99.0,101.0,101.0
26,82.0,77.0,50.0,57.0,80.0,85.0,80.0,80.0,85.0,85.0,85.0,85.0,85.0,90.0,90.0,90.0,90.0,109.0,95.0,98.0,114.0,151.0,104.0,103.0
27,102.0,55.0,55.0,45.0,60.0,52.0,50.0,45.0,43.0,43.0,40.0,40.0,40.0,157.0,48.0,89.0,103.0,84.0,47.0,59.0,127.0,162.0,138.0,105.0
28,85.0,194.0,155.0,125.0,111.0,131.0,133.0,123.0,126.0,113.0,107.0,129.0,109.0,111.0,119.0,123.0,97.0,,62.0,95.0,100.0,102.0,109.0,103.0
29,105.0,102.0,100.0,108.0,111.0,95.0,92.0,107.0,143.0,110.0,113.0,94.0,96.0,91.0,,,65.0,83.0,77.0,78.0,98.0,105.0,145.0,123.0
30,134.0,130.0,130.0,104.0,69.0,65.0,50.0,50.0,50.0,50.0,52.0,89.0,113.0,96.0,84.0,,,,82.0,68.0,56.0,56.0,,55.0
31,55.0,50.0,48.0,40.0,45.0,48.0,45.0,50.0,55.0,55.0,55.0,55.0,50.0,50.0,68.0,59.0,78.0,73.0,77.0,75.0,77.0,77.0,81.0,72.0
"
"
September-2020,00:00:00,01:00:00,02:00:00,03:00:00,04:00:00,05:00:00,06:00:00,07:00:00,08:00:00,09:00:00,10:00:00,11:00:00,12:00:00,13:00:00,14:00:00,15:00:00,16:00:00,17:00:00,18:00:00,19:00:00,20:00:00,21:00:00,22:00:00,23:00:00
1,88.0,102.0,79.0,51.0,50.0,50.0,50.0,60.0,81.0,61.0,53.0,67.0,67.0,77.0,64.0,46.0,69.0,85.0,102.0,101.0,104.0,107.0,104.0,85.0
2,100.0,113.0,,,,,,,,,,,95.0,73.0,75.0,79.0,105.0,115.0,114.0,128.0,131.0,155.0,109.0,109.0
3,127.0,170.0,155.0,103.0,117.0,123.0,96.0,96.0,101.0,101.0,92.0,92.0,,100.0,75.0,75.0,122.0,115.0,119.0,114.0,117.0,130.0,123.0,112.0
4,100.0,99.0,96.0,84.0,85.0,94.0,89.0,84.0,88.0,85.0,97.0,91.0,113.0,109.0,107.0,,,,,,,103.0,,
5,,36.0,,,,,,,,,,,,,,,,,,,,,,
6,,,,,,,,,,,,,,,,,,,,,,,,
7,,,,,,,,,,,,,,,,,,,,,52.0,,,
8,,,,,,,,,,,,,,,,,,,,,,,,
9,,,,,,,,,,,,,,,,,,78.0,122.0,123.0,139.0,155.0,118.0,117.0
10,123.0,147.0,81.0,73.0,79.0,159.0,163.0,130.0,134.0,138.0,141.0,155.0,129.0,113.0,122.0,107.0,163.0,443.0,129.0,155.0,142.0,181.0,189.0,129.0
11,111.0,113.0,312.0,175.0,180.0,188.0,187.0,151.0,160.0,177.0,137.0,112.0,114.0,124.0,145.0,157.0,172.0,157.0,127.0,171.0,282.0,315.0,177.0,221.0
12,174.0,167.0,228.0,311.0,235.0,241.0,162.0,,191.0,80.0,211.0,141.0,115.0,151.0,125.0,131.0,129.0,133.0,174.0,209.0,256.0,245.0,167.0,183.0
13,197.0,213.0,223.0,163.0,193.0,147.0,207.0,250.0,303.0,311.0,131.0,145.0,133.0,123.0,137.0,159.0,131.0,131.0,141.0,131.0,129.0,143.0,147.0,182.0
14,270.0,167.0,177.0,157.0,187.0,140.0,311.0,348.0,309.0,237.0,141.0,145.0,142.0,133.0,122.0,127.0,172.0,131.0,165.0,149.0,160.0,227.0,164.0,150.0
15,133.0,163.0,220.0,257.0,213.0,223.0,183.0,170.0,200.0,233.0,157.0,130.0,150.0,134.0,157.0,144.0,364.0,292.0,186.0,184.0,209.0,292.0,217.0,135.0
16,183.0,211.0,326.0,147.0,212.0,398.0,183.0,177.0,177.0,197.0,157.0,172.0,159.0,184.0,159.0,224.0,201.0,204.0,190.0,172.0,211.0,166.0,174.0,137.0
17,127.0,111.0,201.0,165.0,174.0,189.0,163.0,141.0,139.0,140.0,149.0,137.0,170.0,213.0,185.0,192.0,192.0,163.0,184.0,131.0,174.0,193.0,129.0,146.0
18,90.0,166.0,153.0,141.0,134.0,116.0,134.0,120.0,163.0,150.0,127.0,157.0,156.0,197.0,171.0,145.0,160.0,148.0,,40.0,144.0,189.0,179.0,148.0
19,116.0,94.0,116.0,127.0,127.0,140.0,243.0,223.0,148.0,171.0,149.0,114.0,140.0,145.0,133.0,156.0,151.0,197.0,145.0,145.0,211.0,294.0,199.0,175.0
20,157.0,177.0,223.0,306.0,319.0,315.0,320.0,297.0,187.0,125.0,119.0,123.0,155.0,129.0,146.0,147.0,149.0,127.0,120.0,113.0,141.0,161.0,142.0,147.0
21,180.0,140.0,197.0,123.0,297.0,240.0,250.0,233.0,277.0,135.0,120.0,170.0,167.0,159.0,328.0,131.0,153.0,129.0,142.0,137.0,194.0,185.0,157.0,143.0
22,167.0,197.0,207.0,150.0,180.0,230.0,240.0,180.0,183.0,117.0,111.0,115.0,103.0,101.0,79.0,77.0,120.0,105.0,120.0,122.0,129.0,143.0,123.0,114.0
23,122.0,148.0,129.0,118.0,89.0,73.0,59.0,59.0,64.0,74.0,57.0,86.0,105.0,70.0,86.0,103.0,116.0,104.0,138.0,109.0,175.0,175.0,57.0,126.0
24,129.0,122.0,86.0,73.0,99.0,39.0,48.0,62.0,66.0,64.0,79.0,101.0,96.0,105.0,157.0,137.0,113.0,175.0,230.0,242.0,262.0,253.0,,301.0
25,267.0,293.0,253.0,114.0,123.0,104.0,115.0,111.0,111.0,111.0,117.0,,146.0,204.0,160.0,185.0,199.0,281.0,199.0,199.0,428.0,298.0,260.0,
26,426.0,417.0,388.0,315.0,320.0,257.0,305.0,267.0,187.0,273.0,155.0,183.0,227.0,141.0,189.0,153.0,150.0,436.0,394.0,252.0,160.0,196.0,124.0,163.0
27,167.0,187.0,216.0,140.0,105.0,85.0,86.0,94.0,95.0,139.0,72.0,115.0,111.0,105.0,101.0,119.0,129.0,138.0,149.0,161.0,216.0,167.0,163.0,298.0
28,340.0,287.0,406.0,194.0,146.0,146.0,223.0,155.0,175.0,160.0,196.0,190.0,179.0,217.0,272.0,314.0,348.0,384.0,197.0,272.0,340.0,446.0,281.0,185.0
29,283.0,193.0,279.0,203.0,181.0,200.0,217.0,240.0,203.0,179.0,248.0,265.0,249.0,196.0,209.0,394.0,461.0,270.0,273.0,232.0,234.0,312.0,326.0,298.0
30,183.0,141.0,183.0,153.0,230.0,153.0,141.0,140.0,147.0,164.0,193.0,200.0,273.0,230.0,193.0,217.0,405.0,315.0,210.0,271.0,320.0,412.0,235.0,195.0
"
"
October-2020,00:00:00,01:00:00,02:00:00,03:00:00,04:00:00,05:00:00,06:00:00,07:00:00,08:00:00,09:00:00,10:00:00,11:00:00,12:00:00,13:00:00,14:00:00,15:00:00,16:00:00,17:00:00,18:00:00,19:00:00,20:00:00,21:00:00,22:00:00,23:00:00
1,203,129,179,183.0,181,159,143,141,161.0,166,224.0,,213,186,248,301,270.0,340,274,361,430,445.0,462,408
2,325,311,310,297.0,163,233,250,213,183.0,173,188.0,193.0,181,177,161,157,149.0,173,157,240,300,281.0,207,270
3,280,287,304,303.0,304,309,302,302,302.0,277,287.0,194.0,260,274,222,196,217.0,378,406,288,452,436.0,405,177
4,183,200,302,207.0,302,253,260,203,260.0,314,318.0,237.0,197,174,152,189,153.0,169,148,177,179,281.0,197,200
5,171,326,302,250.0,237,233,203,180,200.0,217,280.0,287.0,408,312,384,420,346.0,375,243,342,425,463.0,270,168
6,178,237,207,203.0,183,171,203,157,207.0,181,302.0,221.0,369,255,281,211,283.0,277,261,421,482,500.0,267,213
7,213,305,429,402.0,302,301,297,400,341.0,319,306.0,328.0,228,186,193,259,434.0,370,204,428,500,435.0,257,207
8,217,312,312,277.0,325,306,304,233,233.0,217,,220.0,259,251,260,282,,265,271,403,455,284.0,249,297
9,237,260,35,335.0,312,302,243,233,250.0,290,312.0,311.0,277,213,199,197,227.0,260,274,418,500,459.0,389,215
10,250,217,422,354.0,314,304,316,338,325.0,316,315.0,318.0,267,249,233,202,321.0,339,235,401,496,441.0,381,315
11,277,207,297,328.0,332,310,290,287,277.0,293,315.0,325.0,270,250,342,252,261.0,195,193,270,432,432.0,280,267
12,297,302,290,460.0,396,324,322,315,339.0,306,302.0,310.0,329,297,267,253,205.0,326,296,469,500,486.0,418,415
13,439,423,422,353.0,354,369,362,434,485.0,487,433.0,382.0,312,302,257,223,170.0,157,209,306,442,430.0,384,334
14,329,318,341,334.0,342,345,395,401,400.0,398,393.0,388.0,337,334,304,177,326.0,305,197,454,470,500.0,483,399
15,334,441,400,399.0,396,406,452,418,426.0,431,398.0,378.0,342,432,155,153,173.0,315,238,452,417,440.0,415,303
16,301,287,318,350.0,361,354,341,327,331.0,306,282.0,273.0,240,165,140,165,182.0,160,391,447,360,500.0,464,481
17,333,424,361,363.0,460,402,354,333,337.0,339,375.0,348.0,332,277,161,180,207.0,238,414,500,495,500.0,400,355
18,333,348,348,445.0,375,432,351,332,335.0,357,376.0,342.0,304,237,315,287,282.0,281,270,318,382,,324,335
19,297,306,342,368.0,332,318,328,342,406.0,341,335.0,339.0,408,302,222,283,217.0,251,188,334,422,423.0,426,414
20,250,243,312,321.0,334,346,366,367,337.0,306,303.0,310.0,303,306,223,210,185.0,183,189,445,446,451.0,424,500
21,437,490,401,371.0,324,321,322,327,,342,335.0,325.0,310,171,138,102,,244,459,279,449,500.0,466,500
22,500,474,348,315.0,408,401,371,383,438.0,485,500.0,443.0,500,442,371,351,452.0,401,290,445,474,465.0,424,418
23,351,365,411,453.0,458,456,500,500,500.0,500,500.0,500.0,451,358,382,207,204.0,376,405,480,500,500.0,442,500
24,451,406,461,500.0,448,478,447,416,429.0,461,451.0,486.0,472,416,346,308,280.0,336,349,454,453,435.0,490,500
25,453,473,500,468.0,416,499,460,444,426.0,432,417.0,362.0,368,366,323,307,260.0,260,220,329,438,409.0,439,466
26,500,480,477,418.0,408,422,432,453,447.0,441,463.0,425.0,382,397,500,340,297.0,163,267,336,436,376.0,403,341
27,339,370,388,,417,422,407,391,380.0,407,419.0,437.0,390,415,243,170,157.0,185,256,375,423,380.0,311,416
28,318,479,469,432.0,368,338,322,336,318.0,318,331.0,403.0,467,423,319,319,314.0,318,322,413,416,456.0,447,449
29,443,447,435,434.0,479,500,500,500,500.0,500,500.0,500.0,474,387,332,309,312.0,301,302,500,500,500.0,459,428
30,437,460,480,500.0,487,478,478,475,466.0,486,494.0,492.0,467,348,238,234,179.0,199,306,467,475,451.0,424,387
31,439,489,500,500.0,500,500,500,500,500.0,500,500.0,442.0,372,306,250,188,,370,260,464,418,416.0,342,348
"
"
November-2020,00:00:00,01:00:00,02:00:00,03:00:00,04:00:00,05:00:00,06:00:00,07:00:00,08:00:00,09:00:00,10:00:00,11:00:00,12:00:00,13:00:00,14:00:00,15:00:00,16:00:00,17:00:00,18:00:00,19:00:00,20:00:00,21:00:00,22:00:00,23:00:00
1,384,466,500,500.0,500,500.0,500.0,453.0,397,383,400.0,427.0,417,336,223,103.0,202.0,189.0,189.0,229,248.0,416,332,362
2,376,396,400,407.0,372,341.0,310.0,220.0,220,267,267.0,314.0,351,375,365,365.0,277.0,163.0,206.0,346,468.0,450,423,459
3,500,465,415,346.0,337,332.0,319.0,325.0,354,403,358.0,325.0,273,220,187,164.0,133.0,163.0,205.0,238,434.0,474,500,448
4,500,500,448,401.0,365,361.0,,,323,327,362.0,392.0,424,484,500,500.0,500.0,469.0,455.0,500,500.0,500,500,500
5,500,500,500,500.0,500,477.0,493.0,499.0,497,468,431.0,416.0,411,417,416,422.0,368.0,318.0,346.0,474,436.0,456,456,500
6,500,497,477,468.0,439,437.0,420.0,444.0,397,420,392.0,390.0,426,409,395,425.0,380.0,321.0,318.0,366,500.0,500,500,500
7,500,500,500,500.0,500,500.0,500.0,500.0,500,500,500.0,500.0,490,435,132,140.0,146.0,500.0,462.0,500,429.0,500,500,500
8,500,500,102,429.0,456,447.0,437.0,425.0,409,406,448.0,497.0,500,500,500,492.0,423.0,380.0,433.0,467,500.0,500,500,500
9,500,500,500,500.0,500,500.0,500.0,500.0,500,500,500.0,500.0,500,500,500,500.0,500.0,500.0,500.0,500,500.0,500,500,500
10,134,500,138,500.0,500,500.0,500.0,500.0,500,500,500.0,500.0,232,235,451,,,,,500,478.0,495,495,500
11,500,500,500,500.0,492,460.0,460.0,470.0,500,500,500.0,438.0,439,339,220,240.0,262.0,240.0,232.0,500,395.0,499,500,500
12,500,464,436,410.0,394,410.0,401.0,420.0,442,455,457.0,424.0,400,304,211,180.0,183.0,207.0,273.0,330,432.0,457,340,345
13,447,442,395,382.0,400,,452.0,500.0,500,500,473.0,477.0,462,363,304,151.0,181.0,165.0,219.0,500,426.0,447,434,478
14,493,500,500,500.0,500,500.0,500.0,500.0,500,500,500.0,500.0,500,500,500,421.0,346.0,349.0,375.0,420,,500,500,153
15,137,125,133,119.0,118,500.0,500.0,500.0,500,481,451.0,430.0,402,368,348,325.0,315.0,318.0,322.0,303,329.0,333,340,363
16,374,380,355,332.0,305,273.0,311.0,223.0,83,87,130.0,170.0,123,179,113,103.0,114.0,110.0,107.0,130,187.0,257,287,308
17,322,329,305,293.0,267,193.0,230.0,323.0,250,267,200.0,203.0,273,197,92,100.0,119.0,105.0,130.0,165,237.0,253,325,352
18,356,344,328,324.0,333,357.0,358.0,363.0,342,334,,,267,160,203,240.0,267.0,240.0,240.0,447,403.0,309,325,351
19,403,453,445,392.0,401,382.0,410.0,428.0,464,484,431.0,401.0,336,290,237,144.0,500.0,177.0,206.0,415,438.0,335,446,382
20,379,409,425,431.0,456,472.0,453.0,423.0,413,422,392.0,358.0,332,277,250,283.0,289.0,229.0,149.0,439,346.0,360,406,384
21,369,344,352,353.0,352,344.0,336.0,369.0,419,429,423.0,386.0,319,498,378,257.0,219.0,171.0,206.0,380,428.0,445,465,418
22,410,413,409,456.0,398,385.0,369.0,366.0,362,374,367.0,348.0,334,331,230,184.0,142.0,134.0,138.0,414,297.0,337,368,437
23,401,410,398,410.0,379,376.0,388.0,375.0,373,388,,350.0,321,250,197,253.0,203.0,207.0,157.0,425,500.0,493,500,500
24,469,375,416,405.0,499,480.0,500.0,500.0,500,500,500.0,472.0,395,339,332,340.0,404.0,382.0,471.0,464,500.0,500,500,500
25,500,500,500,,500,500.0,500.0,462.0,495,500,500.0,500.0,402,375,367,355.0,337.0,413.0,497.0,464,434.0,442,441,430
26,434,388,382,419.0,420,388.0,405.0,410.0,404,353,320.0,301.0,170,114,127,90.0,122.0,153.0,193.0,201,200.0,141,160,167
27,213,200,305,331.0,257,180.0,183.0,180.0,240,257,260.0,220.0,167,174,159,163.0,192.0,169.0,295.0,464,442.0,332,331,315
28,314,318,310,311.0,335,356.0,352.0,345.0,341,346,362.0,338.0,318,302,223,221.0,189.0,199.0,197.0,461,500.0,413,408,363
29,445,363,333,325.0,327,315.0,307.0,253.0,267,316,,,316,70,68,183.0,180.0,165.0,219.0,311,452.0,497,416,465
30,468,431,409,416.0,424,362.0,345.0,338.0,339,348,345.0,334.0,346,374,492,203.0,220.0,238.0,326.0,493,451.0,435,424,429
"
"
December-2020,00:00:00,01:00:00,02:00:00,03:00:00,04:00:00,05:00:00,06:00:00,07:00:00,08:00:00,09:00:00,10:00:00,11:00:00,12:00:00,13:00:00,14:00:00,15:00:00,16:00:00,17:00:00,18:00:00,19:00:00,20:00:00,21:00:00,22:00:00,23:00:00
1,500.0,461.0,459.0,442.0,402.0,398.0,383.0,404.0,406.0,423.0,423.0,433.0,429.0,407,378,379,340.0,348.0,500.0,408.0,435.0,392.0,425.0,416.0
2,478.0,478.0,460.0,461.0,451.0,440.0,399.0,384.0,402.0,410.0,428.0,440.0,414.0,383,339,319,302.0,290.0,312.0,307.0,466.0,447.0,492.0,429.0
3,410.0,424.0,421.0,370.0,365.0,358.0,403.0,342.0,334.0,350.0,346.0,348.0,355.0,351,327,328,309.0,315.0,314.0,469.0,500.0,500.0,500.0,500.0
4,500.0,500.0,500.0,488.0,,496.0,496.0,,,,,496.0,384.0,346,315,273,197.0,200.0,321.0,445.0,459.0,468.0,431.0,431.0
5,429.0,422.0,429.0,434.0,423.0,433.0,437.0,431.0,438.0,443.0,446.0,437.0,420.0,380,366,353,345.0,351.0,370.0,425.0,437.0,439.0,424.0,425.0
6,432.0,453.0,441.0,424.0,423.0,440.0,447.0,427.0,423.0,439.0,446.0,439.0,422.0,404,372,348,350.0,322.0,358.0,428.0,433.0,468.0,474.0,480.0
7,497.0,500.0,500.0,500.0,500.0,500.0,444.0,423.0,411.0,395.0,396.0,403.0,426.0,451,434,400,384.0,369.0,369.0,102.0,451.0,500.0,500.0,472.0
8,459.0,451.0,460.0,452.0,480.0,434.0,426.0,416.0,386.0,380.0,406.0,494.0,433.0,378,331,273,177.0,257.0,183.0,243.0,416.0,500.0,398.0,340.0
9,399.0,,468.0,408.0,400.0,425.0,,,,,,,441.0,393,353,309,200.0,200.0,203.0,425.0,441.0,455.0,323.0,323.0
10,312.0,,324.0,323.0,345.0,348.0,341.0,401.0,358.0,324.0,329.0,338.0,321.0,307,213,197,165.0,168.0,,,,348.0,,321.0
11,328.0,350.0,324.0,,,,,,,,,375.0,428.0,420,454,407,412.0,369.0,369.0,404.0,442.0,433.0,356.0,341.0
12,384.0,411.0,416.0,420.0,437.0,427.0,,78.0,365.0,302.0,270.0,290.0,325.0,355,372,383,421.0,492.0,478.0,453.0,440.0,438.0,467.0,462.0
13,442.0,103.0,405.0,345.0,311.0,297.0,297.0,43.0,187.0,260.0,273.0,309.0,315.0,290,163,110,130.0,107.0,94.0,207.0,257.0,302.0,322.0,311.0
14,213.0,197.0,183.0,160.0,113.0,98.0,130.0,97.0,123.0,230.0,147.0,97.0,143.0,119,125,115,140.0,135.0,162.0,220.0,302.0,328.0,304.0,312.0
15,325.0,302.0,267.0,297.0,395.0,253.0,203.0,305.0,200.0,305.0,301.0,312.0,302.0,309,315,197,147.0,163.0,203.0,302.0,345.0,392.0,349.0,382.0
16,382.0,45.0,334.0,353.0,337.0,327.0,,307.0,297.0,305.0,287.0,250.0,240.0,243,500,240,253.0,137.0,155.0,401.0,354.0,390.0,384.0,378.0
17,352.0,332.0,30.0,325.0,312.0,280.0,257.0,253.0,270.0,253.0,277.0,337.0,301.0,312,318,303,273.0,233.0,257.0,335.0,410.0,434.0,450.0,435.0
18,421.0,388.0,341.0,365.0,354.0,365.0,365.0,353.0,346.0,339.0,342.0,342.0,316.0,308,206,172,162.0,173.0,182.0,395.0,407.0,428.0,445.0,420.0
19,500.0,,426.0,395.0,382.0,358.0,346.0,365.0,385.0,437.0,457.0,416.0,378.0,331,191,170,,,,,,,,
20,,,,,,,,,399.0,413.0,414.0,417.0,425.0,354,331,280,207.0,230.0,223.0,267.0,453.0,434.0,401.0,436.0
21,401.0,,392.0,388.0,386.0,354.0,358.0,342.0,359.0,370.0,378.0,417.0,404.0,367,345,270,183.0,193.0,253.0,422.0,420.0,500.0,500.0,466.0
22,478.0,470.0,455.0,475.0,488.0,468.0,467.0,470.0,462.0,498.0,500.0,500.0,,456,407,398,339.0,321.0,318.0,407.0,443.0,500.0,500.0,500.0
23,150.0,131.0,500.0,500.0,500.0,500.0,500.0,500.0,500.0,500.0,500.0,500.0,489.0,449,388,444,358.0,336.0,337.0,390.0,417.0,500.0,500.0,500.0
24,500.0,500.0,500.0,500.0,500.0,500.0,500.0,489.0,463.0,468.0,444.0,464.0,483.0,483,374,331,302.0,325.0,315.0,315.0,410.0,435.0,500.0,434.0
25,434.0,423.0,417.0,428.0,420.0,406.0,402.0,387.0,370.0,384.0,430.0,480.0,398.0,339,297,161,184.0,177.0,250.0,402.0,401.0,463.0,429.0,497.0
26,453.0,463.0,454.0,469.0,457.0,401.0,391.0,423.0,386.0,384.0,403.0,404.0,426.0,372,358,312,311.0,329.0,331.0,335.0,424.0,500.0,500.0,500.0
27,500.0,500.0,500.0,500.0,500.0,500.0,500.0,500.0,500.0,500.0,500.0,500.0,447.0,401,328,308,345.0,352.0,371.0,400.0,417.0,413.0,407.0,402.0
28,185.0,,203.0,305.0,243.0,290.0,328.0,328.0,322.0,388.0,405.0,342.0,221.0,237,181,177,181.0,186.0,178.0,332.0,401.0,418.0,360.0,332.0
29,346.0,,302.0,315.0,315.0,331.0,362.0,358.0,365.0,371.0,388.0,374.0,328.0,318,293,243,223.0,179.0,171.0,289.0,348.0,409.0,363.0,341.0
30,330.0,338.0,347.0,345.0,336.0,337.0,345.0,352.0,,324.0,329.0,325.0,323.0,315,310,308,306.0,307.0,325.0,359.0,359.0,422.0,432.0,459.0
31,437.0,,447.0,372.0,373.0,372.0,78.0,342.0,328.0,331.0,332.0,395.0,416.0,453,427,422,392.0,370.0,379.0,395.0,436.0,452.0,467.0,498.0
"
"
Year,2021
January-2021,00:00:00,01:00:00,02:00:00,03:00:00,04:00:00,05:00:00,06:00:00,07:00:00,08:00:00,09:00:00,10:00:00,11:00:00,12:00:00,13:00:00,14:00:00,15:00:00,16:00:00,17:00:00,18:00:00,19:00:00,20:00:00,21:00:00,22:00:00,23:00:00
1,500.0,496.0,494.0,466.0,445.0,419.0,392.0,388.0,,106.0,118.0,482.0,500.0,500.0,,,,480.0,500.0,500.0,500.0,500.0,192.0,500.0
2,500.0,,500.0,500.0,500.0,500.0,496.0,500.0,500.0,500.0,500.0,481.0,487.0,128.0,500.0,500.0,469.0,443.0,426.0,451.0,451.0,460.0,438.0,435.0
3,424.0,416.0,414.0,414.0,,,9.0,,,,,,,,,,,,,,,,,
4,,,,,,,,,,,,,,,,,359.0,307.0,339.0,,,,,
5,,,,,,,,,,,,,333.0,51.0,290.0,309.0,290.0,183.0,103.0,160.0,,250.0,213.0,303.0
6,312.0,,,,301.0,297.0,,,,,,,,351.0,367.0,362.0,395.0,382.0,393.0,388.0,362.0,359.0,351.0,339.0
7,342.0,335.0,329.0,302.0,287.0,290.0,253.0,257.0,230.0,223.0,287.0,297.0,277.0,273.0,250.0,280.0,270.0,250.0,237.0,257.0,321.0,318.0,350.0,348.0
8,203.0,203.0,133.0,85.0,50.0,87.0,140.0,170.0,153.0,212.0,270.0,280.0,270.0,302.0,416.0,305.0,318.0,319.0,318.0,309.0,337.0,444.0,420.0,447.0
9,410.0,370.0,334.0,447.0,329.0,336.0,374.0,312.0,301.0,307.0,324.0,332.0,336.0,332.0,332.0,325.0,315.0,309.0,322.0,342.0,351.0,352.0,352.0,348.0
10,344.0,331.0,329.0,321.0,321.0,,,,,,,,,,,,,,,,,,,
11,,,,,,,,,,,,,,243.0,223.0,237.0,220.0,243.0,270.0,322.0,372.0,400.0,411.0,359.0
12,310.0,323.0,365.0,384.0,345.0,334.0,349.0,345.0,95.0,106.0,325.0,325.0,324.0,320.0,332.0,373.0,353.0,345.0,345.0,352.0,402.0,450.0,414.0,447.0
13,500.0,473.0,413.0,416.0,35.0,144.0,18.0,325.0,345.0,399.0,376.0,376.0,344.0,378.0,500.0,440.0,366.0,358.0,345.0,374.0,436.0,500.0,500.0,500.0
14,500.0,500.0,500.0,500.0,500.0,500.0,453.0,22.0,24.0,30.0,42.0,69.0,500.0,500.0,500.0,500.0,500.0,495.0,486.0,500.0,500.0,500.0,500.0,500.0
15,500.0,500.0,500.0,500.0,446.0,426.0,24.0,24.0,21.0,24.0,39.0,477.0,500.0,500.0,500.0,189.0,500.0,500.0,500.0,500.0,500.0,500.0,500.0,500.0
16,464.0,398.0,,,,,,,,,,,,442.0,,,,,348.0,339.0,409.0,382.0,420.0,407.0
17,28.0,27.0,20.0,21.0,311.0,324.0,333.0,312.0,314.0,342.0,375.0,433.0,444.0,,45.0,404.0,416.0,438.0,464.0,474.0,477.0,447.0,437.0,422.0
18,414.0,403.0,393.0,385.0,379.0,390.0,376.0,383.0,382.0,406.0,420.0,428.0,416.0,414.0,386.0,349.0,342.0,345.0,334.0,389.0,500.0,500.0,500.0,500.0
19,487.0,466.0,424.0,424.0,443.0,486.0,477.0,470.0,417.0,414.0,387.0,425.0,451.0,438.0,422.0,382.0,378.0,367.0,355.0,353.0,352.0,363.0,345.0,331.0
20,323.0,348.0,358.0,348.0,334.0,335.0,327.0,327.0,333.0,325.0,325.0,323.0,354.0,325.0,332.0,333.0,325.0,332.0,325.0,348.0,413.0,404.0,396.0,371.0
21,363.0,375.0,362.0,358.0,369.0,350.0,350.0,361.0,366.0,373.0,387.0,396.0,378.0,346.0,322.0,243.0,183.0,230.0,240.0,,354.0,348.0,374.0,420.0
22,483.0,498.0,,456.0,,,484.0,500.0,500.0,500.0,500.0,500.0,443.0,413.0,414.0,414.0,401.0,399.0,398.0,420.0,423.0,434.0,433.0,424.0
23,434.0,426.0,417.0,392.0,369.0,358.0,338.0,325.0,328.0,318.0,331.0,342.0,348.0,346.0,354.0,338.0,318.0,324.0,338.0,357.0,370.0,398.0,415.0,
24,451.0,433.0,,447.0,449.0,473.0,,367.0,355.0,359.0,362.0,377.0,387.0,395.0,392.0,383.0,364.0,353.0,345.0,345.0,368.0,395.0,378.0,370.0
25,400.0,390.0,344.0,328.0,332.0,331.0,332.0,324.0,322.0,334.0,338.0,345.0,320.0,320.0,318.0,318.0,304.0,306.0,312.0,399.0,358.0,494.0,462.0,500.0
26,431.0,371.0,386.0,373.0,341.0,417.0,339.0,328.0,311.0,315.0,,,,,,,,,,,,,,
27,,,,,,,,,,,,,,,,,,,,,,,,
28,,,,,,,,,,,,,315.0,142.0,336.0,310.0,306.0,273.0,220.0,220.0,382.0,455.0,495.0,500.0
29,500.0,500.0,500.0,499.0,457.0,434.0,393.0,365.0,361.0,376.0,386.0,413.0,453.0,423.0,348.0,305.0,287.0,350.0,233.0,306.0,325.0,421.0,453.0,373.0
30,374.0,344.0,382.0,365.0,345.0,349.0,354.0,346.0,354.0,342.0,365.0,393.0,391.0,,,,,,,,,,,
31,,,,,,,,,,,,,329.0,301.0,203.0,170.0,115.0,162.0,130.0,121.0,250.0,434.0,500.0,500.0
"
"
February-2021,00:00:00,01:00:00,02:00:00,03:00:00,04:00:00,05:00:00,06:00:00,07:00:00,08:00:00,09:00:00,10:00:00,11:00:00,12:00:00,13:00:00,14:00:00,15:00:00,16:00:00,17:00:00,18:00:00,19:00:00,20:00:00,21:00:00,22:00:00,23:00:00
1,500.0,477.0,493.0,500.0,489.0,470.0,485.0,472.0,483.0,500.0,500.0,470.0,354.0,312.0,,,243.0,,,,443.0,419.0,441.0,459.0
2,456.0,,482.0,484.0,437.0,460.0,482.0,476.0,500.0,492.0,500.0,497.0,499.0,442.0,367.0,328.0,314.0,200.0,171.0,172.0,441.0,488.0,500.0,500.0
3,429.0,396.0,416.0,429.0,414.0,382.0,372.0,370.0,380.0,390.0,388.0,358.0,342.0,322.0,233.0,163.0,217.0,193.0,240.0,290.0,314.0,114.0,373.0,374.0
4,403.0,407.0,413.0,401.0,423.0,420.0,420.0,387.0,375.0,382.0,382.0,382.0,65.0,324.0,312.0,240.0,,,240.0,39.0,115.0,123.0,140.0,88.0
5,80.0,78.0,,,,,,,,,47.0,315.0,217.0,40.0,56.0,62.0,123.0,133.0,113.0,183.0,243.0,355.0,405.0,444.0
6,391.0,397.0,368.0,401.0,407.0,362.0,315.0,311.0,336.0,332.0,349.0,348.0,217.0,160.0,304.0,159.0,163.0,129.0,133.0,147.0,287.0,359.0,469.0,359.0
7,329.0,348.0,362.0,342.0,324.0,348.0,348.0,352.0,,,,432.0,355.0,303.0,267.0,187.0,163.0,163.0,193.0,304.0,339.0,375.0,405.0,485.0
8,500.0,425.0,449.0,444.0,407.0,388.0,395.0,391.0,390.0,378.0,411.0,452.0,396.0,324.0,307.0,301.0,237.0,253.0,230.0,290.0,361.0,388.0,453.0,
9,,,,,,,,,,,,,,,,,310.0,207.0,161.0,272.0,362.0,500.0,492.0,
10,500.0,500.0,500.0,480.0,408.0,415.0,433.0,475.0,,471.0,421.0,346.0,277.0,237.0,213.0,210.0,228.0,306.0,322.0,335.0,,458.0,458.0,471.0
11,452.0,444.0,426.0,411.0,427.0,500.0,488.0,455.0,474.0,465.0,464.0,467.0,452.0,388.0,331.0,320.0,302.0,222.0,301.0,414.0,440.0,470.0,456.0,447.0
12,431.0,461.0,465.0,453.0,480.0,500.0,500.0,445.0,400.0,416.0,466.0,450.0,424.0,384.0,359.0,349.0,343.0,378.0,424.0,430.0,433.0,470.0,469.0,381.0
13,320.0,91.0,253.0,276.0,303.0,225.0,238.0,238.0,260.0,293.0,306.0,326.0,345.0,358.0,370.0,,368.0,358.0,354.0,400.0,428.0,458.0,500.0,500.0
14,500.0,494.0,460.0,422.0,401.0,394.0,368.0,347.0,358.0,391.0,,,,,,,,,,,,,,
15,,,,,,,,,,,,415.0,355.0,303.0,276.0,184.0,159.0,163.0,186.0,329.0,436.0,430.0,432.0,414.0
16,413.0,368.0,366.0,362.0,377.0,388.0,431.0,469.0,500.0,495.0,427.0,379.0,368.0,332.0,253.0,311.0,315.0,342.0,308.0,318.0,367.0,412.0,415.0,345.0
17,376.0,416.0,471.0,500.0,500.0,500.0,495.0,468.0,407.0,315.0,338.0,384.0,459.0,499.0,377.0,304.0,210.0,238.0,359.0,464.0,443.0,414.0,386.0,404.0
18,407.0,,,,,,,,,,405.0,422.0,461.0,389.0,312.0,164.0,203.0,305.0,277.0,419.0,484.0,500.0,453.0,475.0
19,418.0,395.0,418.0,462.0,500.0,,,444.0,366.0,319.0,,302.0,328.0,401.0,438.0,388.0,306.0,301.0,320.0,220.0,342.0,348.0,431.0,496.0
20,440.0,430.0,316.0,257.0,167.0,187.0,220.0,,147.0,133.0,143.0,127.0,312.0,361.0,390.0,305.0,172.0,184.0,200.0,283.0,440.0,423.0,,442.0
21,432.0,472.0,474.0,496.0,456.0,474.0,378.0,410.0,446.0,452.0,472.0,490.0,434.0,342.0,319.0,260.0,253.0,233.0,221.0,167.0,287.0,337.0,367.0,404.0
22,429.0,430.0,409.0,433.0,429.0,422.0,409.0,402.0,403.0,404.0,419.0,395.0,327.0,328.0,315.0,209.0,190.0,203.0,184.0,260.0,408.0,436.0,500.0,472.0
23,381.0,408.0,334.0,405.0,420.0,437.0,442.0,420.0,,371.0,356.0,328.0,240.0,178.0,159.0,164.0,170.0,156.0,195.0,350.0,469.0,345.0,378.0,413.0
24,462.0,437.0,482.0,,,,,,,,429.0,435.0,423.0,356.0,222.0,168.0,207.0,279.0,429.0,,,346.0,399.0,500.0
25,494.0,490.0,401.0,373.0,405.0,401.0,421.0,441.0,454.0,500.0,500.0,429.0,362.0,302.0,229.0,227.0,197.0,232.0,206.0,217.0,465.0,472.0,335.0,364.0
26,344.0,405.0,325.0,335.0,379.0,392.0,399.0,411.0,397.0,417.0,424.0,426.0,253.0,219.0,215.0,175.0,254.0,206.0,177.0,244.0,407.0,500.0,500.0,500.0
27,469.0,364.0,221.0,163.0,,129.0,162.0,305.0,,263.0,268.0,236.0,211.0,234.0,224.0,211.0,294.0,210.0,192.0,378.0,500.0,351.0,460.0,500.0
28,444.0,405.0,,,,,,,,,439.0,468.0,334.0,230.0,216.0,197.0,177.0,206.0,146.0,170.0,205.0,188.0,250.0,240.0
"
"
March-2021,00:00:00,01:00:00,02:00:00,03:00:00,04:00:00,05:00:00,06:00:00,07:00:00,08:00:00,09:00:00,10:00:00,11:00:00,12:00:00,13:00:00,14:00:00,15:00:00,16:00:00,17:00:00,18:00:00,19:00:00,20:00:00,21:00:00,22:00:00,23:00:00
1,312.0,319.0,277.0,331.0,348.0,401.0,410.0,418.0,434.0,479.0,460.0,404.0,326.0,344.0,439.0,416.0,459.0,319.0,202.0,223.0,360.0,487.0,403.0,342.0
2,319.0,304.0,200.0,170.0,180.0,223.0,260.0,207.0,220.0,315.0,315.0,330.0,340.0,440.0,471.0,431.0,500.0,349.0,349.0,179.0,229.0,276.0,233.0,197.0
3,147.0,115.0,193.0,257.0,315.0,321.0,318.0,388.0,413.0,426.0,407.0,392.0,363.0,94.0,199.0,170.0,187.0,218.0,212.0,196.0,474.0,484.0,476.0,417.0
4,434.0,500.0,500.0,500.0,420.0,462.0,453.0,405.0,411.0,473.0,500.0,500.0,331.0,207.0,185.0,156.0,273.0,184.0,206.0,186.0,432.0,452.0,500.0,492.0
5,428.0,407.0,488.0,430.0,437.0,474.0,444.0,356.0,368.0,391.0,375.0,240.0,,,,206.0,80.0,270.0,199.0,187.0,200.0,215.0,187.0,230.0
6,223.0,267.0,329.0,328.0,323.0,358.0,413.0,420.0,424.0,432.0,422.0,388.0,323.0,243.0,185.0,174.0,188.0,163.0,151.0,256.0,418.0,421.0,480.0,420.0
7,407.0,493.0,425.0,446.0,417.0,351.0,422.0,436.0,490.0,434.0,420.0,337.0,316.0,243.0,172.0,135.0,132.0,167.0,167.0,218.0,230.0,270.0,215.0,257.0
8,243.0,240.0,257.0,153.0,142.0,144.0,143.0,160.0,304.0,315.0,315.0,314.0,318.0,306.0,287.0,243.0,203.0,199.0,222.0,261.0,281.0,284.0,303.0,308.0
9,319.0,329.0,334.0,390.0,378.0,391.0,388.0,362.0,378.0,348.0,319.0,302.0,287.0,253.0,237.0,237.0,207.0,207.0,240.0,287.0,332.0,366.0,474.0,47.0
10,92.0,59.0,63.0,77.0,83.0,322.0,348.0,397.0,367.0,424.0,357.0,257.0,144.0,141.0,109.0,120.0,124.0,131.0,156.0,166.0,265.0,326.0,474.0,355.0
11,408.0,411.0,411.0,439.0,419.0,375.0,345.0,341.0,353.0,420.0,410.0,404.0,365.0,197.0,135.0,135.0,153.0,141.0,153.0,178.0,298.0,411.0,418.0,500.0
12,500.0,390.0,244.0,240.0,220.0,297.0,267.0,260.0,302.0,310.0,207.0,170.0,270.0,223.0,172.0,156.0,325.0,155.0,126.0,152.0,148.0,125.0,155.0,127.0
13,361.0,404.0,376.0,348.0,318.0,318.0,376.0,322.0,348.0,426.0,500.0,500.0,443.0,358.0,260.0,172.0,156.0,167.0,175.0,223.0,418.0,418.0,401.0,392.0
14,423.0,341.0,350.0,413.0,408.0,399.0,416.0,410.0,424.0,397.0,433.0,341.0,320.0,297.0,166.0,162.0,147.0,167.0,144.0,137.0,188.0,223.0,321.0,316.0
15,287.0,193.0,305.0,390.0,395.0,423.0,379.0,443.0,452.0,447.0,437.0,392.0,253.0,200.0,179.0,235.0,193.0,237.0,241.0,244.0,390.0,334.0,370.0,351.0
16,336.0,320.0,340.0,426.0,413.0,392.0,332.0,344.0,437.0,450.0,460.0,344.0,253.0,321.0,304.0,410.0,403.0,421.0,409.0,422.0,458.0,489.0,474.0,449.0
17,399.0,358.0,379.0,422.0,369.0,428.0,376.0,432.0,444.0,470.0,441.0,428.0,,,,,,407.0,358.0,255.0,368.0,,,389.0
18,460.0,500.0,474.0,378.0,374.0,446.0,,,,489.0,453.0,,,,,,,,,,,,403.0,500.0
19,500.0,409.0,449.0,440.0,382.0,404.0,384.0,332.0,328.0,325.0,326.0,417.0,336.0,281.0,233.0,228.0,228.0,272.0,262.0,326.0,458.0,399.0,470.0,405.0
20,384.0,,,,,,,,,,,,351.0,288.0,221.0,229.0,294.0,384.0,319.0,249.0,354.0,500.0,500.0,500.0
21,500.0,500.0,455.0,437.0,435.0,495.0,500.0,446.0,404.0,405.0,406.0,312.0,194.0,184.0,147.0,149.0,166.0,190.0,175.0,175.0,246.0,304.0,315.0,220.0
22,240.0,301.0,346.0,382.0,267.0,153.0,112.0,107.0,121.0,,,,,,250.0,197.0,192.0,200.0,185.0,196.0,335.0,406.0,419.0,458.0
23,384.0,344.0,332.0,260.0,201.0,237.0,301.0,237.0,186.0,369.0,243.0,468.0,398.0,360.0,492.0,206.0,267.0,250.0,101.0,177.0,,,,215.0
24,195.0,322.0,240.0,133.0,123.0,160.0,341.0,369.0,424.0,496.0,410.0,319.0,253.0,145.0,167.0,179.0,191.0,245.0,293.0,196.0,199.0,267.0,250.0,250.0
25,277.0,260.0,328.0,293.0,297.0,140.0,220.0,223.0,163.0,302.0,304.0,142.0,329.0,229.0,211.0,196.0,192.0,163.0,150.0,186.0,221.0,315.0,204.0,135.0
26,203.0,315.0,320.0,314.0,260.0,328.0,273.0,349.0,413.0,438.0,408.0,308.0,166.0,146.0,171.0,181.0,149.0,190.0,217.0,179.0,362.0,326.0,426.0,403.0
27,403.0,384.0,375.0,334.0,439.0,425.0,469.0,500.0,468.0,469.0,420.0,304.0,130.0,122.0,123.0,141.0,141.0,145.0,164.0,255.0,203.0,490.0,470.0,422.0
28,418.0,267.0,417.0,290.0,378.0,425.0,476.0,459.0,499.0,500.0,,,,,123.0,114.0,131.0,162.0,,,,,,
29,,,,,,,,,,,,,,,,,,,,,,,,
30,,,,,,,,,,,,,,,,237.0,,,,,,,,
31,,,,,,,,,,,,,,,,,294.0,37.0,8.0,47.0,51.0,211.0,167.0,167.0
"
"
April-2021,00:00:00,01:00:00,02:00:00,03:00:00,04:00:00,05:00:00,06:00:00,07:00:00,08:00:00,09:00:00,10:00:00,11:00:00,12:00:00,13:00:00,14:00:00,15:00:00,16:00:00,17:00:00,18:00:00,19:00:00,20:00:00,21:00:00,22:00:00,23:00:00
1,159,125,139.0,157.0,169.0,293.0,328.0,325.0,256.0,311.0,252.0,500.0,401.0,318.0,493.0,434.0,465.0,500.0,355.0,245.0,199,184,206,167
2,165,287,230.0,284.0,413.0,306.0,307.0,319.0,366.0,416.0,358.0,183.0,160.0,134.0,143.0,175.0,149.0,155.0,179.0,210.0,299,314,368,356
3,302,324,302.0,302.0,280.0,277.0,328.0,432.0,464.0,461.0,372.0,152.0,134.0,144.0,134.0,96.0,96.0,118.0,129.0,140.0,178,237,334,217
4,270,302,250.0,398.0,301.0,312.0,353.0,411.0,429.0,434.0,392.0,350.0,197.0,137.0,137.0,139.0,159.0,,,,254,314,427,312
5,359,267,240.0,237.0,180.0,434.0,403.0,278.0,297.0,318.0,324.0,301.0,302.0,,179.0,200.0,180.0,170.0,163.0,215.0,300,395,382,375
6,413,433,443.0,344.0,407.0,382.0,426.0,404.0,424.0,308.0,302.0,307.0,318.0,346.0,305.0,326.0,339.0,301.0,277.0,293.0,388,426,388,356
7,298,268,268.0,415.0,487.0,171.0,135.0,111.0,267.0,135.0,142.0,183.0,233.0,205.0,192.0,183.0,174.0,179.0,159.0,197.0,209,330,390,261
8,459,194,230.0,314.0,270.0,183.0,203.0,324.0,371.0,345.0,253.0,253.0,155.0,119.0,134.0,159.0,148.0,133.0,116.0,70.0,360,455,462,412
9,389,378,387.0,391.0,357.0,287.0,230.0,217.0,312.0,378.0,303.0,203.0,174.0,177.0,103.0,141.0,179.0,161.0,124.0,173.0,426,482,425,342
10,390,422,370.0,350.0,273.0,180.0,115.0,301.0,362.0,445.0,386.0,378.0,335.0,183.0,187.0,296.0,189.0,179.0,181.0,179.0,246,449,469,314
11,361,422,355.0,358.0,345.0,430.0,404.0,404.0,426.0,416.0,382.0,351.0,302.0,156.0,144.0,166.0,157.0,127.0,125.0,155.0,374,410,350,422
12,407,367,388.0,445.0,451.0,370.0,378.0,403.0,444.0,452.0,439.0,384.0,187.0,140.0,149.0,152.0,145.0,184.0,195.0,195.0,414,407,417,344
13,257,230,431.0,254.0,425.0,422.0,457.0,435.0,427.0,449.0,455.0,344.0,219.0,212.0,182.0,179.0,292.0,409.0,309.0,255.0,408,500,423,395
14,421,402,327.0,500.0,362.0,339.0,289.0,349.0,382.0,407.0,371.0,200.0,267.0,211.0,199.0,159.0,182.0,215.0,218.0,245.0,256,322,405,299
15,250,315,407.0,419.0,415.0,374.0,404.0,382.0,350.0,253.0,213.0,289.0,374.0,424.0,382.0,235.0,263.0,237.0,216.0,281.0,300,420,432,424
16,413,431,426.0,398.0,500.0,435.0,404.0,,,,,,,,,,,500.0,257.0,253.0,274,117,38,41
17,49,51,78.0,83.0,63.0,95.0,177.0,177.0,220.0,,,,,,,74.0,68.0,78.0,64.0,81.0,95,144,197,180
18,230,146,131.0,341.0,177.0,180.0,197.0,356.0,406.0,372.0,345.0,332.0,160.0,116.0,124.0,107.0,102.0,115.0,127.0,157.0,151,193,332,370
19,348,356,,,,,,,,467.0,,,,150.0,168.0,163.0,172.0,162.0,257.0,224.0,304,304,71,500
20,464,426,410.0,364.0,301.0,243.0,253.0,270.0,411.0,356.0,277.0,270.0,156.0,145.0,134.0,112.0,129.0,164.0,168.0,152.0,424,131,101,111
21,99,84,73.0,66.0,200.0,341.0,324.0,230.0,332.0,337.0,312.0,150.0,109.0,101.0,97.0,105.0,,,,73.0,95,114,143,306
22,260,230,203.0,305.0,277.0,277.0,203.0,207.0,355.0,379.0,253.0,116.0,83.0,89.0,96.0,109.0,117.0,,,115.0,117,146,145,140
23,141,126,109.0,103.0,97.0,90.0,81.0,79.0,111.0,117.0,112.0,159.0,127.0,,40.0,95.0,100.0,116.0,83.0,79.0,66,90,126,149
24,131,130,112.0,290.0,380.0,384.0,402.0,423.0,442.0,391.0,312.0,112.0,99.0,105.0,108.0,120.0,119.0,140.0,115.0,111.0,125,168,220,351
25,374,333,332.0,356.0,402.0,407.0,388.0,367.0,372.0,320.0,213.0,163.0,150.0,129.0,126.0,123.0,115.0,129.0,105.0,90.0,44,52,230,350
26,449,447,499.0,453.0,457.0,469.0,480.0,462.0,457.0,421.0,410.0,355.0,243.0,131.0,217.0,175.0,165.0,159.0,165.0,171.0,159,375,495,447
27,500,477,461.0,428.0,472.0,454.0,444.0,492.0,500.0,500.0,489.0,375.0,257.0,197.0,263.0,326.0,202.0,233.0,204.0,181.0,193,425,401,401
28,445,420,449.0,496.0,500.0,500.0,500.0,500.0,500.0,500.0,100.0,459.0,382.0,301.0,245.0,263.0,322.0,230.0,193.0,210.0,259,395,339,402
29,404,390,418.0,464.0,430.0,487.0,500.0,496.0,492.0,500.0,455.0,420.0,311.0,110.0,254.0,245.0,237.0,188.0,195.0,201.0,345,500,216,295
30,277,335,311.0,290.0,403.0,435.0,424.0,460.0,500.0,500.0,499.0,443.0,398.0,284.0,273.0,270.0,248.0,246.0,,212.0,315,486,364,449
"
"
May-2021,00:00:00,01:00:00,02:00:00,03:00:00,04:00:00,05:00:00,06:00:00,07:00:00,08:00:00,09:00:00,10:00:00,11:00:00,12:00:00,13:00:00,14:00:00,15:00:00,16:00:00,17:00:00,18:00:00,19:00:00,20:00:00,21:00:00,22:00:00,23:00:00
1,500.0,228.0,155.0,170.0,140.0,170.0,230.0,155.0,230.0,294.0,230.0,211.0,335.0,334.0,250.0,181.0,178.0,190.0,155.0,179.0,432.0,238.0,181.0,189.0
2,184.0,277.0,240.0,302.0,325.0,310.0,302.0,297.0,253.0,287.0,193.0,203.0,139.0,128.0,135.0,121.0,105.0,500.0,153.0,120.0,170.0,274.0,404.0,407.0
3,457.0,416.0,245.0,211.0,329.0,406.0,478.0,498.0,500.0,500.0,486.0,429.0,287.0,222.0,177.0,138.0,152.0,141.0,141.0,153.0,175.0,230.0,334.0,334.0
4,352.0,386.0,403.0,250.0,165.0,159.0,230.0,366.0,384.0,379.0,197.0,134.0,120.0,115.0,115.0,97.0,107.0,118.0,105.0,123.0,115.0,157.0,170.0,267.0
5,175.0,155.0,153.0,140.0,135.0,152.0,187.0,230.0,340.0,206.0,175.0,195.0,170.0,160.0,145.0,133.0,124.0,157.0,157.0,155.0,174.0,179.0,188.0,167.0
6,148.0,141.0,134.0,123.0,115.0,97.0,95.0,113.0,142.0,127.0,153.0,157.0,153.0,155.0,152.0,143.0,,15.0,282.0,89.0,56.0,63.0,58.0,48.0
7,45.0,77.0,62.0,180.0,217.0,223.0,297.0,297.0,373.0,372.0,193.0,127.0,116.0,126.0,116.0,95.0,95.0,92.0,97.0,104.0,101.0,138.0,277.0,270.0
8,,329.0,338.0,339.0,329.0,329.0,354.0,328.0,335.0,318.0,143.0,101.0,103.0,84.0,70.0,110.0,112.0,107.0,126.0,132.0,109.0,201.0,240.0,213.0
9,200.0,233.0,193.0,141.0,107.0,105.0,102.0,105.0,121.0,126.0,121.0,124.0,119.0,121.0,113.0,129.0,169.0,125.0,171.0,119.0,103.0,109.0,118.0,125.0
10,82.0,61.0,55.0,,,,,,,143.0,160.0,,137.0,131.0,112.0,120.0,130.0,149.0,160.0,123.0,133.0,151.0,163.0,155.0
11,149.0,141.0,135.0,147.0,127.0,126.0,,,,,134.0,121.0,88.0,127.0,101.0,97.0,103.0,115.0,138.0,147.0,173.0,165.0,206.0,91.0
12,72.0,90.0,120.0,95.0,66.0,45.0,52.0,75.0,135.0,108.0,103.0,81.0,111.0,150.0,459.0,395.0,413.0,277.0,160.0,135.0,157.0,163.0,153.0,131.0
13,124.0,138.0,115.0,113.0,101.0,,101.0,28.0,47.0,,56.0,45.0,77.0,73.0,72.0,68.0,89.0,97.0,95.0,68.0,69.0,94.0,115.0,
14,68.0,230.0,170.0,113.0,80.0,109.0,123.0,253.0,101.0,97.0,91.0,90.0,96.0,95.0,104.0,91.0,97.0,111.0,109.0,103.0,118.0,157.0,131.0,101.0
15,103.0,86.0,72.0,77.0,155.0,127.0,130.0,95.0,427.0,500.0,157.0,139.0,160.0,135.0,131.0,129.0,127.0,130.0,381.0,140.0,115.0,177.0,185.0,193.0
16,141.0,135.0,125.0,113.0,124.0,147.0,197.0,267.0,273.0,237.0,312.0,302.0,160.0,141.0,107.0,119.0,144.0,166.0,163.0,139.0,122.0,160.0,185.0,320.0
17,336.0,276.0,277.0,220.0,356.0,357.0,393.0,443.0,437.0,417.0,391.0,353.0,305.0,168.0,142.0,131.0,123.0,145.0,156.0,178.0,224.0,309.0,301.0,120.0
18,102.0,74.0,73.0,46.0,40.0,45.0,55.0,58.0,67.0,69.0,67.0,80.0,89.0,102.0,91.0,67.0,73.0,59.0,69.0,83.0,85.0,115.0,103.0,115.0
19,109.0,83.0,72.0,67.0,70.0,77.0,42.0,45.0,50.0,50.0,50.0,60.0,75.0,75.0,35.0,,,,,30.0,40.0,48.0,28.0,33.0
20,35.0,35.0,37.0,35.0,22.0,20.0,,,,,20.0,25.0,,85.0,68.0,57.0,58.0,48.0,55.0,72.0,88.0,150.0,237.0,297.0
21,200.0,163.0,143.0,73.0,42.0,40.0,48.0,95.0,20.0,25.0,,,,,,,,,,91.0,95.0,96.0,102.0,105.0
22,94.0,68.0,57.0,,,,,,,,,,,57.0,24.0,39.0,37.0,42.0,45.0,48.0,95.0,102.0,137.0,139.0
23,257.0,117.0,163.0,181.0,257.0,351.0,411.0,,,,,,,,,,,,,,,,,
24,,,,,,,,,,,,,,24.0,20.0,168.0,138.0,130.0,130.0,135.0,149.0,160.0,175.0,177.0
25,217.0,183.0,223.0,273.0,293.0,250.0,187.0,187.0,250.0,250.0,135.0,138.0,181.0,175.0,131.0,133.0,135.0,147.0,140.0,140.0,129.0,143.0,138.0,167.0
26,187.0,203.0,220.0,302.0,389.0,267.0,319.0,339.0,379.0,340.0,297.0,143.0,134.0,166.0,170.0,151.0,161.0,158.0,163.0,127.0,156.0,183.0,299.0,257.0
27,397.0,405.0,401.0,342.0,323.0,156.0,220.0,307.0,237.0,163.0,120.0,137.0,145.0,145.0,139.0,157.0,127.0,,,,148.0,221.0,425.0,223.0
28,199.0,177.0,170.0,131.0,107.0,,,,,,,,75.0,88.0,88.0,81.0,38.0,94.0,104.0,114.0,122.0,167.0,153.0,133.0
29,119.0,113.0,115.0,111.0,85.0,57.0,61.0,61.0,68.0,72.0,88.0,,94.0,103.0,,133.0,148.0,137.0,146.0,163.0,161.0,133.0,119.0,111.0
30,116.0,122.0,66.0,146.0,271.0,304.0,109.0,79.0,63.0,69.0,61.0,,,91.0,81.0,97.0,104.0,109.0,111.0,74.0,175.0,94.0,79.0,83.0
31,88.0,81.0,77.0,103.0,73.0,91.0,101.0,120.0,120.0,117.0,115.0,129.0,125.0,140.0,129.0,119.0,137.0,143.0,153.0,189.0,276.0,328.0,292.0,235.0
"
"
June-2021,00:00:00,01:00:00,02:00:00,03:00:00,04:00:00,05:00:00,06:00:00,07:00:00,08:00:00,09:00:00,10:00:00,11:00:00,12:00:00,13:00:00,14:00:00,15:00:00,16:00:00,17:00:00,18:00:00,19:00:00,20:00:00,21:00:00,22:00:00,23:00:00
1,204,,,,243.0,,,,,33,43,47.0,,,105.0,81.0,109.0,108.0,100,100,97,149,153,206.0
2,131,149.0,161.0,177.0,206.0,163.0,233.0,273.0,280.0,123,125,143.0,135.0,131.0,111.0,125.0,112.0,135.0,97,119,127,155,119,104.0
3,102,115.0,123.0,133.0,267.0,253.0,203.0,180.0,250.0,348,331,197.0,175.0,139.0,116.0,140.0,241.0,168.0,177,157,201,186,228,187.0
4,243,250.0,213.0,316.0,331.0,345.0,346.0,335.0,362.0,358,307,137.0,127.0,138.0,149.0,176.0,197.0,228.0,155,200,52,73,101,125.0
5,115,100.0,111.0,,96.0,107.0,109.0,111.0,133.0,183,108,94.0,108.0,115.0,138.0,151.0,141.0,151.0,162,157,99,127,131,118.0
6,123,119.0,107.0,123.0,119.0,126.0,157.0,207.0,220.0,125,119,131.0,,26.0,237.0,195.0,178.0,146.0,139,139,142,170,234,227.0
7,249,403.0,288.0,296.0,193.0,205.0,274.0,311.0,334.0,293,185,184.0,205.0,137.0,77.0,147.0,144.0,150.0,157,199,195,292,334,285.0
8,292,384.0,246.0,185.0,220.0,,,23.0,232.0,20,15,358.0,20.0,270.0,,,,16.0,495,500,500,500,500,339.0
9,500,500.0,468.0,413.0,256.0,177.0,193.0,199.0,,28,281,335.0,352.0,405.0,368.0,401.0,389.0,388.0,409,299,380,432,456,469.0
10,410,254.0,207.0,195.0,289.0,257.0,197.0,191.0,170.0,194,160,191.0,211.0,227.0,228.0,274.0,289.0,282.0,273,266,255,221,153,129.0
11,120,45.0,33.0,34.0,40.0,34.0,44.0,58.0,69.0,94,95,105.0,146.0,183.0,223.0,260.0,292.0,308.0,301,290,272,279,270,163.0
12,140,124.0,99.0,70.0,78.0,78.0,80.0,91.0,78.0,95,104,120.0,126.0,155.0,163.0,149.0,147.0,130.0,115,116,121,120,500,177.0
13,39,57.0,42.0,69.0,107.0,118.0,72.0,58.0,56.0,50,44,83.0,135.0,149.0,44.0,68.0,58.0,94.0,118,103,104,127,157,371.0
14,235,308.0,306.0,223.0,207.0,240.0,80.0,51.0,51.0,44,51,,89.0,83.0,75.0,108.0,125.0,133.0,135,140,185,163,192,170.0
15,134,119.0,111.0,90.0,97.0,104.0,73.0,77.0,55.0,80,89,121.0,122.0,131.0,27.0,126.0,157.0,334.0,354,422,187,156,163,146.0
16,133,104.0,135.0,159.0,84.0,95.0,103.0,99.0,90.0,119,111,105.0,355.0,131.0,130.0,88.0,42.0,52.0,90,86,99,119,131,108.0
17,84,97.0,104.0,111.0,127.0,127.0,197.0,203.0,257.0,287,223,140.0,121.0,101.0,55.0,77.0,107.0,85.0,35,100,95,105,123,117.0
18,101,105.0,108.0,103.0,101.0,78.0,74.0,72.0,70.0,45,66,74.0,99.0,102.0,107.0,90.0,96.0,88.0,77,89,79,61,66,72.0
19,67,68.0,50.0,56.0,56.0,75.0,95.0,109.0,108.0,107,69,84.0,111.0,96.0,86.0,84.0,114.0,105.0,113,95,92,58,69,50.0
20,42,41.0,55.0,70.0,53.0,75.0,73.0,83.0,56.0,52,41,51.0,45.0,48.0,57.0,50.0,48.0,53.0,67,48,57,66,57,67.0
21,79,67.0,81.0,70.0,70.0,84.0,75.0,77.0,86.0,83,72,88.0,30.0,91.0,83.0,90.0,,32.0,104,105,42,133,170,257.0
22,163,151.0,112.0,114.0,135.0,147.0,174.0,192.0,250.0,156,152,177.0,33.0,175.0,196.0,187.0,184.0,202.0,232,238,210,249,255,335.0
23,227,500.0,341.0,354.0,413.0,493.0,354.0,500.0,500.0,414,308,257.0,197.0,159.0,325.0,162.0,157.0,147.0,145,143,183,340,289,252.0
24,228,160.0,116.0,99.0,101.0,89.0,80.0,92.0,90.0,109,92,138.0,139.0,155.0,163.0,167.0,222.0,349.0,35,138,141,164,179,161.0
25,151,148.0,125.0,141.0,127.0,188.0,159.0,277.0,261.0,217,228,200.0,439.0,205.0,226.0,257.0,163.0,185.0,199,213,441,50,69,111.0
26,105,120.0,115.0,94.0,104.0,122.0,134.0,,118.0,123,131,148.0,,173.0,159.0,183.0,162.0,,31,167,168,178,194,
27,161,170.0,187.0,169.0,207.0,329.0,403.0,417.0,339.0,362,270,267.0,220.0,147.0,146.0,151.0,156.0,177.0,167,179,181,171,185,177.0
28,185,239.0,192.0,155.0,153.0,197.0,312.0,342.0,311.0,157,134,143.0,133.0,155.0,124.0,119.0,135.0,135.0,145,159,163,204,396,205.0
29,200,362.0,464.0,280.0,,255.0,245.0,300.0,333.0,404,315,193.0,265.0,243.0,199.0,199.0,221.0,221.0,187,199,63,93,133,157.0
30,213,305.0,57.0,50.0,36.0,35.0,31.0,28.0,19.0,20,20,27.0,41.0,35.0,268.0,407.0,475.0,500.0,500,482,429,430,444,395.0
"
"
July-2021,00:00:00,01:00:00,02:00:00,03:00:00,04:00:00,05:00:00,06:00:00,07:00:00,08:00:00,09:00:00,10:00:00,11:00:00,12:00:00,13:00:00,14:00:00,15:00:00,16:00:00,17:00:00,18:00:00,19:00:00,20:00:00,21:00:00,22:00:00,23:00:00
1,401.0,429.0,234.0,164.0,168.0,145.0,172.0,175.0,194.0,250.0,378.0,401.0,378,30,34,240.0,205.0,239.0,30.0,246.0,,426.0,470.0,448.0
2,402.0,352.0,308.0,335.0,394.0,142.0,165.0,187.0,229.0,243.0,340.0,400.0,422,452,417,412.0,395.0,411.0,380.0,445.0,101.0,97.0,127.0,121.0
3,107.0,119.0,92.0,96.0,57.0,74.0,45.0,115.0,141.0,131.0,,,25,167,206,,,206.0,,38.0,74.0,91.0,120.0,103.0
4,114.0,133.0,127.0,167.0,149.0,149.0,140.0,133.0,197.0,344.0,243.0,124.0,130,139,171,195.0,170.0,228.0,178.0,163.0,178.0,230.0,156.0,163.0
5,162.0,134.0,129.0,171.0,237.0,213.0,287.0,304.0,124.0,159.0,127.0,150.0,201,159,165,160.0,181.0,174.0,193.0,177.0,273.0,407.0,146.0,148.0
6,177.0,152.0,173.0,177.0,157.0,177.0,166.0,190.0,166.0,141.0,121.0,151.0,153,183,177,212.0,223.0,167.0,190.0,229.0,190.0,309.0,243.0,197.0
7,294.0,416.0,370.0,290.0,251.0,273.0,409.0,329.0,235.0,268.0,186.0,185.0,267,233,245,193.0,188.0,261.0,171.0,218.0,197.0,252.0,193.0,171.0
8,188.0,166.0,169.0,146.0,193.0,153.0,217.0,190.0,212.0,206.0,216.0,411.0,283,308,277,201.0,199.0,209.0,167.0,140.0,188.0,378.0,381.0,385.0
9,361.0,156.0,89.0,124.0,114.0,105.0,80.0,83.0,88.0,111.0,112.0,111.0,147,147,34,,,,,,44.0,153.0,137.0,137.0
10,131.0,118.0,105.0,86.0,73.0,69.0,62.0,70.0,69.0,67.0,70.0,86.0,74,78,96,101.0,101.0,104.0,119.0,123.0,119.0,127.0,112.0,107.0
11,104.0,83.0,79.0,74.0,78.0,61.0,59.0,73.0,78.0,89.0,105.0,101.0,101,100,92,101.0,119.0,121.0,129.0,144.0,159.0,133.0,117.0,92.0
12,77.0,74.0,59.0,46.0,52.0,56.0,50.0,,50.0,,,78.0,97,103,109,102.0,105.0,100.0,111.0,,,,,
13,,,,,,,,,,,48.0,55.0,57,68,63,66.0,68.0,48.0,37.0,50.0,89.0,92.0,101.0,96.0
14,66.0,55.0,58.0,61.0,77.0,83.0,78.0,104.0,120.0,99.0,130.0,112.0,67,38,27,28.0,42.0,58.0,73.0,63.0,70.0,63.0,60.0,65.0
15,63.0,68.0,67.0,78.0,85.0,88.0,98.0,157.0,120.0,112.0,83.0,72.0,86,107,45,35.0,94.0,63.0,99.0,105.0,102.0,105.0,105.0,86.0
16,84.0,97.0,127.0,117.0,83.0,74.0,73.0,104.0,89.0,84.0,91.0,105.0,107,102,94,120.0,123.0,118.0,109.0,122.0,143.0,138.0,190.0,193.0
17,135.0,135.0,115.0,107.0,103.0,105.0,95.0,108.0,107.0,105.0,89.0,109.0,107,185,100,108.0,102.0,104.0,129.0,163.0,308.0,224.0,228.0,118.0
18,105.0,113.0,105.0,90.0,80.0,63.0,68.0,72.0,74.0,117.0,109.0,103.0,102,107,104,108.0,143.0,141.0,142.0,79.0,67.0,64.0,55.0,31.0
19,40.0,46.0,53.0,35.0,29.0,30.0,31.0,30.0,30.0,30.0,30.0,30.0,30,30,30,31.0,31.0,31.0,31.0,32.0,33.0,60.0,53.0,55.0
20,,58.0,50.0,48.0,58.0,42.0,42.0,48.0,103.0,143.0,223.0,203.0,213,120,92,199.0,97.0,113.0,111.0,44.0,38.0,57.0,43.0,35.0
21,40.0,50.0,63.0,72.0,67.0,73.0,72.0,75.0,87.0,96.0,78.0,66.0,61,68,67,61.0,70.0,89.0,109.0,114.0,123.0,137.0,177.0,240.0
22,200.0,125.0,95.0,75.0,36.0,41.0,42.0,68.0,59.0,57.0,63.0,77.0,97,152,59,59.0,50.0,70.0,55.0,63.0,73.0,83.0,83.0,80.0
23,89.0,73.0,72.0,47.0,47.0,56.0,66.0,62.0,56.0,62.0,68.0,72.0,101,108,111,92.0,103.0,90.0,96.0,96.0,117.0,137.0,155.0,153.0
24,127.0,135.0,145.0,135.0,145.0,197.0,113.0,134.0,193.0,240.0,143.0,101.0,79,85,69,241.0,139.0,131.0,122.0,153.0,192.0,157.0,152.0,174.0
25,174.0,241.0,170.0,217.0,233.0,257.0,200.0,183.0,187.0,111.0,83.0,62.0,57,63,68,56.0,41.0,95.0,47.0,75.0,108.0,70.0,107.0,121.0
26,115.0,83.0,68.0,70.0,51.0,42.0,52.0,61.0,84.0,101.0,88.0,142.0,134,126,152,168.0,149.0,167.0,187.0,157.0,163.0,119.0,170.0,119.0
27,122.0,131.0,133.0,120.0,115.0,127.0,147.0,163.0,187.0,133.0,69.0,35.0,47,42,83,69.0,66.0,40.0,38.0,48.0,55.0,57.0,51.0,50.0
28,27.0,38.0,59.0,75.0,67.0,66.0,64.0,69.0,72.0,46.0,45.0,40.0,28,68,38,129.0,48.0,110.0,175.0,139.0,84.0,86.0,88.0,89.0
29,80.0,70.0,74.0,108.0,80.0,83.0,86.0,83.0,64.0,62.0,57.0,59.0,83,79,69,67.0,75.0,105.0,94.0,72.0,95.0,77.0,85.0,115.0
30,133.0,118.0,107.0,107.0,95.0,88.0,80.0,73.0,66.0,87.0,129.0,133.0,130,140,180,69.0,86.0,65.0,70.0,66.0,60.0,55.0,46.0,41.0
31,51.0,64.0,55.0,88.0,55.0,58.0,50.0,47.0,38.0,37.0,39.0,51.0,98,67,84,77.0,71.0,90.0,130.0,88.0,222.0,164.0,146.0,157.0
"
"
August-2021,00:00:00,01:00:00,02:00:00,03:00:00,04:00:00,05:00:00,06:00:00,07:00:00,08:00:00,09:00:00,10:00:00,11:00:00,12:00:00,13:00:00,14:00:00,15:00:00,16:00:00,17:00:00,18:00:00,19:00:00,20:00:00,21:00:00,22:00:00,23:00:00
1,301.0,284.0,149.0,95.0,126.0,96.0,55.0,45,41,45,46,52,44,44.0,42.0,40.0,38.0,42.0,42.0,37.0,45.0,41.0,53.0,85.0
2,151.0,145.0,149.0,144.0,135.0,145.0,105.0,87,85,57,70,83,89,88.0,112.0,95.0,44.0,52.0,46.0,54.0,56.0,77.0,73.0,62.0
3,57.0,63.0,68.0,64.0,58.0,56.0,67.0,78,63,59,53,74,96,89.0,360.0,88.0,143.0,205.0,305.0,216.0,197.0,183.0,177.0,179.0
4,164.0,122.0,92.0,110.0,88.0,100.0,81.0,117,139,139,137,124,115,105.0,91.0,77.0,107.0,103.0,97.0,133.0,135.0,147.0,173.0,197.0
5,210.0,244.0,293.0,190.0,157.0,116.0,109.0,133,143,117,105,90,86,115.0,131.0,92.0,141.0,174.0,129.0,165.0,119.0,131.0,135.0,113.0
6,118.0,111.0,107.0,92.0,123.0,107.0,124.0,159,157,149,152,163,170,133.0,171.0,126.0,114.0,211.0,115.0,177.0,141.0,119.0,96.0,96.0
7,135.0,144.0,178.0,137.0,177.0,235.0,148.0,153,219,177,133,135,193,197.0,53.0,40.0,54.0,84.0,96.0,138.0,,,,58.0
8,51.0,90.0,120.0,140.0,130.0,87.0,130.0,133,127,157,193,217,223,38.0,36.0,42.0,31.0,31.0,33.0,37.0,58.0,52.0,70.0,70.0
9,163.0,127.0,120.0,123.0,143.0,107.0,99.0,103,130,180,260,220,133,160.0,85.0,107.0,97.0,140.0,107.0,150.0,135.0,129.0,127.0,115.0
10,104.0,140.0,113.0,86.0,167.0,111.0,92.0,109,107,101,108,136,128,159.0,163.0,152.0,144.0,153.0,157.0,160.0,153.0,166.0,199.0,249.0
11,226.0,271.0,,,,,,122,120,134,133,126,141,161.0,143.0,163.0,142.0,174.0,159.0,164.0,167.0,207.0,229.0,221.0
12,155.0,167.0,113.0,120.0,121.0,127.0,117.0,101,124,126,139,148,163,157.0,179.0,149.0,162.0,186.0,215.0,163.0,204.0,185.0,162.0,174.0
13,204.0,165.0,165.0,133.0,108.0,101.0,91.0,102,123,117,118,153,171,166.0,129.0,143.0,164.0,149.0,142.0,155.0,202.0,234.0,157.0,210.0
14,166.0,131.0,147.0,131.0,84.0,103.0,107.0,101,129,133,133,149,186,168.0,219.0,149.0,205.0,153.0,170.0,219.0,199.0,228.0,192.0,133.0
15,162.0,151.0,184.0,112.0,66.0,79.0,85.0,64,78,86,104,121,147,143.0,135.0,150.0,153.0,135.0,185.0,145.0,152.0,197.0,167.0,145.0
16,140.0,151.0,185.0,166.0,153.0,100.0,103.0,102,129,114,105,137,151,148.0,177.0,170.0,193.0,166.0,205.0,254.0,205.0,376.0,261.0,199.0
17,153.0,224.0,263.0,282.0,314.0,184.0,350.0,407,233,188,153,210,235,172.0,199.0,199.0,221.0,201.0,274.0,318.0,213.0,185.0,185.0,249.0
18,148.0,179.0,290.0,118.0,204.0,221.0,194.0,190,188,173,177,168,200,196.0,216.0,281.0,270.0,229.0,319.0,285.0,227.0,216.0,204.0,295.0
19,222.0,181.0,186.0,179.0,190.0,251.0,179.0,181,179,222,160,179,171,248.0,217.0,170.0,232.0,306.0,332.0,189.0,268.0,301.0,197.0,197.0
20,207.0,145.0,131.0,108.0,111.0,109.0,109.0,101,111,97,97,104,453,86.0,101.0,66.0,72.0,90.0,41.0,42.0,44.0,46.0,57.0,51.0
21,42.0,33.0,31.0,31.0,31.0,32.0,33.0,33,32,32,32,33,50,88.0,68.0,60.0,42.0,48.0,38.0,33.0,48.0,55.0,60.0,95.0
22,55.0,33.0,31.0,32.0,32.0,31.0,37.0,33,48,58,57,60,65,67.0,59.0,61.0,88.0,246.0,96.0,66.0,77.0,123.0,135.0,66.0
23,56.0,77.0,99.0,101.0,95.0,75.0,78.0,68,70,70,52,53,77,92.0,40.0,84.0,81.0,88.0,104.0,126.0,99.0,165.0,131.0,127.0
24,140.0,138.0,114.0,131.0,119.0,109.0,121.0,147,130,133,167,122,141,115.0,86.0,107.0,83.0,81.0,298.0,117.0,146.0,73.0,134.0,141.0
25,149.0,153.0,131.0,127.0,121.0,131.0,125.0,121,130,129,135,169,178,155.0,155.0,155.0,141.0,181.0,165.0,163.0,193.0,268.0,163.0,134.0
26,119.0,149.0,102.0,72.0,78.0,70.0,72.0,118,157,131,157,189,181,,,163.0,193.0,186.0,183.0,189.0,281.0,300.0,205.0,197.0
27,186.0,155.0,119.0,112.0,108.0,120.0,116.0,112,123,146,155,177,267,204.0,205.0,259.0,182.0,205.0,188.0,204.0,292.0,298.0,218.0,210.0
28,155.0,195.0,174.0,165.0,153.0,163.0,169.0,155,185,174,124,127,129,134.0,209.0,124.0,157.0,203.0,191.0,133.0,129.0,137.0,134.0,115.0
29,105.0,112.0,97.0,107.0,109.0,113.0,109.0,103,107,107,109,109,115,149.0,184.0,146.0,141.0,153.0,153.0,159.0,159.0,92.0,99.0,90.0
30,66.0,55.0,33.0,34.0,40.0,40.0,34.0,37,36,36,57,89,90,77.0,,,,,,,,,,
31,,,,,,,,41,34,34,34,34,37,34.0,33.0,34.0,36.0,37.0,50.0,70.0,,40.0,36.0,36.0
"
"
September-2021,00:00:00,01:00:00,02:00:00,03:00:00,04:00:00,05:00:00,06:00:00,07:00:00,08:00:00,09:00:00,10:00:00,11:00:00,12:00:00,13:00:00,14:00:00,15:00:00,16:00:00,17:00:00,18:00:00,19:00:00,20:00:00,21:00:00,22:00:00,23:00:00
1,36.0,36.0,34.0,56.0,35.0,33.0,32,33,34,32.0,32.0,34.0,33.0,35.0,34,35.0,35,36.0,38.0,37.0,43.0,48,45,55.0
2,45.0,57.0,73.0,68.0,70.0,65.0,58,58,55,35.0,37.0,40.0,37.0,37.0,41,41.0,39,39.0,47.0,52.0,85.0,131,179,149.0
3,117.0,115.0,126.0,83.0,37.0,47.0,74,63,76,60.0,65.0,73.0,64.0,78.0,174,122.0,78,59.0,81.0,53.0,62.0,43,57,37.0
4,39.0,40.0,40.0,74.0,77.0,96.0,64,70,58,34.0,31.0,54.0,150.0,75.0,59,64.0,33,33.0,51.0,62.0,95.0,105,108,160.0
5,160.0,129.0,100.0,95.0,74.0,88.0,101,84,80,83.0,,,,,74,,25,23.0,22.0,45.0,48.0,69,75,95.0
6,227.0,207.0,273.0,144.0,126.0,130.0,147,200,314,329.0,108.0,83.0,55.0,69.0,73,80.0,53,108.0,92.0,99.0,100.0,120,141,170.0
7,171.0,148.0,114.0,84.0,72.0,89.0,81,80,94,80.0,,,,117.0,101,101.0,104,120.0,122.0,,101.0,64,48,45.0
8,,60.0,78.0,73.0,47.0,51.0,46,36,42,39.0,38.0,57.0,63.0,66.0,75,64.0,63,,,69.0,94.0,105,117,107.0
9,73.0,86.0,69.0,77.0,61.0,56.0,59,53,63,52.0,69.0,77.0,86.0,86.0,83,80.0,83,58.0,80.0,,,114,124,
10,,,,,,,61,36,52,80.0,92.0,103.0,105.0,92.0,86,78.0,75,89.0,84.0,89.0,83.0,79,39,57.0
11,53.0,42.0,45.0,51.0,38.0,38.0,40,49,37,37.0,36.0,38.0,42.0,57.0,55,40.0,41,40.0,38.0,39.0,40.0,45,93,117.0
12,80.0,45.0,41.0,120.0,55.0,51.0,79,81,69,57.0,46.0,40.0,53.0,45.0,50,67.0,55,53.0,35.0,34.0,37.0,50,73,75.0
13,34.0,57.0,63.0,63.0,78.0,93.0,95,75,70,87.0,95.0,81.0,77.0,62.0,58,62.0,37,36.0,35.0,46.0,40.0,61,48,45.0
14,45.0,56.0,51.0,28.0,149.0,80.0,43,47,47,53.0,53.0,68.0,85.0,91.0,78,72.0,50,55.0,63.0,51.0,92.0,88,114,99.0
15,91.0,79.0,65.0,53.0,38.0,47.0,55,40,34,38.0,50.0,44.0,44.0,62.0,39,46.0,68,73.0,67.0,55.0,55.0,109,133,196.0
16,200.0,175.0,130.0,127.0,97.0,73.0,107,96,78,88.0,77.0,50.0,73.0,45.0,35,35.0,36,39.0,49.0,66.0,65.0,65,66,77.0
17,54.0,55.0,45.0,38.0,37.0,37.0,40,40,36,40.0,40.0,45.0,47.0,42.0,47,53.0,39,48.0,,,,92,101,59.0
18,79.0,104.0,89.0,55.0,67.0,46.0,65,62,48,57.0,61.0,73.0,79.0,56.0,72,55.0,53,59.0,55.0,59.0,69.0,94,129,133.0
19,161.0,129.0,111.0,95.0,90.0,99.0,102,98,107,74.0,46.0,69.0,59.0,,73,72.0,67,67.0,63.0,62.0,88.0,144,135,134.0
20,105.0,92.0,78.0,94.0,91.0,77.0,77,70,105,94.0,121.0,115.0,96.0,80.0,101,63.0,52,75.0,78.0,78.0,118.0,135,135,147.0
21,122.0,139.0,131.0,135.0,101.0,94.0,77,90,100,92.0,68.0,69.0,100.0,100.0,80,69.0,104,78.0,34.0,38.0,56.0,70,88,84.0
22,73.0,83.0,72.0,57.0,64.0,64.0,78,107,57,68.0,56.0,48.0,43.0,40.0,35,36.0,40,50.0,57.0,69.0,66.0,88,83,75.0
23,77.0,90.0,78.0,34.0,47.0,38.0,38,37,48,46.0,66.0,59.0,77.0,92.0,89,75.0,69,67.0,69.0,99.0,62.0,35,46,35.0
24,37.0,42.0,55.0,38.0,34.0,34.0,44,34,46,77.0,105.0,102.0,108.0,107.0,107,88.0,88,78.0,88.0,57.0,74.0,73,67,83.0
25,109.0,80.0,59.0,44.0,47.0,49.0,58,42,47,80.0,91.0,90.0,85.0,68.0,61,55.0,74,79.0,64.0,59.0,103.0,87,45,50.0
26,58.0,45.0,44.0,44.0,102.0,92.0,73,73,83,97.0,107.0,80.0,83.0,103.0,88,73.0,67,63.0,48.0,56.0,70.0,135,138,134.0
27,135.0,129.0,124.0,119.0,123.0,108.0,137,113,112,100.0,107.0,99.0,101.0,91.0,94,120.0,95,111.0,103.0,92.0,104.0,137,133,203.0
28,180.0,305.0,297.0,110.0,110.0,103.0,137,111,147,,,,,95.0,86,77.0,81,100.0,77.0,89.0,107.0,131,107,125.0
29,137.0,134.0,124.0,111.0,97.0,78.0,90,86,85,103.0,66.0,74.0,84.0,75.0,70,78.0,62,75.0,67.0,75.0,105.0,114,145,138.0
30,107.0,134.0,58.0,85.0,70.0,69.0,74,84,97,79.0,70.0,57.0,62.0,109.0,81,97.0,218,111.0,129.0,127.0,159.0,171,179,259.0
"
"
October-2021,00:00:00,01:00:00,02:00:00,03:00:00,04:00:00,05:00:00,06:00:00,07:00:00,08:00:00,09:00:00,10:00:00,11:00:00,12:00:00,13:00:00,14:00:00,15:00:00,16:00:00,17:00:00,18:00:00,19:00:00,20:00:00,21:00:00,22:00:00,23:00:00
1,199.0,468.0,278.0,256.0,145.0,119.0,111.0,164.0,184.0,213.0,134.0,147.0,119,125,105.0,118.0,77.0,111.0,131.0,223,193,121,199,276
2,274.0,401.0,245.0,228.0,197.0,197.0,207.0,139.0,137.0,127.0,105.0,111.0,124,114,78.0,109.0,101.0,95.0,81.0,119,104,109,113,147
3,140.0,105.0,143.0,134.0,138.0,121.0,127.0,125.0,109.0,107.0,121.0,127.0,119,94,107.0,107.0,96.0,160.0,119.0,105,124,185,139,129
4,118.0,152.0,111.0,114.0,117.0,128.0,150.0,121.0,114.0,122.0,135.0,157.0,165,155,73.0,123.0,88.0,148.0,118.0,114,165,137,173,169
5,213.0,279.0,186.0,182.0,129.0,73.0,67.0,73.0,92.0,115.0,137.0,115.0,157,116,145.0,111.0,135.0,216.0,90.0,77,95,145,107,109
6,97.0,72.0,74.0,130.0,133.0,157.0,79.0,92.0,147.0,113.0,104.0,105.0,146,131,127.0,120.0,116.0,102.0,115.0,196,141,119,113,138
7,79.0,88.0,143.0,230.0,230.0,187.0,140.0,140.0,147.0,170.0,124.0,167.0,143,144,133.0,223.0,182.0,245.0,249.0,188,234,216,252,140
8,,,,,,,,193.0,183.0,170.0,167.0,179.0,239,244,190.0,185.0,190.0,49.0,66.0,322,263,308,254,213
9,268.0,213.0,273.0,289.0,254.0,197.0,205.0,210.0,197.0,165.0,175.0,260.0,245,211,226.0,211.0,216.0,167.0,212.0,294,409,234,216,180
10,404.0,449.0,399.0,217.0,227.0,207.0,240.0,240.0,211.0,196.0,188.0,219.0,197,209,223.0,121.0,192.0,131.0,155.0,205,181,233,401,369
11,415.0,369.0,471.0,222.0,289.0,273.0,203.0,167.0,187.0,196.0,162.0,153.0,181,237,279.0,139.0,153.0,271.0,309.0,408,249,270,298,248
12,459.0,312.0,320.0,311.0,366.0,336.0,266.0,270.0,233.0,244.0,197.0,175.0,191,169,289.0,430.0,252.0,424.0,350.0,404,252,305,425,203
13,177.0,295.0,302.0,303.0,250.0,301.0,307.0,213.0,243.0,243.0,197.0,207.0,193,143,127.0,98.0,107.0,93.0,93.0,120,478,476,305,200
14,146.0,403.0,369.0,197.0,312.0,303.0,306.0,253.0,417.0,301.0,197.0,344.0,293,442,441.0,428.0,430.0,371.0,402.0,436,398,266,240,287
15,297.0,260.0,267.0,301.0,396.0,312.0,311.0,287.0,273.0,257.0,305.0,287.0,265,232,,,,,,168,325,240,308,319
16,,,,,,,333.0,345.0,340.0,346.0,351.0,356.0,328,307,328.0,297.0,290.0,309.0,364.0,438,500,468,441,391
17,387.0,,,,,,,,,,,,127,130,123.0,,50.0,108.0,33.0,42,43,41,52,50
18,36.0,33.0,40.0,22.0,42.0,33.0,34.0,31.0,32.0,40.0,47.0,40.0,40,43,38.0,37.0,38.0,37.0,41.0,73,77,58,67,66
19,63.0,120.0,92.0,78.0,67.0,63.0,57.0,60.0,68.0,55.0,60.0,62.0,120,192,111.0,113.0,122.0,123.0,163.0,203,223,302,277,277
20,316.0,335.0,328.0,322.0,315.0,315.0,307.0,297.0,260.0,305.0,270.0,273.0,273,270,182.0,167.0,167.0,207.0,267.0,293,410,411,342,335
21,489.0,462.0,327.0,302.0,223.0,270.0,267.0,149.0,149.0,153.0,,257.0,420,311,239.0,210.0,189.0,325.0,263.0,361,263,500,464,407
22,358.0,293.0,266.0,416.0,229.0,201.0,226.0,131.0,155.0,204.0,171.0,285.0,177,155,243.0,160.0,151.0,153.0,293.0,173,438,454,477,318
23,322.0,330.0,306.0,261.0,235.0,245.0,193.0,187.0,204.0,206.0,157.0,127.0,163,142,95.0,122.0,129.0,139.0,145.0,153,205,199,179,192
24,185.0,174.0,166.0,197.0,161.0,163.0,160.0,150.0,150.0,180.0,207.0,175.0,180,161,140.0,134.0,140.0,138.0,131.0,73,62,49,70,65
25,47.0,54.0,64.0,57.0,58.0,58.0,55.0,50.0,113.0,98.0,95.0,80.0,70,78,87.0,91.0,87.0,92.0,88.0,107,105,233,213,140
26,163.0,187.0,177.0,177.0,38.0,336.0,314.0,150.0,193.0,270.0,250.0,140.0,133,120,129.0,129.0,130.0,183.0,235.0,156,212,203,293,243
27,307.0,310.0,385.0,328.0,334.0,328.0,331.0,336.0,312.0,314.0,325.0,337.0,322,290,187.0,173.0,175.0,451.0,155.0,380,334,371,370,328
28,312.0,329.0,348.0,376.0,368.0,356.0,388.0,338.0,334.0,342.0,354.0,365.0,378,316,273.0,193.0,163.0,96.0,335.0,88,302,500,459,436
29,411.0,447.0,388.0,436.0,432.0,348.0,344.0,333.0,338.0,336.0,368.0,374.0,345,321,318.0,287.0,213.0,192.0,139.0,159,260,277,322,332
30,355.0,369.0,371.0,401.0,375.0,345.0,327.0,331.0,332.0,351.0,361.0,333.0,293,163,149.0,137.0,177.0,161.0,178.0,238,277,499,497,416
31,443.0,416.0,405.0,355.0,356.0,361.0,367.0,351.0,308.0,312.0,321.0,320.0,312,293,233.0,188.0,199.0,163.0,155.0,153,391,500,500,482
"
"
November-2021,00:00:00,01:00:00,02:00:00,03:00:00,04:00:00,05:00:00,06:00:00,07:00:00,08:00:00,09:00:00,10:00:00,11:00:00,12:00:00,13:00:00,14:00:00,15:00:00,16:00:00,17:00:00,18:00:00,19:00:00,20:00:00,21:00:00,22:00:00,23:00:00
1,411.0,421.0,398.0,408.0,436.0,322.0,396.0,405.0,395.0,426.0,373.0,366.0,335.0,302.0,213.0,163.0,167.0,185.0,273.0,304.0,428.0,424.0,407.0,371.0
2,318.0,315.0,322.0,327.0,324.0,322.0,328.0,333.0,345.0,354.0,332.0,315.0,302.0,257.0,217.0,237.0,220.0,237.0,253.0,356.0,414.0,411.0,404.0,324.0
3,320.0,333.0,350.0,432.0,346.0,378.0,336.0,320.0,328.0,358.0,361.0,351.0,336.0,315.0,312.0,220.0,207.0,216.0,259.0,406.0,419.0,466.0,464.0,459.0
4,,,,,,,,,,,,500.0,500.0,500.0,473.0,466.0,446.0,417.0,440.0,460.0,500.0,500.0,500.0,500.0
5,500.0,500.0,110.0,108.0,500.0,500.0,500.0,500.0,500.0,500.0,500.0,490.0,486.0,468.0,455.0,417.0,397.0,386.0,431.0,456.0,485.0,500.0,500.0,500.0
6,500.0,500.0,500.0,500.0,490.0,473.0,453.0,443.0,451.0,451.0,453.0,459.0,434.0,431.0,450.0,406.0,409.0,396.0,431.0,457.0,500.0,500.0,500.0,500.0
7,500.0,500.0,486.0,500.0,480.0,487.0,468.0,457.0,405.0,368.0,432.0,475.0,489.0,421.0,345.0,318.0,306.0,309.0,309.0,327.0,401.0,401.0,424.0,437.0
8,482.0,431.0,440.0,444.0,444.0,437.0,426.0,408.0,409.0,419.0,459.0,490.0,478.0,442.0,383.0,340.0,331.0,329.0,335.0,356.0,476.0,428.0,430.0,430.0
9,425.0,443.0,493.0,500.0,500.0,457.0,423.0,399.0,401.0,429.0,466.0,483.0,496.0,452.0,404.0,391.0,348.0,332.0,312.0,328.0,500.0,431.0,414.0,398.0
10,402.0,417.0,407.0,380.0,372.0,372.0,359.0,362.0,356.0,358.0,373.0,450.0,500.0,487.0,449.0,418.0,398.0,348.0,325.0,344.0,418.0,426.0,490.0,500.0
11,447.0,456.0,482.0,468.0,456.0,449.0,460.0,464.0,490.0,472.0,443.0,430.0,426.0,445.0,456.0,439.0,468.0,466.0,500.0,490.0,500.0,500.0,500.0,500.0
12,500.0,500.0,500.0,500.0,500.0,500.0,500.0,500.0,500.0,500.0,500.0,500.0,500.0,500.0,500.0,490.0,447.0,426.0,382.0,351.0,469.0,500.0,500.0,500.0
13,500.0,500.0,500.0,500.0,500.0,500.0,500.0,500.0,500.0,500.0,492.0,,,,439.0,213.0,184.0,228.0,279.0,304.0,401.0,500.0,500.0,500.0
14,486.0,500.0,404.0,378.0,372.0,356.0,340.0,335.0,332.0,348.0,353.0,362.0,395.0,384.0,348.0,348.0,271.0,,,,,,,
15,,,,,,,,,,370.0,383.0,410.0,426.0,476.0,500.0,360.0,331.0,375.0,360.0,444.0,500.0,500.0,500.0,489.0
16,471.0,483.0,500.0,474.0,442.0,434.0,439.0,,,,,479.0,462.0,410.0,372.0,329.0,315.0,319.0,361.0,414.0,439.0,421.0,459.0,489.0
17,459.0,500.0,500.0,500.0,468.0,426.0,386.0,374.0,375.0,391.0,404.0,428.0,449.0,429.0,402.0,203.0,171.0,243.0,213.0,267.0,304.0,312.0,500.0,500.0
18,434.0,469.0,461.0,406.0,411.0,400.0,429.0,447.0,463.0,477.0,500.0,500.0,500.0,469.0,348.0,337.0,320.0,332.0,329.0,340.0,420.0,454.0,414.0,434.0
19,444.0,497.0,454.0,447.0,432.0,449.0,450.0,,,,500.0,500.0,435.0,420.0,369.0,334.0,324.0,310.0,335.0,408.0,374.0,401.0,423.0,419.0
20,429.0,425.0,403.0,386.0,378.0,380.0,430.0,472.0,477.0,456.0,420.0,398.0,410.0,500.0,375.0,346.0,328.0,320.0,315.0,321.0,500.0,462.0,413.0,421.0
21,429.0,438.0,431.0,430.0,452.0,457.0,457.0,450.0,452.0,447.0,424.0,363.0,328.0,223.0,160.0,163.0,193.0,308.0,315.0,325.0,379.0,423.0,420.0,406.0
22,404.0,,,,,,,362.0,369.0,380.0,376.0,358.0,342.0,321.0,281.0,366.0,192.0,197.0,197.0,230.0,378.0,411.0,322.0,312.0
23,309.0,328.0,434.0,353.0,323.0,319.0,319.0,318.0,312.0,325.0,337.0,352.0,356.0,353.0,,,,,257.0,308.0,500.0,500.0,498.0,500.0
24,500.0,500.0,497.0,463.0,429.0,447.0,365.0,342.0,350.0,481.0,454.0,401.0,395.0,374.0,335.0,328.0,250.0,328.0,339.0,447.0,500.0,493.0,496.0,483.0
25,481.0,464.0,463.0,447.0,444.0,436.0,420.0,422.0,429.0,444.0,464.0,450.0,414.0,408.0,363.0,335.0,287.0,250.0,305.0,403.0,500.0,500.0,470.0,500.0
26,500.0,500.0,456.0,447.0,444.0,452.0,462.0,474.0,500.0,500.0,500.0,500.0,450.0,407.0,324.0,338.0,321.0,280.0,306.0,394.0,452.0,480.0,484.0,486.0
27,483.0,472.0,433.0,488.0,486.0,421.0,408.0,420.0,497.0,500.0,500.0,459.0,388.0,379.0,392.0,393.0,395.0,363.0,349.0,401.0,447.0,420.0,446.0,439.0
28,457.0,447.0,494.0,477.0,463.0,450.0,475.0,477.0,494.0,500.0,500.0,500.0,500.0,470.0,408.0,378.0,378.0,399.0,363.0,396.0,384.0,395.0,429.0,500.0
29,478.0,413.0,403.0,421.0,431.0,472.0,490.0,472.0,450.0,481.0,453.0,427.0,392.0,337.0,316.0,290.0,260.0,302.0,322.0,315.0,452.0,442.0,422.0,413.0
30,406.0,376.0,391.0,365.0,365.0,370.0,370.0,375.0,366.0,387.0,388.0,378.0,392.0,398.0,368.0,312.0,302.0,302.0,290.0,297.0,428.0,403.0,416.0,433.0
"
"
December-2021,00:00:00,01:00:00,02:00:00,03:00:00,04:00:00,05:00:00,06:00:00,07:00:00,08:00:00,09:00:00,10:00:00,11:00:00,12:00:00,13:00:00,14:00:00,15:00:00,16:00:00,17:00:00,18:00:00,19:00:00,20:00:00,21:00:00,22:00:00,23:00:00
1,485.0,443.0,423.0,420.0,392.0,388.0,434.0,417.0,398.0,390,392.0,385,388,379,378,437,414.0,392.0,397.0,410.0,426.0,444.0,474.0,486.0
2,492.0,500.0,500.0,480.0,487.0,471.0,477.0,457.0,469.0,478,500.0,483,450,432,489,433,414.0,413.0,419.0,413.0,421.0,410.0,404.0,403.0
3,382.0,353.0,354.0,339.0,374.0,379.0,375.0,382.0,376.0,378,404.0,399,405,408,413,408,387.0,383.0,353.0,329.0,335.0,356.0,380.0,414.0
4,450.0,429.0,449.0,433.0,395.0,373.0,395.0,439.0,437.0,414,430.0,434,388,371,362,308,150.0,143.0,140.0,173.0,342.0,400.0,328.0,373.0
5,398.0,380.0,407.0,390.0,392.0,391.0,413.0,423.0,447.0,474,447.0,426,379,324,336,253,287.0,302.0,323.0,353.0,369.0,379.0,398.0,407.0
6,397.0,417.0,413.0,337.0,315.0,325.0,335.0,342.0,309.0,303,333.0,319,324,257,237,233,237.0,167.0,167.0,217.0,270.0,304.0,331.0,332.0
7,348.0,349.0,337.0,340.0,361.0,348.0,328.0,314.0,304.0,315,334.0,348,345,301,147,147,124.0,109.0,182.0,215.0,360.0,358.0,357.0,357.0
8,382.0,356.0,359.0,348.0,348.0,340.0,358.0,332.0,332.0,332,335.0,344,342,305,213,123,114.0,134.0,117.0,215.0,426.0,407.0,422.0,417.0
9,459.0,400.0,362.0,348.0,350.0,342.0,324.0,312.0,312.0,319,345.0,362,390,405,390,318,311.0,257.0,267.0,308.0,433.0,461.0,429.0,375.0
10,371.0,344.0,350.0,353.0,408.0,349.0,341.0,333.0,333.0,342,350.0,356,395,362,331,301,203.0,177.0,203.0,301.0,338.0,467.0,441.0,407.0
11,403.0,405.0,354.0,334.0,407.0,395.0,350.0,318.0,314.0,319,318.0,328,332,320,270,122,143.0,129.0,163.0,306.0,321.0,310.0,331.0,331.0
12,341.0,351.0,338.0,331.0,327.0,325.0,350.0,345.0,332.0,335,,319,253,237,217,170,150.0,143.0,167.0,177.0,424.0,411.0,500.0,500.0
13,500.0,500.0,500.0,500.0,500.0,67.0,500.0,500.0,500.0,500,156.0,422,329,333,297,197,203.0,257.0,302.0,331.0,500.0,500.0,500.0,450.0
14,500.0,500.0,500.0,440.0,420.0,434.0,462.0,480.0,500.0,500,500.0,499,411,375,348,318,331.0,327.0,327.0,358.0,406.0,433.0,463.0,500.0
15,450.0,444.0,463.0,433.0,434.0,441.0,446.0,450.0,452.0,490,439.0,446,437,357,334,318,,,,304.0,373.0,356.0,416.0,454.0
16,475.0,452.0,416.0,453.0,409.0,421.0,430.0,421.0,453.0,457,444.0,432,441,438,390,337,280.0,293.0,,,429.0,,447.0,431.0
17,417.0,413.0,405.0,414.0,402.0,384.0,365.0,370.0,384.0,401,410.0,410,369,318,308,307,270.0,217.0,213.0,319.0,349.0,365.0,,
18,,,,,,,,,345.0,342,353.0,397,371,492,325,277,220.0,183.0,155.0,217.0,312.0,304.0,352.0,369.0
19,338.0,345.0,325.0,327.0,304.0,307.0,301.0,315.0,307.0,332,350.0,344,328,325,322,302,243.0,250.0,267.0,328.0,348.0,430.0,468.0,441.0
20,453.0,416.0,403.0,375.0,391.0,386.0,350.0,345.0,353.0,342,342.0,335,359,338,316,320,302.0,302.0,260.0,331.0,500.0,500.0,500.0,500.0
21,500.0,500.0,500.0,500.0,500.0,465.0,477.0,492.0,500.0,500,500.0,450,433,392,390,335,305.0,253.0,311.0,314.0,,,,
22,,500.0,498.0,487.0,450.0,466.0,496.0,499.0,500.0,500,500.0,500,466,82,278,327,334.0,65.0,318.0,,,,,
23,,500.0,500.0,500.0,500.0,500.0,500.0,500.0,500.0,500,500.0,500,493,480,437,390,358.0,341.0,360.0,405.0,472.0,500.0,500.0,500.0
24,500.0,500.0,500.0,500.0,500.0,481.0,446.0,443.0,451.0,474,487.0,432,398,379,352,357,403.0,382.0,359.0,374.0,434.0,500.0,500.0,500.0
25,,500.0,500.0,500.0,500.0,500.0,500.0,500.0,500.0,500,500.0,500,500,500,379,365,405.0,486.0,467.0,493.0,500.0,500.0,500.0,500.0
26,500.0,152.0,500.0,500.0,500.0,500.0,500.0,500.0,500.0,500,500.0,500,500,462,442,413,452.0,500.0,472.0,469.0,478.0,468.0,103.0,478.0
27,420.0,79.0,77.0,307.0,197.0,180.0,233.0,240.0,280.0,327,303.0,328,314,207,147,130,98.0,143.0,133.0,253.0,336.0,354.0,353.0,356.0
28,351.0,350.0,353.0,393.0,356.0,349.0,329.0,324.0,316.0,358,420.0,403,410,417,371,365,342.0,375.0,382.0,243.0,323.0,336.0,316.0,314.0
29,309.0,310.0,309.0,348.0,354.0,340.0,328.0,334.0,390.0,366,380.0,423,417,414,257,118,113.0,109.0,133.0,145.0,346.0,379.0,407.0,420.0
30,410.0,401.0,410.0,365.0,420.0,406.0,410.0,404.0,,500,500.0,411,387,356,180,273,167.0,116.0,203.0,233.0,366.0,499.0,431.0,453.0
31,444.0,401.0,379.0,356.0,345.0,338.0,418.0,395.0,376.0,402,444.0,457,396,302,250,237,500.0,170.0,181.0,312.0,390.0,426.0,500.0,437.0
"
"
Year,2022
January-2022,00:00:00,01:00:00,02:00:00,03:00:00,04:00:00,05:00:00,06:00:00,07:00:00,08:00:00,09:00:00,10:00:00,11:00:00,12:00:00,13:00:00,14:00:00,15:00:00,16:00:00,17:00:00,18:00:00,19:00:00,20:00:00,21:00:00,22:00:00,23:00:00
1,470.0,456.0,454.0,398.0,388.0,382.0,357.0,354.0,366.0,361.0,365.0,392.0,437.0,419.0,395.0,,332.0,305.0,311.0,338.0,432.0,500.0,500.0,500.0
2,500.0,500.0,500.0,500.0,484.0,401.0,401.0,396.0,401.0,443.0,403.0,425.0,443.0,441.0,396.0,353.0,332.0,315.0,342.0,337.0,450.0,474.0,499.0,500.0
3,500.0,500.0,480.0,434.0,403.0,387.0,391.0,390.0,362.0,399.0,392.0,414.0,414.0,411.0,385.0,342.0,325.0,325.0,345.0,388.0,477.0,495.0,500.0,480.0
4,462.0,500.0,447.0,414.0,395.0,404.0,413.0,400.0,411.0,414.0,472.0,484.0,444.0,359.0,321.0,180.0,177.0,167.0,147.0,253.0,354.0,447.0,500.0,487.0
5,472.0,500.0,500.0,444.0,453.0,447.0,442.0,500.0,500.0,500.0,500.0,500.0,500.0,500.0,500.0,362.0,81.0,319.0,290.0,320.0,363.0,88.0,95.0,375.0
6,78.0,331.0,65.0,270.0,233.0,,,,,,,90.0,331.0,309.0,253.0,193.0,187.0,170.0,187.0,223.0,322.0,358.0,340.0,334.0
7,310.0,301.0,223.0,213.0,240.0,220.0,150.0,180.0,200.0,260.0,253.0,207.0,187.0,167.0,167.0,143.0,107.0,140.0,94.0,180.0,187.0,213.0,217.0,130.0
8,133.0,81.0,92.0,72.0,95.0,120.0,75.0,54.0,54.0,51.0,,,,63.0,,55.0,,68.0,130.0,102.0,98.0,102.0,102.0,101.0
9,102.0,86.0,85.0,100.0,92.0,91.0,83.0,84.0,83.0,84.0,96.0,98.0,109.0,88.0,92.0,98.0,102.0,108.0,118.0,106.0,103.0,130.0,150.0,230.0
10,223.0,197.0,200.0,170.0,133.0,140.0,180.0,203.0,193.0,253.0,230.0,230.0,102.0,193.0,177.0,160.0,164.0,158.0,134.0,130.0,237.0,345.0,395.0,379.0
11,365.0,335.0,325.0,323.0,318.0,327.0,309.0,273.0,85.0,95.0,325.0,322.0,138.0,197.0,183.0,192.0,161.0,145.0,126.0,193.0,113.0,233.0,223.0,223.0
12,243.0,273.0,305.0,302.0,277.0,213.0,233.0,257.0,243.0,305.0,327.0,302.0,301.0,324.0,307.0,304.0,308.0,273.0,253.0,243.0,318.0,321.0,357.0,416.0
13,429.0,427.0,371.0,354.0,342.0,324.0,106.0,103.0,73.0,267.0,301.0,324.0,320.0,361.0,348.0,315.0,302.0,253.0,273.0,337.0,373.0,475.0,499.0,430.0
14,375.0,356.0,366.0,332.0,318.0,80.0,82.0,85.0,308.0,305.0,311.0,316.0,365.0,446.0,420.0,386.0,362.0,348.0,346.0,,406.0,397.0,384.0,432.0
15,457.0,366.0,338.0,167.0,167.0,150.0,,,,,,,,315.0,334.0,345.0,353.0,351.0,349.0,332.0,319.0,311.0,323.0,305.0
16,290.0,293.0,253.0,301.0,312.0,293.0,270.0,277.0,217.0,243.0,237.0,237.0,315.0,305.0,334.0,,,,,,,,,
17,,,,,,,,,,,325.0,329.0,331.0,352.0,373.0,376.0,,,,,,,,
18,,,,,,,,,,,,,,,,,,,,,,,,
19,,,,,,,,,,,,,,,,,,,,,,,,
20,,,,,,,,,,,392.0,397.0,413.0,440.0,472.0,472.0,477.0,477.0,480.0,449.0,446.0,460.0,459.0,469.0
21,478.0,463.0,115.0,,398.0,382.0,345.0,335.0,342.0,358.0,365.0,362.0,392.0,365.0,358.0,370.0,425.0,446.0,390.0,361.0,375.0,398.0,433.0,487.0
22,472.0,407.0,410.0,395.0,85.0,369.0,328.0,321.0,311.0,54.0,318.0,312.0,316.0,304.0,312.0,297.0,290.0,306.0,293.0,304.0,270.0,297.0,73.0,290.0
23,60.0,55.0,47.0,22.0,27.0,30.0,55.0,160.0,60.0,217.0,70.0,70.0,301.0,280.0,257.0,290.0,250.0,233.0,160.0,157.0,260.0,302.0,335.0,346.0
24,335.0,287.0,237.0,160.0,96.0,63.0,63.0,60.0,,,,293.0,273.0,,147.0,147.0,203.0,107.0,113.0,129.0,307.0,447.0,375.0,327.0
25,374.0,401.0,353.0,322.0,302.0,230.0,120.0,77.0,97.0,113.0,98.0,170.0,123.0,167.0,193.0,260.0,223.0,163.0,177.0,233.0,270.0,355.0,361.0,382.0
26,361.0,335.0,325.0,260.0,250.0,170.0,170.0,180.0,163.0,233.0,314.0,312.0,319.0,302.0,302.0,243.0,200.0,213.0,180.0,187.0,280.0,339.0,325.0,408.0
27,392.0,348.0,337.0,309.0,243.0,277.0,203.0,197.0,207.0,277.0,306.0,,315.0,403.0,260.0,197.0,147.0,118.0,135.0,207.0,273.0,348.0,411.0,358.0
28,322.0,312.0,325.0,320.0,305.0,307.0,260.0,267.0,273.0,315.0,315.0,297.0,250.0,200.0,135.0,,127.0,127.0,131.0,140.0,240.0,426.0,500.0,437.0
29,466.0,454.0,359.0,337.0,304.0,297.0,257.0,237.0,257.0,320.0,316.0,311.0,287.0,273.0,150.0,105.0,141.0,133.0,107.0,167.0,367.0,333.0,393.0,363.0
30,325.0,328.0,345.0,341.0,339.0,348.0,341.0,348.0,319.0,336.0,350.0,345.0,331.0,318.0,302.0,243.0,203.0,237.0,240.0,280.0,325.0,374.0,394.0,416.0
31,406.0,415.0,500.0,365.0,348.0,333.0,332.0,332.0,,440.0,472.0,474.0,388.0,365.0,361.0,444.0,446.0,418.0,413.0,,,465.0,466.0,477.0
"
"
February-2022,00:00:00,01:00:00,02:00:00,03:00:00,04:00:00,05:00:00,06:00:00,07:00:00,08:00:00,09:00:00,10:00:00,11:00:00,12:00:00,13:00:00,14:00:00,15:00:00,16:00:00,17:00:00,18:00:00,19:00:00,20:00:00,21:00:00,22:00:00,23:00:00
1,455.0,,,,,,,,,,,,,,378.0,387.0,392,378,346,334,376,420,439,409
2,396.0,374.0,339.0,329.0,332.0,327.0,325.0,332.0,348.0,344.0,334.0,328.0,337.0,348.0,342.0,345.0,308,180,270,321,382,383,388,400
3,403.0,357.0,348.0,346.0,350.0,341.0,357.0,361.0,383.0,358.0,342.0,320.0,280.0,311.0,321.0,324.0,321,325,329,332,338,332,325,318
4,257.0,127.0,92.0,80.0,78.0,80.0,70.0,80.0,55.0,63.0,53.0,45.0,70.0,73.0,60.0,65.0,74,88,64,60,112,197,223,304
5,327.0,311.0,315.0,240.0,325.0,98.0,95.0,85.0,87.0,92.0,92.0,243.0,312.0,318.0,308.0,270.0,270,123,86,179,197,352,500,500
6,500.0,500.0,500.0,500.0,487.0,480.0,471.0,431.0,358.0,356.0,332.0,315.0,280.0,220.0,152.0,111.0,145,104,105,103,123,370,437,478
7,451.0,354.0,345.0,332.0,327.0,319.0,340.0,306.0,321.0,348.0,339.0,297.0,220.0,194.0,178.0,190.0,131,145,133,146,183,391,451,483
8,,,,410.0,,,,,,,,,18.0,359.0,260.0,237.0,260,340,335,106,319,422,452,451
9,410.0,409.0,405.0,351.0,403.0,322.0,100.0,97.0,110.0,147.0,110.0,167.0,160.0,140.0,,125.0,99,124,115,146,263,197,319,316
10,303.0,334.0,309.0,223.0,223.0,170.0,140.0,105.0,119.0,167.0,303.0,213.0,273.0,203.0,230.0,184.0,144,114,159,121,123,203,220,220
11,308.0,306.0,267.0,287.0,310.0,273.0,287.0,243.0,250.0,304.0,308.0,293.0,250.0,237.0,234.0,206.0,271,143,123,144,121,319,340,342
12,325.0,384.0,312.0,253.0,213.0,243.0,253.0,316.0,287.0,277.0,230.0,260.0,213.0,171.0,139.0,156.0,169,153,169,138,207,305,375,500
13,462.0,497.0,500.0,422.0,434.0,309.0,306.0,315.0,333.0,355.0,405.0,346.0,273.0,140.0,139.0,133.0,135,140,122,108,183,329,441,449
14,449.0,437.0,426.0,405.0,438.0,434.0,418.0,417.0,352.0,384.0,362.0,207.0,177.0,153.0,127.0,120.0,145,118,218,145,430,277,381,398
15,410.0,403.0,290.0,309.0,308.0,319.0,360.0,338.0,381.0,363.0,345.0,308.0,177.0,157.0,153.0,115.0,125,147,169,163,287,287,384,423
16,434.0,443.0,412.0,438.0,427.0,428.0,413.0,314.0,345.0,434.0,475.0,480.0,399.0,419.0,409.0,217.0,188,145,178,240,211,324,334,349
17,342.0,348.0,341.0,362.0,273.0,337.0,331.0,312.0,328.0,307.0,324.0,332.0,302.0,342.0,166.0,127.0,156,147,142,161,197,400,318,388
18,333.0,341.0,415.0,450.0,370.0,380.0,398.0,376.0,359.0,365.0,376.0,367.0,376.0,250.0,166.0,129.0,89,161,196,241,207,274,186,180
19,250.0,332.0,277.0,304.0,327.0,344.0,197.0,270.0,223.0,293.0,314.0,320.0,364.0,207.0,252.0,209.0,187,195,171,173,248,355,240,270
20,200.0,193.0,305.0,,,,,,305.0,293.0,287.0,260.0,250.0,237.0,221.0,187.0,332,223,127,159,196,233,301,284
21,,312.0,306.0,300.0,,263.0,248.0,220.0,,182.0,174.0,185.0,219.0,188.0,188.0,186.0,179,192,226,259,358,468,500,500
22,437.0,500.0,415.0,443.0,408.0,414.0,395.0,323.0,309.0,309.0,312.0,366.0,420.0,380.0,334.0,314.0,284,361,381,245,200,241,190,180
23,187.0,237.0,293.0,243.0,267.0,277.0,297.0,305.0,306.0,310.0,318.0,316.0,315.0,312.0,312.0,307.0,305,308,312,312,318,328,361,348
24,345.0,401.0,429.0,367.0,401.0,404.0,430.0,408.0,404.0,411.0,453.0,413.0,,,,,211,205,185,280,276,301,381,362
25,334.0,341.0,358.0,368.0,335.0,353.0,362.0,365.0,363.0,416.0,395.0,399.0,392.0,336.0,187.0,196.0,183,205,184,197,311,447,104,95
26,101.0,140.0,79.0,75.0,62.0,68.0,51.0,61.0,59.0,52.0,57.0,69.0,84.0,81.0,74.0,88.0,86,100,104,90,91,109,131,109
27,95.0,91.0,92.0,85.0,230.0,97.0,127.0,107.0,97.0,143.0,130.0,104.0,100.0,78.0,83.0,86.0,91,91,84,67,67,126,217,130
28,90.0,131.0,193.0,127.0,84.0,65.0,108.0,123.0,142.0,133.0,143.0,99.0,84.0,114.0,101.0,97.0,100,112,98,104,114,200,223,310
"
"
March-2022,00:00:00,01:00:00,02:00:00,03:00:00,04:00:00,05:00:00,06:00:00,07:00:00,08:00:00,09:00:00,10:00:00,11:00:00,12:00:00,13:00:00,14:00:00,15:00:00,16:00:00,17:00:00,18:00:00,19:00:00,20:00:00,21:00:00,22:00:00,23:00:00
1,342,342.0,277.0,301.0,301.0,310.0,315.0,302.0,328.0,325.0,320.0,273.0,303.0,280.0,187.0,283.0,142.0,156.0,151.0,138.0,250.0,260.0,306.0,319.0
2,306,315.0,328.0,400.0,441.0,407.0,372.0,395.0,434.0,366.0,387.0,366.0,305.0,394.0,159.0,163.0,139.0,139.0,129.0,131.0,277.0,285.0,378.0,308.0
3,415,354.0,339.0,207.0,193.0,302.0,240.0,237.0,257.0,308.0,293.0,187.0,155.0,193.0,237.0,163.0,157.0,143.0,131.0,179.0,252.0,378.0,293.0,312.0
4,339,342.0,340.0,346.0,329.0,318.0,355.0,293.0,253.0,277.0,200.0,213.0,137.0,193.0,129.0,,149.0,137.0,107.0,123.0,181.0,113.0,127.0,167.0
5,95,107.0,180.0,143.0,160.0,157.0,147.0,170.0,187.0,290.0,297.0,197.0,133.0,133.0,170.0,141.0,160.0,145.0,159.0,127.0,191.0,179.0,223.0,243.0
6,325,315.0,302.0,203.0,303.0,312.0,324.0,332.0,334.0,321.0,280.0,237.0,223.0,123.0,137.0,149.0,153.0,146.0,136.0,142.0,211.0,237.0,290.0,395.0
7,412,445.0,447.0,406.0,366.0,449.0,411.0,375.0,435.0,399.0,328.0,308.0,250.0,163.0,161.0,192.0,267.0,267.0,255.0,229.0,360.0,446.0,336.0,444.0
8,450,467.0,362.0,500.0,409.0,430.0,500.0,496.0,428.0,466.0,460.0,421.0,301.0,217.0,226.0,162.0,197.0,217.0,133.0,206.0,404.0,398.0,297.0,284.0
9,321,339.0,197.0,197.0,304.0,321.0,388.0,333.0,329.0,340.0,335.0,265.0,193.0,142.0,257.0,355.0,449.0,263.0,178.0,232.0,325.0,360.0,253.0,316.0
10,303,183.0,325.0,319.0,187.0,193.0,220.0,237.0,302.0,270.0,197.0,181.0,221.0,160.0,178.0,190.0,178.0,184.0,175.0,177.0,202.0,267.0,288.0,312.0
11,305,,,358.0,,,,,350.0,376.0,,329.0,197.0,223.0,172.0,201.0,202.0,314.0,202.0,177.0,241.0,251.0,307.0,233.0
12,183,200.0,280.0,193.0,301.0,340.0,374.0,329.0,270.0,345.0,376.0,323.0,196.0,200.0,172.0,195.0,223.0,153.0,,,,426.0,424.0,335.0
13,362,420.0,401.0,297.0,342.0,325.0,287.0,217.0,253.0,342.0,375.0,336.0,303.0,204.0,175.0,195.0,174.0,141.0,179.0,194.0,348.0,,,351.0
14,356,,,,,,,,414.0,403.0,421.0,396.0,316.0,311.0,202.0,182.0,182.0,211.0,187.0,287.0,371.0,429.0,327.0,315.0
15,303,306.0,477.0,412.0,327.0,318.0,345.0,370.0,375.0,426.0,463.0,391.0,303.0,254.0,254.0,215.0,202.0,287.0,250.0,283.0,391.0,276.0,328.0,318.0
16,319,304.0,314.0,311.0,350.0,371.0,355.0,311.0,,,,302.0,272.0,380.0,289.0,277.0,422.0,349.0,256.0,234.0,352.0,217.0,243.0,287.0
17,335,410.0,262.0,270.0,308.0,340.0,339.0,339.0,331.0,,,,316.0,303.0,197.0,134.0,223.0,237.0,245.0,197.0,197.0,277.0,422.0,335.0
18,376,365.0,371.0,361.0,355.0,342.0,342.0,342.0,336.0,339.0,327.0,305.0,301.0,270.0,223.0,207.0,200.0,193.0,207.0,223.0,230.0,297.0,267.0,253.0
19,297,280.0,302.0,253.0,240.0,240.0,187.0,203.0,306.0,308.0,310.0,290.0,230.0,182.0,204.0,200.0,170.0,174.0,189.0,223.0,,352.0,322.0,307.0
20,312,315.0,312.0,315.0,309.0,302.0,290.0,260.0,303.0,310.0,314.0,250.0,168.0,140.0,135.0,152.0,194.0,172.0,152.0,144.0,296.0,267.0,453.0,460.0
21,491,454.0,418.0,305.0,332.0,411.0,500.0,494.0,487.0,,446.0,407.0,348.0,371.0,280.0,255.0,276.0,289.0,272.0,261.0,305.0,431.0,328.0,277.0
22,318,321.0,311.0,304.0,316.0,318.0,287.0,304.0,270.0,324.0,354.0,337.0,237.0,267.0,429.0,478.0,304.0,424.0,273.0,204.0,414.0,422.0,332.0,312.0
23,336,325.0,311.0,305.0,331.0,321.0,319.0,305.0,385.0,402.0,402.0,402.0,361.0,267.0,192.0,200.0,159.0,144.0,169.0,270.0,348.0,444.0,500.0,411.0
24,437,422.0,500.0,500.0,395.0,400.0,402.0,440.0,480.0,484.0,356.0,342.0,284.0,294.0,254.0,375.0,234.0,257.0,244.0,219.0,410.0,500.0,414.0,298.0
25,418,332.0,328.0,312.0,350.0,363.0,337.0,363.0,310.0,365.0,363.0,322.0,186.0,199.0,206.0,191.0,356.0,279.0,298.0,240.0,403.0,281.0,299.0,270.0
26,303,307.0,328.0,303.0,302.0,319.0,374.0,409.0,405.0,406.0,315.0,288.0,308.0,405.0,500.0,429.0,447.0,447.0,287.0,229.0,266.0,251.0,226.0,172.0
27,174,233.0,220.0,318.0,328.0,308.0,353.0,396.0,403.0,,,,,,,,,,185.0,182.0,,,,
28,452,500.0,500.0,500.0,454.0,425.0,314.0,312.0,329.0,493.0,445.0,355.0,218.0,320.0,,166.0,174.0,227.0,193.0,260.0,318.0,451.0,409.0,373.0
29,495,497.0,480.0,460.0,453.0,475.0,461.0,469.0,381.0,354.0,335.0,405.0,412.0,257.0,312.0,204.0,410.0,279.0,257.0,272.0,279.0,463.0,432.0,443.0
30,382,495.0,469.0,497.0,500.0,497.0,458.0,439.0,412.0,426.0,488.0,487.0,399.0,,149.0,176.0,167.0,153.0,127.0,167.0,425.0,500.0,474.0,496.0
31,410,500.0,452.0,430.0,407.0,500.0,491.0,466.0,500.0,434.0,400.0,405.0,283.0,261.0,322.0,303.0,226.0,209.0,294.0,262.0,389.0,500.0,420.0,443.0
"
"
April-2022,00:00:00,01:00:00,02:00:00,03:00:00,04:00:00,05:00:00,06:00:00,07:00:00,08:00:00,09:00:00,10:00:00,11:00:00,12:00:00,13:00:00,14:00:00,15:00:00,16:00:00,17:00:00,18:00:00,19:00:00,20:00:00,21:00:00,22:00:00,23:00:00
1,385,359.0,332.0,363.0,336.0,342.0,370.0,345.0,366.0,333.0,416.0,308.0,255.0,401,466,439.0,382.0,292.0,217.0,234.0,364,438.0,296,413.0
2,474,361.0,500.0,415.0,418.0,345.0,424.0,381.0,314.0,405.0,380.0,304.0,210.0,312,172,195.0,163.0,169.0,145.0,186.0,355,426.0,466,445.0
3,464,454.0,376.0,,,,315.0,319.0,353.0,403.0,402.0,239.0,260.0,229,249,205.0,159.0,189.0,185.0,185.0,335,409.0,472,437.0
4,433,432.0,429.0,466.0,434.0,447.0,426.0,405.0,296.0,414.0,429.0,362.0,288.0,293,335,278.0,179.0,276.0,227.0,235.0,358,417.0,403,322.0
5,405,344.0,401.0,350.0,427.0,428.0,433.0,460.0,446.0,438.0,420.0,337.0,245.0,197,185,348.0,299.0,288.0,201.0,189.0,406,262.0,389,319.0
6,333,356.0,500.0,500.0,500.0,500.0,416.0,413.0,457.0,437.0,419.0,368.0,305.0,215,274,341.0,309.0,196.0,239.0,246.0,321,499.0,500,492.0
7,335,491.0,423.0,426.0,449.0,452.0,410.0,425.0,429.0,452.0,487.0,445.0,500.0,226,216,277.0,250.0,270.0,228.0,232.0,287,431.0,500,408.0
8,500,491.0,458.0,408.0,362.0,369.0,409.0,328.0,368.0,390.0,432.0,420.0,362.0,239,192,179.0,161.0,298.0,319.0,,468,500.0,461,
9,484,434.0,426.0,500.0,462.0,461.0,449.0,465.0,446.0,456.0,391.0,374.0,268.0,234,207,186.0,240.0,,,278.0,424,,500,483.0
10,500,,432.0,426.0,,416.0,420.0,414.0,,416.0,388.0,390.0,,278,406,,404.0,282.0,278.0,177.0,249,427.0,463,365.0
11,407,400.0,437.0,396.0,419.0,438.0,433.0,445.0,460.0,479.0,403.0,281.0,321.0,279,187,190.0,230.0,209.0,172.0,192.0,308,487.0,482,453.0
12,500,450.0,453.0,440.0,500.0,470.0,450.0,,374.0,361.0,,268.0,236.0,197,182,162.0,163.0,155.0,145.0,212.0,451,482.0,436,438.0
13,381,,,469.0,441.0,453.0,444.0,427.0,500.0,458.0,458.0,244.0,267.0,256,246,186.0,250.0,282.0,230.0,415.0,500,500.0,491,500.0
14,500,500.0,500.0,460.0,314.0,414.0,451.0,426.0,432.0,421.0,425.0,369.0,350.0,335,311,296.0,287.0,217.0,190.0,229.0,256,302.0,426,500.0
15,395,167.0,147.0,141.0,127.0,117.0,121.0,161.0,248.0,266.0,336.0,385.0,263.0,289,277,216.0,191.0,312.0,322.0,245.0,328,341.0,368,395.0
16,344,483.0,447.0,500.0,468.0,450.0,467.0,500.0,449.0,455.0,401.0,217.0,250.0,268,262,230.0,249.0,234.0,390.0,405.0,436,500.0,481,489.0
17,391,410.0,424.0,500.0,445.0,440.0,424.0,310.0,417.0,417.0,446.0,329.0,248.0,205,224,153.0,171.0,,,,374,500.0,401,395.0
18,472,439.0,405.0,395.0,493.0,500.0,426.0,482.0,463.0,468.0,435.0,,243.0,218,191,185.0,193.0,217.0,255.0,266.0,415,301.0,396,486.0
19,469,,,,,,,,,,,,,388,240,103.0,461.0,500.0,410.0,355.0,339,470.0,461,500.0
20,464,478.0,427.0,421.0,420.0,441.0,466.0,368.0,421.0,362.0,308.0,356.0,420.0,399,500,418.0,271.0,406.0,241.0,219.0,268,385.0,413,413.0
21,436,500.0,447.0,461.0,437.0,500.0,500.0,432.0,362.0,,427.0,332.0,272.0,267,483,,37.0,163.0,175.0,192.0,205,361.0,341,401.0
22,259,500.0,376.0,166.0,97.0,81.0,85.0,165.0,209.0,229.0,187.0,226.0,184.0,197,198,225.0,181.0,,197.0,215.0,404,440.0,424,416.0
23,325,302.0,416.0,455.0,462.0,500.0,476.0,441.0,474.0,463.0,485.0,430.0,244.0,179,185,178.0,177.0,200.0,222.0,240.0,399,417.0,451,394.0
24,428,436.0,500.0,484.0,493.0,461.0,434.0,468.0,487.0,500.0,497.0,391.0,251.0,235,226,254.0,263.0,425.0,356.0,283.0,384,416.0,403,412.0
25,443,426.0,448.0,413.0,457.0,451.0,439.0,444.0,445.0,415.0,333.0,382.0,342.0,197,273,319.0,270.0,322.0,344.0,274.0,354,260.0,278,469.0
26,423,,149.0,217.0,,199.0,247.0,212.0,,212.0,322.0,368.0,319.0,194,192,270.0,276.0,403.0,330.0,340.0,385,432.0,500,500.0
27,455,435.0,500.0,500.0,470.0,500.0,500.0,500.0,500.0,500.0,495.0,324.0,217.0,181,189,193.0,210.0,181.0,221.0,276.0,349,419.0,483,500.0
28,497,500.0,500.0,498.0,500.0,482.0,452.0,437.0,423.0,405.0,448.0,318.0,318.0,251,235,244.0,246.0,249.0,192.0,217.0,278,419.0,500,424.0
29,500,500.0,500.0,500.0,500.0,500.0,492.0,467.0,498.0,446.0,398.0,276.0,421.0,418,413,,,281.0,233.0,229.0,358,378.0,449,423.0
30,494,500.0,500.0,461.0,491.0,500.0,472.0,466.0,500.0,401.0,456.0,410.0,325.0,211,187,175.0,155.0,149.0,157.0,175.0,423,460.0,410,462.0
"
"
May-2022,00:00:00,01:00:00,02:00:00,03:00:00,04:00:00,05:00:00,06:00:00,07:00:00,08:00:00,09:00:00,10:00:00,11:00:00,12:00:00,13:00:00,14:00:00,15:00:00,16:00:00,17:00:00,18:00:00,19:00:00,20:00:00,21:00:00,22:00:00,23:00:00
1,500.0,429.0,438.0,494.0,500.0,405.0,361.0,417.0,309.0,412.0,404.0,401.0,342.0,335.0,293.0,260.0,246.0,240,229.0,239.0,278.0,270.0,186.0,300.0
2,265.0,229.0,241.0,213.0,215.0,217.0,223.0,223.0,216.0,262.0,228.0,254.0,246.0,250.0,248.0,229.0,219.0,254,266.0,327.0,304.0,308.0,284.0,259.0
3,223.0,197.0,199.0,179.0,164.0,,,157.0,157.0,161.0,165.0,185.0,257.0,360.0,434.0,425.0,443.0,447,455.0,454.0,456.0,464.0,455.0,432.0
4,407.0,349.0,339.0,300.0,262.0,177.0,185.0,192.0,194.0,226.0,283.0,370.0,388.0,396.0,356.0,342.0,418.0,211,420.0,233.0,100.0,72.0,65.0,64.0
5,100.0,112.0,109.0,111.0,111.0,88.0,85.0,297.0,303.0,253.0,163.0,135.0,151.0,221.0,238.0,264.0,157.0,157,252.0,237.0,237.0,326.0,499.0,474.0
6,440.0,460.0,500.0,405.0,318.0,311.0,293.0,336.0,332.0,332.0,316.0,290.0,312.0,500.0,500.0,431.0,380.0,358,312.0,329.0,295.0,312.0,262.0,403.0
7,375.0,430.0,417.0,470.0,430.0,368.0,391.0,211.0,322.0,349.0,331.0,298.0,259.0,,,268.0,256.0,229,238.0,193.0,234.0,452.0,454.0,472.0
8,416.0,458.0,273.0,221.0,170.0,157.0,164.0,183.0,187.0,178.0,181.0,186.0,213.0,265.0,179.0,272.0,252.0,219,201.0,253.0,209.0,241.0,261.0,226.0
9,181.0,175.0,163.0,134.0,130.0,131.0,127.0,131.0,141.0,148.0,163.0,,,,,,153.0,164,262.0,191.0,185.0,190.0,187.0,160.0
10,153.0,150.0,155.0,142.0,142.0,141.0,141.0,149.0,162.0,161.0,160.0,164.0,165.0,176.0,,,218.0,229,212.0,173.0,182.0,185.0,185.0,177.0
11,,182.0,138.0,122.0,111.0,107.0,111.0,121.0,141.0,149.0,147.0,159.0,184.0,210.0,240.0,235.0,145.0,270,,,194.0,250.0,246.0,187.0
12,155.0,143.0,135.0,117.0,119.0,119.0,121.0,123.0,149.0,148.0,143.0,160.0,170.0,,252.0,252.0,246.0,228,215.0,200.0,252.0,401.0,380.0,300.0
13,213.0,195.0,414.0,192.0,141.0,117.0,119.0,116.0,130.0,137.0,141.0,161.0,200.0,223.0,215.0,199.0,288.0,237,196.0,229.0,314.0,,,
14,,420.0,500.0,500.0,500.0,492.0,496.0,490.0,500.0,500.0,500.0,401.0,344.0,444.0,95.0,408.0,319.0,344,293.0,348.0,309.0,273.0,292.0,403.0
15,500.0,472.0,437.0,500.0,466.0,388.0,421.0,485.0,500.0,420.0,406.0,246.0,200.0,491.0,370.0,443.0,352.0,266,191.0,189.0,263.0,311.0,471.0,485.0
16,430.0,432.0,450.0,449.0,206.0,235.0,361.0,411.0,412.0,443.0,475.0,465.0,488.0,492.0,500.0,431.0,425.0,429,410.0,436.0,449.0,493.0,436.0,336.0
17,361.0,274.0,137.0,101.0,85.0,92.0,100.0,115.0,135.0,148.0,185.0,215.0,300.0,332.0,382.0,349.0,320.0,268,349.0,370.0,349.0,380.0,341.0,315.0
18,295.0,252.0,261.0,328.0,356.0,87.0,184.0,181.0,245.0,224.0,284.0,281.0,279.0,246.0,432.0,300.0,232.0,228,179.0,183.0,197.0,250.0,265.0,227.0
19,202.0,240.0,196.0,178.0,178.0,184.0,167.0,186.0,206.0,221.0,239.0,320.0,285.0,259.0,281.0,288.0,406.0,329,459.0,434.0,403.0,422.0,401.0,423.0
20,358.0,322.0,277.0,249.0,226.0,223.0,210.0,410.0,395.0,405.0,424.0,430.0,409.0,320.0,473.0,326.0,218.0,301,385.0,308.0,500.0,500.0,484.0,457.0
21,239.0,388.0,375.0,348.0,322.0,369.0,210.0,204.0,213.0,196.0,320.0,415.0,318.0,287.0,288.0,322.0,332.0,319,473.0,304.0,355.0,370.0,415.0,107.0
22,,129.0,133.0,127.0,170.0,159.0,392.0,328.0,351.0,333.0,253.0,150.0,196.0,138.0,149.0,143.0,269.0,147,269.0,149.0,202.0,268.0,219.0,195.0
23,,186.0,169.0,151.0,138.0,131.0,318.0,,,,,,,,85.0,101.0,113.0,96,104.0,94.0,80.0,85.0,67.0,68.0
24,,56.0,48.0,79.0,63.0,53.0,70.0,52.0,57.0,64.0,83.0,112.0,134.0,158.0,171.0,188.0,213.0,229,258.0,194.0,122.0,133.0,157.0,195.0
25,,193.0,240.0,287.0,287.0,305.0,,308.0,237.0,197.0,175.0,132.0,168.0,202.0,245.0,254.0,226.0,226,88.0,216.0,128.0,129.0,220.0,324.0
26,,328.0,345.0,361.0,342.0,418.0,451.0,403.0,341.0,328.0,257.0,190.0,268.0,129.0,130.0,143.0,215.0,227,257.0,177.0,170.0,199.0,193.0,253.0
27,,307.0,312.0,293.0,273.0,290.0,301.0,280.0,257.0,230.0,200.0,189.0,196.0,224.0,239.0,221.0,328.0,431,271.0,,,,,
28,,,,,,,,,,,241.0,354.0,399.0,406.0,412.0,385.0,346.0,342,344.0,312.0,306.0,428.0,445.0,431.0
29,,301.0,174.0,177.0,182.0,182.0,200.0,287.0,345.0,337.0,245.0,273.0,335.0,322.0,252.0,192.0,237.0,233,246.0,299.0,306.0,183.0,174.0,182.0
30,,197.0,197.0,155.0,139.0,,152.0,151.0,175.0,190.0,239.0,210.0,199.0,209.0,,,,213,60.0,164.0,127.0,141.0,155.0,157.0
31,,241.0,189.0,156.0,171.0,140.0,124.0,140.0,,211.0,314.0,321.0,319.0,362.0,391.0,408.0,409.0,368,355.0,362.0,411.0,438.0,500.0,372.0
"
"
June-2022,00:00:00,01:00:00,02:00:00,03:00:00,04:00:00,05:00:00,06:00:00,07:00:00,08:00:00,09:00:00,10:00:00,11:00:00,12:00:00,13:00:00,14:00:00,15:00:00,16:00:00,17:00:00,18:00:00,19:00:00,20:00:00,21:00:00,22:00:00,23:00:00
1,,457.0,465,455,438.0,407,344,403.0,418.0,447.0,428.0,413.0,259.0,175.0,174.0,171.0,244.0,151.0,197.0,360,388.0,226.0,191.0,241.0
2,183.0,215.0,274,237,267.0,325,367,390.0,382.0,329.0,287.0,273.0,254.0,226.0,210.0,181.0,194.0,181.0,259.0,199,240.0,462.0,445.0,321.0
3,,298.0,349,418,430.0,452,346,431.0,399.0,254.0,403.0,229.0,175.0,186.0,190.0,185.0,259.0,230.0,340.0,262,210.0,500.0,415.0,369.0
4,,395.0,468,500,219.0,358,500,305.0,428.0,418.0,391.0,222.0,161.0,174.0,186.0,193.0,245.0,171.0,229.0,195,422.0,,500.0,500.0
5,,500.0,450,337,,344,262,302.0,,203.0,266.0,328.0,350.0,401.0,230.0,169.0,163.0,348.0,171.0,169,228.0,267.0,427.0,391.0
6,405.0,404.0,425,298,181.0,159,230,221.0,229.0,195.0,171.0,254.0,238.0,188.0,153.0,119.0,122.0,115.0,181.0,176,199.0,369.0,391.0,468.0
7,500.0,500.0,458,405,407.0,350,249,243.0,246.0,339.0,451.0,,485.0,,,439.0,440.0,414.0,315.0,376,464.0,500.0,500.0,500.0
8,500.0,498.0,447,416,408.0,371,344,402.0,406.0,380.0,500.0,280.0,495.0,491.0,452.0,355.0,243.0,223.0,248.0,217,233.0,150.0,396.0,410.0
9,451.0,444.0,416,417,311.0,243,195,204.0,219.0,233.0,300.0,,318.0,314.0,274.0,241.0,230.0,233.0,376.0,246,416.0,424.0,398.0,401.0
10,348.0,408.0,407,499,500.0,413,416,415.0,403.0,360.0,422.0,484.0,459.0,454.0,445.0,403.0,445.0,368.0,349.0,298,358.0,426.0,426.0,467.0
11,500.0,434.0,299,439,366.0,257,261,278.0,283.0,289.0,402.0,408.0,467.0,436.0,389.0,369.0,416.0,330.0,364.0,318,321.0,420.0,424.0,468.0
12,416.0,426.0,421,348,407.0,416,403,439.0,395.0,375.0,274.0,276.0,287.0,306.0,382.0,326.0,290.0,282.0,301.0,314,282.0,348.0,311.0,405.0
13,469.0,250.0,244,209,309.0,145,161,171.0,133.0,131.0,183.0,241.0,235.0,261.0,340.0,408.0,421.0,328.0,409.0,368,311.0,311.0,412.0,336.0
14,196.0,216.0,133,119,124.0,118,123,221.0,384.0,399.0,309.0,308.0,,400.0,329.0,381.0,305.0,289.0,362.0,329,279.0,222.0,181.0,177.0
15,153.0,147.0,153,140,137.0,115,112,112.0,119.0,,,,,,199.0,,,,,165,290.0,272.0,155.0,143.0
16,156.0,165.0,50,199,,67,133,134.0,,,,119.0,113.0,119.0,245.0,128.0,116.0,129.0,188.0,173,149.0,,130.0,112.0
17,111.0,109.0,105,99,108.0,99,59,,63.0,46.0,60.0,63.0,104.0,92.0,126.0,224.0,60.0,45.0,74.0,75,80.0,,109.0,113.0
18,116.0,95.0,74,56,59.0,53,78,53.0,53.0,58.0,48.0,53.0,57.0,80.0,109.0,123.0,,84.0,76.0,72,62.0,63.0,70.0,70.0
19,79.0,77.0,57,38,73.0,50,58,80.0,60.0,43.0,53.0,53.0,52.0,,65.0,64.0,,75.0,73.0,81,,80.0,119.0,
20,196.0,286.0,342,345,345.0,316,321,309.0,243.0,250.0,88.0,109.0,119.0,130.0,101.0,121.0,,121.0,116.0,107,137.0,238.0,271.0,226.0
21,215.0,267.0,199,224,212.0,148,143,141.0,273.0,123.0,112.0,148.0,252.0,104.0,148.0,147.0,152.0,133.0,107.0,141,122.0,195.0,184.0,139.0
22,126.0,166.0,75,192,164.0,138,148,188.0,186.0,161.0,125.0,105.0,124.0,153.0,172.0,184.0,206.0,161.0,,129,120.0,131.0,167.0,180.0
23,207.0,183.0,344,297,372.0,361,273,305.0,240.0,177.0,129.0,151.0,173.0,171.0,,243.0,348.0,395.0,349.0,348,284.0,271.0,272.0,197.0
24,219.0,199.0,300,302,366.0,386,321,398.0,85.0,351.0,200.0,163.0,217.0,207.0,194.0,190.0,239.0,184.0,257.0,209,201.0,283.0,335.0,415.0
25,315.0,246.0,340,436,499.0,499,421,,478.0,433.0,261.0,226.0,232.0,166.0,164.0,232.0,183.0,229.0,216.0,207,213.0,184.0,210.0,248.0
26,285.0,336.0,500,350,259.0,153,140,127.0,120.0,120.0,120.0,129.0,138.0,131.0,140.0,156.0,166.0,163.0,151.0,137,144.0,160.0,,133.0
27,141.0,141.0,141,126,105.0,101,95,104.0,107.0,114.0,116.0,119.0,108.0,123.0,140.0,164.0,167.0,169.0,166.0,139,135.0,143.0,148.0,155.0
28,133.0,,133,121,105.0,101,103,112.0,129.0,129.0,138.0,131.0,129.0,119.0,126.0,133.0,159.0,200.0,183.0,200,220.0,220.0,217.0,253.0
29,233.0,267.0,207,164,109.0,91,85,108.0,129.0,133.0,140.0,222.0,267.0,227.0,256.0,277.0,213.0,189.0,183.0,171,226.0,177.0,171.0,163.0
30,141.0,131.0,134,133,125.0,109,125,64.0,53.0,57.0,55.0,55.0,58.0,60.0,62.0,70.0,20.0,67.0,60.0,72,98.0,110.0,123.0,127.0
"
"
July-2022,00:00:00,01:00:00,02:00:00,03:00:00,04:00:00,05:00:00,06:00:00,07:00:00,08:00:00,09:00:00,10:00:00,11:00:00,12:00:00,13:00:00,14:00:00,15:00:00,16:00:00,17:00:00,18:00:00,19:00:00,20:00:00,21:00:00,22:00:00,23:00:00
1,,60.0,55.0,36.0,55.0,52.0,56.0,53.0,70.0,183.0,,97.0,133.0,,109.0,,79.0,53.0,60.0,63.0,70.0,100.0,105.0,107.0
2,129.0,111.0,121.0,100.0,81.0,78.0,101.0,100.0,90.0,157.0,90.0,79.0,107.0,88.0,100.0,88.0,80.0,81.0,80.0,,103.0,120.0,143.0,117.0
3,,97.0,72.0,69.0,51.0,40.0,45.0,48.0,50.0,55.0,53.0,52.0,73.0,72.0,73.0,84.0,90.0,105.0,85.0,114.0,90.0,113.0,130.0,165.0
4,195.0,221.0,122.0,133.0,155.0,121.0,146.0,107.0,123.0,125.0,140.0,111.0,109.0,141.0,130.0,123.0,83.0,95.0,95.0,99.0,97.0,107.0,193.0,302.0
5,250.0,201.0,233.0,189.0,197.0,193.0,167.0,160.0,197.0,177.0,130.0,95.0,104.0,107.0,101.0,94.0,113.0,118.0,105.0,103.0,107.0,127.0,108.0,70.0
6,111.0,155.0,126.0,105.0,101.0,95.0,94.0,79.0,116.0,99.0,103.0,109.0,114.0,120.0,127.0,,,,,,,,,
7,,,,,,,,,,114.0,97.0,100.0,92.0,94.0,102.0,115.0,118.0,105.0,107.0,85.0,112.0,120.0,111.0,107.0
8,,125.0,131.0,107.0,107.0,73.0,75.0,90.0,95.0,89.0,78.0,81.0,89.0,97.0,92.0,100.0,106.0,104.0,111.0,97.0,91.0,96.0,120.0,134.0
9,138.0,155.0,165.0,112.0,137.0,116.0,102.0,109.0,111.0,102.0,109.0,124.0,133.0,138.0,146.0,175.0,153.0,127.0,108.0,101.0,99.0,92.0,103.0,79.0
10,68.0,89.0,117.0,127.0,109.0,96.0,52.0,75.0,68.0,88.0,83.0,70.0,80.0,105.0,84.0,72.0,87.0,60.0,173.0,106.0,58.0,61.0,78.0,57.0
11,96.0,75.0,92.0,105.0,88.0,73.0,88.0,75.0,110.0,170.0,114.0,89.0,181.0,169.0,,122.0,64.0,65.0,75.0,75.0,80.0,98.0,123.0,140.0
12,197.0,217.0,237.0,131.0,130.0,143.0,147.0,167.0,87.0,54.0,,42.0,59.0,55.0,59.0,78.0,120.0,97.0,98.0,95.0,90.0,96.0,107.0,119.0
13,,161.0,113.0,,107.0,113.0,,127.0,104.0,,70.0,66.0,90.0,,96.0,91.0,118.0,116.0,107.0,113.0,122.0,134.0,115.0,123.0
14,114.0,111.0,96.0,221.0,105.0,84.0,92.0,123.0,,,,,,105.0,94.0,100.0,191.0,85.0,151.0,97.0,42.0,69.0,58.0,111.0
15,118.0,85.0,129.0,96.0,67.0,61.0,72.0,97.0,80.0,74.0,86.0,100.0,95.0,88.0,105.0,116.0,116.0,116.0,126.0,127.0,148.0,142.0,130.0,101.0
16,,89.0,88.0,103.0,72.0,69.0,69.0,67.0,66.0,57.0,77.0,89.0,95.0,109.0,172.0,55.0,60.0,60.0,58.0,78.0,72.0,60.0,78.0,70.0
17,,96.0,72.0,70.0,48.0,48.0,48.0,43.0,48.0,59.0,55.0,118.0,159.0,226.0,185.0,81.0,72.0,198.0,179.0,80.0,75.0,72.0,89.0,99.0
18,270.0,53.0,61.0,96.0,243.0,91.0,69.0,126.0,119.0,109.0,130.0,133.0,108.0,103.0,102.0,105.0,91.0,104.0,104.0,133.0,102.0,146.0,133.0,123.0
19,,137.0,211.0,122.0,,,,,,,,,126.0,145.0,127.0,,,,95.0,85.0,97.0,114.0,140.0,177.0
20,,152.0,129.0,140.0,165.0,127.0,143.0,142.0,137.0,77.0,63.0,61.0,73.0,55.0,53.0,114.0,67.0,72.0,58.0,,58.0,63.0,60.0,55.0
21,55.0,55.0,55.0,34.0,53.0,55.0,48.0,53.0,58.0,52.0,60.0,65.0,58.0,67.0,62.0,234.0,105.0,79.0,139.0,133.0,170.0,180.0,200.0,350.0
22,,305.0,212.0,250.0,287.0,270.0,240.0,220.0,177.0,183.0,240.0,237.0,230.0,,74.0,73.0,84.0,70.0,85.0,82.0,91.0,119.0,200.0,163.0
23,101.0,91.0,83.0,72.0,74.0,70.0,79.0,68.0,83.0,81.0,67.0,70.0,95.0,88.0,91.0,99.0,104.0,89.0,88.0,88.0,109.0,123.0,125.0,102.0
24,,114.0,116.0,,105.0,81.0,99.0,64.0,95.0,69.0,69.0,90.0,77.0,83.0,101.0,75.0,70.0,68.0,64.0,63.0,78.0,62.0,93.0,80.0
25,80.0,85.0,88.0,53.0,58.0,60.0,62.0,65.0,68.0,68.0,53.0,63.0,51.0,63.0,88.0,82.0,92.0,79.0,99.0,96.0,105.0,94.0,105.0,91.0
26,50.0,,,,,,,,,,72.0,77.0,96.0,74.0,73.0,90.0,87.0,86.0,99.0,92.0,66.0,77.0,113.0,79.0
27,,101.0,104.0,94.0,99.0,86.0,51.0,,,,,,94.0,83.0,75.0,100.0,84.0,67.0,60.0,68.0,144.0,120.0,88.0,107.0
28,75.0,88.0,95.0,62.0,81.0,57.0,69.0,55.0,77.0,35.0,53.0,55.0,55.0,84.0,81.0,88.0,141.0,58.0,55.0,53.0,65.0,65.0,80.0,55.0
29,58.0,86.0,61.0,75.0,83.0,59.0,70.0,53.0,53.0,59.0,63.0,77.0,101.0,116.0,140.0,83.0,90.0,61.0,50.0,55.0,60.0,50.0,55.0,55.0
30,47.0,,,,,,,,,,,58.0,67.0,84.0,90.0,84.0,79.0,47.0,55.0,53.0,63.0,113.0,119.0,111.0
31,123.0,107.0,53.0,30.0,60.0,57.0,58.0,53.0,53.0,53.0,61.0,68.0,78.0,100.0,96.0,67.0,63.0,,72.0,84.0,50.0,79.0,67.0,107.0
"
"
August-2022,00:00:00,01:00:00,02:00:00,03:00:00,04:00:00,05:00:00,06:00:00,07:00:00,08:00:00,09:00:00,10:00:00,11:00:00,12:00:00,13:00:00,14:00:00,15:00:00,16:00:00,17:00:00,18:00:00,19:00:00,20:00:00,21:00:00,22:00:00,23:00:00
1,111.0,91.0,80.0,191.0,127.0,86.0,119.0,136.0,99.0,68.0,91.0,86.0,103.0,137.0,130.0,107.0,107.0,117.0,279.0,152.0,125.0,153.0,143.0,189.0
2,151.0,172.0,142.0,116.0,129.0,174.0,,88.0,134.0,102.0,103.0,66.0,68.0,63.0,80.0,109.0,102.0,105.0,104.0,114.0,105.0,123.0,139.0,500.0
3,319.0,471.0,292.0,171.0,135.0,137.0,137.0,141.0,230.0,125.0,100.0,108.0,131.0,122.0,155.0,152.0,152.0,125.0,97.0,279.0,,,180.0,182.0
4,181.0,206.0,192.0,150.0,140.0,125.0,103.0,115.0,145.0,129.0,116.0,125.0,147.0,146.0,85.0,236.0,128.0,268.0,199.0,86.0,84.0,,,159.0
5,,97.0,85.0,83.0,70.0,72.0,,65.0,66.0,78.0,77.0,85.0,,,,,,,,,,,,
6,,,,,,,,,157.0,170.0,110.0,119.0,74.0,80.0,83.0,100.0,104.0,,,148.0,451.0,,163.0,260.0
7,311.0,200.0,267.0,220.0,348.0,266.0,,203.0,197.0,220.0,310.0,,84.0,62.0,,60.0,63.0,68.0,68.0,79.0,85.0,111.0,184.0,113.0
8,144.0,111.0,58.0,103.0,84.0,95.0,132.0,89.0,103.0,101.0,192.0,101.0,111.0,111.0,,120.0,,111.0,124.0,161.0,174.0,153.0,101.0,
9,197.0,,199.0,362.0,224.0,,,,108.0,115.0,115.0,112.0,,92.0,101.0,104.0,,,,92.0,122.0,127.0,217.0,127.0
10,119.0,145.0,147.0,217.0,153.0,145.0,143.0,,250.0,,,141.0,,105.0,,,99.0,,105.0,79.0,103.0,117.0,129.0,
11,45.0,126.0,,102.0,,88.0,,150.0,,145.0,,109.0,112.0,105.0,,62.0,,,81.0,84.0,92.0,116.0,63.0,68.0
12,,75.0,115.0,69.0,97.0,70.0,,,,,,,,,,,,,,,70.0,83.0,102.0,80.0
13,73.0,68.0,79.0,59.0,61.0,56.0,59.0,62.0,79.0,69.0,83.0,84.0,86.0,72.0,84.0,75.0,102.0,61.0,78.0,90.0,104.0,105.0,127.0,117.0
14,122.0,197.0,167.0,157.0,95.0,77.0,,53.0,50.0,57.0,56.0,50.0,73.0,78.0,61.0,69.0,58.0,,,,,88.0,104.0,111.0
15,89.0,68.0,70.0,50.0,60.0,52.0,50.0,47.0,47.0,63.0,53.0,55.0,,,,55.0,48.0,50.0,55.0,50.0,53.0,55.0,62.0,57.0
16,55.0,59.0,66.0,42.0,48.0,40.0,38.0,40.0,38.0,48.0,57.0,57.0,53.0,,88.0,66.0,55.0,70.0,94.0,55.0,58.0,58.0,60.0,55.0
17,50.0,48.0,52.0,25.0,53.0,48.0,47.0,48.0,50.0,55.0,50.0,52.0,55.0,64.0,59.0,48.0,50.0,55.0,68.0,69.0,72.0,90.0,104.0,92.0
18,94.0,120.0,107.0,85.0,75.0,50.0,47.0,64.0,89.0,63.0,57.0,62.0,117.0,79.0,66.0,90.0,,77.0,109.0,113.0,129.0,129.0,160.0,239.0
19,206.0,185.0,138.0,123.0,70.0,57.0,50.0,53.0,56.0,52.0,55.0,66.0,75.0,103.0,99.0,88.0,101.0,75.0,77.0,80.0,68.0,78.0,114.0,79.0
20,83.0,175.0,157.0,141.0,135.0,137.0,109.0,108.0,91.0,101.0,61.0,91.0,121.0,121.0,99.0,109.0,19.0,37.0,57.0,100.0,96.0,104.0,119.0,127.0
21,113.0,114.0,133.0,233.0,257.0,140.0,120.0,126.0,152.0,,120.0,132.0,,93.0,73.0,,91.0,81.0,80.0,73.0,105.0,127.0,184.0,163.0
22,155.0,147.0,103.0,110.0,120.0,130.0,103.0,108.0,100.0,119.0,133.0,116.0,105.0,224.0,113.0,75.0,94.0,85.0,95.0,94.0,94.0,101.0,109.0,114.0
23,105.0,99.0,105.0,88.0,86.0,76.0,,87.0,82.0,,98.0,118.0,126.0,159.0,137.0,133.0,109.0,109.0,86.0,77.0,70.0,100.0,74.0,48.0
24,53.0,51.0,62.0,,,,,,,,,,95.0,96.0,81.0,85.0,102.0,65.0,62.0,96.0,94.0,102.0,97.0,89.0
25,79.0,127.0,127.0,108.0,102.0,118.0,109.0,105.0,117.0,77.0,74.0,78.0,105.0,118.0,114.0,107.0,118.0,111.0,142.0,135.0,150.0,145.0,137.0,162.0
26,139.0,340.0,167.0,,124.0,86.0,69.0,73.0,145.0,119.0,114.0,100.0,97.0,119.0,108.0,113.0,,111.0,129.0,120.0,118.0,114.0,108.0,115.0
27,92.0,69.0,131.0,119.0,108.0,100.0,127.0,107.0,115.0,111.0,109.0,131.0,189.0,135.0,140.0,123.0,125.0,,97.0,111.0,124.0,101.0,107.0,133.0
28,137.0,175.0,146.0,123.0,127.0,125.0,130.0,121.0,117.0,127.0,145.0,165.0,178.0,164.0,,150.0,137.0,121.0,134.0,131.0,135.0,,170.0,267.0
29,311.0,271.0,229.0,157.0,143.0,184.0,161.0,137.0,151.0,151.0,148.0,145.0,162.0,144.0,149.0,149.0,145.0,139.0,192.0,169.0,166.0,141.0,109.0,101.0
30,111.0,118.0,124.0,155.0,137.0,155.0,139.0,115.0,127.0,127.0,,147.0,152.0,151.0,101.0,126.0,137.0,143.0,164.0,120.0,111.0,141.0,139.0,124.0
31,141.0,,,,,,,,,,115.0,119.0,159.0,137.0,135.0,138.0,149.0,168.0,309.0,119.0,143.0,131.0,137.0,107.0
"
"
September-2022,00:00:00,01:00:00,02:00:00,03:00:00,04:00:00,05:00:00,06:00:00,07:00:00,08:00:00,09:00:00,10:00:00,11:00:00,12:00:00,13:00:00,14:00:00,15:00:00,16:00:00,17:00:00,18:00:00,19:00:00,20:00:00,21:00:00,22:00:00,23:00:00
1,149,,,,,,,,,,,,149.0,115,115.0,160.0,171,126.0,140,140.0,165,167.0,147,120.0
2,111,95.0,155.0,157.0,129.0,107.0,79.0,77.0,83.0,,119.0,125.0,123.0,127,130.0,147.0,167,167.0,155,200.0,145,277.0,300,185.0
3,188,273.0,186.0,155.0,135.0,135.0,113.0,88.0,101.0,135.0,156.0,272.0,159.0,52,153.0,142.0,185,179.0,130,133.0,127,251.0,222,123.0
4,227,281.0,174.0,133.0,157.0,125.0,118.0,94.0,105.0,109.0,129.0,157.0,99.0,120,101.0,72.0,62,74.0,103,101.0,115,199.0,159,177.0
5,190,167.0,117.0,111.0,117.0,96.0,105.0,99.0,109.0,90.0,114.0,123.0,131.0,105,,116.0,109,,109,,179,223.0,157,
6,125,135.0,153.0,,163.0,185.0,145.0,,125.0,129.0,,,,157,121.0,135.0,140,149.0,142,174.0,207,149.0,135,123.0
7,189,142.0,131.0,111.0,133.0,230.0,197.0,177.0,180.0,253.0,163.0,127.0,126.0,174,109.0,153.0,179,141.0,156,122.0,141,201.0,218,159.0
8,171,161.0,179.0,266.0,186.0,288.0,127.0,127.0,,127.0,148.0,127.0,127.0,163,153.0,209.0,152,185.0,171,153.0,167,187.0,270,312.0
9,309,164.0,139.0,111.0,112.0,115.0,129.0,147.0,126.0,119.0,117.0,114.0,119.0,123,127.0,141.0,140,155.0,182,165.0,152,133.0,145,114.0
10,111,109.0,120.0,107.0,101.0,107.0,130.0,115.0,140.0,130.0,99.0,102.0,112.0,135,140.0,115.0,105,121.0,234,137.0,119,120.0,92,103.0
11,100,101.0,105.0,115.0,81.0,,,75.0,90.0,77.0,81.0,74.0,86.0,88,102.0,84.0,83,78.0,89,101.0,124,145.0,104,121.0
12,115,96.0,105.0,91.0,74.0,,58.0,60.0,70.0,84.0,85.0,109.0,100.0,127,108.0,,90,81.0,85,85.0,131,164.0,125,153.0
13,124,109.0,159.0,185.0,146.0,53.0,68.0,73.0,62.0,62.0,55.0,52.0,58.0,78,91.0,104.0,86,105.0,100,73.0,79,90.0,94,104.0
14,78,101.0,97.0,78.0,83.0,50.0,47.0,62.0,59.0,60.0,62.0,91.0,96.0,107,101.0,101.0,105,109.0,58,88.0,72,64.0,59,69.0
15,57,47.0,52.0,31.0,55.0,53.0,45.0,44.0,52.0,,68.0,75.0,83.0,109,112.0,91.0,73,57.0,60,60.0,63,67.0,50,53.0
16,45,45.0,50.0,14.0,45.0,43.0,38.0,40.0,42.0,42.0,60.0,63.0,62.0,57,50.0,53.0,55,58.0,67,70.0,72,85.0,62,73.0
17,75,63.0,63.0,75.0,55.0,67.0,69.0,67.0,88.0,84.0,88.0,99.0,156.0,119,127.0,186.0,137,177.0,129,100.0,129,175.0,72,111.0
18,123,156.0,183.0,190.0,141.0,123.0,86.0,108.0,187.0,155.0,104.0,115.0,102.0,212,172.0,121.0,127,113.0,113,133.0,149,145.0,197,197.0
19,320,500.0,490.0,332.0,326.0,218.0,193.0,262.0,197.0,193.0,173.0,167.0,183.0,233,197.0,164.0,162,228.0,210,199.0,163,163.0,134,126.0
20,220,221.0,259.0,356.0,370.0,250.0,155.0,201.0,197.0,207.0,187.0,111.0,127.0,124,151.0,107.0,119,235.0,190,72.0,78,87.0,111,100.0
21,85,105.0,109.0,85.0,84.0,118.0,89.0,101.0,160.0,,183.0,250.0,297.0,213,119.0,57.0,52,75.0,60,68.0,65,,70,73.0
22,62,65.0,77.0,18.0,53.0,60.0,83.0,54.0,,65.0,77.0,,76.0,100,84.0,50.0,55,60.0,62,67.0,65,75.0,90,72.0
23,55,53.0,53.0,2.0,55.0,57.0,55.0,57.0,72.0,77.0,67.0,68.0,73.0,78,88.0,123.0,123,53.0,53,60.0,72,58.0,65,60.0
24,62,57.0,58.0,8.0,45.0,45.0,45.0,55.0,70.0,68.0,63.0,58.0,55.0,57,58.0,48.0,75,58.0,55,60.0,55,83.0,68,67.0
25,63,60.0,62.0,38.0,50.0,50.0,42.0,43.0,53.0,55.0,62.0,62.0,52.0,50,48.0,44.0,55,40.0,40,40.0,43,105.0,111,93.0
26,109,145.0,127.0,,105.0,104.0,107.0,107.0,147.0,143.0,193.0,177.0,85.0,101,97.0,113.0,81,137.0,142,118.0,175,162.0,115,75.0
27,96,163.0,163.0,140.0,131.0,80.0,88.0,108.0,102.0,140.0,213.0,120.0,179.0,115,126.0,141.0,138,165.0,184,112.0,229,192.0,135,123.0
28,130,140.0,85.0,279.0,178.0,156.0,114.0,116.0,153.0,145.0,151.0,153.0,187.0,163,164.0,162.0,151,141.0,131,162.0,184,163.0,168,150.0
29,163,259.0,325.0,309.0,207.0,300.0,293.0,207.0,332.0,352.0,237.0,115.0,181.0,196,110.0,174.0,181,169.0,162,173.0,252,194.0,256,167.0
30,203,,233.0,290.0,250.0,,,273.0,280.0,328.0,306.0,205.0,249.0,147,145.0,151.0,193,145.0,204,256.0,224,299.0,233,267.0
"
"
October-2022,00:00:00,01:00:00,02:00:00,03:00:00,04:00:00,05:00:00,06:00:00,07:00:00,08:00:00,09:00:00,10:00:00,11:00:00,12:00:00,13:00:00,14:00:00,15:00:00,16:00:00,17:00:00,18:00:00,19:00:00,20:00:00,21:00:00,22:00:00,23:00:00
1,220,257.0,207,500,260,318,302.0,277,315.0,328.0,315.0,207.0,213,163,195.0,149.0,207.0,178.0,278,202.0,423,420,296,251
2,336,267.0,203,382,237,233,260.0,240,302.0,304.0,337.0,304.0,173,134,135.0,147.0,134.0,126.0,127,139.0,123,141,135,114
3,92,90.0,75,73,167,88,125.0,137,125.0,109.0,116.0,151.0,185,191,219.0,259.0,187.0,145.0,159,134.0,159,123,145,95
4,118,,167,217,230,331,253.0,200,140.0,,149.0,156.0,183,183,174.0,199.0,141.0,161.0,175,157.0,185,157,133,138
5,170,163.0,217,230,250,233,217.0,257,311.0,312.0,302.0,309.0,308,213,151.0,135.0,146.0,118.0,118,102.0,170,160,131,157
6,140,95.0,55,44,53,47,42.0,40,43.0,48.0,65.0,68.0,84,68,84.0,57.0,58.0,77.0,77,68.0,115,109,59,61
7,45,46.0,62,45,55,52,53.0,53,52.0,55.0,55.0,61.0,92,78,72.0,73.0,96.0,57.0,53,55.0,58,67,73,59
8,55,45.0,48,39,57,52,48.0,45,45.0,48.0,60.0,63.0,58,60,45.0,28.0,33.0,27.0,23,37.0,33,40,35,37
9,35,25.0,22,15,20,21,21.0,22,22.0,5.0,27.0,38.0,40,33,29.0,28.0,22.0,24.0,24,32.0,38,37,25,22
10,22,21.0,21,8,21,20,22.0,20,21.0,25.0,27.0,35.0,40,40,42.0,47.0,49.0,61.0,78,46.0,34,47,75,57
11,46,66.0,58,51,42,57,56.0,50,78.0,67.0,46.0,62.0,77,69,90.0,92.0,142.0,209.0,196,129.0,142,230,190,159
12,75,113.0,98,88,101,42,203.0,177,,103.0,147.0,302.0,157,117,107.0,120.0,120.0,90.0,105,155.0,179,375,137,199
13,95,89.0,57,160,95,219,170.0,139,129.0,189.0,111.0,177.0,177,123,155.0,118.0,149.0,100.0,186,113.0,164,141,137,108
14,114,87.0,207,187,230,280,253.0,207,170.0,230.0,253.0,163.0,195,150,140.0,157.0,163.0,153.0,194,167.0,239,217,175,167
15,144,180.0,193,312,312,324,315.0,323,,,,297.0,257,180,261.0,138.0,163.0,97.0,304,326.0,183,315,500,433
16,454,430.0,418,322,325,314,315.0,306,304.0,309.0,329.0,257.0,187,147,148.0,143.0,140.0,157.0,123,134.0,179,438,213,203
17,497,457.0,439,500,446,426,303.0,302,334.0,389.0,310.0,243.0,235,202,217.0,177.0,205.0,165.0,251,279.0,321,316,358,390
18,454,342.0,478,375,277,306,320.0,327,315.0,320.0,302.0,257.0,183,163,148.0,160.0,155.0,163.0,181,299.0,417,485,482,444
19,438,420.0,470,396,413,428,321.0,500,438.0,312.0,207.0,153.0,157,172,149.0,178.0,146.0,,162,370.0,415,395,482,439
20,421,415.0,340,418,321,429,341.0,240,207.0,241.0,257.0,140.0,175,155,161.0,179.0,183.0,177.0,151,414.0,444,500,429,431
21,482,406.0,418,354,311,304,311.0,316,413.0,421.0,325.0,287.0,326,199,174.0,181.0,368.0,175.0,189,360.0,453,500,404,500
22,443,500.0,348,365,445,395,354.0,351,361.0,345.0,352.0,344.0,324,280,170.0,171.0,192.0,207.0,197,260.0,294,375,346,353
23,325,315.0,373,324,324,376,328.0,327,,314.0,316.0,320.0,351,336,230.0,238.0,199.0,177.0,168,180.0,287,338,358,384
24,412,395.0,355,373,359,346,353.0,341,340.0,350.0,333.0,345.0,322,312,267.0,180.0,141.0,146.0,103,273.0,323,357,390,385
25,344,346.0,346,342,340,356,351.0,324,340.0,334.0,325.0,315.0,260,183,167.0,150.0,172.0,137.0,137,147.0,193,328,334,310
26,287,302.0,314,304,306,305,,315,307.0,305.0,280.0,260.0,270,260,,,277.0,301.0,270,308.0,318,351,359,407
27,431,417.0,407,382,392,384,387.0,376,362.0,371.0,362.0,338.0,316,316,318.0,302.0,240.0,257.0,230,380.0,408,402,500,479
28,470,500.0,413,406,416,410,402.0,432,387.0,403.0,446.0,417.0,408,345,348.0,334.0,349.0,358.0,352,359.0,500,476,492,471
29,491,467.0,453,442,453,469,472.0,459,431.0,414.0,,,420,416,352.0,327.0,280.0,230.0,217,417.0,342,408,446,463
30,485,500.0,484,500,421,437,440.0,443,413.0,378.0,351.0,329.0,350,322,332.0,337.0,349.0,363.0,375,392.0,409,456,500,460
31,500,494.0,486,466,436,413,399.0,387,375.0,372.0,359.0,355.0,381,404,401.0,422.0,,481.0,420,,500,500,500,500
"
"
November-2022,00:00:00,01:00:00,02:00:00,03:00:00,04:00:00,05:00:00,06:00:00,07:00:00,08:00:00,09:00:00,10:00:00,11:00:00,12:00:00,13:00:00,14:00:00,15:00:00,16:00:00,17:00:00,18:00:00,19:00:00,20:00:00,21:00:00,22:00:00,23:00:00
1,500,500.0,500,500,500.0,447,420.0,417.0,410.0,417.0,423,375.0,365,380.0,357.0,327.0,316,306,303.0,340.0,408.0,391,364.0,396.0
2,395,423.0,436,446,446.0,433,439.0,382.0,358.0,392.0,446,431.0,403,370.0,359.0,355.0,361,367,378.0,400.0,451.0,462,471.0,480.0
3,492,500.0,500,500,107.0,103,500.0,,500.0,500.0,500,,500,500.0,,,342,377,402.0,,481.0,500,500.0,
4,500,500.0,500,500,500.0,500,500.0,500.0,500.0,500.0,500,,500,499.0,472.0,459.0,455,456,483.0,500.0,483.0,453,447.0,453.0
5,434,409.0,404,385,379.0,376,373.0,369.0,368.0,372.0,380,371.0,362,356.0,348.0,348.0,353,353,359.0,366.0,387.0,378,353.0,351.0
6,366,373.0,373,361,351.0,348,355.0,350.0,362.0,363.0,352,338.0,331,323.0,315.0,315.0,314,305,311.0,321.0,359.0,399,373.0,359.0
7,375,,386,388,420.0,444,459.0,444.0,414.0,414.0,420,386.0,333,,305.0,312.0,197,187,200.0,311.0,419.0,453,422.0,443.0
8,414,417.0,429,417,422.0,431,424.0,433.0,447.0,438.0,454,437.0,462,428.0,426.0,397.0,406,362,338.0,,,429,,
9,237,193.0,240,253,,243,310.0,,,,333,305.0,124,119.0,121.0,140.0,127,123,140.0,260.0,310.0,407,429.0,474.0
10,478,462.0,438,405,403.0,437,365.0,345.0,329.0,348.0,332,325.0,260,187.0,140.0,155.0,166,149,138.0,246.0,302.0,324,337.0,434.0
11,472,498.0,500,500,500.0,500,500.0,500.0,500.0,105.0,54,469.0,431,328.0,220.0,157.0,150,190,129.0,183.0,230.0,407,409.0,348.0
12,332,375.0,64,42,56.0,68,469.0,450.0,459.0,455.0,439,384.0,340,315.0,179.0,177.0,193,190,160.0,200.0,422.0,418,405.0,345.0
13,339,339.0,367,419,70.0,443,397.0,349.0,328.0,332.0,365,392.0,332,260.0,309.0,223.0,155,180,207.0,253.0,310.0,434,476.0,439.0
14,413,,388,383,406.0,417,,379.0,434.0,434.0,451,363.0,314,207.0,145.0,177.0,180,167,180.0,,349.0,355,322.0,270.0
15,220,302.0,293,302,257.0,260,230.0,301.0,332.0,332.0,345,338.0,240,217.0,160.0,163.0,133,135,169.0,180.0,354.0,318,322.0,342.0
16,336,341.0,358,351,354.0,372,358.0,352.0,362.0,371.0,378,357.0,319,197.0,145.0,145.0,178,186,163.0,326.0,296.0,297,328.0,351.0
17,351,359.0,350,356,432.0,450,71.0,417.0,411.0,386.0,409,375.0,325,203.0,189.0,162.0,165,144,143.0,229.0,289.0,339,323.0,342.0
18,358,345.0,407,395,410.0,63,69.0,388.0,383.0,404.0,353,367.0,370,312.0,167.0,142.0,175,192,221.0,256.0,417.0,424,365.0,423.0
19,479,457.0,428,427,385.0,410,378.0,350.0,398.0,345.0,327,315.0,310,315.0,137.0,101.0,81,127,184.0,197.0,312.0,341,404.0,437.0
20,431,404.0,407,403,416.0,406,402.0,385.0,393.0,380.0,367,371.0,373,334.0,243.0,220.0,197,160,194.0,335.0,324.0,365,424.0,387.0
21,369,365.0,353,374,365.0,348,346.0,374.0,362.0,379.0,384,395.0,388,302.0,168.0,192.0,153,206,156.0,425.0,328.0,358,431.0,411.0
22,371,358.0,319,312,314.0,331,328.0,344.0,329.0,349.0,342,332.0,287,134.0,137.0,138.0,125,159,201.0,389.0,306.0,435,430.0,436.0
23,408,466.0,345,333,388.0,329,342.0,273.0,230.0,305.0,337,346.0,329,240.0,182.0,227.0,171,135,,,,415,409.0,318.0
24,309,306.0,314,309,316.0,267,303.0,280.0,304.0,315.0,319,303.0,250,200.0,193.0,88.0,199,181,216.0,344.0,500.0,445,349.0,404.0
25,499,500.0,371,349,324.0,324,325.0,334.0,342.0,334.0,324,315.0,290,240.0,314.0,240.0,173,226,268.0,410.0,447.0,443,461.0,403.0
26,426,413.0,414,406,423.0,414,406.0,411.0,413.0,368.0,388,397.0,354,355.0,370.0,315.0,303,257,308.0,422.0,500.0,414,383.0,401.0
27,446,,437,467,434.0,444,399.0,362.0,328.0,335.0,346,348.0,346,324.0,318.0,308.0,170,170,167.0,287.0,435.0,354,500.0,414.0
28,398,392.0,445,429,395.0,380,379.0,383.0,386.0,423.0,466,450.0,366,318.0,302.0,277.0,267,199,189.0,203.0,356.0,436,465.0,500.0
29,393,493.0,404,464,440.0,429,437.0,454.0,466.0,500.0,477,459.0,459,331.0,311.0,257.0,253,302,297.0,436.0,391.0,500,432.0,426.0
30,476,500.0,457,449,392.0,383,384.0,395.0,359.0,370.0,416,451.0,416,413.0,376.0,333.0,302,290,319.0,407.0,428.0,500,476.0,444.0
"
"
December-2022,00:00:00,01:00:00,02:00:00,03:00:00,04:00:00,05:00:00,06:00:00,07:00:00,08:00:00,09:00:00,10:00:00,11:00:00,12:00:00,13:00:00,14:00:00,15:00:00,16:00:00,17:00:00,18:00:00,19:00:00,20:00:00,21:00:00,22:00:00,23:00:00
1,456.0,,,,,,,,,,411.0,414.0,416,395,375,315.0,307.0,297.0,325.0,458.0,474.0,500.0,500.0,458.0
2,457.0,493.0,423.0,411.0,391.0,406.0,,395.0,382.0,384.0,417.0,437.0,398,390,308,257.0,207.0,200.0,220.0,414.0,,500.0,500.0,500.0
3,500.0,500.0,489.0,441.0,449.0,451.0,447.0,460.0,454.0,465.0,500.0,500.0,413,400,356,344.0,334.0,344.0,378.0,,,,500.0,500.0
4,500.0,457.0,481.0,499.0,483.0,500.0,482.0,500.0,460.0,459.0,420.0,462.0,472,382,362,320.0,207.0,223.0,243.0,290.0,356.0,378.0,395.0,401.0
5,414.0,410.0,410.0,401.0,382.0,369.0,367.0,375.0,378.0,366.0,379.0,388.0,374,352,310,290.0,277.0,273.0,277.0,422.0,402.0,438.0,420.0,459.0
6,451.0,419.0,446.0,15.0,465.0,52.0,49.0,401.0,379.0,384.0,375.0,388.0,401,383,363,346.0,322.0,321.0,307.0,340.0,,430.0,387.0,358.0
7,344.0,329.0,426.0,328.0,342.0,327.0,323.0,316.0,320.0,329.0,348.0,355.0,335,320,270,309.0,271.0,215.0,210.0,302.0,431.0,427.0,340.0,345.0
8,327.0,325.0,334.0,351.0,345.0,344.0,328.0,314.0,301.0,305.0,336.0,348.0,336,318,302,213.0,183.0,178.0,202.0,250.0,366.0,426.0,422.0,421.0
9,435.0,468.0,422.0,427.0,402.0,333.0,320.0,337.0,315.0,355.0,384.0,402.0,331,312,277,200.0,207.0,185.0,203.0,293.0,293.0,411.0,470.0,500.0
10,480.0,449.0,500.0,456.0,469.0,483.0,463.0,444.0,429.0,410.0,470.0,462.0,413,401,373,305.0,170.0,155.0,151.0,273.0,366.0,348.0,375.0,348.0
11,,,,,,,,,,,,,329,297,220,150.0,121.0,120.0,104.0,161.0,240.0,260.0,318.0,368.0
12,338.0,322.0,280.0,260.0,270.0,237.0,267.0,302.0,,260.0,297.0,312.0,318,237,181,165.0,230.0,181.0,209.0,412.0,415.0,388.0,451.0,321.0
13,257.0,233.0,170.0,183.0,180.0,193.0,220.0,270.0,197.0,217.0,223.0,150.0,160,163,183,215.0,277.0,,189.0,50.0,,,,
14,,,,,,,,,,,,,240,211,322,396.0,240.0,156.0,201.0,215.0,406.0,309.0,324.0,349.0
15,329.0,360.0,322.0,315.0,301.0,277.0,301.0,160.0,147.0,301.0,331.0,297.0,152,277,174,168.0,179.0,201.0,273.0,344.0,433.0,368.0,348.0,306.0
16,312.0,302.0,321.0,312.0,319.0,302.0,301.0,297.0,305.0,307.0,307.0,287.0,253,235,200,185.0,259.0,187.0,369.0,408.0,402.0,467.0,500.0,499.0
17,500.0,465.0,430.0,410.0,357.0,321.0,337.0,340.0,342.0,346.0,332.0,345.0,316,267,280,256.0,175.0,167.0,256.0,401.0,342.0,444.0,441.0,500.0
18,449.0,471.0,500.0,444.0,443.0,,,,425.0,379.0,361.0,385.0,413,422,382,375.0,335.0,345.0,337.0,354.0,407.0,435.0,471.0,494.0
19,500.0,487.0,481.0,8.0,463.0,425.0,432.0,414.0,52.0,44.0,74.0,124.0,500,422,462,379.0,370.0,368.0,375.0,380.0,405.0,443.0,500.0,98.0
20,96.0,80.0,439.0,452.0,416.0,73.0,60.0,66.0,65.0,55.0,62.0,60.0,45,53,359,346.0,323.0,302.0,308.0,439.0,449.0,487.0,469.0,
21,66.0,443.0,37.0,19.0,35.0,32.0,30.0,34.0,47.0,383.0,385.0,462.0,453,404,398,401.0,365.0,368.0,361.0,375.0,396.0,413.0,484.0,453.0
22,453.0,408.0,32.0,13.0,35.0,30.0,32.0,290.0,273.0,277.0,293.0,329.0,352,362,352,341.0,361.0,354.0,355.0,361.0,417.0,465.0,416.0,437.0
23,430.0,52.0,406.0,9.0,45.0,40.0,36.0,38.0,304.0,63.0,344.0,365.0,369,420,411,420.0,428.0,396.0,350.0,363.0,357.0,405.0,407.0,457.0
24,450.0,426.0,393.0,390.0,383.0,374.0,446.0,354.0,332.0,345.0,411.0,416.0,337,257,312,237.0,322.0,273.0,297.0,309.0,346.0,395.0,358.0,362.0
25,340.0,348.0,350.0,344.0,349.0,348.0,345.0,342.0,336.0,336.0,365.0,391.0,372,392,382,,,,,,,,,
26,,,,,,,,,,,277.0,,320,341,338,327.0,332.0,335.0,382.0,404.0,425.0,433.0,438.0,449.0
27,387.0,353.0,370.0,361.0,329.0,320.0,327.0,333.0,318.0,324.0,344.0,348.0,401,369,359,352.0,345.0,351.0,372.0,426.0,455.0,440.0,396.0,418.0
28,390.0,500.0,392.0,365.0,380.0,382.0,362.0,357.0,348.0,348.0,341.0,355.0,353,389,389,378.0,335.0,345.0,301.0,380.0,458.0,490.0,410.0,341.0
29,430.0,425.0,345.0,354.0,406.0,348.0,312.0,305.0,322.0,309.0,315.0,379.0,407,420,325,310.0,378.0,302.0,391.0,478.0,500.0,500.0,500.0,500.0
30,496.0,500.0,500.0,499.0,487.0,486.0,437.0,425.0,426.0,414.0,429.0,435.0,420,418,344,339.0,316.0,318.0,421.0,488.0,500.0,500.0,500.0,486.0
31,496.0,499.0,440.0,423.0,400.0,388.0,385.0,371.0,335.0,305.0,307.0,321.0,310,305,293,253.0,260.0,217.0,187.0,290.0,325.0,357.0,369.0,364.0
"
"
Year,2023
January-2023,00:00:00,01:00:00,02:00:00,03:00:00,04:00:00,05:00:00,06:00:00,07:00:00,08:00:00,09:00:00,10:00:00,11:00:00,12:00:00,13:00:00,14:00:00,15:00:00,16:00:00,17:00:00,18:00:00,19:00:00,20:00:00,21:00:00,22:00:00,23:00:00
1,338.0,361.0,359.0,335.0,318.0,318.0,240.0,177.0,167.0,187.0,301.0,302.0,309.0,315.0,293.0,220.0,197.0,171.0,230.0,267.0,375.0,384.0,440.0,427.0
2,474.0,450.0,417.0,447.0,423.0,423.0,410.0,351.0,348.0,352.0,372.0,386.0,404.0,427.0,419.0,460.0,475.0,453.0,443.0,433.0,469.0,478.0,466.0,478.0
3,481.0,500.0,437.0,390.0,382.0,380.0,367.0,368.0,387.0,393.0,385.0,391.0,406.0,391.0,394.0,404.0,388.0,438.0,415.0,423.0,471.0,466.0,480.0,429.0
4,413.0,350.0,385.0,403.0,325.0,316.0,301.0,273.0,305.0,321.0,325.0,344.0,339.0,329.0,328.0,332.0,332.0,335.0,369.0,434.0,416.0,474.0,437.0,417.0
5,402.0,410.0,426.0,365.0,315.0,309.0,260.0,253.0,237.0,207.0,223.0,304.0,348.0,366.0,400.0,373.0,355.0,402.0,356.0,418.0,411.0,500.0,500.0,500.0
6,500.0,463.0,465.0,442.0,441.0,339.0,321.0,318.0,322.0,323.0,328.0,376.0,414.0,417.0,441.0,448.0,423.0,408.0,409.0,438.0,425.0,434.0,384.0,454.0
7,443.0,409.0,475.0,451.0,380.0,351.0,356.0,342.0,310.0,304.0,315.0,302.0,306.0,500.0,342.0,430.0,413.0,358.0,340.0,365.0,460.0,476.0,450.0,453.0
8,500.0,414.0,411.0,466.0,433.0,356.0,344.0,320.0,290.0,304.0,335.0,352.0,403.0,328.0,417.0,419.0,392.0,402.0,379.0,402.0,432.0,500.0,500.0,500.0
9,500.0,500.0,500.0,449.0,437.0,451.0,423.0,402.0,382.0,369.0,404.0,422.0,453.0,417.0,431.0,446.0,424.0,455.0,456.0,463.0,474.0,,,472.0
10,443.0,474.0,449.0,403.0,362.0,333.0,317.0,278.0,256.0,301.0,307.0,386.0,350.0,358.0,362.0,361.0,353.0,350.0,345.0,356.0,426.0,439.0,408.0,411.0
11,403.0,307.0,308.0,230.0,187.0,167.0,137.0,147.0,237.0,306.0,213.0,213.0,293.0,328.0,440.0,430.0,402.0,500.0,500.0,500.0,474.0,486.0,425.0,399.0
12,353.0,378.0,392.0,385.0,374.0,378.0,391.0,380.0,375.0,387.0,411.0,410.0,383.0,410.0,382.0,362.0,338.0,333.0,370.0,416.0,416.0,430.0,410.0,404.0
13,395.0,,,,,402.0,413.0,388.0,375.0,392.0,416.0,434.0,426.0,404.0,408.0,370.0,390.0,392.0,402.0,423.0,404.0,392.0,357.0,361.0
14,373.0,350.0,384.0,359.0,366.0,365.0,358.0,350.0,332.0,325.0,325.0,327.0,336.0,324.0,356.0,359.0,304.0,322.0,324.0,302.0,328.0,342.0,336.0,342.0
15,312.0,277.0,293.0,302.0,223.0,280.0,250.0,303.0,287.0,302.0,351.0,328.0,230.0,255.0,295.0,246.0,228.0,211.0,248.0,245.0,414.0,359.0,416.0,411.0
16,473.0,500.0,421.0,414.0,433.0,340.0,308.0,319.0,277.0,307.0,386.0,372.0,315.0,309.0,324.0,365.0,500.0,461.0,401.0,477.0,444.0,371.0,428.0,422.0
17,500.0,500.0,500.0,440.0,386.0,356.0,380.0,409.0,366.0,374.0,365.0,391.0,312.0,289.0,258.0,241.0,234.0,296.0,95.0,435.0,454.0,464.0,500.0,500.0
18,500.0,,433.0,415.0,442.0,409.0,423.0,433.0,422.0,342.0,344.0,,,,,,,,,,,,,
19,,,,,,,,,,,,,,,,,,,,,,,,
20,,,,,,,,,,,,,,,,,,,,,,,,41.0
21,,,,,,,,,,,,432.0,449.0,439.0,411.0,411.0,408.0,407.0,375.0,400.0,409.0,426.0,457.0,454.0
22,477.0,452.0,450.0,454.0,436.0,432.0,387.0,345.0,349.0,356.0,348.0,416.0,500.0,423.0,390.0,379.0,314.0,183.0,327.0,366.0,398.0,420.0,460.0,472.0
23,451.0,436.0,421.0,371.0,322.0,336.0,338.0,336.0,338.0,354.0,414.0,383.0,368.0,303.0,223.0,185.0,265.0,184.0,215.0,389.0,486.0,500.0,405.0,421.0
24,373.0,350.0,339.0,358.0,349.0,345.0,351.0,355.0,335.0,292.0,162.0,118.0,131.0,164.0,185.0,179.0,137.0,124.0,124.0,119.0,160.0,153.0,143.0,130.0
25,127.0,123.0,115.0,120.0,93.0,121.0,123.0,163.0,310.0,358.0,308.0,270.0,309.0,325.0,305.0,306.0,318.0,327.0,312.0,307.0,230.0,273.0,305.0,309.0
26,303.0,302.0,301.0,290.0,336.0,358.0,324.0,332.0,350.0,332.0,319.0,320.0,328.0,325.0,325.0,321.0,310.0,304.0,280.0,310.0,318.0,332.0,312.0,305.0
27,270.0,233.0,280.0,270.0,267.0,302.0,270.0,287.0,302.0,324.0,342.0,305.0,200.0,155.0,170.0,174.0,159.0,160.0,193.0,189.0,287.0,358.0,332.0,338.0
28,322.0,318.0,325.0,336.0,315.0,336.0,312.0,302.0,280.0,316.0,338.0,324.0,306.0,270.0,213.0,187.0,175.0,166.0,207.0,342.0,441.0,395.0,350.0,365.0
29,401.0,387.0,500.0,433.0,391.0,413.0,426.0,407.0,435.0,426.0,436.0,387.0,375.0,325.0,309.0,310.0,324.0,308.0,305.0,322.0,388.0,362.0,401.0,413.0
30,378.0,362.0,334.0,243.0,197.0,80.0,55.0,52.0,53.0,57.0,61.0,,,,97.0,48.0,52.0,113.0,113.0,187.0,311.0,354.0,359.0,350.0
31,332.0,312.0,342.0,280.0,328.0,133.0,35.0,98.0,183.0,217.0,133.0,123.0,167.0,180.0,157.0,107.0,,,,,,,127.0,147.0
"
"
February-2023,00:00:00,01:00:00,02:00:00,03:00:00,04:00:00,05:00:00,06:00:00,07:00:00,08:00:00,09:00:00,10:00:00,11:00:00,12:00:00,13:00:00,14:00:00,15:00:00,16:00:00,17:00:00,18:00:00,19:00:00,20:00:00,21:00:00,22:00:00,23:00:00
1,183.0,301.0,250.0,213.0,220.0,197.0,,,,,,260.0,230.0,197.0,160,140,408.0,279.0,131,127,290.0,406.0,337.0,311.0
2,325.0,280.0,310.0,309.0,233.0,290.0,311.0,243.0,253.0,305.0,318.0,302.0,301.0,270.0,270,180,161.0,420.0,218,140,308.0,312.0,329.0,332.0
3,337.0,374.0,345.0,346.0,381.0,250.0,287.0,237.0,203.0,187.0,203.0,270.0,267.0,180.0,141,181,135.0,172.0,137,150,,,,
4,,,,,,,,,,,328.0,315.0,260.0,207.0,193,173,153.0,160.0,203,292,319.0,500.0,499.0,447.0
5,416.0,389.0,431.0,323.0,312.0,309.0,304.0,273.0,257.0,253.0,267.0,303.0,305.0,273.0,150,116,109.0,113.0,46,139,163.0,476.0,468.0,500.0
6,500.0,500.0,450.0,493.0,476.0,457.0,460.0,438.0,500.0,375.0,340.0,243.0,212.0,175.0,163,189,192.0,189.0,170,204,334.0,435.0,395.0,323.0
7,344.0,389.0,500.0,445.0,410.0,424.0,410.0,406.0,395.0,361.0,340.0,325.0,277.0,180.0,157,235,227.0,238.0,164,172,160.0,192.0,167.0,170.0
8,111.0,113.0,94.0,328.0,421.0,411.0,237.0,180.0,233.0,141.0,207.0,302.0,233.0,139.0,172,197,,,159,212,441.0,200.0,456.0,477.0
9,336.0,320.0,407.0,338.0,327.0,318.0,273.0,297.0,325.0,321.0,290.0,230.0,,,179,37,48.0,133.0,160,237,271.0,309.0,212.0,223.0
10,183.0,213.0,177.0,147.0,134.0,139.0,143.0,160.0,197.0,200.0,217.0,233.0,220.0,187.0,244,153,173.0,167.0,169,276,455.0,446.0,358.0,399.0
11,374.0,323.0,333.0,318.0,327.0,342.0,345.0,348.0,355.0,395.0,380.0,357.0,351.0,348.0,237,218,223.0,266.0,223,233,289.0,267.0,312.0,307.0
12,297.0,293.0,267.0,197.0,200.0,355.0,312.0,207.0,160.0,167.0,183.0,230.0,85.0,95.0,101,103,102.0,100.0,91,54,67.0,95.0,67.0,73.0
13,75.0,68.0,78.0,80.0,63.0,55.0,113.0,73.0,110.0,163.0,183.0,120.0,97.0,106.0,117,114,114.0,116.0,102,75,54.0,49.0,44.0,55.0
14,68.0,67.0,33.0,56.0,45.0,48.0,45.0,42.0,42.0,45.0,45.0,86.0,209.0,172.0,183,152,164.0,162.0,156,174,276.0,411.0,318.0,253.0
15,197.0,230.0,374.0,302.0,287.0,277.0,297.0,,,312.0,301.0,,224.0,140.0,197,232,199.0,212.0,191,217,270.0,315.0,339.0,
16,405.0,341.0,342.0,312.0,410.0,,301.0,312.0,314.0,312.0,322.0,335.0,341.0,392.0,348,345,328.0,329.0,323,351,355.0,401.0,432.0,
17,,401.0,444.0,447.0,420.0,,365.0,,435.0,,431.0,460.0,410.0,345.0,322,328,322.0,369.0,405,346,391.0,420.0,420.0,446.0
18,,451.0,436.0,456.0,474.0,,,,,,382.0,345.0,332.0,327.0,315,240,200.0,230.0,314,320,425.0,437.0,423.0,349.0
19,,354.0,437.0,402.0,445.0,442.0,432.0,457.0,371.0,404.0,428.0,431.0,388.0,342.0,311,287,230.0,197.0,193,213,302.0,419.0,432.0,484.0
20,455.0,494.0,467.0,424.0,422.0,365.0,358.0,337.0,348.0,365.0,373.0,329.0,277.0,197.0,157,130,122.0,116.0,145,143,270.0,283.0,312.0,309.0
21,243.0,257.0,287.0,217.0,213.0,243.0,250.0,273.0,293.0,312.0,306.0,182.0,177.0,,213,240,287.0,306.0,316,338,370.0,368.0,368.0,393.0
22,375.0,348.0,55.0,342.0,336.0,319.0,273.0,253.0,267.0,217.0,287.0,223.0,277.0,323.0,333,358,341.0,305.0,270,241,420.0,341.0,374.0,482.0
23,338.0,408.0,407.0,390.0,,340.0,382.0,320.0,240.0,301.0,310.0,220.0,170.0,133.0,190,177,175.0,152.0,202,188,205.0,433.0,342.0,280.0
24,301.0,267.0,187.0,217.0,340.0,330.0,307.0,237.0,250.0,253.0,290.0,305.0,239.0,171.0,166,166,177.0,139.0,141,252,266.0,250.0,430.0,336.0
25,354.0,374.0,375.0,371.0,,,319.0,354.0,404.0,260.0,270.0,273.0,302.0,223.0,199,233,197.0,181.0,199,216,309.0,475.0,499.0,436.0
26,459.0,384.0,500.0,444.0,410.0,355.0,349.0,409.0,382.0,453.0,413.0,408.0,378.0,322.0,277,177,163.0,211.0,167,73,181.0,326.0,312.0,356.0
27,309.0,306.0,380.0,311.0,322.0,,,,,325.0,361.0,378.0,376.0,337.0,267,200,193.0,224.0,210,308,385.0,332.0,311.0,310.0
28,297.0,240.0,302.0,265.0,389.0,307.0,362.0,401.0,401.0,452.0,388.0,329.0,301.0,223.0,348,309,169.0,206.0,199,162,228.0,209.0,355.0,361.0
"
"
March-2023,00:00:00,01:00:00,02:00:00,03:00:00,04:00:00,05:00:00,06:00:00,07:00:00,08:00:00,09:00:00,10:00:00,11:00:00,12:00:00,13:00:00,14:00:00,15:00:00,16:00:00,17:00:00,18:00:00,19:00:00,20:00:00,21:00:00,22:00:00,23:00:00
1,261.0,415.0,415.0,229.0,251.0,204.0,244.0,463.0,287.0,120,119,159,171,165,167,179.0,161.0,167.0,245.0,192.0,285,380,319,381
2,273.0,,,,,,,,,346,355,325,233,187,151,139.0,146.0,145.0,173.0,212.0,284,301,301,253
3,303.0,240.0,267.0,341.0,315.0,,230.0,293.0,157.0,180,260,140,145,153,163,165.0,153.0,171.0,163.0,193.0,224,215,196,178
4,,,28.0,150.0,243.0,177.0,223.0,302.0,200.0,127,139,127,127,64,137,69.0,127.0,160.0,167.0,209.0,358,273,250,295
5,240.0,197.0,304.0,312.0,,167.0,177.0,318.0,277.0,187,230,109,119,145,199,149.0,148.0,124.0,133.0,107.0,223,192,178,167
6,293.0,287.0,312.0,277.0,,267.0,260.0,290.0,328.0,336,334,257,160,134,144,187.0,173.0,179.0,173.0,199.0,201,354,414,498
7,310.0,474.0,332.0,310.0,383.0,371.0,342.0,280.0,253.0,277,305,237,165,130,151,101.0,123.0,167.0,133.0,118.0,174,246,273,254
8,302.0,311.0,385.0,371.0,,,342.0,306.0,329.0,358,367,319,115,98,116,104.0,101.0,106.0,99.0,96.0,100,141,140,223
9,240.0,220.0,203.0,140.0,75.0,52.0,47.0,75.0,80.0,197,293,302,180,164,119,105.0,122.0,127.0,114.0,156.0,164,183,187,273
10,217.0,337.0,350.0,372.0,361.0,253.0,332.0,329.0,346.0,404,442,332,217,175,188,183.0,189.0,221.0,163.0,194.0,312,455,335,365
11,311.0,,365.0,374.0,369.0,416.0,418.0,353.0,280.0,306,328,220,151,125,144,121.0,126.0,134.0,153.0,137.0,281,495,385,470
12,332.0,442.0,456.0,413.0,,344.0,426.0,250.0,315.0,349,403,243,159,166,161,,158.0,137.0,184.0,141.0,178,235,290,296
13,270.0,411.0,456.0,389.0,,411.0,500.0,500.0,500.0,500,500,363,148,166,160,165.0,181.0,169.0,164.0,211.0,418,360,350,305
14,393.0,332.0,304.0,353.0,378.0,378.0,424.0,426.0,388.0,397,443,320,235,178,181,172.0,156.0,217.0,170.0,173.0,212,218,431,396
15,500.0,345.0,500.0,480.0,440.0,447.0,420.0,382.0,420.0,486,358,304,190,129,158,160.0,185.0,200.0,170.0,207.0,277,399,410,500
16,418.0,455.0,406.0,335.0,250.0,302.0,305.0,329.0,287.0,335,337,328,203,163,146,,157.0,177.0,,151.0,26,183,181,134
17,157.0,186.0,193.0,309.0,315.0,243.0,163.0,150.0,243.0,340,318,260,361,340,316,,,139.0,,,361,378,340,344
18,307.0,302.0,280.0,160.0,287.0,273.0,290.0,197.0,167.0,104,110,147,160,207,120,61.0,89.0,89.0,88.0,92.0,95,113,96,180
19,193.0,167.0,257.0,200.0,157.0,163.0,200.0,220.0,290.0,316,341,302,203,150,167,237.0,193.0,177.0,143.0,142.0,117,109,126,175
20,130.0,169.0,277.0,270.0,196.0,163.0,181.0,302.0,359.0,331,187,118,109,92,96,131.0,,,123.0,100.0,80,69,50,50
21,52.0,52.0,52.0,33.0,45.0,50.0,60.0,52.0,50.0,77,98,107,88,78,77,74.0,64.0,,,96.0,133,115,127,119
22,140.0,180.0,187.0,160.0,140.0,207.0,220.0,197.0,273.0,309,322,306,339,280,163,172.0,179.0,133.0,120.0,141.0,155,147,126,207
23,187.0,312.0,318.0,328.0,335.0,339.0,328.0,383.0,443.0,393,342,207,120,123,111,88.0,119.0,119.0,111.0,141.0,155,232,402,348
24,447.0,410.0,360.0,338.0,332.0,427.0,406.0,335.0,341.0,350,310,204,82,72,80,94.0,140.0,207.0,147.0,126.0,121,141,116,99
25,60.0,63.0,45.0,85.0,68.0,68.0,40.0,45.0,50.0,56,52,57,80,109,94,,,98.0,133.0,140.0,162,149,152,260
26,302.0,335.0,315.0,230.0,177.0,177.0,203.0,143.0,123.0,166,125,123,129,159,152,151.0,170.0,239.0,163.0,153.0,157,177,185,250
27,303.0,111.0,118.0,200.0,297.0,403.0,339.0,253.0,193.0,312,257,130,137,103,123,93.0,120.0,118.0,131.0,129.0,185,221,259,319
28,213.0,149.0,175.0,184.0,260.0,300.0,405.0,408.0,417.0,382,456,348,199,142,164,150.0,130.0,179.0,145.0,145.0,193,270,402,443
29,427.0,341.0,408.0,293.0,240.0,303.0,312.0,355.0,381.0,449,308,273,179,177,163,216.0,155.0,145.0,152.0,179.0,341,170,171,141
30,288.0,219.0,344.0,255.0,410.0,361.0,345.0,351.0,354.0,318,203,170,172,156,173,190.0,166.0,193.0,194.0,107.0,58,47,46,52
31,45.0,50.0,50.0,25.0,40.0,40.0,48.0,45.0,57.0,57,70,73,62,93,125,135.0,125.0,120.0,107.0,45.0,45,55,63,83
"
"
April-2023,00:00:00,01:00:00,02:00:00,03:00:00,04:00:00,05:00:00,06:00:00,07:00:00,08:00:00,09:00:00,10:00:00,11:00:00,12:00:00,13:00:00,14:00:00,15:00:00,16:00:00,17:00:00,18:00:00,19:00:00,20:00:00,21:00:00,22:00:00,23:00:00
1,105.0,91.0,60.0,63.0,85.0,127.0,97.0,101.0,130.0,102.0,104.0,120.0,105.0,118.0,139.0,156.0,134.0,106.0,107.0,126.0,70.0,78.0,97.0,111.0
2,183.0,203.0,143.0,119.0,170.0,240.0,277.0,301.0,230.0,273.0,314.0,233.0,108.0,107.0,91.0,,,,,,,,,
3,459.0,355.0,350.0,238.0,240.0,237.0,220.0,424.0,322.0,334.0,180.0,129.0,134.0,140.0,153.0,117.0,100.0,111.0,183.0,151.0,187.0,216.0,171.0,
4,,,,,,,,,,,,,,,123.0,113.0,114.0,118.0,112.0,113.0,114.0,153.0,273.0,230.0
5,207.0,170.0,301.0,177.0,233.0,352.0,353.0,346.0,420.0,361.0,308.0,140.0,115.0,115.0,153.0,133.0,141.0,149.0,137.0,138.0,153.0,328.0,381.0,257.0
6,312.0,320.0,155.0,156.0,166.0,152.0,181.0,115.0,111.0,120.0,163.0,155.0,159.0,130.0,79.0,145.0,109.0,134.0,150.0,121.0,201.0,309.0,321.0,323.0
7,414.0,170.0,207.0,277.0,342.0,366.0,333.0,348.0,331.0,369.0,302.0,130.0,267.0,230.0,150.0,157.0,131.0,131.0,100.0,150.0,164.0,374.0,,
8,,,,,,,,378.0,429.0,412.0,349.0,237.0,116.0,122.0,121.0,123.0,135.0,141.0,164.0,160.0,145.0,420.0,344.0,454.0
9,500.0,358.0,444.0,410.0,429.0,490.0,429.0,500.0,449.0,423.0,361.0,341.0,207.0,146.0,179.0,130.0,126.0,133.0,126.0,131.0,164.0,199.0,189.0,250.0
10,382.0,325.0,373.0,358.0,345.0,410.0,418.0,357.0,418.0,470.0,413.0,230.0,187.0,153.0,146.0,159.0,267.0,155.0,185.0,187.0,300.0,485.0,353.0,500.0
11,500.0,500.0,500.0,489.0,480.0,376.0,402.0,382.0,439.0,436.0,425.0,354.0,,,,361.0,276.0,251.0,230.0,174.0,267.0,500.0,498.0,
12,441.0,500.0,486.0,415.0,410.0,332.0,358.0,301.0,318.0,309.0,220.0,206.0,295.0,441.0,308.0,243.0,183.0,226.0,174.0,153.0,173.0,440.0,437.0,436.0
13,474.0,464.0,489.0,435.0,437.0,456.0,417.0,431.0,421.0,432.0,452.0,374.0,240.0,169.0,,,127.0,190.0,150.0,175.0,334.0,500.0,359.0,500.0
14,500.0,492.0,402.0,382.0,471.0,453.0,452.0,423.0,434.0,426.0,424.0,376.0,,,193.0,172.0,152.0,178.0,153.0,147.0,389.0,500.0,500.0,483.0
15,416.0,300.0,389.0,470.0,486.0,459.0,453.0,448.0,483.0,375.0,349.0,270.0,252.0,172.0,145.0,,,149.0,133.0,166.0,185.0,415.0,500.0,410.0
16,500.0,487.0,489.0,375.0,396.0,484.0,447.0,430.0,455.0,299.0,240.0,199.0,187.0,149.0,137.0,125.0,122.0,107.0,118.0,168.0,171.0,230.0,401.0,407.0
17,455.0,368.0,330.0,403.0,341.0,405.0,408.0,458.0,408.0,414.0,385.0,197.0,160.0,189.0,155.0,163.0,151.0,133.0,181.0,162.0,306.0,455.0,493.0,439.0
18,500.0,500.0,500.0,349.0,418.0,444.0,311.0,273.0,239.0,249.0,212.0,252.0,233.0,295.0,,,211.0,254.0,250.0,239.0,335.0,500.0,500.0,487.0
19,433.0,447.0,425.0,407.0,417.0,367.0,180.0,404.0,322.0,267.0,209.0,189.0,209.0,199.0,197.0,186.0,179.0,168.0,179.0,219.0,285.0,445.0,369.0,228.0
20,261.0,424.0,322.0,223.0,425.0,328.0,155.0,177.0,253.0,305.0,192.0,185.0,149.0,143.0,129.0,152.0,175.0,170.0,150.0,234.0,273.0,197.0,187.0,224.0
21,254.0,215.0,209.0,157.0,120.0,130.0,123.0,130.0,130.0,133.0,159.0,175.0,135.0,135.0,138.0,144.0,174.0,162.0,204.0,402.0,288.0,413.0,300.0,218.0
22,194.0,202.0,272.0,209.0,140.0,120.0,138.0,124.0,178.0,166.0,,130.0,136.0,157.0,169.0,165.0,156.0,150.0,145.0,120.0,250.0,339.0,273.0,301.0
23,120.0,138.0,179.0,94.0,92.0,111.0,77.0,107.0,179.0,145.0,155.0,133.0,105.0,98.0,99.0,,,,104.0,69.0,162.0,211.0,241.0,186.0
24,265.0,211.0,209.0,285.0,461.0,197.0,209.0,197.0,399.0,428.0,400.0,312.0,144.0,206.0,248.0,270.0,211.0,165.0,148.0,141.0,167.0,193.0,193.0,182.0
25,177.0,166.0,149.0,141.0,159.0,146.0,123.0,123.0,131.0,129.0,117.0,120.0,,150.0,174.0,205.0,260.0,258.0,234.0,195.0,181.0,290.0,405.0,461.0
26,421.0,435.0,453.0,500.0,484.0,424.0,447.0,391.0,426.0,325.0,195.0,188.0,202.0,246.0,233.0,246.0,153.0,157.0,155.0,243.0,248.0,396.0,432.0,432.0
27,362.0,306.0,293.0,283.0,257.0,304.0,328.0,270.0,454.0,339.0,219.0,189.0,181.0,155.0,180.0,175.0,193.0,190.0,189.0,129.0,287.0,413.0,406.0,168.0
28,117.0,107.0,134.0,112.0,149.0,152.0,152.0,206.0,226.0,265.0,279.0,211.0,190.0,223.0,201.0,174.0,161.0,154.0,229.0,322.0,394.0,412.0,424.0,500.0
29,500.0,439.0,416.0,283.0,308.0,311.0,305.0,398.0,420.0,325.0,209.0,273.0,309.0,349.0,245.0,261.0,284.0,256.0,254.0,190.0,181.0,270.0,260.0,308.0
30,371.0,366.0,352.0,320.0,302.0,115.0,119.0,131.0,316.0,257.0,126.0,121.0,122.0,204.0,137.0,117.0,109.0,117.0,129.0,,124.0,,,
"
"
May-2023,00:00:00,01:00:00,02:00:00,03:00:00,04:00:00,05:00:00,06:00:00,07:00:00,08:00:00,09:00:00,10:00:00,11:00:00,12:00:00,13:00:00,14:00:00,15:00:00,16:00:00,17:00:00,18:00:00,19:00:00,20:00:00,21:00:00,22:00:00,23:00:00
1,111,103,143,92.0,72.0,73.0,78.0,73.0,73.0,88,101,78,77,60.0,45,47,47,40.0,98.0,92.0,93.0,68.0,98.0,98.0
2,95,107,92,87.0,68.0,50.0,51.0,41.0,61.0,70,67,80,127,133.0,133,130,140,109.0,114.0,108.0,99.0,108.0,109.0,112.0
3,124,155,171,127.0,114.0,107.0,116.0,277.0,311.0,187,115,145,123,115.0,140,113,190,51.0,52.0,52.0,68.0,62.0,75.0,93.0
4,73,92,93,87.0,85.0,93.0,123.0,88.0,107.0,187,303,316,260,200.0,152,153,140,153.0,156.0,146.0,175.0,152.0,246.0,366.0
5,273,441,426,434.0,282.0,268.0,244.0,244.0,315.0,382,378,309,220,131.0,131,149,166,160.0,140.0,121.0,150.0,277.0,500.0,500.0
6,500,405,447,457.0,457.0,462.0,486.0,463.0,422.0,431,340,180,130,200.0,428,63,79,84.0,101.0,97.0,175.0,416.0,412.0,443.0
7,443,205,320,335.0,394.0,424.0,,362.0,281.0,181,159,152,164,261.0,257,187,165,149.0,146.0,135.0,111.0,131.0,127.0,144.0
8,131,153,141,173.0,150.0,170.0,155.0,163.0,183.0,193,193,193,116,,111,122,138,131.0,134.0,139.0,168.0,192.0,204.0,257.0
9,400,217,495,463.0,397.0,404.0,391.0,407.0,437.0,442,434,351,245,196.0,206,177,163,185.0,181.0,186.0,202.0,244.0,415.0,376.0
10,381,344,350,399.0,407.0,411.0,357.0,333.0,337.0,382,273,172,263,172.0,170,146,195,170.0,148.0,,,389.0,500.0,404.0
11,395,431,500,500.0,500.0,500.0,487.0,468.0,439.0,409,348,233,209,163.0,168,169,176,,,170.0,174.0,437.0,500.0,500.0
12,500,395,500,404.0,500.0,490.0,349.0,420.0,412.0,414,233,215,186,170.0,166,151,167,177.0,177.0,171.0,294.0,352.0,408.0,441.0
13,439,492,498,480.0,409.0,270.0,267.0,280.0,217.0,228,226,183,167,288.0,193,195,175,160.0,259.0,165.0,330.0,464.0,488.0,497.0
14,500,500,457,500.0,476.0,424.0,389.0,398.0,411.0,465,381,366,224,211.0,175,167,183,194.0,157.0,181.0,185.0,426.0,418.0,354.0
15,171,166,199,265.0,170.0,112.0,108.0,330.0,204.0,170,185,175,165,155.0,156,151,177,234.0,219.0,184.0,245.0,421.0,412.0,296.0
16,440,500,143,101.0,141.0,273.0,484.0,500.0,322.0,406,496,482,365,315.0,500,451,366,408.0,437.0,486.0,492.0,500.0,500.0,500.0
17,500,345,500,500.0,421.0,500.0,500.0,500.0,468.0,460,435,281,165,159.0,174,257,221,270.0,282.0,418.0,,,30.0,
18,185,182,406,102.0,139.0,263.0,57.0,60.0,78.0,89,83,101,115,143.0,154,141,173,173.0,151.0,163.0,137.0,146.0,159.0,230.0
19,329,351,319,,,,352.0,352.0,358.0,193,141,141,152,,121,207,222,368.0,332.0,256.0,186.0,237.0,301.0,283.0
20,302,315,254,332.0,500.0,439.0,421.0,406.0,439.0,418,190,164,169,136.0,123,138,179,215.0,319.0,200.0,153.0,257.0,391.0,454.0
21,375,398,500,449.0,405.0,400.0,405.0,451.0,500.0,328,237,187,192,137.0,157,168,137,167.0,129.0,133.0,138.0,145.0,412.0,444.0
22,400,394,296,266.0,334.0,282.0,245.0,339.0,315.0,195,448,403,388,364.0,288,314,350,366.0,391.0,326.0,401.0,378.0,364.0,439.0
23,453,500,448,391.0,404.0,251.0,141.0,171.0,284.0,183,201,201,193,241.0,177,187,293,185.0,228.0,209.0,230.0,293.0,97.0,166.0
24,99,143,145,89.0,124.0,153.0,123.0,111.0,238.0,157,135,152,122,145.0,163,148,116,126.0,142.0,139.0,145.0,111.0,130.0,77.0
25,57,109,97,62.0,174.0,89.0,75.0,84.0,168.0,84,124,126,113,127.0,131,108,130,163.0,164.0,200.0,230.0,153.0,226.0,44.0
26,57,51,40,61.0,53.0,63.0,,,,63,45,69,84,81.0,91,96,131,111.0,135.0,140.0,,,500.0,500.0
27,391,221,403,125.0,156.0,189.0,122.0,135.0,102.0,37,46,53,56,66.0,54,100,106,136.0,112.0,98.0,96.0,129.0,,
28,188,179,325,283.0,265.0,249.0,199.0,279.0,282.0,152,135,105,112,123.0,141,130,149,164.0,199.0,168.0,161.0,206.0,270.0,401.0
29,151,142,187,135.0,90.0,63.0,52.0,90.0,79.0,101,113,123,126,157.0,171,160,149,137.0,88.0,127.0,181.0,163.0,243.0,
30,122,107,99,108.0,,,,,308.0,319,233,160,169,163.0,155,131,131,178.0,131.0,130.0,426.0,50.0,46.0,103.0
31,123,95,233,304.0,167.0,312.0,270.0,87.0,83.0,78,77,61,65,68.0,83,67,80,108.0,64.0,58.0,49.0,47.0,123.0,203.0
"
"
June-2023,00:00:00,01:00:00,02:00:00,03:00:00,04:00:00,05:00:00,06:00:00,07:00:00,08:00:00,09:00:00,10:00:00,11:00:00,12:00:00,13:00:00,14:00:00,15:00:00,16:00:00,17:00:00,18:00:00,19:00:00,20:00:00,21:00:00,22:00:00,23:00:00
1,230,260,306,302,257,163.0,167.0,311.0,223.0,88.0,150.0,96.0,48.0,,,,,,100.0,94.0,67.0,238.0,454.0,213.0
2,167,163,325,315,318,358.0,332.0,302.0,302.0,112.0,100.0,109.0,109.0,125.0,129.0,123.0,131.0,100.0,141.0,143.0,131.0,170.0,187.0,
3,170,322,252,293,368,,,362.0,349.0,345.0,167.0,90.0,227.0,155.0,143.0,131.0,147.0,135.0,115.0,116.0,129.0,152.0,500.0,500.0
4,277,310,400,322,301,322.0,409.0,395.0,305.0,302.0,237.0,152.0,84.0,139.0,133.0,147.0,187.0,144.0,134.0,174.0,193.0,183.0,281.0,342.0
5,408,380,369,344,353,362.0,348.0,314.0,213.0,170.0,,133.0,153.0,190.0,141.0,138.0,142.0,145.0,139.0,139.0,124.0,124.0,181.0,187.0
6,355,193,308,95,149,109.0,91.0,97.0,105.0,121.0,111.0,158.0,181.0,172.0,135.0,157.0,177.0,192.0,175.0,162.0,273.0,342.0,356.0,328.0
7,348,342,293,141,220,360.0,281.0,415.0,479.0,446.0,361.0,295.0,238.0,266.0,,,,,,,,,,204.0
8,237,197,152,143,127,145.0,248.0,349.0,365.0,329.0,197.0,156.0,163.0,169.0,,,335.0,212.0,217.0,194.0,185.0,181.0,185.0,166.0
9,227,296,287,462,251,181.0,260.0,205.0,229.0,121.0,135.0,171.0,168.0,157.0,167.0,187.0,165.0,185.0,213.0,265.0,218.0,166.0,199.0,139.0
10,144,226,131,108,226,239.0,223.0,234.0,218.0,,,215.0,240.0,218.0,287.0,229.0,194.0,210.0,500.0,201.0,151.0,146.0,162.0,167.0
11,174,308,200,124,130,65.0,89.0,101.0,121.0,109.0,111.0,91.0,111.0,135.0,223.0,277.0,195.0,204.0,289.0,263.0,167.0,164.0,172.0,212.0
12,185,157,131,213,260,303.0,312.0,322.0,189.0,149.0,95.0,133.0,250.0,273.0,312.0,451.0,424.0,318.0,279.0,243.0,199.0,257.0,250.0,221.0
13,243,248,352,300,330,413.0,410.0,403.0,396.0,249.0,193.0,447.0,467.0,341.0,318.0,314.0,332.0,419.0,403.0,429.0,406.0,348.0,399.0,318.0
14,274,272,228,164,325,209.0,215.0,436.0,,248.0,252.0,274.0,265.0,309.0,435.0,407.0,370.0,325.0,262.0,211.0,199.0,197.0,346.0,135.0
15,134,125,185,174,240,193.0,201.0,160.0,188.0,178.0,381.0,145.0,413.0,322.0,268.0,205.0,212.0,186.0,179.0,148.0,129.0,131.0,169.0,63.0
16,88,63,93,62,127,133.0,160.0,,,,,,40.0,40.0,163.0,170.0,149.0,256.0,95.0,130.0,129.0,160.0,218.0,171.0
17,209,319,361,197,428,123.0,177.0,310.0,157.0,70.0,94.0,,,,,,95.0,,,113.0,49.0,141.0,157.0,129.0
18,42,61,78,91,92,104.0,114.0,109.0,159.0,79.0,127.0,118.0,92.0,85.0,79.0,101.0,111.0,,,,,,,116.0
19,121,133,111,108,73,58.0,89.0,75.0,72.0,45.0,38.0,38.0,38.0,35.0,,72.0,107.0,163.0,,91.0,45.0,99.0,107.0,186.0
20,145,161,157,141,147,125.0,131.0,182.0,287.0,267.0,162.0,111.0,111.0,119.0,119.0,,111.0,188.0,192.0,119.0,137.0,121.0,115.0,129.0
21,107,150,157,135,101,113.0,115.0,142.0,45.0,40.0,45.0,50.0,68.0,94.0,103.0,114.0,113.0,133.0,151.0,163.0,177.0,168.0,141.0,146.0
22,118,149,147,137,115,103.0,91.0,134.0,131.0,153.0,118.0,127.0,,,,,,,,155.0,147.0,194.0,262.0,267.0
23,282,389,375,199,157,62.0,59.0,73.0,86.0,107.0,107.0,109.0,133.0,127.0,137.0,162.0,137.0,175.0,162.0,173.0,177.0,224.0,268.0,332.0
24,289,401,420,336,216,250.0,243.0,230.0,227.0,194.0,130.0,129.0,157.0,209.0,263.0,145.0,174.0,127.0,127.0,134.0,145.0,124.0,133.0,127.0
25,144,144,150,129,149,70.0,35.0,37.0,35.0,40.0,40.0,40.0,40.0,35.0,40.0,40.0,40.0,45.0,50.0,50.0,57.0,48.0,62.0,68.0
26,88,160,160,147,103,93.0,197.0,237.0,200.0,230.0,157.0,91.0,111.0,68.0,103.0,163.0,103.0,133.0,87.0,83.0,69.0,117.0,133.0,109.0
27,125,134,115,100,110,177.0,110.0,52.0,47.0,48.0,61.0,103.0,115.0,116.0,107.0,122.0,67.0,63.0,75.0,102.0,102.0,89.0,99.0,134.0
28,191,209,139,120,124,112.0,119.0,113.0,157.0,129.0,97.0,97.0,101.0,111.0,122.0,122.0,121.0,179.0,60.0,52.0,62.0,84.0,70.0,92.0
29,111,167,134,137,159,193.0,213.0,273.0,260.0,220.0,45.0,50.0,50.0,50.0,55.0,75.0,70.0,45.0,50.0,74.0,101.0,96.0,119.0,173.0
30,193,202,137,135,109,147.0,28.0,28.0,35.0,35.0,45.0,48.0,77.0,79.0,79.0,80.0,68.0,80.0,94.0,50.0,86.0,84.0,92.0,126.0
"
"
July-2023,00:00:00,01:00:00,02:00:00,03:00:00,04:00:00,05:00:00,06:00:00,07:00:00,08:00:00,09:00:00,10:00:00,11:00:00,12:00:00,13:00:00,14:00:00,15:00:00,16:00:00,17:00:00,18:00:00,19:00:00,20:00:00,21:00:00,22:00:00,23:00:00
1,91.0,78.0,89.0,70.0,81.0,73.0,81.0,63.0,103.0,92.0,83.0,92.0,111.0,111.0,103.0,109.0,104.0,113.0,105.0,95.0,101.0,92.0,107.0,89.0
2,80.0,115.0,78.0,69.0,68.0,68.0,64.0,84.0,90.0,57.0,47.0,80.0,,,,,,,101.0,117.0,118.0,113.0,250.0,191.0
3,127.0,126.0,193.0,184.0,177.0,120.0,122.0,116.0,160.0,129.0,105.0,134.0,122.0,129.0,138.0,157.0,137.0,129.0,163.0,,,,,
4,,,,,,,,187.0,181.0,133.0,115.0,114.0,133.0,100.0,138.0,424.0,52.0,72.0,108.0,175.0,156.0,131.0,135.0,141.0
5,141.0,,,,,97.0,99.0,,97.0,113.0,92.0,90.0,86.0,115.0,145.0,85.0,78.0,84.0,109.0,107.0,48.0,50.0,68.0,82.0
6,100.0,107.0,75.0,77.0,67.0,73.0,83.0,92.0,123.0,157.0,163.0,40.0,45.0,45.0,58.0,40.0,48.0,64.0,57.0,70.0,77.0,96.0,92.0,83.0
7,92.0,90.0,99.0,86.0,88.0,88.0,99.0,99.0,107.0,87.0,84.0,85.0,105.0,131.0,101.0,111.0,84.0,119.0,97.0,68.0,77.0,90.0,118.0,111.0
8,108.0,94.0,147.0,105.0,77.0,38.0,49.0,50.0,50.0,57.0,58.0,45.0,,,,,48.0,55.0,65.0,110.0,133.0,,167.0,95.0
9,85.0,70.0,73.0,75.0,68.0,57.0,58.0,,,,,,,,,48.0,48.0,,55.0,,,,,
10,,,,,,,,,,,,,,143.0,183.0,80.0,55.0,45.0,40.0,42.0,40.0,52.0,62.0,40.0
11,38.0,35.0,35.0,28.0,40.0,42.0,92.0,110.0,67.0,80.0,63.0,61.0,61.0,,35.0,58.0,56.0,61.0,73.0,131.0,104.0,111.0,88.0,108.0
12,115.0,185.0,139.0,96.0,45.0,47.0,59.0,70.0,64.0,63.0,80.0,80.0,85.0,92.0,100.0,58.0,47.0,67.0,81.0,56.0,52.0,62.0,80.0,99.0
13,96.0,101.0,77.0,73.0,63.0,48.0,62.0,96.0,94.0,100.0,89.0,127.0,187.0,183.0,123.0,111.0,101.0,105.0,103.0,,,,,
14,,,,,,,,,,,,,,,,,,,,,,,,
15,,,,,,,,,,,,,,,,,,,,,,,,
16,,,,,,,,,,,,,,,,,,,,,,,,
17,,,,,,,,,,,,,,,,,,,,,,,,
18,,,,,,,,,,,,,,,,,,,,,,,,
19,,,,,,,,,,,,,,,,,,,,,,,,
20,,,,,,,,,,,,,,,,,,,,,,,,
21,,,,,,,,,,,,,133.0,,120.0,153.0,125.0,111.0,152.0,157.0,,,,182.0
22,191.0,126.0,103.0,104.0,102.0,91.0,109.0,111.0,129.0,103.0,109.0,111.0,,,,,40.0,115.0,45.0,40.0,45.0,,,
23,,,,,,,,,,79.0,,,,,,,,,,,101.0,109.0,133.0,123.0
24,111.0,111.0,129.0,88.0,80.0,94.0,94.0,94.0,111.0,108.0,85.0,88.0,95.0,105.0,95.0,101.0,84.0,78.0,115.0,118.0,111.0,134.0,123.0,
25,,,,,,,,,,,,,,,105.0,127.0,97.0,109.0,121.0,142.0,124.0,133.0,143.0,183.0
26,170.0,147.0,100.0,67.0,44.0,44.0,95.0,35.0,40.0,48.0,50.0,55.0,60.0,72.0,101.0,81.0,88.0,102.0,109.0,96.0,111.0,118.0,123.0,131.0
27,133.0,124.0,122.0,115.0,121.0,159.0,131.0,135.0,122.0,116.0,123.0,104.0,97.0,109.0,121.0,133.0,96.0,77.0,75.0,86.0,59.0,84.0,63.0,105.0
28,130.0,40.0,92.0,67.0,80.0,104.0,96.0,122.0,119.0,140.0,183.0,,,,113.0,120.0,103.0,133.0,193.0,127.0,45.0,38.0,40.0,45.0
29,55.0,50.0,45.0,18.0,40.0,40.0,40.0,45.0,48.0,45.0,48.0,42.0,64.0,83.0,42.0,45.0,64.0,53.0,81.0,81.0,63.0,69.0,47.0,62.0
30,80.0,109.0,63.0,63.0,96.0,85.0,92.0,74.0,73.0,77.0,67.0,53.0,72.0,78.0,63.0,56.0,50.0,56.0,35.0,67.0,61.0,45.0,68.0,88.0
31,152.0,177.0,152.0,135.0,160.0,167.0,159.0,183.0,243.0,115.0,120.0,100.0,167.0,112.0,109.0,103.0,109.0,140.0,127.0,81.0,97.0,101.0,126.0,250.0
"
"
August-2023,00:00:00,01:00:00,02:00:00,03:00:00,04:00:00,05:00:00,06:00:00,07:00:00,08:00:00,09:00:00,10:00:00,11:00:00,12:00:00,13:00:00,14:00:00,15:00:00,16:00:00,17:00:00,18:00:00,19:00:00,20:00:00,21:00:00,22:00:00,23:00:00
1,287.0,149.0,135.0,119.0,101.0,78.0,73.0,102.0,83.0,95.0,94.0,92.0,105.0,109.0,97.0,133.0,137.0,142.0,123.0,156.0,131.0,140.0,173.0,133.0
2,235.0,167.0,115.0,94.0,92.0,96.0,,,,101.0,117.0,113.0,137.0,114.0,103.0,108.0,119.0,107.0,144.0,127.0,99.0,146.0,126.0,94.0
3,118.0,80.0,72.0,55.0,77.0,35.0,35.0,96.0,123.0,97.0,109.0,120.0,115.0,144.0,165.0,170.0,161.0,167.0,186.0,149.0,115.0,148.0,138.0,147.0
4,178.0,173.0,81.0,86.0,92.0,84.0,85.0,94.0,112.0,112.0,117.0,185.0,108.0,113.0,172.0,178.0,135.0,142.0,181.0,212.0,,168.0,153.0,120.0
5,148.0,184.0,133.0,115.0,139.0,100.0,89.0,105.0,41.0,46.0,68.0,61.0,57.0,86.0,60.0,,,,,,,101.0,105.0,84.0
6,168.0,455.0,276.0,97.0,142.0,114.0,104.0,85.0,69.0,92.0,101.0,111.0,101.0,102.0,126.0,109.0,117.0,103.0,108.0,125.0,129.0,138.0,138.0,171.0
7,191.0,146.0,133.0,129.0,116.0,125.0,122.0,111.0,124.0,115.0,121.0,135.0,145.0,141.0,124.0,135.0,185.0,179.0,182.0,182.0,193.0,,,
8,,,,,,,,,,126.0,161.0,167.0,196.0,163.0,182.0,173.0,178.0,193.0,182.0,202.0,232.0,155.0,204.0,173.0
9,160.0,200.0,141.0,131.0,129.0,119.0,138.0,135.0,140.0,129.0,140.0,147.0,161.0,,,,,,,,,,,193.0
10,199.0,200.0,181.0,155.0,147.0,149.0,152.0,149.0,157.0,140.0,137.0,148.0,133.0,185.0,156.0,162.0,162.0,174.0,201.0,196.0,193.0,212.0,197.0,111.0
11,119.0,160.0,145.0,147.0,197.0,160.0,153.0,159.0,188.0,144.0,143.0,153.0,181.0,,,,,167.0,185.0,157.0,207.0,185.0,178.0,218.0
12,215.0,226.0,162.0,155.0,134.0,137.0,168.0,141.0,151.0,134.0,168.0,168.0,171.0,193.0,168.0,179.0,193.0,193.0,194.0,195.0,197.0,189.0,173.0,131.0
13,160.0,166.0,127.0,102.0,96.0,115.0,100.0,100.0,126.0,117.0,147.0,174.0,131.0,149.0,,,,,,129.0,119.0,147.0,137.0,133.0
14,137.0,129.0,129.0,125.0,113.0,103.0,109.0,111.0,140.0,131.0,121.0,113.0,179.0,79.0,111.0,202.0,407.0,197.0,133.0,131.0,133.0,127.0,118.0,131.0
15,134.0,125.0,117.0,111.0,100.0,112.0,99.0,108.0,112.0,116.0,107.0,108.0,118.0,127.0,123.0,129.0,123.0,,,,,,,
16,148.0,139.0,172.0,175.0,131.0,130.0,123.0,130.0,193.0,129.0,129.0,141.0,162.0,217.0,219.0,259.0,234.0,250.0,142.0,170.0,179.0,172.0,174.0,179.0
17,169.0,169.0,192.0,135.0,149.0,134.0,177.0,175.0,142.0,166.0,166.0,206.0,371.0,234.0,,,,213.0,248.0,171.0,226.0,414.0,213.0,322.0
18,434.0,461.0,292.0,261.0,185.0,209.0,166.0,141.0,150.0,165.0,218.0,221.0,256.0,257.0,,239.0,305.0,299.0,237.0,261.0,257.0,230.0,226.0,164.0
19,183.0,,213.0,,234.0,192.0,,44.0,40.0,45.0,42.0,49.0,,73.0,96.0,155.0,,101.0,,,,,,
20,,,93.0,,100.0,,,,,111.0,,95.0,80.0,75.0,74.0,,85.0,,,,100.0,,133.0,
21,,127.0,,105.0,,101.0,86.0,88.0,123.0,121.0,,144.0,119.0,,129.0,151.0,173.0,140.0,186.0,210.0,156.0,,193.0,
22,109.0,,108.0,,104.0,,,127.0,,115.0,,115.0,139.0,,145.0,147.0,,185.0,217.0,166.0,153.0,141.0,,67.0
23,,64.0,,,46.0,,,53.0,96.0,,,79.0,72.0,,68.0,,,103.0,,,,111.0,129.0,
24,,,135.0,,,,125.0,,,,,,,,149.0,166.0,151.0,,177.0,,226.0,,282.0,271.0
25,298.0,189.0,171.0,125.0,,113.0,170.0,,155.0,146.0,126.0,,,178.0,157.0,,188.0,151.0,,219.0,,,,
26,243.0,,,,166.0,167.0,,,,,,,35.0,229.0,,256.0,207.0,228.0,223.0,211.0,,,360.0,407.0
27,299.0,272.0,,366.0,,,,,,299.0,301.0,,256.0,238.0,276.0,248.0,213.0,,202.0,,169.0,,125.0,
28,119.0,143.0,39.0,,163.0,181.0,201.0,,,195.0,200.0,,,257.0,217.0,228.0,,221.0,246.0,,294.0,251.0,263.0,213.0
29,230.0,224.0,212.0,,256.0,131.0,,,175.0,149.0,,,,213.0,189.0,178.0,179.0,,193.0,,,,,283.0
30,233.0,,206.0,250.0,261.0,192.0,,163.0,,153.0,159.0,226.0,204.0,,,,,257.0,252.0,178.0,,209.0,163.0,175.0
31,163.0,,205.0,221.0,,,171.0,187.0,,,170.0,184.0,219.0,436.0,215.0,224.0,209.0,186.0,168.0,161.0,141.0,179.0,143.0,143.0
"
"
September-2023,00:00:00,01:00:00,02:00:00,03:00:00,04:00:00,05:00:00,06:00:00,07:00:00,08:00:00,09:00:00,10:00:00,11:00:00,12:00:00,13:00:00,14:00:00,15:00:00,16:00:00,17:00:00,18:00:00,19:00:00,20:00:00,21:00:00,22:00:00,23:00:00
1,140.0,145.0,177.0,228.0,178.0,165.0,144.0,171.0,179.0,195.0,181.0,194.0,244.0,271.0,210.0,228.0,192.0,226.0,183.0,230.0,239.0,274.0,265.0,301.0
2,169.0,157.0,142.0,141.0,185.0,182.0,155.0,171.0,182.0,175.0,177.0,290.0,272.0,330.0,292.0,283.0,426.0,368.0,433.0,250.0,262.0,314.0,292.0,252.0
3,173.0,167.0,197.0,200.0,197.0,230.0,167.0,155.0,167.0,145.0,156.0,282.0,233.0,391.0,200.0,216.0,206.0,271.0,181.0,185.0,145.0,150.0,166.0,170.0
4,186.0,189.0,188.0,218.0,175.0,153.0,150.0,147.0,167.0,184.0,159.0,155.0,183.0,145.0,182.0,194.0,170.0,219.0,212.0,206.0,221.0,206.0,142.0,139.0
5,169.0,152.0,166.0,173.0,135.0,139.0,125.0,113.0,133.0,123.0,127.0,192.0,309.0,127.0,155.0,125.0,127.0,129.0,153.0,130.0,166.0,220.0,171.0,125.0
6,131.0,150.0,196.0,138.0,207.0,233.0,207.0,215.0,172.0,145.0,101.0,107.0,126.0,108.0,105.0,77.0,63.0,111.0,197.0,142.0,156.0,97.0,111.0,133.0
7,100.0,107.0,81.0,41.0,46.0,42.0,63.0,83.0,86.0,92.0,86.0,105.0,107.0,162.0,122.0,129.0,273.0,326.0,50.0,45.0,50.0,55.0,80.0,103.0
8,180.0,157.0,163.0,143.0,86.0,57.0,32.0,40.0,51.0,51.0,75.0,95.0,101.0,98.0,153.0,121.0,94.0,89.0,81.0,58.0,101.0,67.0,68.0,45.0
9,40.0,41.0,,,,35.0,35.0,38.0,40.0,45.0,45.0,42.0,46.0,48.0,47.0,49.0,42.0,40.0,40.0,40.0,45.0,48.0,42.0,35.0
10,35.0,32.0,32.0,15.0,35.0,35.0,35.0,35.0,35.0,38.0,40.0,40.0,40.0,38.0,36.0,35.0,35.0,40.0,43.0,38.0,42.0,42.0,50.0,50.0
11,42.0,40.0,35.0,33.0,35.0,35.0,35.0,42.0,50.0,52.0,78.0,90.0,150.0,110.0,103.0,85.0,51.0,64.0,57.0,46.0,95.0,125.0,121.0,147.0
12,149.0,167.0,155.0,141.0,117.0,118.0,104.0,104.0,133.0,119.0,104.0,130.0,107.0,82.0,94.0,115.0,112.0,118.0,153.0,101.0,137.0,174.0,213.0,254.0
13,341.0,389.0,196.0,119.0,133.0,133.0,126.0,160.0,171.0,114.0,111.0,133.0,123.0,102.0,131.0,152.0,177.0,143.0,155.0,145.0,203.0,290.0,334.0,282.0
14,296.0,427.0,240.0,212.0,177.0,265.0,157.0,157.0,153.0,117.0,104.0,101.0,124.0,137.0,109.0,109.0,121.0,103.0,135.0,146.0,143.0,210.0,199.0,137.0
15,133.0,181.0,145.0,148.0,139.0,167.0,164.0,127.0,207.0,228.0,52.0,60.0,64.0,55.0,99.0,73.0,103.0,114.0,115.0,113.0,133.0,121.0,123.0,111.0
16,109.0,116.0,68.0,73.0,68.0,57.0,66.0,73.0,99.0,,114.0,115.0,115.0,105.0,97.0,44.0,59.0,41.0,,,,,,
17,50.0,,,,,,,42.0,,50.0,,,,,,,59.0,88.0,70.0,73.0,79.0,88.0,86.0,70.0
18,53.0,62.0,59.0,41.0,38.0,42.0,41.0,57.0,57.0,66.0,72.0,41.0,,,101.0,86.0,74.0,105.0,107.0,,,,109.0,115.0
19,111.0,108.0,97.0,83.0,40.0,84.0,74.0,73.0,104.0,97.0,75.0,41.0,109.0,116.0,109.0,95.0,109.0,109.0,170.0,,,,,
20,,,,,,,,173.0,,,,107.0,95.0,120.0,133.0,120.0,135.0,137.0,112.0,163.0,265.0,361.0,368.0,195.0
21,271.0,311.0,265.0,131.0,46.0,134.0,147.0,148.0,145.0,157.0,131.0,131.0,50.0,138.0,129.0,138.0,177.0,131.0,175.0,419.0,155.0,149.0,167.0,135.0
22,151.0,167.0,107.0,155.0,137.0,129.0,183.0,307.0,307.0,45.0,307.0,307.0,212.0,139.0,177.0,109.0,123.0,168.0,149.0,226.0,207.0,229.0,354.0,212.0
23,245.0,202.0,251.0,260.0,282.0,145.0,147.0,145.0,170.0,140.0,140.0,140.0,207.0,159.0,468.0,45.0,79.0,123.0,105.0,160.0,75.0,206.0,219.0,174.0
24,361.0,402.0,299.0,217.0,186.0,446.0,293.0,398.0,349.0,200.0,177.0,177.0,177.0,80.0,167.0,109.0,129.0,216.0,103.0,103.0,171.0,127.0,107.0,215.0
25,228.0,159.0,167.0,177.0,145.0,126.0,119.0,115.0,121.0,146.0,168.0,139.0,73.0,147.0,319.0,157.0,123.0,156.0,187.0,209.0,360.0,232.0,153.0,163.0
26,192.0,201.0,192.0,173.0,219.0,246.0,,,,187.0,189.0,179.0,150.0,133.0,143.0,143.0,137.0,177.0,177.0,207.0,206.0,189.0,189.0,127.0
27,138.0,112.0,118.0,103.0,133.0,182.0,113.0,122.0,114.0,116.0,131.0,171.0,163.0,157.0,200.0,219.0,205.0,217.0,185.0,407.0,354.0,311.0,189.0,175.0
28,181.0,119.0,133.0,113.0,140.0,213.0,211.0,203.0,157.0,223.0,137.0,150.0,162.0,157.0,239.0,260.0,,,,,,,,
29,,,,,,,,,,,,,283.0,,289.0,244.0,287.0,301.0,400.0,441.0,441.0,439.0,409.0,325.0
30,319.0,267.0,168.0,193.0,193.0,187.0,180.0,184.0,305.0,303.0,287.0,199.0,166.0,177.0,190.0,309.0,399.0,385.0,381.0,281.0,296.0,221.0,340.0,255.0
"
"
October-2023,00:00:00,01:00:00,02:00:00,03:00:00,04:00:00,05:00:00,06:00:00,07:00:00,08:00:00,09:00:00,10:00:00,11:00:00,12:00:00,13:00:00,14:00:00,15:00:00,16:00:00,17:00:00,18:00:00,19:00:00,20:00:00,21:00:00,22:00:00,23:00:00
1,159.0,171.0,308.0,150.0,131.0,124.0,212.0,273.0,243.0,272.0,233.0,253.0,500.0,199.0,178.0,239.0,186.0,206.0,281.0,205,240,244.0,298.0,186.0
2,161.0,142.0,167.0,134.0,140.0,143.0,179.0,405.0,217.0,223.0,153.0,142.0,157.0,166.0,,,,44.0,156.0,179,234,250.0,192.0,185.0
3,159.0,276.0,340.0,356.0,436.0,235.0,252.0,253.0,240.0,200.0,241.0,300.0,227.0,328.0,401.0,382.0,355.0,484.0,349.0,436,456,459.0,407.0,312.0
4,199.0,170.0,399.0,405.0,500.0,364.0,302.0,233.0,237.0,322.0,340.0,267.0,401.0,417.0,441.0,446.0,438.0,296.0,239.0,362,473,436.0,410.0,250.0
5,203.0,267.0,500.0,,60.0,,,9.0,,,,,,,293.0,446.0,400.0,436.0,369.0,334,424,440.0,405.0,302.0
6,253.0,267.0,360.0,329.0,423.0,361.0,302.0,305.0,240.0,250.0,246.0,254.0,197.0,157.0,380.0,163.0,193.0,318.0,293.0,416,500,500.0,500.0,392.0
7,423.0,374.0,483.0,490.0,402.0,452.0,500.0,452.0,303.0,239.0,186.0,151.0,500.0,123.0,138.0,152.0,157.0,141.0,130.0,190,170,243.0,464.0,500.0
8,403.0,341.0,433.0,414.0,360.0,342.0,273.0,193.0,185.0,159.0,156.0,164.0,177.0,179.0,149.0,159.0,131.0,129.0,133.0,165,205,217.0,368.0,452.0
9,252.0,218.0,297.0,476.0,281.0,239.0,199.0,194.0,182.0,206.0,150.0,206.0,426.0,146.0,,,,,181.0,193,340,435.0,,
10,,,,,,,,,,,,,,,,283.0,167.0,81.0,56.0,57,500,66.0,283.0,295.0
11,257.0,,352.0,382.0,403.0,388.0,,354.0,,304.0,237.0,152.0,241.0,170.0,162.0,200.0,408.0,240.0,168.0,171,334,409.0,311.0,
12,312.0,332.0,352.0,387.0,,373.0,403.0,,372.0,325.0,315.0,203.0,298.0,181.0,175.0,223.0,252.0,,265.0,278,401,407.0,365.0,487.0
13,418.0,418.0,463.0,429.0,500.0,500.0,,,482.0,383.0,,398.0,,299.0,227.0,187.0,,394.0,410.0,289,421,,446.0,419.0
14,435.0,476.0,500.0,455.0,,421.0,398.0,,393.0,446.0,345.0,401.0,423.0,224.0,272.0,262.0,,,,339,500,484.0,500.0,500.0
15,393.0,468.0,500.0,494.0,473.0,339.0,468.0,444.0,350.0,342.0,257.0,447.0,272.0,232.0,189.0,,,,164.0,294,429,354.0,340.0,301.0
16,296.0,332.0,320.0,233.0,223.0,304.0,318.0,302.0,293.0,290.0,241.0,207.0,233.0,194.0,259.0,227.0,192.0,206.0,175.0,168,150,178.0,178.0,115.0
17,102.0,45.0,53.0,41.0,48.0,50.0,56.0,74.0,78.0,64.0,90.0,101.0,119.0,146.0,133.0,119.0,104.0,88.0,123.0,144,282,412.0,302.0,243.0
18,257.0,341.0,280.0,223.0,187.0,127.0,95.0,127.0,130.0,157.0,88.0,62.0,130.0,107.0,85.0,105.0,,177.0,118.0,129,174,290.0,410.0,203.0
19,250.0,200.0,305.0,217.0,187.0,240.0,240.0,193.0,209.0,220.0,120.0,116.0,129.0,112.0,139.0,103.0,149.0,166.0,131.0,166,226,237.0,234.0,302.0
20,342.0,314.0,341.0,357.0,500.0,404.0,413.0,413.0,422.0,402.0,362.0,253.0,181.0,135.0,145.0,131.0,168.0,177.0,122.0,161,187,250.0,277.0,267.0
21,315.0,304.0,297.0,322.0,437.0,424.0,461.0,451.0,373.0,383.0,417.0,378.0,253.0,250.0,217.0,180.0,207.0,194.0,177.0,412,480,,,
22,437.0,409.0,451.0,499.0,487.0,461.0,436.0,426.0,410.0,413.0,382.0,380.0,425.0,432.0,355.0,253.0,153.0,127.0,135.0,170,293,243.0,303.0,331.0
23,351.0,348.0,386.0,420.0,423.0,436.0,444.0,449.0,417.0,424.0,421.0,293.0,157.0,129.0,153.0,140.0,183.0,197.0,193.0,210,259,309.0,312.0,342.0
24,407.0,342.0,333.0,334.0,366.0,332.0,334.0,349.0,345.0,348.0,329.0,307.0,260.0,177.0,157.0,129.0,270.0,276.0,140.0,147,209,277.0,315.0,315.0
25,315.0,309.0,314.0,318.0,346.0,,,,,,,358.0,324.0,187.0,153.0,222.0,179.0,165.0,197.0,284,294,333.0,352.0,338.0
26,392.0,374.0,355.0,363.0,399.0,380.0,361.0,351.0,372.0,358.0,359.0,395.0,,240.0,149.0,165.0,129.0,135.0,142.0,201,320,328.0,369.0,414.0
27,465.0,432.0,365.0,342.0,423.0,427.0,379.0,342.0,337.0,370.0,405.0,329.0,391.0,301.0,193.0,174.0,197.0,222.0,250.0,244,424,428.0,426.0,420.0
28,411.0,422.0,407.0,500.0,500.0,463.0,494.0,416.0,412.0,400.0,357.0,346.0,309.0,223.0,237.0,209.0,254.0,292.0,253.0,319,458,453.0,429.0,500.0
29,475.0,469.0,500.0,490.0,500.0,500.0,492.0,420.0,451.0,434.0,,,,304.0,267.0,308.0,389.0,290.0,302.0,323,443,500.0,500.0,500.0
30,500.0,500.0,485.0,500.0,483.0,459.0,446.0,453.0,434.0,450.0,434.0,439.0,403.0,306.0,315.0,374.0,309.0,380.0,312.0,422,500,500.0,500.0,500.0
31,500.0,475.0,489.0,490.0,500.0,500.0,500.0,484.0,468.0,444.0,435.0,460.0,346.0,321.0,312.0,382.0,390.0,341.0,398.0,385,428,448.0,429.0,430.0
"
"
November-2023,00:00:00,01:00:00,02:00:00,03:00:00,04:00:00,05:00:00,06:00:00,07:00:00,08:00:00,09:00:00,10:00:00,11:00:00,12:00:00,13:00:00,14:00:00,15:00:00,16:00:00,17:00:00,18:00:00,19:00:00,20:00:00,21:00:00,22:00:00,23:00:00
1,443.0,430.0,452.0,456.0,453.0,437.0,447.0,500.0,457.0,465.0,480.0,500.0,438.0,430.0,414.0,411.0,312.0,318.0,390.0,375.0,413.0,414.0,463.0,440.0
2,442.0,463.0,456.0,469.0,460.0,500.0,495.0,500.0,474.0,499.0,500.0,500.0,500.0,500.0,500.0,500.0,500.0,481.0,,,,500.0,500.0,500.0
3,500.0,500.0,500.0,500.0,500.0,500.0,500.0,500.0,500.0,500.0,500.0,500.0,500.0,449.0,391.0,392.0,321.0,267.0,304.0,306.0,341.0,398.0,420.0,426.0
4,421.0,429.0,482.0,451.0,466.0,500.0,469.0,480.0,471.0,454.0,457.0,474.0,,,500.0,460.0,452.0,426.0,428.0,423.0,442.0,489.0,500.0,499.0
5,500.0,500.0,500.0,500.0,500.0,500.0,500.0,500.0,500.0,500.0,500.0,500.0,500.0,500.0,457.0,434.0,430.0,410.0,404.0,404.0,429.0,453.0,473.0,486.0
6,471.0,500.0,500.0,500.0,466.0,463.0,457.0,500.0,500.0,500.0,500.0,500.0,443.0,372.0,321.0,322.0,316.0,307.0,309.0,350.0,500.0,500.0,472.0,500.0
7,500.0,500.0,476.0,500.0,479.0,433.0,416.0,417.0,438.0,462.0,500.0,464.0,,386.0,367.0,362.0,349.0,345.0,,428.0,456.0,493.0,500.0,500.0
8,459.0,500.0,478.0,498.0,454.0,440.0,449.0,493.0,500.0,500.0,500.0,500.0,467.0,392.0,362.0,383.0,382.0,,332.0,349.0,402.0,388.0,406.0,425.0
9,430.0,458.0,466.0,478.0,449.0,462.0,467.0,493.0,466.0,466.0,484.0,486.0,492.0,481.0,443.0,425.0,385.0,362.0,367.0,416.0,468.0,479.0,500.0,500.0
10,500.0,500.0,482.0,375.0,113.0,57.0,47.0,69.0,52.0,81.0,35.0,,,,,,,,,,,,,
11,,,,,,,,,,,,,20.0,51.0,50.0,60.0,70.0,67.0,68.0,120.0,170.0,287.0,309.0,322.0
12,369.0,342.0,333.0,340.0,345.0,341.0,342.0,345.0,335.0,336.0,344.0,270.0,203.0,157.0,92.0,78.0,70.0,94.0,74.0,98.0,223.0,355.0,401.0,468.0
13,500.0,500.0,500.0,500.0,494.0,490.0,464.0,440.0,429.0,431.0,478.0,500.0,417.0,388.0,385.0,404.0,365.0,368.0,359.0,388.0,413.0,441.0,486.0,490.0
14,467.0,444.0,438.0,446.0,456.0,480.0,462.0,460.0,457.0,458.0,453.0,431.0,440.0,452.0,419.0,374.0,334.0,318.0,307.0,333.0,375.0,401.0,472.0,438.0
15,437.0,472.0,482.0,498.0,500.0,500.0,500.0,493.0,470.0,466.0,470.0,486.0,486.0,380.0,339.0,311.0,240.0,273.0,319.0,346.0,378.0,449.0,499.0,500.0
16,500.0,500.0,500.0,500.0,500.0,500.0,500.0,480.0,477.0,500.0,500.0,500.0,500.0,500.0,500.0,500.0,379.0,401.0,398.0,484.0,500.0,500.0,500.0,500.0
17,500.0,500.0,500.0,500.0,500.0,500.0,500.0,500.0,500.0,500.0,500.0,500.0,433.0,413.0,338.0,318.0,293.0,197.0,302.0,362.0,411.0,416.0,415.0,422.0
18,493.0,499.0,417.0,402.0,385.0,375.0,371.0,373.0,375.0,388.0,404.0,356.0,,,,,280.0,267.0,223.0,297.0,430.0,500.0,460.0,425.0
19,410.0,436.0,415.0,370.0,367.0,382.0,399.0,395.0,422.0,396.0,401.0,378.0,365.0,321.0,302.0,308.0,306.0,307.0,302.0,324.0,357.0,399.0,407.0,487.0
20,500.0,490.0,477.0,441.0,414.0,414.0,419.0,,,,,,402.0,325.0,340.0,341.0,325.0,311.0,315.0,342.0,402.0,459.0,480.0,500.0
21,500.0,495.0,472.0,457.0,429.0,429.0,431.0,410.0,407.0,413.0,434.0,452.0,460.0,428.0,398.0,346.0,332.0,371.0,401.0,426.0,446.0,482.0,478.0,454.0
22,417.0,427.0,460.0,444.0,425.0,443.0,440.0,462.0,449.0,450.0,473.0,492.0,429.0,400.0,366.0,346.0,337.0,345.0,355.0,388.0,493.0,417.0,420.0,500.0
23,500.0,500.0,500.0,482.0,420.0,398.0,417.0,421.0,435.0,437.0,433.0,437.0,420.0,410.0,358.0,372.0,338.0,334.0,350.0,421.0,450.0,477.0,477.0,500.0
24,500.0,500.0,500.0,500.0,500.0,500.0,500.0,500.0,500.0,500.0,500.0,500.0,500.0,423.0,408.0,387.0,,,405.0,392.0,,500.0,500.0,
25,,,500.0,,,,,,468.0,,,,,398.0,402.0,387.0,396.0,,384.0,432.0,500.0,500.0,500.0,441.0
26,443.0,455.0,500.0,500.0,500.0,469.0,455.0,455.0,490.0,500.0,500.0,472.0,425.0,414.0,387.0,358.0,358.0,346.0,368.0,423.0,470.0,497.0,500.0,500.0
27,484.0,500.0,500.0,486.0,500.0,500.0,479.0,480.0,492.0,480.0,492.0,478.0,499.0,428.0,428.0,407.0,394.0,355.0,365.0,384.0,387.0,391.0,358.0,356.0
28,362.0,370.0,374.0,375.0,396.0,408.0,408.0,421.0,420.0,416.0,362.0,348.0,328.0,273.0,167.0,119.0,111.0,213.0,104.0,113.0,193.0,240.0,324.0,310.0
29,306.0,312.0,321.0,310.0,312.0,322.0,325.0,310.0,331.0,357.0,407.0,423.0,423.0,329.0,345.0,344.0,353.0,363.0,383.0,395.0,474.0,437.0,453.0,484.0
30,500.0,500.0,462.0,446.0,443.0,447.0,454.0,444.0,500.0,500.0,500.0,500.0,462.0,469.0,462.0,437.0,401.0,404.0,416.0,409.0,406.0,391.0,383.0,348.0
"
"
December-2023,00:00:00,01:00:00,02:00:00,03:00:00,04:00:00,05:00:00,06:00:00,07:00:00,08:00:00,09:00:00,10:00:00,11:00:00,12:00:00,13:00:00,14:00:00,15:00:00,16:00:00,17:00:00,18:00:00,19:00:00,20:00:00,21:00:00,22:00:00,23:00:00
1,358,358.0,359.0,355.0,363.0,384.0,375.0,375.0,382.0,382.0,378.0,417.0,426.0,420.0,404.0,398.0,375.0,345.0,375.0,386.0,,,456.0,435.0
2,418,432.0,449.0,430.0,452.0,431.0,439.0,410.0,391.0,384.0,362.0,396.0,375.0,342.0,197.0,140.0,207.0,240.0,203.0,321.0,315.0,335.0,480.0,460.0
3,391,473.0,497.0,442.0,400.0,468.0,461.0,427.0,404.0,428.0,453.0,443.0,423.0,379.0,301.0,293.0,200.0,253.0,253.0,270.0,341.0,334.0,401.0,421.0
4,410,454.0,407.0,362.0,358.0,366.0,432.0,356.0,395.0,369.0,374.0,399.0,349.0,315.0,318.0,180.0,302.0,280.0,220.0,257.0,318.0,348.0,375.0,382.0
5,410,392.0,383.0,385.0,374.0,370.0,365.0,368.0,386.0,489.0,481.0,419.0,312.0,250.0,223.0,197.0,147.0,137.0,140.0,312.0,321.0,365.0,355.0,358.0
6,395,367.0,370.0,402.0,458.0,430.0,432.0,372.0,363.0,373.0,392.0,384.0,374.0,340.0,332.0,293.0,117.0,107.0,178.0,430.0,418.0,385.0,331.0,417.0
7,415,408.0,407.0,403.0,422.0,335.0,344.0,351.0,345.0,375.0,401.0,418.0,392.0,374.0,345.0,339.0,306.0,260.0,183.0,328.0,423.0,475.0,437.0,477.0
8,479,473.0,476.0,476.0,428.0,369.0,340.0,328.0,328.0,342.0,348.0,383.0,415.0,338.0,306.0,250.0,193.0,157.0,207.0,301.0,346.0,398.0,431.0,454.0
9,419,413.0,500.0,420.0,396.0,359.0,365.0,368.0,424.0,410.0,385.0,392.0,,,,260.0,260.0,170.0,233.0,287.0,310.0,362.0,417.0,397.0
10,420,,,,,,,,,,,,,321.0,319.0,,,,157.0,308.0,394.0,444.0,438.0,444.0
11,444,485.0,476.0,406.0,414.0,416.0,370.0,348.0,336.0,349.0,346.0,340.0,315.0,293.0,237.0,197.0,145.0,155.0,192.0,255.0,335.0,447.0,435.0,500.0
12,500,500.0,500.0,500.0,468.0,466.0,456.0,449.0,500.0,500.0,500.0,456.0,,357.0,337.0,315.0,260.0,213.0,253.0,414.0,458.0,448.0,461.0,476.0
13,480,479.0,475.0,500.0,469.0,460.0,441.0,423.0,450.0,492.0,486.0,500.0,449.0,404.0,325.0,306.0,273.0,233.0,237.0,314.0,355.0,398.0,428.0,468.0
14,474,472.0,500.0,451.0,426.0,417.0,416.0,413.0,397.0,374.0,379.0,397.0,388.0,350.0,257.0,163.0,134.0,141.0,167.0,301.0,388.0,366.0,500.0,500.0
15,500,499.0,500.0,443.0,380.0,376.0,376.0,362.0,416.0,414.0,406.0,439.0,418.0,325.0,304.0,257.0,308.0,233.0,213.0,250.0,405.0,418.0,,472.0
16,446,437.0,429.0,451.0,486.0,433.0,441.0,435.0,437.0,463.0,500.0,500.0,443.0,356.0,318.0,240.0,230.0,230.0,180.0,223.0,411.0,500.0,500.0,469.0
17,420,437.0,458.0,500.0,484.0,469.0,500.0,449.0,422.0,375.0,417.0,442.0,420.0,307.0,253.0,253.0,223.0,270.0,308.0,325.0,362.0,425.0,422.0,397.0
18,414,500.0,410.0,403.0,447.0,367.0,387.0,388.0,382.0,395.0,414.0,378.0,338.0,301.0,310.0,270.0,193.0,213.0,150.0,270.0,346.0,417.0,392.0,380.0
19,363,359.0,345.0,345.0,373.0,365.0,434.0,336.0,333.0,325.0,345.0,349.0,341.0,309.0,177.0,149.0,167.0,131.0,153.0,197.0,315.0,500.0,500.0,441.0
20,418,439.0,370.0,350.0,345.0,340.0,318.0,323.0,316.0,315.0,332.0,349.0,337.0,315.0,293.0,230.0,230.0,223.0,267.0,324.0,500.0,460.0,500.0,495.0
21,455,499.0,420.0,437.0,420.0,446.0,407.0,411.0,405.0,460.0,474.0,460.0,446.0,451.0,399.0,356.0,321.0,341.0,290.0,324.0,405.0,457.0,451.0,500.0
22,500,500.0,439.0,438.0,466.0,492.0,479.0,472.0,437.0,405.0,391.0,409.0,421.0,429.0,414.0,417.0,401.0,423.0,447.0,470.0,446.0,487.0,500.0,500.0
23,500,500.0,500.0,500.0,500.0,496.0,500.0,489.0,500.0,500.0,500.0,500.0,500.0,500.0,500.0,500.0,408.0,306.0,273.0,329.0,459.0,500.0,500.0,500.0
24,500,500.0,500.0,475.0,460.0,486.0,477.0,492.0,500.0,500.0,500.0,500.0,500.0,455.0,447.0,367.0,327.0,344.0,306.0,312.0,357.0,433.0,486.0,470.0
25,500,470.0,420.0,417.0,420.0,414.0,416.0,372.0,345.0,342.0,369.0,344.0,373.0,411.0,426.0,396.0,363.0,327.0,302.0,331.0,388.0,491.0,500.0,500.0
26,500,500.0,500.0,497.0,472.0,474.0,432.0,401.0,390.0,391.0,386.0,388.0,414.0,459.0,497.0,,432.0,371.0,411.0,409.0,425.0,398.0,460.0,500.0
27,500,500.0,470.0,420.0,403.0,401.0,372.0,368.0,339.0,325.0,329.0,337.0,358.0,384.0,427.0,434.0,395.0,416.0,408.0,423.0,410.0,392.0,395.0,407.0
28,396,378.0,375.0,371.0,363.0,346.0,361.0,362.0,348.0,339.0,315.0,306.0,333.0,,370.0,355.0,353.0,365.0,348.0,365.0,384.0,405.0,416.0,438.0
29,446,450.0,443.0,444.0,470.0,500.0,449.0,442.0,431.0,419.0,407.0,439.0,444.0,466.0,469.0,476.0,500.0,500.0,485.0,486.0,499.0,500.0,500.0,500.0
30,500,484.0,449.0,434.0,435.0,417.0,404.0,402.0,397.0,399.0,395.0,407.0,424.0,437.0,453.0,468.0,447.0,444.0,446.0,468.0,436.0,443.0,451.0,449.0
31,447,440.0,429.0,423.0,426.0,413.0,406.0,399.0,390.0,393.0,384.0,388.0,401.0,411.0,410.0,,437.0,,,,,,,
"
"
