Year,2017
January-2017,00:00:00,01:00:00,02:00:00,03:00:00,04:00:00,05:00:00,06:00:00,07:00:00,08:00:00,09:00:00,10:00:00,11:00:00,12:00:00,13:00:00,14:00:00,15:00:00,16:00:00,17:00:00,18:00:00,19:00:00,20:00:00,21:00:00,22:00:00,23:00:00
"
"
February-2017,00:00:00,01:00:00,02:00:00,03:00:00,04:00:00,05:00:00,06:00:00,07:00:00,08:00:00,09:00:00,10:00:00,11:00:00,12:00:00,13:00:00,14:00:00,15:00:00,16:00:00,17:00:00,18:00:00,19:00:00,20:00:00,21:00:00,22:00:00,23:00:00
"
"
March-2017,00:00:00,01:00:00,02:00:00,03:00:00,04:00:00,05:00:00,06:00:00,07:00:00,08:00:00,09:00:00,10:00:00,11:00:00,12:00:00,13:00:00,14:00:00,15:00:00,16:00:00,17:00:00,18:00:00,19:00:00,20:00:00,21:00:00,22:00:00,23:00:00
"
"
April-2017,00:00:00,01:00:00,02:00:00,03:00:00,04:00:00,05:00:00,06:00:00,07:00:00,08:00:00,09:00:00,10:00:00,11:00:00,12:00:00,13:00:00,14:00:00,15:00:00,16:00:00,17:00:00,18:00:00,19:00:00,20:00:00,21:00:00,22:00:00,23:00:00
"
"
May-2017,00:00:00,01:00:00,02:00:00,03:00:00,04:00:00,05:00:00,06:00:00,07:00:00,08:00:00,09:00:00,10:00:00,11:00:00,12:00:00,13:00:00,14:00:00,15:00:00,16:00:00,17:00:00,18:00:00,19:00:00,20:00:00,21:00:00,22:00:00,23:00:00
"
"
June-2017,00:00:00,01:00:00,02:00:00,03:00:00,04:00:00,05:00:00,06:00:00,07:00:00,08:00:00,09:00:00,10:00:00,11:00:00,12:00:00,13:00:00,14:00:00,15:00:00,16:00:00,17:00:00,18:00:00,19:00:00,20:00:00,21:00:00,22:00:00,23:00:00
"
"
July-2017,00:00:00,01:00:00,02:00:00,03:00:00,04:00:00,05:00:00,06:00:00,07:00:00,08:00:00,09:00:00,10:00:00,11:00:00,12:00:00,13:00:00,14:00:00,15:00:00,16:00:00,17:00:00,18:00:00,19:00:00,20:00:00,21:00:00,22:00:00,23:00:00
"
"
August-2017,00:00:00,01:00:00,02:00:00,03:00:00,04:00:00,05:00:00,06:00:00,07:00:00,08:00:00,09:00:00,10:00:00,11:00:00,12:00:00,13:00:00,14:00:00,15:00:00,16:00:00,17:00:00,18:00:00,19:00:00,20:00:00,21:00:00,22:00:00,23:00:00
"
"
September-2017,00:00:00,01:00:00,02:00:00,03:00:00,04:00:00,05:00:00,06:00:00,07:00:00,08:00:00,09:00:00,10:00:00,11:00:00,12:00:00,13:00:00,14:00:00,15:00:00,16:00:00,17:00:00,18:00:00,19:00:00,20:00:00,21:00:00,22:00:00,23:00:00
"
"
October-2017,00:00:00,01:00:00,02:00:00,03:00:00,04:00:00,05:00:00,06:00:00,07:00:00,08:00:00,09:00:00,10:00:00,11:00:00,12:00:00,13:00:00,14:00:00,15:00:00,16:00:00,17:00:00,18:00:00,19:00:00,20:00:00,21:00:00,22:00:00,23:00:00
"
"
November-2017,00:00:00,01:00:00,02:00:00,03:00:00,04:00:00,05:00:00,06:00:00,07:00:00,08:00:00,09:00:00,10:00:00,11:00:00,12:00:00,13:00:00,14:00:00,15:00:00,16:00:00,17:00:00,18:00:00,19:00:00,20:00:00,21:00:00,22:00:00,23:00:00
"
"
December-2017,00:00:00,01:00:00,02:00:00,03:00:00,04:00:00,05:00:00,06:00:00,07:00:00,08:00:00,09:00:00,10:00:00,11:00:00,12:00:00,13:00:00,14:00:00,15:00:00,16:00:00,17:00:00,18:00:00,19:00:00,20:00:00,21:00:00,22:00:00,23:00:00
"
"
Year,2018
January-2018,00:00:00,01:00:00,02:00:00,03:00:00,04:00:00,05:00:00,06:00:00,07:00:00,08:00:00,09:00:00,10:00:00,11:00:00,12:00:00,13:00:00,14:00:00,15:00:00,16:00:00,17:00:00,18:00:00,19:00:00,20:00:00,21:00:00,22:00:00,23:00:00
"
"
February-2018,00:00:00,01:00:00,02:00:00,03:00:00,04:00:00,05:00:00,06:00:00,07:00:00,08:00:00,09:00:00,10:00:00,11:00:00,12:00:00,13:00:00,14:00:00,15:00:00,16:00:00,17:00:00,18:00:00,19:00:00,20:00:00,21:00:00,22:00:00,23:00:00
1,,,,,,,,,,,,422,408,365,314,316,311,297,280,197,250,273,287,233
2,306.0,287.0,312.0,320.0,344.0,308.0,304.0,305.0,250.0,243.0,303.0,359,394,336,308,251,257,186,165,140,197,280,287,302
3,314.0,335.0,333.0,328.0,323.0,332.0,312.0,311.0,338.0,321.0,318.0,446,426,270,133,116,104,101,84,109,207,277,267,301
4,348.0,368.0,382.0,392.0,408.0,407.0,395.0,369.0,346.0,311.0,367.0,428,372,309,230,157,127,105,112,123,163,304,380,388
5,401.0,395.0,380.0,340.0,328.0,303.0,277.0,273.0,250.0,250.0,315.0,387,395,355,303,183,105,104,130,180,207,240,302,310
6,328.0,325.0,353.0,352.0,351.0,350.0,421.0,416.0,396.0,371.0,341.0,320,287,220,197,163,138,130,124,153,250,318,307,328
7,385.0,348.0,391.0,357.0,362.0,358.0,332.0,311.0,297.0,303.0,358.0,385,332,217,203,203,157,147,160,140,273,302,277,338
8,328.0,354.0,353.0,333.0,324.0,319.0,328.0,312.0,304.0,315.0,335.0,417,417,325,302,150,163,125,120,160,257,312,332,319
9,320.0,319.0,340.0,324.0,322.0,324.0,323.0,253.0,287.0,309.0,333.0,372,375,353,311,180,180,172,197,170,250,312,312,328
10,332.0,327.0,318.0,322.0,323.0,319.0,346.0,358.0,354.0,342.0,374.0,464,460,414,434,401,318,270,293,237,293,315,311,302
11,325.0,336.0,363.0,391.0,381.0,363.0,365.0,363.0,350.0,339.0,328.0,342,315,287,260,294,185,191,182,153,143,144,193,170
12,157.0,103.0,100.0,101.0,101.0,93.0,110.0,127.0,157.0,170.0,160.0,163,216,169,147,150,193,197,157,111,85,85,77,80
13,80.0,77.0,92.0,70.0,68.0,58.0,68.0,60.0,78.0,98.0,163.0,187,250,376,341,307,213,167,197,200,260,308,340,344
14,331.0,312.0,273.0,223.0,243.0,183.0,197.0,125.0,141.0,108.0,123.0,333,183,113,109,110,108,99,85,66,85,147,358,414
15,387.0,370.0,341.0,367.0,378.0,365.0,351.0,337.0,332.0,336.0,357.0,325,220,133,115,119,117,110,94,96,122,167,318,323
16,310.0,332.0,353.0,309.0,217.0,200.0,243.0,230.0,133.0,217.0,297.0,337,325,250,217,130,131,134,111,105,167,267,311,318
17,315.0,339.0,358.0,305.0,290.0,257.0,223.0,260.0,240.0,230.0,243.0,334,315,267,157,157,140,135,134,137,180,319,314,319
18,327.0,336.0,388.0,352.0,319.0,338.0,325.0,280.0,253.0,167.0,301.0,398,328,139,111,172,157,156,133,96,127,141,147,253
19,217.0,183.0,213.0,290.0,230.0,312.0,315.0,306.0,302.0,297.0,324.0,333,303,277,273,197,132,155,121,111,163,240,302,290
20,280.0,315.0,314.0,240.0,260.0,243.0,277.0,270.0,217.0,240.0,290.0,374,340,303,203,277,177,163,142,150,126,223,213,223
21,250.0,270.0,303.0,303.0,280.0,280.0,260.0,250.0,301.0,304.0,398.0,405,350,243,165,259,236,228,180,213,185,223,220,250
22,332.0,443.0,421.0,388.0,372.0,382.0,383.0,359.0,358.0,358.0,390.0,456,409,303,304,257,213,131,126,141,192,260,237,220
23,270.0,287.0,308.0,312.0,305.0,323.0,334.0,346.0,358.0,344.0,391.0,439,332,243,207,277,303,290,213,185,199,246,314,312
24,403.0,315.0,325.0,332.0,332.0,325.0,324.0,315.0,337.0,336.0,370.0,401,354,207,171,230,175,199,154,162,253,307,315,321
25,328.0,407.0,420.0,408.0,397.0,376.0,370.0,358.0,345.0,314.0,267.0,163,160,157,133,135,119,113,102,97,105,107,120,230
26,157.0,98.0,230.0,203.0,240.0,323.0,318.0,311.0,305.0,328.0,293.0,280,157,111,126,126,124,122,107,88,108,85,101,270
27,193.0,187.0,273.0,344.0,303.0,160.0,107.0,277.0,312.0,327.0,352.0,312,120,121,105,135,138,121,130,124,127,177,203,322
28,280.0,302.0,310.0,267.0,260.0,253.0,200.0,213.0,213.0,150.0,277.0,277,321,217,217,243,170,153,163,163,167,193,253,223
"
"
March-2018,00:00:00,01:00:00,02:00:00,03:00:00,04:00:00,05:00:00,06:00:00,07:00:00,08:00:00,09:00:00,10:00:00,11:00:00,12:00:00,13:00:00,14:00:00,15:00:00,16:00:00,17:00:00,18:00:00,19:00:00,20:00:00,21:00:00,22:00:00,23:00:00
1,267.0,311.0,306.0,341.0,374.0,392.0,340.0,325.0,314.0,302.0,312.0,342,333,304,170.0,144.0,147.0,118.0,100.0,107.0,125.0,131.0,253.0,318.0
2,260.0,308.0,311.0,307.0,293.0,267.0,233.0,240.0,237.0,267.0,336.0,328,335,374,310.0,158.0,142.0,126.0,144.0,113.0,116.0,123.0,180.0,147.0
3,123.0,220.0,200.0,213.0,237.0,270.0,303.0,336.0,302.0,260.0,357.0,333,130,104,105.0,110.0,118.0,121.0,122.0,144.0,146.0,139.0,157.0,175.0
4,177.0,328.0,310.0,253.0,147.0,163.0,183.0,270.0,220.0,213.0,217.0,311,311,304,253.0,99.0,109.0,81.0,79.0,107.0,104.0,113.0,101.0,220.0
5,323.0,303.0,322.0,297.0,280.0,270.0,302.0,273.0,290.0,277.0,328.0,237,127,140,108.0,139.0,137.0,116.0,82.0,82.0,99.0,115.0,297.0,310.0
6,325.0,306.0,323.0,312.0,354.0,315.0,193.0,127.0,163.0,187.0,328.0,303,123,104,34.0,129.0,137.0,138.0,111.0,87.0,90.0,240.0,318.0,337.0
7,356.0,325.0,314.0,308.0,316.0,319.0,309.0,243.0,270.0,233.0,270.0,270,200,148,118.0,155.0,160.0,155.0,140.0,99.0,92.0,142.0,201.0,145.0
8,270.0,250.0,237.0,223.0,257.0,270.0,213.0,197.0,177.0,167.0,309.0,350,203,231,180.0,240.0,220.0,201.0,188.0,149.0,153.0,260.0,356.0,325.0
9,311.0,312.0,339.0,381.0,315.0,302.0,308.0,311.0,337.0,439.0,408.0,336,273,189,141.0,170.0,142.0,130.0,132.0,107.0,135.0,201.0,153.0,153.0
10,197.0,279.0,305.0,306.0,318.0,344.0,325.0,211.0,163.0,194.0,350.0,311,192,141,118.0,117.0,115.0,114.0,131.0,104.0,129.0,147.0,171.0,130.0
11,164.0,179.0,165.0,316.0,355.0,318.0,244.0,142.0,164.0,336.0,303.0,308,264,147,138.0,144.0,136.0,141.0,127.0,105.0,134.0,148.0,184.0,240.0
12,280.0,313.0,308.0,308.0,321.0,308.0,256.0,309.0,400.0,373.0,375.0,343,238,148,118.0,144.0,140.0,135.0,124.0,124.0,122.0,234.0,404.0,376.0
13,300.0,303.0,302.0,319.0,323.0,330.0,347.0,272.0,204.0,255.0,322.0,320,228,163,134.0,157.0,139.0,94.0,117.0,108.0,120.0,160.0,200.0,224.0
14,288.0,288.0,284.0,252.0,232.0,311.0,259.0,302.0,311.0,304.0,301.0,258,202,309,277.0,274.0,279.0,226.0,201.0,186.0,217.0,290.0,339.0,334.0
15,293.0,370.0,265.0,221.0,273.0,252.0,230.0,181.0,163.0,174.0,183.0,235,195,161,162.0,175.0,134.0,150.0,141.0,177.0,190.0,175.0,222.0,293.0
16,243.0,297.0,290.0,277.0,314.0,312.0,314.0,297.0,309.0,318.0,405.0,305,181,170,163.0,153.0,146.0,144.0,127.0,119.0,145.0,235.0,256.0,305.0
17,250.0,183.0,342.0,366.0,319.0,304.0,301.0,220.0,193.0,217.0,329.0,267,138,143,,,,,,,,,,
18,,,,,,,,,,,,138,152,155,113.0,143.0,145.0,145.0,128.0,114.0,127.0,159.0,207.0,303.0
19,315.0,318.0,322.0,324.0,328.0,355.0,334.0,320.0,322.0,332.0,358.0,240,146,170,143.0,132.0,135.0,137.0,154.0,143.0,171.0,201.0,329.0,302.0
20,293.0,302.0,297.0,273.0,267.0,267.0,260.0,280.0,270.0,293.0,398.0,328,213,155,141.0,170.0,172.0,182.0,164.0,124.0,217.0,205.0,398.0,417.0
21,431.0,399.0,284.0,356.0,348.0,355.0,349.0,341.0,333.0,336.0,335.0,435,396,348,302.0,192.0,149.0,133.0,126.0,129.0,133.0,172.0,127.0,133.0
22,203.0,143.0,193.0,230.0,297.0,293.0,240.0,303.0,341.0,345.0,432.0,400,314,130,129.0,153.0,147.0,136.0,157.0,135.0,142.0,159.0,134.0,133.0
23,304.0,137.0,170.0,147.0,220.0,334.0,362.0,374.0,359.0,345.0,367.0,322,124,142,121.0,130.0,129.0,131.0,122.0,98.0,124.0,135.0,232.0,356.0
24,237.0,318.0,318.0,311.0,350.0,388.0,380.0,376.0,372.0,355.0,384.0,304,146,145,126.0,149.0,155.0,150.0,141.0,107.0,129.0,145.0,155.0,167.0
25,311.0,306.0,318.0,358.0,433.0,345.0,337.0,315.0,308.0,280.0,325.0,233,144,153,137.0,163.0,149.0,134.0,132.0,103.0,109.0,285.0,369.0,220.0
26,213.0,213.0,318.0,354.0,350.0,351.0,344.0,314.0,260.0,301.0,334.0,310,200,155,146.0,165.0,166.0,161.0,155.0,115.0,133.0,178.0,182.0,368.0
27,346.0,388.0,329.0,230.0,180.0,160.0,157.0,180.0,145.0,250.0,325.0,167,161,168,126.0,140.0,121.0,138.0,123.0,113.0,147.0,197.0,252.0,314.0
28,270.0,244.0,268.0,292.0,226.0,229.0,229.0,195.0,199.0,293.0,305.0,277,178,135,126.0,142.0,165.0,171.0,189.0,177.0,150.0,173.0,267.0,422.0
29,500.0,500.0,390.0,339.0,329.0,387.0,342.0,302.0,193.0,200.0,273.0,302,179,156,134.0,149.0,143.0,157.0,147.0,141.0,148.0,193.0,172.0,350.0
30,351.0,378.0,319.0,301.0,177.0,168.0,157.0,207.0,277.0,293.0,223.0,221,199,171,141.0,141.0,170.0,158.0,175.0,155.0,159.0,179.0,217.0,366.0
31,436.0,325.0,310.0,318.0,290.0,301.0,331.0,328.0,293.0,344.0,405.0,356,284,227,217.0,221.0,243.0,268.0,218.0,204.0,200.0,175.0,171.0,187.0
"
"
April-2018,00:00:00,01:00:00,02:00:00,03:00:00,04:00:00,05:00:00,06:00:00,07:00:00,08:00:00,09:00:00,10:00:00,11:00:00,12:00:00,13:00:00,14:00:00,15:00:00,16:00:00,17:00:00,18:00:00,19:00:00,20:00:00,21:00:00,22:00:00,23:00:00
1,181.0,,,,,,,119.0,135.0,152.0,155.0,173.0,167.0,173.0,149.0,208.0,221.0,227.0,204.0,150.0,163.0,183.0,186.0,171.0
2,185.0,188.0,179.0,174.0,183.0,172.0,176.0,177.0,161.0,191.0,199.0,200.0,184.0,185.0,174.0,210.0,228.0,239.0,220.0,158.0,174.0,194.0,195.0,187.0
3,187.0,,,,,,,,,,,,,,,,236.0,214.0,209.0,187.0,,,,
4,,,,,,,,,,,,,,,,,187.0,182.0,149.0,174.0,204.0,239.0,,
5,,,,,,,,,,,,,,,,,192.0,,,,,,,
6,,,,,,,,,,,,208.0,,261.0,159.0,160.0,169.0,167.0,173.0,84.0,79.0,86.0,67.0,63.0
7,61.0,67.0,67.0,46.0,56.0,58.0,68.0,92.0,108.0,123.0,192.0,177.0,170.0,180.0,199.0,227.0,256.0,254.0,233.0,155.0,135.0,149.0,177.0,155.0
8,131.0,141.0,167.0,103.0,97.0,99.0,73.0,81.0,104.0,115.0,129.0,143.0,177.0,229.0,198.0,230.0,276.0,274.0,250.0,194.0,132.0,145.0,142.0,137.0
9,118.0,113.0,104.0,105.0,103.0,,,,328.0,88.0,68.0,65.0,,,,159.0,164.0,148.0,186.0,160.0,96.0,164.0,171.0,159.0
10,170.0,260.0,301.0,277.0,280.0,294.0,60.0,,,,278.0,355.0,278.0,326.0,403.0,287.0,204.0,,,,,,,
11,,,,,,,,,,,,,123.0,210.0,275.0,121.0,179.0,127.0,129.0,129.0,,,,
12,,,,,,,,,,,,,162.0,175.0,145.0,68.0,62.0,56.0,61.0,158.0,83.0,440.0,257.0,335.0
13,322.0,217.0,260.0,297.0,250.0,345.0,395.0,411.0,426.0,446.0,,195.0,218.0,237.0,260.0,55.0,124.0,135.0,249.0,202.0,125.0,500.0,395.0,480.0
14,360.0,277.0,302.0,,,,,,,,,287.0,264.0,268.0,204.0,203.0,202.0,210.0,200.0,197.0,159.0,268.0,364.0,257.0
15,342.0,234.0,301.0,361.0,332.0,385.0,,352.0,,,,,,,,,,,,,,,,
16,,,,,,,,,,,,358.0,239.0,186.0,142.0,217.0,148.0,329.0,316.0,301.0,228.0,189.0,171.0,226.0
17,227.0,234.0,,,,,,,,,361.0,204.0,179.0,250.0,196.0,179.0,175.0,155.0,222.0,173.0,168.0,243.0,314.0,263.0
18,394.0,284.0,245.0,233.0,,,,,,,312.0,163.0,171.0,218.0,248.0,419.0,272.0,199.0,195.0,188.0,,,,
19,,,,,,,,,,,,263.0,,,,198.0,194.0,189.0,167.0,155.0,204.0,244.0,376.0,394.0
20,405.0,354.0,382.0,398.0,335.0,318.0,189.0,228.0,186.0,,,,492.0,254.0,246.0,318.0,256.0,486.0,500.0,187.0,324.0,,500.0,471.0
21,301.0,404.0,,,,,,,,,,,,,,,,,,,,,,
22,,,,,,,,,,,,,,,217.0,213.0,203.0,212.0,212.0,174.0,178.0,,,
23,,,,,,,,,,,194.0,228.0,339.0,256.0,264.0,239.0,239.0,234.0,215.0,190.0,143.0,369.0,352.0,424.0
24,466.0,472.0,451.0,344.0,340.0,342.0,344.0,243.0,243.0,263.0,228.0,201.0,183.0,272.0,265.0,277.0,148.0,257.0,259.0,234.0,143.0,200.0,328.0,189.0
25,271.0,422.0,413.0,314.0,316.0,328.0,,293.0,302.0,320.0,,201.0,,,,,164.0,158.0,156.0,111.0,126.0,200.0,159.0,219.0
26,241.0,358.0,411.0,408.0,358.0,335.0,282.0,358.0,382.0,401.0,326.0,308.0,256.0,213.0,196.0,193.0,189.0,171.0,171.0,257.0,223.0,380.0,406.0,385.0
27,396.0,403.0,394.0,321.0,322.0,287.0,246.0,260.0,256.0,265.0,292.0,283.0,283.0,294.0,315.0,296.0,277.0,254.0,270.0,250.0,274.0,262.0,305.0,320.0
28,296.0,261.0,255.0,261.0,240.0,262.0,260.0,260.0,265.0,318.0,336.0,339.0,408.0,329.0,292.0,274.0,252.0,249.0,260.0,247.0,233.0,268.0,246.0,252.0
29,274.0,241.0,201.0,,,181.0,163.0,163.0,200.0,320.0,223.0,230.0,230.0,252.0,191.0,230.0,200.0,184.0,237.0,293.0,412.0,370.0,272.0,
30,212.0,213.0,193.0,195.0,185.0,171.0,163.0,157.0,174.0,163.0,155.0,175.0,218.0,194.0,172.0,325.0,,105.0,309.0,185.0,227.0,282.0,268.0,241.0
"
"
May-2018,00:00:00,01:00:00,02:00:00,03:00:00,04:00:00,05:00:00,06:00:00,07:00:00,08:00:00,09:00:00,10:00:00,11:00:00,12:00:00,13:00:00,14:00:00,15:00:00,16:00:00,17:00:00,18:00:00,19:00:00,20:00:00,21:00:00,22:00:00,23:00:00
1,254.0,,153.0,122.0,118.0,123.0,105.0,102.0,104.0,119.0,138.0,162.0,176.0,193.0,193.0,238.0,240.0,232.0,203.0,187.0,178.0,167.0,159.0,151.0
2,165.0,148.0,129.0,116.0,150.0,190.0,109.0,105.0,109.0,109.0,129.0,153.0,186.0,209.0,214.0,259.0,241.0,234.0,233.0,122.0,485.0,402.0,,151.0
3,147.0,110.0,114.0,74.0,83.0,95.0,111.0,110.0,119.0,88.0,124.0,151.0,152.0,145.0,155.0,,181.0,164.0,164.0,166.0,141.0,139.0,127.0,130.0
4,133.0,128.0,109.0,107.0,112.0,,,,,,,,,,,2.0,77.0,213.0,121.0,126.0,184.0,133.0,147.0,204.0
5,203.0,159.0,147.0,149.0,146.0,140.0,109.0,134.0,149.0,127.0,116.0,119.0,154.0,190.0,218.0,254.0,241.0,256.0,141.0,227.0,191.0,,,404.0
6,409.0,,389.0,358.0,403.0,403.0,,,,,448.0,311.0,305.0,194.0,,340.0,221.0,116.0,132.0,135.0,119.0,,133.0,126.0
7,152.0,,,,,,,,,,,,238.0,274.0,262.0,375.0,428.0,399.0,424.0,339.0,326.0,407.0,403.0,420.0
8,335.0,217.0,163.0,149.0,79.0,75.0,92.0,63.0,62.0,79.0,84.0,,130.0,147.0,152.0,162.0,169.0,169.0,,,,,204.0,220.0
9,117.0,120.0,114.0,113.0,103.0,101.0,101.0,119.0,141.0,,,,,,185.0,248.0,257.0,190.0,146.0,140.0,106.0,116.0,132.0,162.0
10,166.0,180.0,223.0,277.0,,,,,197.0,,236.0,257.0,146.0,150.0,120.0,129.0,129.0,130.0,296.0,249.0,246.0,199.0,,
11,325.0,,,,,,,,328.0,336.0,325.0,304.0,217.0,203.0,,,,,181.0,178.0,185.0,249.0,270.0,412.0
12,412.0,410.0,394.0,413.0,,,,,,,399.0,322.0,308.0,295.0,271.0,274.0,290.0,305.0,361.0,,,,,
13,,,,,,,,,,,,,,,,,,,,,,,,
14,,,,,,,,,,,,117.0,164.0,190.0,146.0,149.0,145.0,149.0,152.0,239.0,198.0,219.0,197.0,159.0
15,138.0,135.0,137.0,,,,,,118.0,121.0,153.0,164.0,191.0,243.0,274.0,157.0,160.0,157.0,163.0,270.0,232.0,179.0,219.0,
16,,,,,,,,,,,,,156.0,166.0,186.0,202.0,252.0,261.0,,,237.0,308.0,319.0,274.0
17,240.0,237.0,,,,,,,,,,338.0,235.0,253.0,226.0,235.0,244.0,240.0,258.0,253.0,500.0,500.0,,
18,,,,,,,,,253.0,309.0,305.0,284.0,247.0,194.0,169.0,148.0,146.0,163.0,275.0,149.0,191.0,165.0,227.0,276.0
19,,,,,,,,,,,,,,,,,,,,,,,,
20,,,,,,,,,,,,,,,,,,,,,,,,
21,,,,,,,,,,,,,,,,,251.0,249.0,233.0,207.0,166.0,216.0,234.0,229.0
22,182.0,,,,,,253.0,270.0,405.0,345.0,302.0,217.0,194.0,271.0,159.0,159.0,,,,,197.0,336.0,414.0,368.0
23,420.0,405.0,415.0,,,,,,,,,,290.0,308.0,,,,325.0,187.0,195.0,216.0,303.0,,
24,,,,197.0,325.0,,62.0,356.0,334.0,280.0,331.0,385.0,383.0,,,,,,,272.0,,159.0,185.0,190.0
25,245.0,199.0,181.0,213.0,344.0,345.0,,331.0,329.0,,395.0,250.0,143.0,120.0,,,,,,,,,,
26,,,,,,,,,,,,,264.0,272.0,270.0,260.0,167.0,276.0,228.0,,108.0,208.0,,
27,214.0,295.0,306.0,,,,,,405.0,407.0,407.0,378.0,218.0,224.0,198.0,218.0,235.0,226.0,224.0,201.0,224.0,228.0,274.0,405.0
28,408.0,409.0,424.0,,,,,290.0,260.0,313.0,319.0,,268.0,256.0,246.0,306.0,275.0,270.0,186.0,179.0,194.0,,,380.0
29,257.0,244.0,244.0,54.0,390.0,384.0,,302.0,383.0,427.0,415.0,387.0,381.0,258.0,305.0,247.0,253.0,223.0,242.0,250.0,137.0,346.0,431.0,453.0
30,475.0,439.0,457.0,,,,,206.0,249.0,417.0,382.0,403.0,,,,,,,,,432.0,432.0,374.0,238.0
31,168.0,167.0,163.0,148.0,,,296.0,194.0,204.0,238.0,250.0,157.0,,,,217.0,230.0,223.0,255.0,,,,,
"
"
June-2018,00:00:00,01:00:00,02:00:00,03:00:00,04:00:00,05:00:00,06:00:00,07:00:00,08:00:00,09:00:00,10:00:00,11:00:00,12:00:00,13:00:00,14:00:00,15:00:00,16:00:00,17:00:00,18:00:00,19:00:00,20:00:00,21:00:00,22:00:00,23:00:00
1,,,,,,,,,,,,226.0,224.0,215.0,246.0,,,,,,256.0,246.0,438.0,500.0
2,167.0,335.0,115.0,99.0,70.0,,86.0,101.0,117.0,147.0,188.0,206.0,226.0,201.0,244.0,289.0,262.0,212.0,226.0,200.0,191.0,,,
3,,,,,,,,99.0,104.0,124.0,123.0,139.0,135.0,131.0,138.0,182.0,207.0,242.0,,265.0,187.0,189.0,170.0,148.0
4,142.0,135.0,134.0,,,,,,116.0,135.0,206.0,184.0,309.0,316.0,270.0,,266.0,248.0,284.0,242.0,215.0,89.0,194.0,161.0
5,142.0,122.0,120.0,,,,,,111.0,128.0,180.0,,222.0,206.0,204.0,172.0,,,,,,155.0,161.0,142.0
6,135.0,139.0,140.0,144.0,135.0,,,200.0,200.0,308.0,235.0,,149.0,148.0,165.0,167.0,157.0,159.0,166.0,196.0,172.0,314.0,223.0,193.0
7,181.0,179.0,167.0,,,,,113.0,122.0,129.0,129.0,134.0,,,170.0,191.0,226.0,256.0,267.0,278.0,,,209.0,236.0
8,192.0,173.0,154.0,151.0,144.0,,,,141.0,153.0,194.0,238.0,259.0,237.0,234.0,271.0,403.0,454.0,460.0,,,177.0,175.0,
9,159.0,143.0,,,,,,96.0,114.0,,,153.0,165.0,167.0,,,179.0,207.0,211.0,83.0,78.0,50.0,63.0,77.0
10,132.0,206.0,213.0,,,,,,,,,,,,,123.0,128.0,127.0,134.0,129.0,129.0,121.0,129.0,145.0
11,148.0,149.0,203.0,,,,,262.0,206.0,160.0,,118.0,128.0,139.0,140.0,141.0,190.0,188.0,230.0,240.0,232.0,,242.0,417.0
12,348.0,331.0,219.0,207.0,409.0,,,,165.0,,293.0,454.0,500.0,500.0,500.0,500.0,248.0,262.0,,,,,,
13,,,,,,,,,,,,,182.0,180.0,233.0,296.0,277.0,273.0,333.0,355.0,357.0,,,
14,485.0,467.0,466.0,431.0,,,,,,,,,500.0,495.0,494.0,500.0,500.0,500.0,,500.0,500.0,500.0,500.0,312.0
15,318.0,,,,315.0,277.0,,,,,,,,,418.0,417.0,402.0,,343.0,340.0,281.0,232.0,,308.0
16,312.0,,,,,,,,371.0,399.0,401.0,462.0,424.0,404.0,339.0,,290.0,260.0,262.0,210.0,,218.0,237.0,
17,455.0,467.0,,,,,,,246.0,199.0,,,,195.0,207.0,,180.0,184.0,182.0,,344.0,368.0,169.0,140.0
18,,123.0,115.0,,,,,,115.0,133.0,,124.0,,131.0,131.0,141.0,140.0,,,,,,,120.0
19,124.0,135.0,,,,,,125.0,131.0,150.0,135.0,,,118.0,129.0,135.0,140.0,138.0,138.0,146.0,,166.0,176.0,190.0
20,193.0,193.0,,,,,119.0,,127.0,194.0,188.0,192.0,169.0,163.0,,167.0,202.0,210.0,199.0,142.0,147.0,147.0,139.0,121.0
21,138.0,159.0,168.0,367.0,478.0,475.0,479.0,500.0,462.0,462.0,451.0,420.0,238.0,223.0,177.0,200.0,162.0,,157.0,163.0,147.0,173.0,251.0,250.0
22,243.0,241.0,216.0,209.0,196.0,177.0,175.0,169.0,182.0,230.0,171.0,167.0,181.0,181.0,172.0,250.0,151.0,,146.0,143.0,131.0,170.0,217.0,196.0
23,192.0,190.0,193.0,201.0,191.0,185.0,191.0,330.0,339.0,320.0,271.0,171.0,181.0,188.0,183.0,167.0,188.0,358.0,316.0,199.0,190.0,184.0,192.0,187.0
24,191.0,191.0,213.0,185.0,158.0,160.0,196.0,201.0,174.0,163.0,156.0,203.0,192.0,209.0,178.0,168.0,178.0,193.0,182.0,195.0,159.0,159.0,69.0,61.0
25,62.0,63.0,58.0,60.0,65.0,70.0,56.0,57.0,58.0,64.0,72.0,,,106.0,119.0,118.0,106.0,103.0,98.0,89.0,84.0,72.0,60.0,58.0
26,56.0,71.0,60.0,63.0,61.0,59.0,60.0,61.0,59.0,72.0,83.0,102.0,110.0,94.0,,77.0,84.0,81.0,78.0,61.0,64.0,56.0,56.0,56.0
27,57.0,56.0,56.0,50.0,57.0,62.0,59.0,62.0,54.0,57.0,60.0,60.0,76.0,,,,,,99.0,93.0,80.0,89.0,82.0,73.0
28,76.0,74.0,70.0,70.0,,58.0,59.0,60.0,62.0,60.0,60.0,62.0,60.0,57.0,73.0,68.0,55.0,80.0,80.0,80.0,85.0,55.0,70.0,65.0
29,58.0,55.0,56.0,47.0,50.0,52.0,57.0,55.0,55.0,48.0,57.0,58.0,64.0,75.0,84.0,93.0,69.0,56.0,57.0,55.0,62.0,85.0,105.0,113.0
30,60.0,57.0,60.0,60.0,68.0,75.0,75.0,69.0,70.0,60.0,60.0,62.0,62.0,57.0,66.0,78.0,55.0,60.0,64.0,52.0,61.0,52.0,60.0,70.0
"
"
July-2018,00:00:00,01:00:00,02:00:00,03:00:00,04:00:00,05:00:00,06:00:00,07:00:00,08:00:00,09:00:00,10:00:00,11:00:00,12:00:00,13:00:00,14:00:00,15:00:00,16:00:00,17:00:00,18:00:00,19:00:00,20:00:00,21:00:00,22:00:00,23:00:00
1,70.0,72.0,75.0,100.0,74.0,52.0,52.0,60.0,217.0,150.0,55.0,60.0,55.0,57.0,55.0,58.0,50.0,58.0,56.0,50.0,50.0,55.0,55.0,52.0
2,50.0,52.0,52.0,34.0,55.0,60.0,57.0,72.0,73.0,80.0,79.0,79.0,75.0,76.0,84.0,82.0,101.0,114.0,115.0,109.0,108.0,,,
3,,,,,,,,,,,,78.0,68.0,106.0,191.0,211.0,122.0,278.0,222.0,143.0,131.0,135.0,144.0,133.0
4,126.0,133.0,115.0,100.0,100.0,81.0,92.0,102.0,105.0,78.0,60.0,69.0,112.0,136.0,113.0,119.0,129.0,127.0,129.0,131.0,127.0,129.0,153.0,131.0
5,103.0,144.0,106.0,80.0,88.0,120.0,98.0,201.0,121.0,133.0,131.0,126.0,146.0,114.0,134.0,137.0,167.0,,85.0,87.0,116.0,130.0,121.0,154.0
6,136.0,108.0,172.0,127.0,157.0,127.0,141.0,302.0,131.0,132.0,130.0,119.0,146.0,188.0,136.0,135.0,123.0,150.0,122.0,159.0,168.0,124.0,127.0,121.0
7,144.0,131.0,123.0,111.0,163.0,163.0,163.0,123.0,129.0,270.0,143.0,112.0,178.0,158.0,156.0,155.0,161.0,168.0,177.0,158.0,166.0,167.0,165.0,163.0
8,135.0,145.0,125.0,127.0,133.0,129.0,120.0,121.0,140.0,171.0,149.0,152.0,158.0,169.0,174.0,166.0,168.0,178.0,175.0,156.0,127.0,342.0,175.0,193.0
9,180.0,203.0,273.0,250.0,207.0,200.0,180.0,137.0,172.0,184.0,193.0,196.0,209.0,178.0,175.0,157.0,181.0,212.0,,,,,,
10,,,,,,,,,,,,138.0,135.0,157.0,145.0,146.0,190.0,183.0,255.0,179.0,155.0,164.0,155.0,131.0
11,122.0,152.0,145.0,61.0,75.0,62.0,97.0,124.0,114.0,100.0,120.0,152.0,103.0,111.0,151.0,123.0,121.0,166.0,164.0,143.0,149.0,119.0,119.0,99.0
12,78.0,61.0,63.0,45.0,62.0,107.0,52.0,52.0,90.0,111.0,83.0,132.0,140.0,116.0,130.0,107.0,152.0,127.0,146.0,153.0,142.0,104.0,111.0,78.0
13,85.0,55.0,106.0,33.0,46.0,,,104.0,87.0,85.0,97.0,94.0,123.0,111.0,142.0,,159.0,120.0,170.0,,,,116.0,65.0
14,59.0,59.0,64.0,52.0,68.0,66.0,63.0,68.0,81.0,145.0,153.0,147.0,170.0,123.0,110.0,107.0,60.0,127.0,83.0,51.0,92.0,56.0,72.0,59.0
15,62.0,58.0,51.0,57.0,51.0,46.0,52.0,50.0,40.0,131.0,119.0,126.0,119.0,118.0,110.0,69.0,68.0,88.0,60.0,66.0,69.0,74.0,143.0,111.0
16,70.0,101.0,69.0,62.0,75.0,102.0,55.0,48.0,51.0,64.0,114.0,131.0,156.0,85.0,59.0,62.0,59.0,68.0,113.0,26.0,25.0,48.0,101.0,98.0
17,83.0,108.0,105.0,58.0,149.0,115.0,144.0,147.0,,,,58.0,92.0,,,,,,,,,114.0,126.0,133.0
18,125.0,122.0,145.0,117.0,109.0,113.0,100.0,109.0,109.0,119.0,132.0,108.0,113.0,88.0,91.0,72.0,59.0,64.0,89.0,101.0,57.0,111.0,109.0,59.0
19,112.0,109.0,117.0,51.0,139.0,134.0,120.0,120.0,133.0,126.0,112.0,110.0,95.0,110.0,68.0,126.0,124.0,142.0,137.0,176.0,119.0,142.0,,
20,,,,,,,,,,,,,139.0,,48.0,55.0,76.0,95.0,97.0,52.0,52.0,78.0,80.0,84.0
21,86.0,85.0,84.0,75.0,90.0,73.0,79.0,75.0,88.0,114.0,114.0,130.0,127.0,127.0,102.0,123.0,150.0,57.0,33.0,42.0,59.0,90.0,,
22,,,,,,,,22.0,28.0,50.0,45.0,57.0,64.0,52.0,68.0,103.0,98.0,102.0,102.0,109.0,103.0,57.0,75.0,90.0
23,75.0,68.0,78.0,42.0,,,,,,94.0,80.0,93.0,147.0,78.0,59.0,46.0,36.0,36.0,38.0,57.0,70.0,85.0,58.0,63.0
24,73.0,74.0,77.0,69.0,80.0,91.0,113.0,111.0,103.0,115.0,107.0,118.0,129.0,86.0,84.0,82.0,95.0,95.0,104.0,98.0,111.0,67.0,50.0,38.0
25,32.0,78.0,40.0,30.0,38.0,22.0,35.0,43.0,15.0,60.0,70.0,82.0,57.0,52.0,88.0,50.0,43.0,73.0,61.0,74.0,52.0,80.0,70.0,72.0
26,68.0,70.0,65.0,33.0,52.0,48.0,48.0,48.0,42.0,19.0,20.0,45.0,37.0,34.0,53.0,85.0,91.0,88.0,57.0,65.0,70.0,32.0,40.0,55.0
27,33.0,38.0,28.0,4.0,18.0,,,,,,,,,,,,10.0,110.0,35.0,31.0,48.0,27.0,29.0,27.0
28,30.0,27.0,54.0,31.0,24.0,25.0,114.0,50.0,45.0,36.0,30.0,36.0,50.0,61.0,77.0,79.0,80.0,52.0,61.0,72.0,46.0,48.0,50.0,78.0
29,98.0,100.0,78.0,30.0,32.0,30.0,60.0,126.0,60.0,117.0,109.0,116.0,116.0,120.0,115.0,117.0,116.0,123.0,127.0,122.0,119.0,117.0,113.0,117.0
30,121.0,103.0,63.0,61.0,122.0,102.0,114.0,136.0,116.0,95.0,95.0,92.0,85.0,85.0,96.0,97.0,102.0,112.0,120.0,112.0,97.0,107.0,104.0,88.0
31,96.0,95.0,104.0,92.0,88.0,96.0,95.0,94.0,119.0,126.0,123.0,,119.0,131.0,143.0,169.0,167.0,153.0,149.0,156.0,152.0,152.0,145.0,127.0
"
"
August-2018,00:00:00,01:00:00,02:00:00,03:00:00,04:00:00,05:00:00,06:00:00,07:00:00,08:00:00,09:00:00,10:00:00,11:00:00,12:00:00,13:00:00,14:00:00,15:00:00,16:00:00,17:00:00,18:00:00,19:00:00,20:00:00,21:00:00,22:00:00,23:00:00
1,60.0,55.0,62.0,42.0,53.0,69.0,84.0,118.0,127.0,138.0,168.0,199,219.0,229,239,232.0,229.0,210.0,212,204,183.0,187.0,175.0,201.0
2,204.0,189.0,163.0,145.0,145.0,,,,,,179.0,232,278.0,289,290,296.0,309.0,299.0,301,257,202.0,,,
3,,,,,,,,138.0,145.0,171.0,201.0,229,234.0,250,234,228.0,235.0,219.0,206,186,181.0,185.0,161.0,160.0
4,152.0,145.0,137.0,144.0,157.0,145.0,143.0,137.0,142.0,153.0,167.0,228,265.0,271,478,292.0,283.0,301.0,287,274,244.0,235.0,237.0,219.0
5,205.0,195.0,163.0,152.0,147.0,147.0,144.0,145.0,153.0,164.0,201.0,285,311.0,311,292,206.0,182.0,184.0,202,186,186.0,211.0,,
6,,,,,,,,120.0,114.0,107.0,105.0,101,109.0,134,137,134.0,134.0,142.0,141,153,149.0,139.0,190.0,118.0
7,115.0,105.0,89.0,79.0,107.0,97.0,83.0,95.0,115.0,103.0,104.0,78,89.0,105,158,212.0,165.0,138.0,126,98,101.0,69.0,62.0,30.0
8,50.0,40.0,79.0,35.0,55.0,57.0,53.0,78.0,90.0,63.0,68.0,50,91.0,95,88,72.0,74.0,59.0,50,60,49.0,68.0,65.0,75.0
9,85.0,133.0,157.0,105.0,122.0,165.0,75.0,65.0,80.0,63.0,67.0,76,89.0,90,96,67.0,80.0,84.0,88,80,60.0,75.0,80.0,115.0
10,111.0,109.0,103.0,80.0,85.0,99.0,105.0,143.0,193.0,147.0,94.0,76,88.0,91,92,76.0,79.0,58.0,70,101,123.0,137.0,44.0,38.0
11,35.0,35.0,76.0,35.0,70.0,45.0,60.0,57.0,68.0,31.0,50.0,53,67.0,69,70,,,83.0,99,92,96.0,62.0,67.0,70.0
12,58.0,42.0,84.0,34.0,41.0,48.0,48.0,40.0,45.0,31.0,42.0,67,78.0,63,59,72.0,74.0,80.0,73,80,92.0,78.0,89.0,119.0
13,101.0,83.0,62.0,56.0,54.0,52.0,53.0,55.0,,65.0,68.0,82,80.0,59,11,70.0,86.0,91.0,61,100,101.0,80.0,94.0,115.0
14,91.0,60.0,60.0,30.0,68.0,75.0,85.0,95.0,114.0,101.0,100.0,105,111.0,113,116,95.0,99.0,101.0,98,122,126.0,105.0,120.0,137.0
15,127.0,126.0,133.0,108.0,92.0,92.0,81.0,92.0,105.0,129.0,149.0,159,83.0,52,55,70.0,83.0,75.0,119,75,90.0,83.0,68.0,69.0
16,63.0,64.0,67.0,57.0,67.0,51.0,46.0,52.0,73.0,72.0,65.0,60,67.0,68,64,57.0,57.0,68.0,80,72,75.0,72.0,80.0,97.0
17,98.0,107.0,180.0,119.0,114.0,102.0,87.0,81.0,63.0,51.0,55.0,48,57.0,57,48,42.0,50.0,47.0,58,58,68.0,85.0,89.0,91.0
18,88.0,70.0,78.0,61.0,61.0,57.0,51.0,63.0,67.0,103.0,84.0,69,68.0,240,57,57.0,83.0,69.0,60,68,70.0,,101.0,
19,90.0,82.0,,62.0,,65.0,75.0,,87.0,109.0,,88,,140,193,,48.0,,40,52,,80.0,,90.0
20,82.0,,93.0,,101.0,86.0,,133.0,,,74.0,57,,102,120,230.0,,,115,109,114.0,88.0,72.0,75.0
21,78.0,80.0,92.0,68.0,67.0,57.0,57.0,57.0,60.0,70.0,77.0,65,74.0,75,62,57.0,61.0,79.0,70,57,52.0,57.0,68.0,70.0
22,70.0,70.0,70.0,75.0,96.0,80.0,78.0,85.0,88.0,62.0,61.0,70,48.0,56,50,60.0,57.0,57.0,57,68,62.0,55.0,57.0,60.0
23,57.0,60.0,52.0,33.0,70.0,75.0,41.0,59.0,20.0,15.0,55.0,15,15.0,18,25,31.0,39.0,45.0,35,35,34.0,28.0,25.0,31.0
24,22.0,22.0,24.0,17.0,16.0,20.0,24.0,21.0,,,28.0,28,55.0,36,90,50.0,40.0,106.0,111,112,111.0,40.0,58.0,62.0
25,39.0,24.0,25.0,19.0,18.0,20.0,18.0,19.0,23.0,38.0,28.0,33,34.0,48,47,47.0,48.0,45.0,47,42,35.0,44.0,39.0,41.0
26,42.0,34.0,35.0,23.0,30.0,30.0,25.0,35.0,50.0,62.0,70.0,62,70.0,70,80,83.0,77.0,85.0,73,77,89.0,99.0,95.0,90.0
27,73.0,72.0,70.0,69.0,55.0,52.0,55.0,67.0,40.0,28.0,35.0,38,,69,82,86.0,83.0,88.0,78,80,70.0,60.0,68.0,58.0
28,64.0,52.0,62.0,40.0,88.0,101.0,75.0,75.0,98.0,60.0,75.0,65,72.0,85,85,55.0,40.0,57.0,52,72,70.0,43.0,49.0,62.0
29,65.0,51.0,43.0,11.0,24.0,20.0,21.0,28.0,34.0,68.0,50.0,62,78.0,95,85,48.0,28.0,28.0,32,23,19.0,57.0,48.0,43.0
30,52.0,43.0,102.0,35.0,51.0,42.0,42.0,24.0,50.0,52.0,60.0,70,61.0,57,58,59.0,63.0,70.0,63,65,65.0,75.0,82.0,90.0
31,101.0,145.0,130.0,117.0,117.0,88.0,86.0,77.0,73.0,75.0,81.0,86,102.0,104,105,116.0,123.0,125.0,120,120,111.0,57.0,65.0,60.0
"
"
September-2018,00:00:00,01:00:00,02:00:00,03:00:00,04:00:00,05:00:00,06:00:00,07:00:00,08:00:00,09:00:00,10:00:00,11:00:00,12:00:00,13:00:00,14:00:00,15:00:00,16:00:00,17:00:00,18:00:00,19:00:00,20:00:00,21:00:00,22:00:00,23:00:00
1,65.0,,63.0,73.0,67.0,60.0,65.0,65.0,62.0,55.0,62.0,62.0,65.0,60.0,60.0,56.0,55.0,61.0,57.0,50.0,59.0,70.0,79.0,65.0
2,75.0,85.0,92.0,89.0,91.0,92.0,60.0,60.0,65.0,52.0,48.0,50.0,48.0,52.0,60.0,50.0,48.0,50.0,45.0,45.0,65.0,67.0,65.0,70.0
3,75.0,72.0,65.0,34.0,65.0,72.0,80.0,80.0,66.0,79.0,77.0,67.0,73.0,65.0,58.0,70.0,103.0,77.0,83.0,77.0,78.0,68.0,65.0,59.0
4,72.0,72.0,71.0,67.0,54.0,55.0,52.0,45.0,55.0,58.0,60.0,87.0,77.0,78.0,83.0,67.0,32.0,34.0,30.0,30.0,20.0,32.0,37.0,30.0
5,38.0,36.0,32.0,24.0,30.0,35.0,31.0,35.0,34.0,50.0,51.0,51.0,26.0,40.0,40.0,13.0,66.0,94.0,90.0,80.0,88.0,77.0,89.0,105.0
6,100.0,103.0,108.0,107.0,86.0,63.0,73.0,55.0,52.0,28.0,25.0,25.0,27.0,35.0,113.0,115.0,111.0,119.0,109.0,117.0,102.0,80.0,70.0,62.0
7,60.0,62.0,93.0,40.0,60.0,60.0,60.0,60.0,68.0,57.0,65.0,74.0,154.0,75.0,113.0,253.0,153.0,91.0,73.0,77.0,60.0,70.0,98.0,88.0
8,96.0,80.0,82.0,42.0,70.0,70.0,75.0,80.0,82.0,75.0,70.0,57.0,63.0,118.0,81.0,114.0,116.0,75.0,78.0,57.0,69.0,72.0,88.0,95.0
9,80.0,70.0,92.0,38.0,60.0,60.0,60.0,60.0,60.0,50.0,53.0,64.0,73.0,86.0,96.0,,,,,,,,,
10,,,,,,,,,,,,,80.0,131.0,174.0,153.0,128.0,116.0,119.0,84.0,70.0,65.0,68.0,70.0
11,65.0,57.0,69.0,23.0,55.0,55.0,55.0,55.0,55.0,50.0,55.0,58.0,69.0,72.0,72.0,73.0,77.0,79.0,76.0,,57.0,60.0,61.0,60.0
12,60.0,55.0,70.0,41.0,55.0,55.0,55.0,77.0,72.0,79.0,56.0,59.0,77.0,68.0,72.0,75.0,81.0,83.0,76.0,70.0,59.0,60.0,62.0,57.0
13,55.0,50.0,78.0,39.0,55.0,55.0,55.0,52.0,55.0,48.0,80.0,,,,92.0,95.0,92.0,,,61.0,61.0,60.0,60.0,60.0
14,60.0,,,,,,,,,,,,80.0,83.0,92.0,96.0,102.0,99.0,96.0,99.0,107.0,94.0,85.0,107.0
15,91.0,96.0,73.0,68.0,55.0,60.0,60.0,60.0,60.0,46.0,61.0,80.0,87.0,91.0,93.0,91.0,98.0,99.0,90.0,100.0,94.0,68.0,93.0,136.0
16,107.0,113.0,101.0,95.0,81.0,74.0,74.0,82.0,90.0,109.0,101.0,104.0,102.0,102.0,101.0,100.0,96.0,,,,,,,
17,,,,,,,,,,,,,159.0,166.0,172.0,166.0,172.0,196.0,194.0,175.0,153.0,171.0,153.0,137.0
18,157.0,150.0,143.0,127.0,119.0,109.0,117.0,96.0,102.0,100.0,108.0,115.0,177.0,185.0,187.0,191.0,198.0,230.0,232.0,160.0,140.0,134.0,131.0,121.0
19,113.0,107.0,121.0,145.0,112.0,95.0,91.0,100.0,115.0,131.0,137.0,144.0,148.0,183.0,146.0,231.0,227.0,242.0,196.0,153.0,149.0,131.0,142.0,119.0
20,123.0,130.0,112.0,108.0,108.0,95.0,104.0,97.0,102.0,147.0,177.0,184.0,246.0,123.0,147.0,265.0,145.0,145.0,168.0,184.0,141.0,149.0,153.0,203.0
21,203.0,217.0,270.0,237.0,267.0,125.0,115.0,111.0,127.0,109.0,88.0,81.0,95.0,92.0,86.0,90.0,86.0,101.0,115.0,58.0,60.0,60.0,57.0,55.0
22,64.0,60.0,,,,,,,,,,57.0,55.0,55.0,35.0,,55.0,62.0,60.0,47.0,52.0,50.0,50.0,52.0
23,45.0,65.0,81.0,42.0,44.0,36.0,36.0,38.0,45.0,48.0,51.0,55.0,59.0,,,,,,,,,,,
24,,,,,,,,,,,,29.0,32.0,39.0,55.0,60.0,62.0,70.0,70.0,70.0,68.0,50.0,50.0,50.0
25,50.0,50.0,51.0,45.0,45.0,,,,,,,50.0,55.0,56.0,60.0,58.0,61.0,72.0,80.0,74.0,57.0,,60.0,60.0
26,60.0,,60.0,37.0,50.0,50.0,45.0,45.0,,55.0,55.0,58.0,,86.0,89.0,92.0,91.0,96.0,,,,,,
27,,,,,,,,,,,,,,,,99.0,112.0,113.0,105.0,108.0,102.0,95.0,89.0,105.0
28,146.0,144.0,139.0,123.0,130.0,127.0,107.0,107.0,127.0,133.0,193.0,138.0,138.0,104.0,,,,,,,,,,
29,,,,,,,,,,,,,,,,116.0,135.0,131.0,129.0,150.0,163.0,120.0,119.0,163.0
30,157.0,150.0,193.0,150.0,123.0,97.0,83.0,88.0,83.0,,,,,,,,,,,,,,,
"
"
October-2018,00:00:00,01:00:00,02:00:00,03:00:00,04:00:00,05:00:00,06:00:00,07:00:00,08:00:00,09:00:00,10:00:00,11:00:00,12:00:00,13:00:00,14:00:00,15:00:00,16:00:00,17:00:00,18:00:00,19:00:00,20:00:00,21:00:00,22:00:00,23:00:00
1,,,,,,,,88.0,89,95,129,129,121,119,120.0,121.0,127.0,,,,115.0,114.0,127.0,120.0
2,119.0,135.0,127.0,120.0,131.0,129.0,109.0,103.0,97,130,142,141,126,98,121.0,142.0,144.0,137.0,114.0,107.0,94.0,94.0,,115.0
3,121.0,123.0,111.0,112.0,114.0,60.0,62.0,70.0,83,63,62,90,86,75,111.0,114.0,109.0,103.0,102.0,88.0,116.0,125.0,119.0,123.0
4,108.0,133.0,140.0,132.0,137.0,129.0,133.0,135.0,131,119,127,119,162,308,127.0,148.0,139.0,210.0,295.0,179.0,150.0,144.0,111.0,121.0
5,218.0,167.0,250.0,191.0,262.0,301.0,290.0,273.0,268,293,223,170,177,230,280.0,175.0,331.0,320.0,225.0,167.0,175.0,166.0,149.0,180.0
6,140.0,142.0,237.0,183.0,231.0,238.0,236.0,237.0,199,175,213,153,184,153,185.0,122.0,166.0,108.0,105.0,105.0,106.0,197.0,118.0,116.0
7,140.0,161.0,173.0,143.0,128.0,141.0,145.0,126.0,124,115,118,116,102,107,141.0,128.0,133.0,151.0,164.0,153.0,161.0,148.0,139.0,160.0
8,148.0,182.0,190.0,170.0,192.0,200.0,193.0,230.0,207,258,306,181,182,184,255.0,324.0,258.0,313.0,197.0,189.0,198.0,142.0,212.0,206.0
9,211.0,224.0,316.0,292.0,304.0,288.0,303.0,326.0,285,315,309,306,300,251,155.0,159.0,193.0,178.0,181.0,160.0,158.0,210.0,217.0,250.0
10,172.0,218.0,305.0,301.0,311.0,303.0,212.0,301.0,305,243,300,170,212,169,163.0,170.0,169.0,183.0,165.0,162.0,169.0,177.0,170.0,171.0
11,172.0,170.0,188.0,187.0,192.0,213.0,228.0,267.0,258,235,235,219,286,298,277.0,232.0,191.0,177.0,75.0,68.0,129.0,97.0,100.0,90.0
12,85.0,109.0,170.0,147.0,127.0,112.0,110.0,120.0,127,147,145,147,113,111,117.0,126.0,143.0,127.0,137.0,,,,,
13,,,,,,,,287.0,207,240,312,318,167,129,111.0,113.0,97.0,104.0,104.0,112.0,123.0,143.0,193.0,287.0
14,270.0,290.0,243.0,237.0,253.0,193.0,180.0,187.0,217,217,253,237,177,146,130.0,135.0,124.0,117.0,124.0,131.0,150.0,160.0,180.0,177.0
15,197.0,230.0,280.0,240.0,253.0,270.0,237.0,237.0,243,319,316,293,181,152,134.0,150.0,145.0,145.0,166.0,171.0,223.0,229.0,352.0,342.0
16,360.0,349.0,306.0,304.0,325.0,307.0,312.0,318.0,315,315,335,328,272,257,170.0,166.0,167.0,161.0,178.0,199.0,265.0,306.0,,
17,,,,,,,,,310,323,364,315,213,149,123.0,119.0,109.0,111.0,109.0,126.0,146.0,318.0,166.0,172.0
18,233.0,240.0,223.0,226.0,201.0,217.0,243.0,260.0,321,336,346,315,246,186,207.0,157.0,108.0,118.0,151.0,159.0,163.0,178.0,219.0,257.0
19,280.0,250.0,193.0,146.0,137.0,131.0,131.0,149.0,141,167,318,349,368,346,324.0,293.0,180.0,137.0,116.0,147.0,257.0,314.0,328.0,342.0
20,375.0,355.0,375.0,374.0,385.0,382.0,369.0,378.0,363,358,414,404,331,332,250.0,146.0,109.0,119.0,125.0,131.0,185.0,216.0,308.0,322.0
21,348.0,341.0,340.0,353.0,331.0,327.0,344.0,361.0,363,365,358,305,150,145,137.0,146.0,135.0,140.0,115.0,123.0,157.0,230.0,287.0,325.0
22,302.0,287.0,301.0,260.0,240.0,240.0,250.0,273.0,243,306,319,223,287,193,177.0,134.0,118.0,119.0,104.0,115.0,191.0,205.0,217.0,177.0
23,273.0,312.0,293.0,270.0,273.0,273.0,223.0,233.0,237,253,302,304,200,149,135.0,126.0,119.0,126.0,118.0,142.0,197.0,250.0,310.0,314.0
24,378.0,322.0,332.0,318.0,315.0,309.0,308.0,302.0,302,316,321,324,293,185,159.0,157.0,157.0,246.0,312.0,349.0,414.0,411.0,426.0,431.0
25,407.0,396.0,410.0,358.0,341.0,340.0,334.0,335.0,336,348,409,379,340,193,250.0,334.0,402.0,304.0,226.0,293.0,346.0,421.0,438.0,439.0
26,430.0,381.0,396.0,408.0,422.0,414.0,401.0,410.0,429,435,475,469,349,341,342.0,328.0,267.0,250.0,257.0,277.0,301.0,308.0,321.0,333.0
27,332.0,352.0,344.0,340.0,340.0,345.0,342.0,341.0,336,355,410,382,92,90,,,,,,,,,,
28,,,,,,,,,363,351,392,399,370,348,307.0,243.0,248.0,263.0,187.0,302.0,371.0,335.0,375.0,375.0
29,378.0,365.0,358.0,352.0,344.0,333.0,341.0,346.0,352,359,383,357,362,352,345.0,250.0,256.0,302.0,337.0,318.0,358.0,353.0,374.0,401.0
30,373.0,477.0,420.0,396.0,388.0,388.0,378.0,371.0,379,387,405,388,373,373,253.0,253.0,250.0,302.0,310.0,331.0,342.0,356.0,353.0,370.0
31,390.0,434.0,410.0,371.0,402.0,391.0,390.0,388.0,390,382,402,397,372,325,319.0,311.0,297.0,290.0,312.0,350.0,375.0,395.0,387.0,402.0
"
"
November-2018,00:00:00,01:00:00,02:00:00,03:00:00,04:00:00,05:00:00,06:00:00,07:00:00,08:00:00,09:00:00,10:00:00,11:00:00,12:00:00,13:00:00,14:00:00,15:00:00,16:00:00,17:00:00,18:00:00,19:00:00,20:00:00,21:00:00,22:00:00,23:00:00
1,405,417,407.0,406,407,401,397.0,392.0,385.0,386.0,413.0,421.0,356.0,309.0,302.0,312.0,311.0,314.0,319,335,362,412,461,445
2,408,386,387.0,386,391,396,385.0,365.0,352.0,363.0,376.0,372.0,341.0,332.0,237.0,143.0,240.0,260.0,334,340,349,332,331,335
3,348,351,325.0,325,328,324,328.0,331.0,350.0,369.0,386.0,361.0,322.0,322.0,327.0,321.0,309.0,302.0,302,267,260,277,250,273
4,322,309,230.0,203,170,95,75.0,56.0,70.0,92.0,111.0,113.0,169.0,197.0,262.0,348.0,325.0,310.0,335,356,340,346,349,375
5,388,409,446.0,480,480,476,486.0,440.0,391.0,385.0,410.0,435.0,467.0,441.0,388.0,379.0,356.0,351.0,332,328,334,331,346,351
6,355,350,351.0,378,423,456,460.0,459.0,446.0,419.0,384.0,346.0,273.0,152.0,139.0,139.0,145.0,159.0,135,124,139,159,150,197
7,240,311,312.0,306,301,273,223.0,220.0,203.0,233.0,312.0,318.0,308.0,237.0,385.0,178.0,,167.0,114,120,145,140,280,314
8,359,369,355.0,411,418,396,431.0,408.0,404.0,395.0,382.0,354.0,328.0,308.0,257.0,304.0,312.0,335.0,366,400,378,421,430,432
9,426,420,454.0,422,429,422,423.0,418.0,416.0,416.0,437.0,464.0,442.0,361.0,310.0,309.0,302.0,309.0,304,318,316,341,358,348
10,365,373,370.0,376,410,392,398.0,404.0,397.0,387.0,410.0,464.0,467.0,370.0,391.0,366.0,365.0,348.0,356,367,423,444,436,447
11,432,434,433.0,443,431,428,407.0,420.0,435.0,414.0,421.0,434.0,392.0,362.0,260.0,161.0,163.0,193.0,193,24,305,312,332,353
12,345,352,358.0,355,356,392,443.0,456.0,420.0,404.0,435.0,429.0,359.0,312.0,260.0,213.0,230.0,223.0,213,325,448,470,472,479
13,426,426,402.0,390,384,376,378.0,384.0,414.0,434.0,500.0,463.0,404.0,362.0,332.0,314.0,267.0,302.0,308,363,371,386,379,358
14,350,341,322.0,341,328,315,,,,,,,,,,,223.0,105.0,114,133,187,277,280,270
15,297,257,180.0,120,92,123,127.0,267.0,302.0,243.0,240.0,217.0,197.0,163.0,200.0,180.0,163.0,130.0,163,240,297,312,327,342
16,365,359,348.0,356,351,346,369.0,400.0,414.0,402.0,401.0,361.0,315.0,240.0,132.0,142.0,156.0,153.0,167,200,265,313,313,308
17,306,283,265.0,252,218,213,257.0,297.0,308.0,316.0,338.0,357.0,319.0,277.0,230.0,223.0,238.0,180.0,187,277,260,311,322,348
18,338,333,335.0,325,319,316,328.0,331.0,332.0,319.0,354.0,398.0,332.0,303.0,237.0,197.0,157.0,193.0,213,200,308,325,331,337
19,338,342,332.0,342,338,340,340.0,339.0,319.0,307.0,312.0,302.0,287.0,270.0,230.0,253.0,273.0,270.0,287,308,325,331,407,355
20,361,370,375.0,378,368,369,372.0,373.0,385.0,413.0,428.0,419.0,380.0,372.0,358.0,359.0,354.0,315.0,312,352,378,450,455,449
21,450,429,449.0,441,416,407,375.0,339.0,344.0,369.0,382.0,420.0,375.0,345.0,312.0,213.0,140.0,,74,96,115,133,163,243
22,305,277,312.0,307,306,312,302.0,304.0,307.0,307.0,335.0,331.0,312.0,302.0,220.0,183.0,163.0,105.0,144,102,113,312,302,302
23,315,314,324.0,315,310,335,335.0,319.0,339.0,335.0,376.0,,,346.0,,157.0,155.0,,120,170,293,315,355,334
24,322,325,,328,311,315,310.0,314.0,324.0,328.0,315.0,277.0,150.0,127.0,123.0,123.0,119.0,107.0,86,121,162,157,197,305
25,311,303,290.0,260,197,197,180.0,177.0,150.0,193.0,273.0,302.0,302.0,250.0,207.0,205.0,207.0,133.0,166,226,237,308,306,310
26,325,318,332.0,322,332,328,312.0,319.0,320.0,320.0,335.0,365.0,348.0,,,,318.0,257.0,180,237,237,293,320,333
27,334,333,341.0,345,349,340,339.0,340.0,357.0,351.0,382.0,424.0,402.0,413.0,200.0,147.0,147.0,122.0,366,250,200,207,190,312
28,323,328,329.0,323,312,311,432.0,310.0,,,,374.0,397.0,336.0,304.0,315.0,250.0,233.0,253,277,250,332,348,345
29,323,329,342.0,342,325,325,328.0,339.0,344.0,335.0,345.0,350.0,334.0,327.0,320.0,302.0,280.0,267.0,287,307,311,332,342,372
30,368,362,357.0,358,344,332,325.0,323.0,,,,,,,,183.0,203.0,270.0,302,315,325,340,362,375
"
"
December-2018,00:00:00,01:00:00,02:00:00,03:00:00,04:00:00,05:00:00,06:00:00,07:00:00,08:00:00,09:00:00,10:00:00,11:00:00,12:00:00,13:00:00,14:00:00,15:00:00,16:00:00,17:00:00,18:00:00,19:00:00,20:00:00,21:00:00,22:00:00,23:00:00
1,373,356.0,361,345,340,328,321,320,316,306,321,318.0,318.0,302.0,193.0,143,133,109.0,105.0,120.0,135,150,243,302
2,293,290.0,297,277,297,308,302,302,312,314,350,392.0,396.0,307.0,180.0,173,185,148.0,86.0,125.0,148,148,217,183
3,230,277.0,309,315,322,309,320,332,337,335,370,382.0,336.0,309.0,178.0,199,239,203.0,177.0,217.0,163,250,320,362
4,312,337.0,329,327,329,332,321,327,324,325,369,370.0,363.0,,315.0,230,187,,96.0,93.0,177,302,312,315
5,306,331.0,321,309,309,312,335,324,338,328,359,,,,,306,260,207.0,228.0,217.0,280,270,306,305
6,316,318.0,319,321,320,318,321,305,314,325,340,388.0,426.0,371.0,368.0,304,220,187.0,270.0,253.0,315,311,351,380
7,339,367.0,362,365,336,345,342,339,328,323,320,336.0,355.0,362.0,362.0,333,321,318.0,297.0,304.0,323,336,357,368
8,336,358.0,342,339,321,329,312,293,307,315,327,351.0,363.0,353.0,312.0,304,315,319.0,305.0,306.0,342,399,386,362
9,390,378.0,380,362,361,334,345,340,351,338,332,392.0,408.0,307.0,315.0,319,301,150.0,197.0,280.0,315,388,445,401
10,405,450.0,391,378,368,398,410,420,414,419,436,460.0,431.0,384.0,366.0,339,318,318.0,315.0,362.0,400,407,403,406
11,410,395.0,395,404,400,390,380,378,376,433,411,417.0,427.0,411.0,402.0,357,375,399.0,358.0,373.0,384,399,425,417
12,410,400.0,409,408,404,424,410,454,493,463,446,385.0,382.0,339.0,213.0,123,134,147.0,110.0,95.0,167,297,303,318
13,270,344.0,305,187,123,103,104,110,127,213,217,160.0,193.0,270.0,243.0,217,197,147.0,130.0,180.0,183,290,312,315
14,308,280.0,273,240,220,193,127,95,143,213,240,293.0,312.0,325.0,170.0,123,105,86.0,93.0,157.0,213,240,310,328
15,318,319.0,308,250,237,180,213,193,230,223,260,297.0,320.0,,287.0,187,127,110.0,230.0,110.0,213,260,311,312
16,319,315.0,335,302,273,260,220,267,316,306,260,332.0,322.0,321.0,297.0,213,267,98.0,85.0,107.0,180,260,304,318
17,312,306.0,309,309,318,314,314,320,323,337,363,392.0,365.0,376.0,361.0,321,319,237.0,,143.0,193,287,345,354
18,376,362.0,365,357,335,341,348,339,334,348,365,398.0,378.0,345.0,328.0,306,253,253.0,243.0,243.0,314,348,356,355
19,345,350.0,342,332,315,319,310,253,319,316,333,346.0,331.0,,297.0,297,310,316.0,325.0,,317,327,336,348
20,339,330.0,338,343,327,305,280,262,318,365,407,431.0,424.0,422.0,,305,314,315.0,302.0,260.0,305,318,332,341
21,333,336.0,357,358,334,346,348,352,336,328,346,372.0,407.0,362.0,342.0,329,333,307.0,287.0,309.0,315,358,383,358
22,362,372.0,378,325,322,325,319,310,318,320,340,362.0,392.0,393.0,342.0,348,342,342.0,324.0,322.0,325,370,414,385
23,421,431.0,441,472,457,450,424,416,416,451,462,439.0,452.0,403.0,387.0,358,348,350.0,358.0,365.0,383,450,404,425
24,443,434.0,434,437,410,420,449,425,414,414,440,465.0,500.0,500.0,453.0,404,342,345.0,336.0,345.0,386,383,386,410
25,417,413.0,387,358,351,327,311,297,273,260,277,312.0,358.0,434.0,449.0,388,361,363.0,384.0,396.0,410,407,407,387
26,373,359.0,319,312,293,257,237,305,193,306,314,314.0,92.0,340.0,334.0,312,307,250.0,233.0,237.0,301,341,382,363
27,358,376.0,408,411,392,405,435,424,438,416,454,434.0,73.0,324.0,213.0,160,203,325.0,314.0,318.0,333,358,382,395
28,417,408.0,393,373,371,390,382,349,325,316,338,333.0,405.0,420.0,418.0,378,332,333.0,319.0,327.0,327,358,392,397
29,379,378.0,369,344,328,323,311,287,302,304,314,323.0,328.0,322.0,321.0,250,257,223.0,250.0,237.0,316,332,365,378
30,372,370.0,372,357,351,348,344,338,344,329,374,391.0,387.0,352.0,325.0,301,237,200.0,187.0,311.0,223,250,309,348
31,402,,375,383,376,375,384,327,327,366,342,460.0,500.0,463.0,384.0,287,267,217.0,200.0,213.0,273,315,348,337
"
"
Year,2019
January-2019,00:00:00,01:00:00,02:00:00,03:00:00,04:00:00,05:00:00,06:00:00,07:00:00,08:00:00,09:00:00,10:00:00,11:00:00,12:00:00,13:00:00,14:00:00,15:00:00,16:00:00,17:00:00,18:00:00,19:00:00,20:00:00,21:00:00,22:00:00,23:00:00
1,350,348.0,361.0,356.0,355.0,348.0,348.0,342.0,325,350,346,376.0,376.0,352.0,315.0,312.0,315,328,333,332,382,453,413,422
2,439,443.0,426.0,421.0,420.0,411.0,417.0,426.0,437,447,451,474.0,447.0,375.0,372.0,345.0,337,348,348,345,363,395,426,378
3,388,407.0,410.0,404.0,419.0,376.0,375.0,351.0,349,319,421,315.0,339.0,361.0,419.0,411.0,382,361,375,398,413,428,444,444
4,359,328.0,324.0,267.0,260.0,290.0,253.0,223.0,217,213,187,233.0,240.0,312.0,338.0,365.0,379,382,366,375,354,344,375,388
5,437,480.0,500.0,500.0,474.0,486.0,466.0,446.0,431,433,396,396.0,408.0,401.0,342.0,223.0,243,297,311,318,348,358,384,402
6,406,388.0,368.0,373.0,388.0,437.0,355.0,297.0,213,143,143,170.0,302.0,320.0,307.0,301.0,318,309,207,180,177,230,217,217
7,290,287.0,250.0,237.0,123.0,147.0,200.0,170.0,170,180,200,207.0,297.0,348.0,407.0,318.0,332,273,237,207,237,311,366,388
8,349,341.0,332.0,325.0,230.0,213.0,240.0,230.0,243,302,314,325.0,375.0,380.0,336.0,293.0,250,237,223,290,351,401,418,410
9,414,413.0,407.0,359.0,357.0,375.0,358.0,339.0,318,324,396,335.0,280.0,207.0,197.0,133.0,111,92,78,88,237,357,362,365
10,348,321.0,308.0,277.0,257.0,270.0,213.0,217.0,280,293,277,302.0,319.0,311.0,297.0,217.0,130,89,102,171,157,163,267,312
11,280,352.0,366.0,332.0,359.0,366.0,382.0,372.0,348,383,418,444.0,439.0,399.0,312.0,310.0,331,355,325,287,328,367,367,426
12,410,407.0,407.0,418.0,401.0,404.0,421.0,434.0,409,414,405,424.0,463.0,452.0,358.0,328.0,332,323,308,297,308,316,405,413
13,391,407.0,440.0,441.0,418.0,434.0,416.0,437.0,440,444,500,456.0,456.0,420.0,392.0,382.0,366,362,391,397,401,414,365,342
14,250,220.0,230.0,177.0,177.0,127.0,143.0,287.0,267,253,345,339.0,187.0,120.0,119.0,127.0,104,99,92,97,315,344,363,345
15,339,362.0,370.0,348.0,353.0,329.0,311.0,223.0,183,223,183,302.0,302.0,250.0,197.0,177.0,127,120,133,233,307,312,344,351
16,352,345.0,328.0,321.0,314.0,311.0,305.0,287.0,277,303,307,340.0,392.0,432.0,366.0,358.0,318,312,331,335,333,385,382,413
17,414,388.0,406.0,462.0,500.0,500.0,500.0,500.0,500,490,492,500.0,500.0,437.0,460.0,465.0,464,437,443,378,388,426,423,423
18,417,410.0,353.0,310.0,319.0,280.0,290.0,181.0,202,159,193,243.0,332.0,376.0,388.0,378.0,345,328,306,306,306,308,350,331
19,338,,,,,,,314.0,304,303,303,351.0,342.0,342.0,307.0,217.0,213,157,207,200,200,357,425,496
20,460,450.0,446.0,456.0,443.0,443.0,437.0,429.0,420,420,450,451.0,405.0,332.0,293.0,125.0,129,109,105,107,119,253,316,354
21,356,350.0,344.0,337.0,328.0,312.0,339.0,359.0,352,336,328,315.0,304.0,243.0,241.0,243.0,200,150,123,96,97,99,87,95
22,83,89.0,93.0,100.0,100.0,120.0,92.0,70.0,70,81,56,58.0,116.0,130.0,142.0,143.0,105,97,170,197,250,183,170,127
23,113,133.0,97.0,87.0,75.0,95.0,59.0,95.0,93,87,80,80.0,113.0,150.0,203.0,337.0,314,320,308,270,312,344,323,257
24,233,220.0,243.0,213.0,277.0,312.0,308.0,319.0,325,316,318,353.0,356.0,359.0,375.0,349.0,402,355,312,290,213,88,95,85
25,180,74.0,46.0,47.0,70.0,87.0,97.0,143.0,130,170,200,257.0,348.0,308.0,273.0,290.0,187,171,159,230,203,240,270,305
26,287,272.0,264.0,257.0,202.0,223.0,252.0,280.0,183,125,115,337.0,348.0,219.0,238.0,243.0,247,214,143,92,85,333,358,332
27,321,310.0,321.0,36.0,101.0,78.0,83.0,,53,55,73,,,,,,225,223,187,103,177,287,325,384
28,420,402.0,383.0,352.0,369.0,345.0,342.0,339.0,337,325,372,395.0,327.0,254.0,147.0,91.0,87,253,191,167,250,302,237,306
29,368,374.0,365.0,380.0,391.0,372.0,331.0,312.0,306,328,341,386.0,373.0,311.0,163.0,120.0,77,268,195,101,87,133,321,354
30,378,414.0,387.0,350.0,307.0,301.0,301.0,302.0,267,297,315,328.0,350.0,,328.0,,170,279,184,130,180,309,320,328
31,384,371.0,373.0,365.0,397.0,426.0,500.0,489.0,459,423,447,401.0,316.0,240.0,240.0,213.0,180,130,160,160,230,307,321,311
"
"
February-2019,00:00:00,01:00:00,02:00:00,03:00:00,04:00:00,05:00:00,06:00:00,07:00:00,08:00:00,09:00:00,10:00:00,11:00:00,12:00:00,13:00:00,14:00:00,15:00:00,16:00:00,17:00:00,18:00:00,19:00:00,20:00:00,21:00:00,22:00:00,23:00:00
1,309.0,311.0,318.0,312.0,309.0,308.0,319.0,318.0,311.0,331.0,328.0,340.0,408.0,426.0,384.0,392.0,378.0,380.0,378.0,375.0,368.0,364.0,351.0,342.0
2,345.0,356.0,349.0,332.0,308.0,273.0,253.0,240.0,250.0,273.0,302.0,348.0,391.0,398.0,396.0,396.0,391.0,379.0,370.0,349.0,336.0,325.0,320.0,358.0
3,304.0,304.0,305.0,273.0,217.0,187.0,157.0,130.0,167.0,150.0,133.0,149.0,180.0,321.0,346.0,354.0,346.0,328.0,316.0,315.0,277.0,293.0,220.0,147.0
4,213.0,163.0,167.0,167.0,147.0,140.0,98.0,75.0,63.0,92.0,143.0,143.0,150.0,203.0,213.0,267.0,,,170.0,97.0,110.0,193.0,230.0,217.0
5,273.0,273.0,287.0,277.0,321.0,348.0,416.0,456.0,440.0,432.0,420.0,424.0,382.0,336.0,334.0,310.0,273.0,320.0,315.0,312.0,314.0,322.0,324.0,329.0
6,334.0,365.0,354.0,348.0,361.0,357.0,349.0,344.0,342.0,339.0,341.0,359.0,328.0,253.0,237.0,237.0,213.0,220.0,163.0,127.0,160.0,217.0,312.0,309.0
7,233.0,253.0,163.0,133.0,123.0,103.0,93.0,88.0,95.0,95.0,80.0,93.0,99.0,109.0,97.0,98.0,115.0,111.0,92.0,99.0,79.0,68.0,85.0,149.0
8,239.0,189.0,138.0,108.0,92.0,81.0,62.0,48.0,76.0,85.0,170.0,329.0,320.0,260.0,138.0,131.0,130.0,128.0,95.0,69.0,113.0,223.0,253.0,217.0
9,250.0,342.0,348.0,325.0,328.0,323.0,301.0,309.0,312.0,302.0,321.0,270.0,157.0,150.0,141.0,148.0,150.0,144.0,99.0,80.0,92.0,253.0,312.0,273.0
10,303.0,270.0,280.0,290.0,220.0,217.0,147.0,157.0,143.0,203.0,303.0,277.0,303.0,243.0,217.0,147.0,155.0,130.0,120.0,108.0,273.0,312.0,315.0,302.0
11,302.0,293.0,312.0,325.0,309.0,327.0,311.0,250.0,237.0,250.0,290.0,358.0,370.0,322.0,176.0,195.0,243.0,237.0,187.0,302.0,270.0,293.0,270.0,250.0
12,267.0,302.0,280.0,260.0,328.0,312.0,308.0,334.0,318.0,327.0,342.0,456.0,392.0,335.0,305.0,302.0,314.0,314.0,315.0,324.0,332.0,368.0,414.0,408.0
13,404.0,387.0,370.0,379.0,362.0,358.0,334.0,341.0,345.0,338.0,361.0,419.0,433.0,355.0,311.0,207.0,203.0,302.0,301.0,301.0,312.0,328.0,351.0,380.0
14,372.0,358.0,353.0,384.0,382.0,351.0,335.0,359.0,358.0,332.0,310.0,303.0,312.0,321.0,320.0,328.0,306.0,303.0,306.0,277.0,267.0,308.0,280.0,267.0
15,260.0,230.0,302.0,163.0,133.0,107.0,107.0,120.0,133.0,120.0,250.0,302.0,365.0,349.0,310.0,314.0,311.0,59.0,327.0,301.0,305.0,323.0,314.0,302.0
16,287.0,200.0,237.0,160.0,293.0,329.0,310.0,306.0,316.0,277.0,308.0,267.0,306.0,315.0,293.0,280.0,233.0,220.0,193.0,180.0,230.0,324.0,344.0,362.0
17,365.0,163.0,223.0,306.0,137.0,170.0,127.0,135.0,117.0,122.0,117.0,250.0,319.0,220.0,133.0,137.0,138.0,121.0,92.0,113.0,197.0,203.0,287.0,280.0
18,260.0,302.0,273.0,250.0,233.0,310.0,302.0,315.0,290.0,304.0,303.0,348.0,310.0,126.0,,,140.0,118.0,121.0,123.0,119.0,187.0,217.0,193.0
19,167.0,183.0,243.0,183.0,116.0,115.0,107.0,107.0,74.0,88.0,197.0,344.0,353.0,304.0,233.0,220.0,203.0,183.0,167.0,193.0,207.0,324.0,355.0,357.0
20,416.0,436.0,414.0,410.0,392.0,378.0,332.0,324.0,328.0,344.0,213.0,160.0,130.0,130.0,97.0,82.0,72.0,63.0,79.0,77.0,103.0,100.0,92.0,103.0
21,90.0,85.0,86.0,80.0,79.0,73.0,66.0,116.0,115.0,163.0,220.0,127.0,133.0,137.0,115.0,118.0,113.0,119.0,119.0,119.0,127.0,142.0,162.0,155.0
22,150.0,213.0,304.0,213.0,280.0,213.0,130.0,110.0,97.0,87.0,95.0,67.0,120.0,87.0,70.0,75.0,85.0,91.0,76.0,58.0,51.0,87.0,140.0,95.0
23,267.0,193.0,253.0,322.0,333.0,350.0,323.0,311.0,253.0,316.0,325.0,277.0,102.0,114.0,119.0,119.0,,110.0,95.0,68.0,62.0,102.0,143.0,133.0
24,177.0,237.0,365.0,277.0,245.0,323.0,364.0,367.0,373.0,369.0,344.0,250.0,,,,,,,,,,,,
25,,,,,,,,,,,,,,223.0,222.0,,210.0,180.0,,144.0,107.0,93.0,74.0,55.0
26,74.0,,,,,,,,,157.0,270.0,277.0,187.0,105.0,123.0,94.0,147.0,,109.0,118.0,80.0,76.0,95.0,115.0
27,120.0,58.0,63.0,180.0,207.0,243.0,307.0,160.0,93.0,140.0,150.0,177.0,80.0,,,,,,,,,,,
28,,,,,,,,,,,,,,,,,,,,,,117.0,223.0,
"
"
March-2019,00:00:00,01:00:00,02:00:00,03:00:00,04:00:00,05:00:00,06:00:00,07:00:00,08:00:00,09:00:00,10:00:00,11:00:00,12:00:00,13:00:00,14:00:00,15:00:00,16:00:00,17:00:00,18:00:00,19:00:00,20:00:00,21:00:00,22:00:00,23:00:00
1,327.0,330.0,320,318.0,318,311.0,305.0,248.0,228.0,,260,319.0,143.0,115.0,,129.0,156.0,134.0,123.0,90,72,111.0,197,303.0
2,,270.0,380,375.0,363,357.0,338.0,318.0,306.0,323.0,385,,340.0,,,82.0,87.0,193.0,130.0,150,187,167.0,80,78.0
3,87.0,83.0,106,107.0,163,203.0,167.0,,163.0,130.0,87,92.0,,80.0,88.0,101.0,96.0,99.0,94.0,92,80,187.0,193,197.0
4,111.0,220.0,253,302.0,302,220.0,193.0,203.0,187.0,123.0,103,123.0,287.0,250.0,280.0,187.0,130.0,120.0,93.0,73,74,,123,127.0
5,,95.0,113,301.0,280,240.0,,,72.0,95.0,143,267.0,187.0,85.0,88.0,96.0,108.0,122.0,108.0,70,43,,170,85.0
6,140.0,197.0,260,305.0,310,277.0,304.0,170.0,163.0,153.0,230,,130.0,118.0,120.0,122.0,119.0,,122.0,86,102,123.0,146,
7,200.0,203.0,318,280.0,287,223.0,237.0,,243.0,193.0,311,308.0,142.0,,,159.0,142.0,146.0,,89,73,135.0,143,213.0
8,280.0,,253,250.0,273,,,321.0,309.0,312.0,332,320.0,,110.0,,,,173.0,151.0,110,135,152.0,177,280.0
9,302.0,160.0,192,208.0,306,334.0,324.0,230.0,193.0,213.0,253,260.0,237.0,118.0,117.0,119.0,137.0,125.0,104.0,73,69,114.0,118,200.0
10,150.0,177.0,197,,163,260.0,270.0,301.0,310.0,315.0,362,290.0,203.0,177.0,154.0,157.0,160.0,162.0,139.0,106,88,114.0,149,193.0
11,230.0,240.0,250,304.0,220,230.0,230.0,183.0,163.0,170.0,153,196.0,270.0,215.0,182.0,165.0,166.0,154.0,121.0,119,117,75.0,78,133.0
12,240.0,287.0,290,177.0,143,133.0,183.0,267.0,257.0,187.0,373,327.0,217.0,168.0,135.0,138.0,105.0,115.0,101.0,111,120,129.0,200,230.0
13,197.0,301.0,304,270.0,233,301.0,217.0,277.0,328.0,369.0,345,325.0,309.0,151.0,197.0,200.0,169.0,199.0,190.0,194,171,211.0,210,235.0
14,267.0,321.0,322,340.0,352,355.0,339.0,357.0,378.0,402.0,401,348.0,315.0,302.0,160.0,109.0,82.0,74.0,72.0,62,67,75.0,96,213.0
15,267.0,318.0,329,293.0,230,217.0,180.0,143.0,147.0,149.0,146,230.0,157.0,129.0,125.0,118.0,118.0,112.0,102.0,73,66,72.0,102,112.0
16,127.0,304.0,302,307.0,309,312.0,293.0,270.0,267.0,325.0,348,338.0,213.0,139.0,134.0,135.0,145.0,142.0,142.0,88,107,123.0,133,187.0
17,183.0,253.0,257,312.0,303,325.0,379.0,361.0,328.0,273.0,358,332.0,170.0,140.0,136.0,141.0,152.0,154.0,143.0,110,79,111.0,137,197.0
18,280.0,315.0,338,328.0,318,328.0,323.0,309.0,293.0,270.0,356,312.0,155.0,78.0,157.0,150.0,152.0,151.0,141.0,106,95,134.0,150,213.0
19,233.0,290.0,302,260.0,260,293.0,312.0,319.0,273.0,200.0,277,197.0,145.0,147.0,121.0,132.0,101.0,103.0,124.0,83,118,167.0,244,179.0
20,187.0,183.0,203,197.0,220,240.0,290.0,250.0,260.0,304.0,153,153.0,140.0,166.0,141.0,137.0,115.0,126.0,137.0,151,145,197.0,297,329.0
21,341.0,332.0,328,314.0,303,302.0,302.0,316.0,338.0,339.0,392,345.0,257.0,170.0,176.0,169.0,158.0,154.0,141.0,91,92,140.0,170,243.0
22,193.0,253.0,98,77.0,70,64.0,75.0,96.0,270.0,287.0,312,108.0,119.0,134.0,136.0,130.0,126.0,132.0,131.0,106,83,80.0,83,150.0
23,217.0,277.0,333,312.0,328,345.0,351.0,328.0,320.0,310.0,311,135.0,150.0,148.0,142.0,133.0,137.0,132.0,121.0,88,105,129.0,89,183.0
24,230.0,97.0,93,73.0,80,150.0,304.0,203.0,101.0,180.0,220,183.0,140.0,115.0,120.0,136.0,125.0,122.0,100.0,92,84,89.0,81,88.0
25,84.0,77.0,110,257.0,303,361.0,329.0,312.0,340.0,340.0,308,193.0,110.0,108.0,138.0,125.0,118.0,106.0,97.0,83,85,85.0,103,180.0
26,297.0,203.0,213,180.0,230,334.0,386.0,382.0,398.0,404.0,379,250.0,128.0,138.0,143.0,143.0,144.0,156.0,135.0,102,109,94.0,117,141.0
27,143.0,170.0,147,123.0,147,327.0,293.0,150.0,103.0,243.0,200,125.0,159.0,161.0,153.0,161.0,168.0,157.0,144.0,86,78,134.0,147,193.0
28,203.0,207.0,160,267.0,193,200.0,187.0,130.0,157.0,306.0,309,151.0,155.0,163.0,179.0,182.0,160.0,132.0,119.0,132,112,162.0,177,223.0
29,213.0,312.0,304,,315,,,,,348.0,342,223.0,180.0,215.0,184.0,234.0,159.0,111.0,127.0,88,143,301.0,287,213.0
30,280.0,213.0,207,213.0,237,260.0,260.0,306.0,316.0,357.0,355,277.0,131.0,254.0,238.0,208.0,247.0,144.0,122.0,131,217,145.0,159,167.0
31,157.0,193.0,250,260.0,306,340.0,180.0,197.0,167.0,200.0,267,163.0,140.0,146.0,145.0,144.0,152.0,149.0,129.0,95,101,111.0,257,270.0
"
"
April-2019,00:00:00,01:00:00,02:00:00,03:00:00,04:00:00,05:00:00,06:00:00,07:00:00,08:00:00,09:00:00,10:00:00,11:00:00,12:00:00,13:00:00,14:00:00,15:00:00,16:00:00,17:00:00,18:00:00,19:00:00,20:00:00,21:00:00,22:00:00,23:00:00
1,137,115,103.0,96.0,328.0,217.0,111.0,170,253.0,327,290.0,139.0,151.0,153.0,162.0,180.0,170.0,164.0,155.0,121.0,114.0,139.0,109.0,107.0
2,121,113,135.0,315.0,325.0,309.0,250.0,177,207.0,290,318.0,193.0,201.0,211.0,208.0,191.0,189.0,186.0,195.0,157.0,117.0,131.0,167.0,220.0
3,145,243,217.0,350.0,348.0,315.0,193.0,150,,273,220.0,158.0,182.0,173.0,175.0,172.0,176.0,190.0,158.0,150.0,77.0,125.0,178.0,168.0
4,213,200,267.0,230.0,243.0,267.0,230.0,213,217.0,267,325.0,247.0,260.0,260.0,246.0,255.0,215.0,181.0,189.0,173.0,118.0,220.0,287.0,240.0
5,217,223,270.0,277.0,318.0,297.0,323.0,320,319.0,352,384.0,277.0,260.0,269.0,125.0,119.0,113.0,176.0,196.0,114.0,105.0,140.0,141.0,193.0
6,187,342,298.0,249.0,202.0,181.0,209.0,243,280.0,325,328.0,217.0,195.0,179.0,171.0,166.0,155.0,146.0,146.0,135.0,153.0,184.0,212.0,81.0
7,223,219,295.0,328.0,418.0,417.0,383.0,362,385.0,414,325.0,287.0,,223.0,257.0,213.0,197.0,183.0,167.0,155.0,167.0,407.0,492.0,500.0
8,441,148,118.0,109.0,127.0,107.0,105.0,109,113.0,155,239.0,384.0,403.0,356.0,274.0,209.0,259.0,265.0,107.0,103.0,78.0,87.0,113.0,116.0
9,121,102,92.0,87.0,101.0,140.0,95.0,127,167.0,197,257.0,143.0,190.0,246.0,65.0,57.0,68.0,255.0,278.0,187.0,111.0,107.0,177.0,150.0
10,167,180,253.0,223.0,349.0,324.0,315.0,339,391.0,409,384.0,196.0,233.0,228.0,163.0,180.0,165.0,164.0,137.0,86.0,76.0,54.0,100.0,157.0
11,92,133,87.0,75.0,103.0,107.0,127.0,177,157.0,270,306.0,193.0,233.0,176.0,154.0,156.0,154.0,144.0,134.0,63.0,50.0,58.0,98.0,297.0
12,170,315,280.0,183.0,267.0,308.0,160.0,167,123.0,73,80.0,106.0,156.0,185.0,215.0,,126.0,137.0,129.0,110.0,84.0,70.0,85.0,92.0
13,223,105,135.0,168.0,205.0,,304.0,312,322.0,382,405.0,267.0,137.0,139.0,129.0,119.0,,,,,,,75.0,67.0
14,63,73,157.0,140.0,140.0,123.0,73.0,70,180.0,333,140.0,92.0,101.0,109.0,122.0,124.0,120.0,124.0,118.0,98.0,61.0,48.0,97.0,110.0
15,88,103,68.0,107.0,83.0,78.0,80.0,88,160.0,323,253.0,114.0,105.0,100.0,102.0,123.0,274.0,129.0,121.0,115.0,147.0,216.0,309.0,262.0
16,251,270,318.0,425.0,185.0,153.0,115.0,79,67.0,70,83.0,91.0,100.0,93.0,114.0,146.0,144.0,113.0,121.0,105.0,58.0,80.0,63.0,82.0
17,70,70,66.0,69.0,67.0,51.0,39.0,39,41.0,67,84.0,95.0,90.0,106.0,120.0,133.0,122.0,,44.0,60.0,40.0,41.0,54.0,50.0
18,45,39,52.0,77.0,52.0,41.0,46.0,72,69.0,77,77.0,95.0,147.0,193.0,174.0,174.0,164.0,154.0,160.0,140.0,71.0,80.0,95.0,99.0
19,101,134,,311.0,308.0,273.0,250.0,290,371.0,385,322.0,141.0,152.0,160.0,169.0,168.0,173.0,175.0,175.0,142.0,95.0,100.0,127.0,170.0
20,119,101,123.0,143.0,107.0,160.0,113.0,140,200.0,306,323.0,223.0,178.0,179.0,185.0,186.0,198.0,215.0,211.0,176.0,130.0,90.0,105.0,85.0
21,109,133,116.0,143.0,193.0,220.0,223.0,270,304.0,319,161.0,189.0,186.0,184.0,186.0,189.0,182.0,185.0,169.0,161.0,119.0,199.0,223.0,189.0
22,474,336,345.0,333.0,309.0,305.0,305.0,297,328.0,348,355.0,237.0,279.0,95.0,246.0,200.0,215.0,211.0,207.0,158.0,115.0,152.0,238.0,403.0
23,306,260,273.0,267.0,230.0,257.0,287.0,237,240.0,352,358.0,267.0,195.0,191.0,199.0,181.0,173.0,167.0,174.0,148.0,119.0,143.0,422.0,443.0
24,194,179,181.0,172.0,176.0,183.0,170.0,175,,84,223.0,210.0,235.0,177.0,35.0,154.0,141.0,135.0,146.0,140.0,155.0,205.0,309.0,154.0
25,410,368,266.0,278.0,267.0,223.0,171.0,178,199.0,179,185.0,194.0,197.0,270.0,192.0,191.0,163.0,170.0,141.0,168.0,301.0,224.0,163.0,133.0
26,149,135,179.0,,,,,194,61.0,335,316.0,293.0,263.0,165.0,154.0,157.0,149.0,146.0,153.0,151.0,167.0,,,
27,341,292,250.0,220.0,188.0,208.0,227.0,267,,315,180.0,200.0,232.0,193.0,197.0,202.0,190.0,183.0,178.0,185.0,163.0,406.0,403.0,293.0
28,248,224,235.0,230.0,219.0,194.0,209.0,321,349.0,399,301.0,204.0,186.0,183.0,156.0,175.0,146.0,141.0,171.0,140.0,172.0,183.0,305.0,249.0
29,293,273,252.0,308.0,304.0,267.0,261.0,271,319.0,319,327.0,297.0,160.0,157.0,158.0,178.0,164.0,160.0,168.0,140.0,129.0,177.0,204.0,223.0
30,276,303,260.0,207.0,187.0,197.0,290.0,307,197.0,293,,,,,,,,,,90.0,134.0,157.0,167.0,259.0
"
"
May-2019,00:00:00,01:00:00,02:00:00,03:00:00,04:00:00,05:00:00,06:00:00,07:00:00,08:00:00,09:00:00,10:00:00,11:00:00,12:00:00,13:00:00,14:00:00,15:00:00,16:00:00,17:00:00,18:00:00,19:00:00,20:00:00,21:00:00,22:00:00,23:00:00
1,224.0,230.0,238.0,284.0,270.0,277.0,267.0,306.0,344.0,240.0,240.0,185.0,250.0,217.0,197.0,271.0,175.0,188.0,144.0,114.0,107.0,155.0,189.0,159.0
2,202.0,241.0,325.0,384.0,302.0,165.0,140.0,134.0,137.0,141.0,159.0,171.0,235.0,156.0,172.0,219.0,195.0,234.0,179.0,472.0,142.0,122.0,90.0,124.0
3,133.0,115.0,99.0,88.0,81.0,58.0,73.0,96.0,139.0,61.0,70.0,183.0,135.0,103.0,84.0,90.0,91.0,101.0,111.0,169.0,69.0,64.0,66.0,79.0
4,71.0,127.0,220.0,290.0,321.0,240.0,120.0,187.0,217.0,315.0,320.0,230.0,174.0,173.0,187.0,,,,,,,,,
5,,,,,,,,,,,,,,,,,,,,,,,,
6,,,,,,,,,,,,293.0,277.0,221.0,237.0,215.0,219.0,205.0,205.0,179.0,124.0,123.0,217.0,249.0
7,237.0,287.0,348.0,374.0,350.0,332.0,325.0,306.0,303.0,306.0,157.0,199.0,384.0,224.0,426.0,334.0,391.0,336.0,200.0,153.0,145.0,,,
8,197.0,332.0,359.0,379.0,390.0,378.0,365.0,338.0,,,,,,,325.0,244.0,201.0,202.0,104.0,153.0,233.0,239.0,303.0,341.0
9,390.0,407.0,384.0,302.0,334.0,301.0,210.0,166.0,159.0,192.0,421.0,453.0,426.0,423.0,402.0,279.0,168.0,200.0,195.0,,,159.0,152.0,500.0
10,388.0,346.0,290.0,325.0,337.0,240.0,240.0,134.0,157.0,204.0,193.0,157.0,193.0,167.0,164.0,147.0,153.0,139.0,141.0,123.0,500.0,292.0,101.0,140.0
11,63.0,68.0,100.0,101.0,147.0,233.0,372.0,424.0,406.0,365.0,290.0,197.0,171.0,154.0,149.0,145.0,181.0,211.0,231.0,193.0,237.0,302.0,,354.0
12,383.0,414.0,443.0,487.0,500.0,456.0,500.0,431.0,451.0,418.0,500.0,429.0,432.0,385.0,289.0,179.0,191.0,221.0,253.0,235.0,203.0,314.0,327.0,339.0
13,386.0,405.0,419.0,424.0,414.0,410.0,425.0,432.0,427.0,375.0,371.0,383.0,310.0,293.0,183.0,266.0,240.0,271.0,169.0,352.0,119.0,,,
14,30.0,147.0,77.0,70.0,78.0,80.0,75.0,85.0,243.0,147.0,220.0,130.0,130.0,147.0,120.0,80.0,120.0,92.0,77.0,78.0,103.0,127.0,170.0,308.0
15,304.0,253.0,240.0,207.0,280.0,277.0,233.0,213.0,260.0,328.0,103.0,98.0,113.0,112.0,126.0,152.0,163.0,138.0,158.0,121.0,83.0,126.0,140.0,167.0
16,158.0,148.0,132.0,120.0,318.0,376.0,443.0,500.0,328.0,80.0,71.0,80.0,101.0,134.0,141.0,174.0,147.0,192.0,161.0,149.0,126.0,149.0,180.0,250.0
17,287.0,280.0,297.0,303.0,302.0,237.0,257.0,424.0,265.0,215.0,298.0,213.0,177.0,129.0,135.0,125.0,91.0,85.0,,,,,81.0,
18,,,,,,,,1.0,,,,,,35.0,,,,,164.0,150.0,94.0,110.0,120.0,207.0
19,358.0,354.0,230.0,312.0,322.0,321.0,328.0,340.0,365.0,385.0,230.0,193.0,226.0,255.0,261.0,258.0,235.0,192.0,197.0,181.0,128.0,93.0,183.0,322.0
20,362.0,331.0,342.0,362.0,437.0,395.0,329.0,345.0,349.0,372.0,368.0,315.0,237.0,216.0,186.0,,,204.0,168.0,159.0,105.0,117.0,117.0,98.0
21,207.0,170.0,103.0,95.0,103.0,95.0,103.0,160.0,200.0,338.0,328.0,211.0,240.0,241.0,209.0,192.0,199.0,227.0,187.0,139.0,103.0,107.0,86.0,85.0
22,77.0,83.0,93.0,85.0,103.0,80.0,78.0,75.0,107.0,101.0,101.0,117.0,142.0,133.0,161.0,157.0,141.0,147.0,140.0,109.0,78.0,92.0,114.0,138.0
23,107.0,104.0,87.0,270.0,280.0,253.0,200.0,250.0,143.0,150.0,200.0,163.0,182.0,223.0,114.0,143.0,127.0,115.0,234.0,500.0,82.0,,63.0,57.0
24,70.0,73.0,70.0,80.0,77.0,94.0,180.0,287.0,287.0,143.0,121.0,105.0,197.0,171.0,80.0,115.0,136.0,126.0,123.0,118.0,90.0,63.0,73.0,87.0
25,147.0,180.0,233.0,342.0,337.0,133.0,97.0,102.0,114.0,127.0,126.0,142.0,158.0,162.0,164.0,169.0,176.0,172.0,164.0,151.0,100.0,86.0,101.0,92.0
26,109.0,97.0,127.0,250.0,203.0,217.0,193.0,315.0,314.0,316.0,217.0,181.0,169.0,166.0,182.0,194.0,198.0,188.0,185.0,174.0,118.0,99.0,113.0,146.0
27,177.0,220.0,217.0,220.0,293.0,315.0,316.0,220.0,130.0,270.0,197.0,266.0,235.0,199.0,180.0,,172.0,171.0,194.0,171.0,121.0,94.0,94.0,123.0
28,150.0,180.0,237.0,163.0,177.0,223.0,311.0,250.0,200.0,316.0,193.0,189.0,195.0,197.0,208.0,215.0,219.0,212.0,212.0,186.0,141.0,119.0,114.0,125.0
29,127.0,129.0,183.0,250.0,303.0,217.0,107.0,100.0,123.0,267.0,213.0,256.0,255.0,214.0,206.0,193.0,182.0,187.0,188.0,177.0,109.0,94.0,115.0,131.0
30,134.0,170.0,167.0,140.0,257.0,273.0,237.0,193.0,200.0,277.0,177.0,257.0,242.0,188.0,154.0,153.0,158.0,178.0,180.0,160.0,104.0,107.0,115.0,116.0
31,165.0,261.0,193.0,240.0,215.0,213.0,175.0,171.0,156.0,251.0,320.0,274.0,228.0,,210.0,198.0,174.0,159.0,153.0,124.0,139.0,135.0,146.0,145.0
"
"
June-2019,00:00:00,01:00:00,02:00:00,03:00:00,04:00:00,05:00:00,06:00:00,07:00:00,08:00:00,09:00:00,10:00:00,11:00:00,12:00:00,13:00:00,14:00:00,15:00:00,16:00:00,17:00:00,18:00:00,19:00:00,20:00:00,21:00:00,22:00:00,23:00:00
1,135.0,135.0,150.0,131.0,123.0,118.0,118.0,118.0,117.0,160.0,157.0,124.0,158.0,171.0,146.0,143.0,153.0,164.0,150.0,104.0,182.0,197.0,190.0,185.0
2,199.0,177.0,159.0,149.0,133.0,127.0,122.0,119.0,123.0,133.0,141.0,140.0,158.0,201.0,249.0,120.0,123.0,137.0,139.0,153.0,247.0,161.0,170.0,160.0
3,161.0,155.0,237.0,180.0,127.0,120.0,129.0,133.0,163.0,178.0,228.0,270.0,355.0,290.0,259.0,259.0,257.0,255.0,201.0,179.0,164.0,163.0,141.0,135.0
4,120.0,111.0,102.0,100.0,99.0,109.0,120.0,112.0,104.0,105.0,153.0,163.0,177.0,200.0,241.0,141.0,129.0,127.0,129.0,213.0,145.0,138.0,150.0,177.0
5,159.0,141.0,142.0,147.0,130.0,140.0,140.0,133.0,113.0,133.0,150.0,184.0,254.0,141.0,140.0,126.0,124.0,129.0,131.0,182.0,124.0,133.0,229.0,172.0
6,163.0,127.0,140.0,120.0,120.0,107.0,110.0,114.0,133.0,160.0,200.0,100.0,134.0,130.0,163.0,180.0,164.0,172.0,171.0,161.0,132.0,300.0,152.0,130.0
7,103.0,98.0,113.0,84.0,80.0,77.0,65.0,60.0,85.0,106.0,143.0,182.0,236.0,268.0,133.0,135.0,145.0,149.0,142.0,258.0,183.0,136.0,105.0,117.0
8,147.0,123.0,138.0,150.0,133.0,170.0,163.0,167.0,203.0,167.0,191.0,213.0,245.0,237.0,220.0,191.0,187.0,184.0,196.0,179.0,110.0,109.0,118.0,115.0
9,129.0,123.0,120.0,160.0,270.0,273.0,293.0,257.0,237.0,312.0,332.0,237.0,238.0,224.0,180.0,197.0,195.0,188.0,198.0,198.0,170.0,,135.0,125.0
10,120.0,140.0,193.0,150.0,160.0,157.0,147.0,180.0,197.0,223.0,188.0,,,,,,,,,,,,,
11,,,,,,,,,,,,,,,279.0,103.0,113.0,125.0,133.0,127.0,134.0,278.0,190.0,135.0
12,179.0,206.0,181.0,159.0,155.0,103.0,97.0,85.0,108.0,163.0,312.0,405.0,400.0,222.0,178.0,198.0,204.0,198.0,179.0,153.0,500.0,320.0,107.0,304.0
13,348.0,58.0,181.0,160.0,142.0,131.0,129.0,135.0,170.0,197.0,174.0,124.0,141.0,141.0,151.0,169.0,,,,148.0,129.0,131.0,302.0,170.0
14,75.0,81.0,75.0,86.0,79.0,95.0,197.0,113.0,160.0,131.0,155.0,167.0,172.0,194.0,202.0,207.0,207.0,277.0,263.0,239.0,161.0,127.0,138.0,122.0
15,127.0,172.0,270.0,306.0,267.0,121.0,112.0,120.0,129.0,267.0,260.0,185.0,191.0,194.0,171.0,160.0,167.0,165.0,159.0,151.0,146.0,160.0,145.0,134.0
16,135.0,152.0,241.0,168.0,70.0,70.0,74.0,91.0,144.0,86.0,77.0,65.0,44.0,57.0,61.0,90.0,111.0,90.0,81.0,145.0,127.0,56.0,50.0,55.0
17,52.0,53.0,90.0,123.0,127.0,183.0,80.0,77.0,223.0,203.0,84.0,100.0,65.0,82.0,96.0,95.0,75.0,88.0,91.0,92.0,62.0,78.0,85.0,84.0
18,141.0,118.0,110.0,91.0,101.0,86.0,75.0,88.0,81.0,111.0,97.0,124.0,,,,,,,,,,,,
19,,,,,,,,,,,,,,,,,,,,47.0,131.0,111.0,63.0,64.0
20,50.0,48.0,40.0,38.0,50.0,46.0,52.0,62.0,57.0,68.0,115.0,152.0,174.0,196.0,200.0,228.0,258.0,95.0,96.0,101.0,258.0,150.0,281.0,140.0
21,123.0,143.0,163.0,163.0,157.0,163.0,167.0,112.0,193.0,160.0,129.0,153.0,203.0,207.0,263.0,246.0,273.0,220.0,258.0,197.0,148.0,159.0,137.0,118.0
22,104.0,101.0,120.0,88.0,86.0,95.0,107.0,213.0,310.0,302.0,236.0,250.0,237.0,232.0,251.0,234.0,262.0,275.0,68.0,278.0,210.0,135.0,114.0,119.0
23,123.0,141.0,109.0,94.0,74.0,70.0,63.0,65.0,70.0,70.0,99.0,121.0,141.0,171.0,181.0,207.0,230.0,235.0,255.0,226.0,131.0,94.0,101.0,104.0
24,185.0,91.0,44.0,35.0,34.0,32.0,37.0,30.0,45.0,45.0,62.0,75.0,86.0,96.0,123.0,95.0,152.0,107.0,92.0,95.0,143.0,77.0,109.0,113.0
25,75.0,73.0,67.0,55.0,55.0,66.0,73.0,74.0,63.0,60.0,66.0,80.0,133.0,214.0,103.0,113.0,109.0,120.0,186.0,208.0,148.0,133.0,140.0,140.0
26,92.0,87.0,88.0,80.0,73.0,78.0,75.0,77.0,107.0,303.0,230.0,180.0,132.0,139.0,136.0,86.0,70.0,146.0,152.0,148.0,134.0,93.0,83.0,100.0
27,160.0,170.0,143.0,147.0,133.0,147.0,157.0,297.0,309.0,362.0,193.0,226.0,193.0,332.0,145.0,152.0,150.0,139.0,155.0,119.0,111.0,113.0,121.0,133.0
28,170.0,203.0,143.0,115.0,115.0,96.0,112.0,109.0,115.0,155.0,143.0,99.0,99.0,97.0,95.0,92.0,153.0,155.0,157.0,165.0,150.0,186.0,168.0,185.0
29,135.0,160.0,149.0,117.0,129.0,143.0,131.0,131.0,109.0,88.0,95.0,143.0,119.0,131.0,131.0,141.0,137.0,131.0,114.0,104.0,120.0,160.0,155.0,163.0
30,170.0,177.0,187.0,148.0,143.0,113.0,111.0,143.0,439.0,66.0,79.0,105.0,118.0,133.0,127.0,130.0,127.0,,159.0,149.0,125.0,151.0,,75.0
"
"
July-2019,00:00:00,01:00:00,02:00:00,03:00:00,04:00:00,05:00:00,06:00:00,07:00:00,08:00:00,09:00:00,10:00:00,11:00:00,12:00:00,13:00:00,14:00:00,15:00:00,16:00:00,17:00:00,18:00:00,19:00:00,20:00:00,21:00:00,22:00:00,23:00:00
1,,,,,57.0,58.0,,,,,,92.0,88.0,,201.0,,,,,,,,,
2,,,,,,243.0,157.0,155.0,139.0,167.0,135.0,125.0,150.0,169.0,183.0,162.0,150.0,157.0,164.0,146.0,147.0,147.0,147.0,193.0
3,123.0,80.0,147.0,66.0,67.0,78.0,70.0,77.0,83.0,69.0,101.0,83.0,78.0,59.0,66.0,62.0,77.0,116.0,135.0,131.0,92.0,56.0,62.0,48.0
4,,47.0,59.0,47.0,47.0,45.0,37.0,45.0,65.0,49.0,67.0,71.0,75.0,73.0,66.0,80.0,35.0,40.0,40.0,52.0,57.0,55.0,67.0,85.0
5,87.0,80.0,75.0,87.0,92.0,98.0,103.0,157.0,237.0,230.0,147.0,65.0,85.0,97.0,95.0,93.0,67.0,75.0,85.0,59.0,56.0,45.0,50.0,52.0
6,64.0,66.0,47.0,50.0,48.0,53.0,64.0,83.0,84.0,75.0,78.0,94.0,117.0,111.0,103.0,86.0,61.0,75.0,73.0,61.0,77.0,53.0,46.0,68.0
7,58.0,53.0,58.0,57.0,61.0,90.0,84.0,107.0,127.0,338.0,123.0,74.0,66.0,77.0,59.0,49.0,94.0,85.0,73.0,71.0,47.0,50.0,48.0,87.0
8,78.0,107.0,127.0,123.0,119.0,105.0,92.0,85.0,86.0,94.0,101.0,,115.0,124.0,131.0,125.0,79.0,,40.0,39.0,51.0,81.0,75.0,55.0
9,63.0,73.0,68.0,72.0,75.0,64.0,66.0,57.0,61.0,61.0,64.0,,,,,,75.0,102.0,103.0,124.0,140.0,135.0,145.0,127.0
10,112.0,99.0,84.0,81.0,81.0,86.0,84.0,83.0,97.0,100.0,119.0,123.0,137.0,244.0,282.0,378.0,370.0,177.0,355.0,369.0,312.0,241.0,211.0,217.0
11,188.0,175.0,173.0,133.0,,,,104.0,117.0,122.0,185.0,281.0,263.0,263.0,277.0,300.0,322.0,309.0,300.0,287.0,254.0,256.0,194.0,179.0
12,181.0,135.0,126.0,137.0,130.0,111.0,89.0,100.0,135.0,156.0,195.0,228.0,273.0,256.0,279.0,289.0,259.0,207.0,189.0,188.0,149.0,130.0,114.0,114.0
13,105.0,84.0,70.0,64.0,57.0,62.0,70.0,85.0,89.0,113.0,142.0,278.0,298.0,199.0,204.0,182.0,174.0,149.0,141.0,127.0,133.0,121.0,117.0,141.0
14,146.0,142.0,138.0,153.0,150.0,107.0,74.0,101.0,112.0,129.0,168.0,172.0,156.0,162.0,190.0,167.0,172.0,146.0,116.0,105.0,86.0,77.0,144.0,172.0
15,173.0,92.0,62.0,52.0,50.0,55.0,52.0,52.0,51.0,54.0,57.0,75.0,134.0,218.0,355.0,298.0,187.0,52.0,38.0,46.0,70.0,69.0,60.0,68.0
16,75.0,68.0,52.0,42.0,30.0,42.0,55.0,58.0,58.0,48.0,52.0,47.0,50.0,69.0,75.0,75.0,64.0,60.0,71.0,51.0,45.0,57.0,72.0,66.0
17,67.0,66.0,56.0,48.0,60.0,73.0,63.0,88.0,47.0,55.0,61.0,52.0,49.0,52.0,45.0,55.0,76.0,76.0,82.0,78.0,53.0,36.0,40.0,48.0
18,57.0,62.0,65.0,47.0,68.0,67.0,66.0,58.0,47.0,46.0,59.0,67.0,61.0,57.0,50.0,66.0,109.0,92.0,98.0,98.0,65.0,41.0,48.0,57.0
19,50.0,52.0,78.0,70.0,83.0,88.0,123.0,223.0,157.0,130.0,93.0,87.0,101.0,95.0,83.0,84.0,109.0,89.0,89.0,70.0,54.0,81.0,87.0,287.0
20,143.0,38.0,32.0,22.0,35.0,38.0,68.0,43.0,50.0,70.0,65.0,60.0,80.0,71.0,71.0,71.0,80.0,73.0,60.0,62.0,53.0,45.0,56.0,56.0
21,63.0,,,,,,,99.0,92.0,85.0,93.0,81.0,88.0,90.0,108.0,115.0,96.0,85.0,,,,,,
22,,,,,,,,,,,,,,,,55.0,72.0,94.0,70.0,85.0,90.0,88.0,96.0,111.0
23,123.0,111.0,100.0,91.0,92.0,134.0,129.0,104.0,105.0,147.0,143.0,97.0,100.0,182.0,153.0,,,77.0,88.0,122.0,76.0,62.0,92.0,101.0
24,141.0,167.0,157.0,170.0,177.0,170.0,193.0,197.0,223.0,110.0,143.0,163.0,110.0,95.0,125.0,96.0,95.0,88.0,101.0,88.0,69.0,55.0,62.0,58.0
25,69.0,57.0,53.0,62.0,60.0,48.0,43.0,35.0,,,,53.0,53.0,60.0,54.0,48.0,59.0,54.0,49.0,41.0,42.0,35.0,35.0,35.0
26,40.0,40.0,60.0,52.0,67.0,47.0,44.0,60.0,67.0,36.0,40.0,51.0,55.0,52.0,63.0,68.0,61.0,58.0,50.0,49.0,48.0,,37.0,42.0
27,40.0,40.0,32.0,,,38.0,45.0,48.0,45.0,40.0,52.0,72.0,75.0,75.0,75.0,46.0,47.0,55.0,42.0,37.0,48.0,57.0,74.0,100.0
28,69.0,48.0,47.0,30.0,39.0,35.0,35.0,35.0,38.0,35.0,40.0,53.0,52.0,56.0,55.0,50.0,49.0,35.0,38.0,43.0,46.0,36.0,40.0,48.0
29,62.0,64.0,50.0,35.0,38.0,35.0,35.0,35.0,35.0,35.0,43.0,52.0,56.0,58.0,51.0,48.0,58.0,56.0,58.0,51.0,40.0,55.0,50.0,68.0
30,70.0,72.0,59.0,67.0,56.0,53.0,45.0,47.0,51.0,45.0,38.0,46.0,,67.0,60.0,67.0,,96.0,79.0,56.0,51.0,61.0,73.0,70.0
31,75.0,56.0,62.0,44.0,44.0,42.0,44.0,45.0,40.0,45.0,40.0,44.0,65.0,77.0,73.0,79.0,83.0,93.0,131.0,96.0,69.0,70.0,74.0,85.0
"
"
August-2019,00:00:00,01:00:00,02:00:00,03:00:00,04:00:00,05:00:00,06:00:00,07:00:00,08:00:00,09:00:00,10:00:00,11:00:00,12:00:00,13:00:00,14:00:00,15:00:00,16:00:00,17:00:00,18:00:00,19:00:00,20:00:00,21:00:00,22:00:00,23:00:00
1,80.0,75.0,73.0,57.0,73.0,107.0,83,63,77,70,67.0,67.0,78,87.0,88.0,86.0,94.0,86.0,85.0,72.0,49.0,53.0,74.0,74.0
2,64.0,56.0,85.0,95.0,45.0,48.0,47,167,70,75,77.0,69.0,60,59.0,68.0,50.0,49.0,57.0,69.0,68.0,75.0,78.0,73.0,88.0
3,105.0,80.0,65.0,65.0,64.0,67.0,47,60,92,180,107.0,35.0,40,44.0,80.0,131.0,84.0,57.0,43.0,48.0,58.0,68.0,70.0,70.0
4,70.0,70.0,70.0,60.0,75.0,75.0,66,123,40,45,67.0,87.0,69,95.0,86.0,86.0,92.0,86.0,80.0,56.0,58.0,72.0,89.0,92.0
5,85.0,93.0,157.0,85.0,65.0,75.0,50,52,63,70,78.0,77.0,97,78.0,105.0,100.0,136.0,77.0,51.0,50.0,43.0,53.0,35.0,43.0
6,52.0,75.0,98.0,70.0,77.0,100.0,75,50,60,70,35.0,38.0,38,32.0,54.0,56.0,43.0,40.0,48.0,44.0,45.0,52.0,60.0,60.0
7,65.0,68.0,70.0,55.0,70.0,78.0,82,80,80,90,101.0,103.0,100,,144.0,84.0,72.0,66.0,62.0,56.0,40.0,50.0,58.0,70.0
8,68.0,90.0,95.0,41.0,55.0,50.0,50,38,91,100,101.0,101.0,53,69.0,75.0,88.0,83.0,71.0,59.0,46.0,42.0,43.0,48.0,80.0
9,61.0,43.0,100.0,25.0,33.0,28.0,34,31,32,35,34.0,35.0,48,41.0,45.0,48.0,53.0,41.0,36.0,33.0,35.0,37.0,38.0,35.0
10,104.0,35.0,51.0,28.0,114.0,128.0,132,143,151,68,100.0,112.0,120,121.0,111.0,104.0,108.0,112.0,129.0,127.0,144.0,34.0,68.0,90.0
11,107.0,110.0,128.0,35.0,68.0,108.0,103,121,136,40,38.0,42.0,82,102.0,57.0,55.0,60.0,50.0,70.0,70.0,36.0,72.0,111.0,124.0
12,132.0,125.0,168.0,23.0,22.0,24.0,22,22,21,38,21.0,20.0,20,27.0,103.0,105.0,45.0,,,,,31.0,28.0,18.0
13,17.0,20.0,33.0,12.0,118.0,171.0,24,16,124,80,198.0,166.0,42,45.0,51.0,104.0,50.0,104.0,37.0,26.0,23.0,27.0,32.0,25.0
14,26.0,23.0,28.0,13.0,46.0,55.0,35,38,40,43,43.0,52.0,65,94.0,103.0,48.0,66.0,90.0,82.0,73.0,63.0,78.0,73.0,68.0
15,50.0,60.0,80.0,65.0,70.0,80.0,81,48,24,21,30.0,40.0,55,64.0,64.0,59.0,60.0,62.0,56.0,53.0,37.0,45.0,50.0,50.0
16,56.0,41.0,53.0,42.0,34.0,33.0,27,25,48,34,38.0,43.0,46,17.0,,19.0,22.0,20.0,21.0,22.0,29.0,28.0,38.0,42.0
17,32.0,29.0,28.0,22.0,24.0,23.0,26,16,18,19,20.0,42.0,22,19.0,24.0,18.0,17.0,19.0,23.0,24.0,27.0,10.0,,
18,29.0,21.0,22.0,12.0,17.0,23.0,23,32,26,24,24.0,33.0,39,41.0,43.0,42.0,41.0,44.0,46.0,47.0,28.0,25.0,35.0,56.0
19,52.0,58.0,66.0,77.0,83.0,69.0,52,47,50,34,38.0,41.0,45,52.0,56.0,59.0,70.0,70.0,69.0,59.0,45.0,45.0,50.0,56.0
20,56.0,53.0,84.0,84.0,66.0,64.0,64,57,46,53,56.0,51.0,56,32.0,47.0,73.0,88.0,91.0,95.0,86.0,48.0,62.0,92.0,107.0
21,90.0,83.0,64.0,66.0,67.0,68.0,67,64,61,80,69.0,92.0,104,105.0,115.0,107.0,111.0,108.0,111.0,100.0,88.0,101.0,96.0,73.0
22,84.0,53.0,51.0,42.0,51.0,31.0,28,28,34,47,59.0,62.0,59,65.0,62.0,,,68.0,82.0,88.0,88.0,134.0,127.0,131.0
23,138.0,123.0,86.0,81.0,91.0,85.0,86,89,101,92,67.0,74.0,75,85.0,90.0,90.0,81.0,81.0,82.0,72.0,75.0,104.0,107.0,133.0
24,142.0,127.0,119.0,112.0,107.0,100.0,96,91,109,116,109.0,108.0,115,118.0,101.0,82.0,90.0,81.0,56.0,86.0,80.0,91.0,108.0,119.0
25,69.0,52.0,58.0,63.0,92.0,58.0,56,57,63,69,47.0,41.0,56,69.0,76.0,86.0,90.0,62.0,63.0,37.0,43.0,53.0,54.0,67.0
26,61.0,65.0,65.0,41.0,60.0,49.0,50,48,73,74,45.0,53.0,68,71.0,74.0,79.0,79.0,78.0,65.0,,,,,
27,,,,,,,78,72,72,92,,,82,93.0,118.0,142.0,224.0,233.0,158.0,122.0,69.0,90.0,105.0,113.0
28,107.0,88.0,105.0,103.0,86.0,86.0,81,72,68,72,61.0,64.0,81,99.0,130.0,132.0,141.0,110.0,84.0,66.0,52.0,74.0,91.0,107.0
29,94.0,79.0,72.0,75.0,91.0,105.0,89,72,90,91,70.0,65.0,77,90.0,102.0,95.0,109.0,96.0,81.0,58.0,77.0,99.0,67.0,66.0
30,50.0,41.0,39.0,45.0,39.0,39.0,42,44,66,92,101.0,67.0,80,103.0,137.0,139.0,145.0,168.0,161.0,95.0,110.0,94.0,113.0,123.0
31,130.0,127.0,109.0,108.0,97.0,94.0,100,96,94,78,83.0,80.0,80,116.0,128.0,95.0,69.0,,,,,,,
"
"
September-2019,00:00:00,01:00:00,02:00:00,03:00:00,04:00:00,05:00:00,06:00:00,07:00:00,08:00:00,09:00:00,10:00:00,11:00:00,12:00:00,13:00:00,14:00:00,15:00:00,16:00:00,17:00:00,18:00:00,19:00:00,20:00:00,21:00:00,22:00:00,23:00:00
1,,,,,,,,,,,,5.0,,,,,,,,,,64.0,71.0,85.0
2,74.0,69.0,68.0,44.0,77.0,52.0,40.0,45.0,52.0,53.0,69.0,73.0,,,,,75.0,48.0,97.0,60.0,65.0,44.0,50.0,70.0
3,70.0,73.0,73.0,67.0,77.0,88.0,80.0,69.0,70.0,103.0,147.0,96.0,143.0,150.0,93.0,107.0,109.0,77.0,80.0,60.0,64.0,88.0,160.0,200.0
4,147.0,197.0,207.0,183.0,157.0,130.0,113.0,113.0,120.0,213.0,306.0,133.0,135.0,207.0,233.0,160.0,133.0,127.0,130.0,102.0,123.0,143.0,150.0,97.0
5,84.0,66.0,58.0,61.0,73.0,55.0,50.0,44.0,44.0,48.0,55.0,57.0,57.0,75.0,70.0,68.0,86.0,61.0,37.0,30.0,35.0,48.0,50.0,56.0
6,62.0,74.0,64.0,61.0,51.0,51.0,47.0,55.0,62.0,67.0,73.0,81.0,57.0,56.0,,,30.0,57.0,70.0,34.0,33.0,68.0,77.0,61.0
7,55.0,53.0,50.0,67.0,73.0,48.0,42.0,48.0,68.0,53.0,52.0,50.0,59.0,73.0,55.0,52.0,59.0,46.0,53.0,35.0,67.0,69.0,74.0,56.0
8,66.0,53.0,45.0,38.0,52.0,47.0,39.0,38.0,45.0,63.0,63.0,74.0,73.0,95.0,107.0,80.0,57.0,64.0,58.0,53.0,61.0,69.0,84.0,99.0
9,91.0,133.0,150.0,200.0,200.0,167.0,150.0,133.0,130.0,187.0,113.0,80.0,61.0,70.0,81.0,100.0,97.0,101.0,100.0,107.0,108.0,124.0,131.0,135.0
10,113.0,127.0,108.0,109.0,94.0,85.0,92.0,88.0,99.0,180.0,183.0,114.0,133.0,128.0,141.0,118.0,127.0,110.0,107.0,101.0,117.0,119.0,143.0,150.0
11,180.0,203.0,200.0,207.0,183.0,167.0,167.0,140.0,140.0,167.0,163.0,142.0,120.0,115.0,,21.0,81.0,90.0,,110.0,118.0,129.0,165.0,
12,180.0,177.0,180.0,213.0,150.0,160.0,150.0,123.0,109.0,114.0,112.0,119.0,111.0,112.0,112.0,119.0,102.0,93.0,71.0,69.0,72.0,80.0,63.0,64.0
13,63.0,78.0,103.0,80.0,58.0,57.0,65.0,59.0,57.0,63.0,69.0,57.0,59.0,75.0,82.0,90.0,84.0,125.0,80.0,60.0,63.0,70.0,67.0,92.0
14,83.0,104.0,90.0,57.0,66.0,73.0,31.0,37.0,37.0,40.0,40.0,51.0,55.0,90.0,152.0,195.0,,,,,,,,
15,,,,,,,,,,,,,,,,,,,,,,,,
16,,,,,,,,,,,,,,,,,,,,,,,,
17,,,,,,,,,,,,,,,,,,,,,,,,
18,,,,,,,,,,,,,,,,,,126.0,119.0,89.0,105.0,113.0,75.0,81.0
19,73.0,97.0,45.0,25.0,38.0,29.0,25.0,22.0,27.0,32.0,38.0,44.0,,72.0,62.0,77.0,72.0,68.0,60.0,50.0,45.0,61.0,77.0,63.0
20,77.0,78.0,64.0,70.0,61.0,55.0,58.0,48.0,56.0,83.0,80.0,81.0,89.0,68.0,70.0,75.0,78.0,81.0,79.0,61.0,66.0,102.0,111.0,100.0
21,91.0,94.0,100.0,52.0,51.0,52.0,48.0,50.0,58.0,78.0,66.0,60.0,77.0,72.0,88.0,160.0,184.0,125.0,105.0,30.0,30.0,29.0,28.0,31.0
22,39.0,,42.0,36.0,67.0,92.0,70.0,62.0,44.0,44.0,45.0,67.0,53.0,53.0,49.0,55.0,61.0,72.0,60.0,46.0,58.0,63.0,57.0,44.0
23,40.0,45.0,70.0,40.0,30.0,28.0,29.0,,34.0,39.0,51.0,55.0,,,,99.0,102.0,123.0,154.0,55.0,80.0,68.0,50.0,50.0
24,33.0,47.0,70.0,30.0,40.0,28.0,22.0,40.0,,,,,55.0,76.0,125.0,156.0,142.0,168.0,74.0,125.0,68.0,79.0,75.0,78.0
25,68.0,50.0,50.0,27.0,30.0,30.0,35.0,57.0,56.0,69.0,67.0,70.0,96.0,114.0,135.0,135.0,181.0,164.0,79.0,148.0,74.0,66.0,89.0,84.0
26,77.0,53.0,63.0,58.0,51.0,39.0,27.0,31.0,35.0,36.0,29.0,36.0,33.0,,,,,,,,,,,
27,,,,,,,,,,,,,,,,,,,,,,,,
28,,,,,,,16.0,22.0,36.0,41.0,35.0,44.0,42.0,46.0,60.0,,70.0,52.0,64.0,46.0,50.0,55.0,63.0,69.0
29,56.0,40.0,21.0,45.0,45.0,45.0,45.0,48.0,45.0,50.0,48.0,50.0,52.0,57.0,60.0,66.0,98.0,120.0,78.0,59.0,72.0,64.0,39.0,59.0
30,48.0,53.0,28.0,23.0,19.0,19.0,27.0,20.0,25.0,31.0,41.0,53.0,,,87.0,97.0,,,95.0,65.0,69.0,75.0,89.0,90.0
"
"
October-2019,00:00:00,01:00:00,02:00:00,03:00:00,04:00:00,05:00:00,06:00:00,07:00:00,08:00:00,09:00:00,10:00:00,11:00:00,12:00:00,13:00:00,14:00:00,15:00:00,16:00:00,17:00:00,18:00:00,19:00:00,20:00:00,21:00:00,22:00:00,23:00:00
1,74.0,67.0,77.0,63.0,79.0,73.0,56.0,46.0,51.0,64.0,86.0,90.0,78.0,,112.0,99.0,97,,70.0,63.0,83.0,72.0,,
2,51.0,,,,,,,,,,,,,99.0,,,86,154.0,121.0,80.0,102.0,112.0,119.0,113.0
3,105.0,109.0,127.0,103.0,170.0,147.0,104.0,104.0,103.0,123.0,,102.0,92.0,100.0,111.0,127.0,148,159.0,110.0,109.0,119.0,168.0,69.0,55.0
4,47.0,38.0,35.0,39.0,60.0,50.0,45.0,40.0,42.0,56.0,57.0,77.0,104.0,102.0,102.0,94.0,91,89.0,89.0,79.0,80.0,94.0,69.0,127.0
5,137.0,92.0,83.0,67.0,68.0,67.0,59.0,56.0,50.0,65.0,70.0,82.0,90.0,92.0,98.0,97.0,102,111.0,105.0,79.0,101.0,171.0,,147.0
6,151.0,156.0,120.0,108.0,123.0,103.0,96.0,85.0,79.0,92.0,123.0,111.0,112.0,107.0,107.0,105.0,113,112.0,109.0,109.0,138.0,131.0,151.0,157.0
7,140.0,113.0,127.0,115.0,109.0,110.0,107.0,113.0,120.0,111.0,114.0,114.0,103.0,,,96.0,104,101.0,107.0,127.0,124.0,120.0,131.0,122.0
8,115.0,201.0,143.0,112.0,101.0,107.0,84.0,72.0,70.0,86.0,105.0,107.0,94.0,97.0,101.0,106.0,111,114.0,109.0,80.0,95.0,163.0,140.0,150.0
9,157.0,163.0,137.0,217.0,217.0,160.0,157.0,130.0,140.0,193.0,240.0,143.0,119.0,123.0,106.0,117.0,159,163.0,152.0,142.0,149.0,200.0,233.0,243.0
10,273.0,223.0,267.0,230.0,223.0,223.0,207.0,207.0,220.0,305.0,356.0,302.0,191.0,232.0,148.0,181.0,184,161.0,138.0,121.0,131.0,280.0,240.0,
11,,,,,,,,187.0,183.0,200.0,270.0,150.0,104.0,102.0,131.0,150.0,152,138.0,116.0,96.0,127.0,135.0,135.0,157.0
12,290.0,250.0,270.0,257.0,220.0,260.0,233.0,203.0,237.0,277.0,243.0,253.0,123.0,152.0,154.0,157.0,141,127.0,120.0,115.0,141.0,149.0,183.0,207.0
13,297.0,287.0,297.0,277.0,257.0,223.0,197.0,197.0,203.0,500.0,297.0,305.0,273.0,243.0,170.0,134.0,131,135.0,61.0,86.0,48.0,194.0,230.0,240.0
14,207.0,240.0,237.0,273.0,45.0,240.0,240.0,250.0,253.0,290.0,310.0,270.0,177.0,140.0,115.0,114.0,125,111.0,123.0,122.0,207.0,177.0,237.0,305.0
15,309.0,307.0,287.0,305.0,293.0,270.0,270.0,260.0,243.0,290.0,318.0,,310.0,193.0,257.0,125.0,120,124.0,120.0,156.0,252.0,280.0,314.0,412.0
16,382.0,322.0,337.0,318.0,331.0,329.0,328.0,325.0,325.0,344.0,349.0,301.0,273.0,237.0,223.0,221.0,244,220.0,267.0,301.0,323.0,334.0,307.0,304.0
17,310.0,302.0,320.0,302.0,293.0,305.0,355.0,314.0,290.0,306.0,318.0,312.0,253.0,203.0,230.0,141.0,193,,117.0,157.0,207.0,257.0,,80.0
18,,,,,29.0,307.0,312.0,293.0,306.0,193.0,316.0,197.0,163.0,163.0,130.0,94.0,111,108.0,108.0,2.0,,47.0,,
19,,,,,,20.0,,,,,2.0,,,123.0,147.0,,168,149.0,171.0,160.0,308.0,237.0,243.0,257.0
20,257.0,237.0,273.0,277.0,270.0,250.0,223.0,217.0,220.0,240.0,303.0,303.0,177.0,109.0,131.0,108.0,137,123.0,83.0,89.0,105.0,130.0,163.0,193.0
21,183.0,187.0,237.0,183.0,220.0,167.0,197.0,197.0,223.0,301.0,311.0,320.0,325.0,325.0,273.0,213.0,109,115.0,107.0,115.0,127.0,122.0,123.0,129.0
22,170.0,200.0,213.0,200.0,217.0,217.0,223.0,237.0,217.0,250.0,240.0,250.0,147.0,111.0,105.0,149.0,143,103.0,86.0,,,,,
23,,,,,,,,,,,,,302.0,306.0,250.0,150.0,133,120.0,119.0,129.0,157.0,302.0,276.0,304.0
24,310.0,303.0,311.0,302.0,312.0,314.0,321.0,314.0,315.0,323.0,346.0,336.0,308.0,230.0,240.0,240.0,240,267.0,197.0,315.0,312.0,335.0,359.0,410.0
25,345.0,339.0,325.0,327.0,314.0,309.0,311.0,304.0,305.0,316.0,312.0,257.0,197.0,160.0,150.0,163.0,168,182.0,163.0,213.0,305.0,80.0,324.0,315.0
26,312.0,302.0,309.0,304.0,280.0,267.0,250.0,240.0,277.0,293.0,346.0,308.0,267.0,183.0,163.0,170.0,163,197.0,200.0,250.0,302.0,328.0,335.0,339.0
27,348.0,365.0,363.0,358.0,356.0,358.0,349.0,348.0,350.0,345.0,362.0,340.0,349.0,355.0,301.0,277.0,180,141.0,126.0,193.0,183.0,260.0,,
28,,,,,,,,,,410.0,419.0,397.0,405.0,397.0,340.0,331.0,303,325.0,318.0,328.0,,,,
29,,,,,,,,,,,,,,368.0,365.0,373.0,402,361.0,365.0,375.0,372.0,386.0,401.0,431.0
30,439.0,424.0,420.0,414.0,417.0,401.0,379.0,352.0,342.0,331.0,328.0,312.0,314.0,349.0,427.0,433.0,411,359.0,,290.0,311.0,312.0,327.0,338.0
31,335.0,373.0,372.0,358.0,354.0,351.0,353.0,345.0,356.0,371.0,383.0,350.0,308.0,302.0,293.0,367.0,75,419.0,500.0,500.0,500.0,500.0,500.0,500.0
"
"
November-2019,00:00:00,01:00:00,02:00:00,03:00:00,04:00:00,05:00:00,06:00:00,07:00:00,08:00:00,09:00:00,10:00:00,11:00:00,12:00:00,13:00:00,14:00:00,15:00:00,16:00:00,17:00:00,18:00:00,19:00:00,20:00:00,21:00:00,22:00:00,23:00:00
1,500.0,500.0,500,500,500,500.0,475.0,466.0,454.0,453.0,447.0,440.0,446.0,470.0,500,500,500,446.0,463,456.0,408.0,177.0,217.0,207.0
2,180.0,183.0,203,157,167,170.0,183.0,143.0,150.0,163.0,213.0,365.0,434.0,500.0,500,453,457,500.0,500,500.0,500.0,500.0,500.0,500.0
3,500.0,500.0,500,500,500,500.0,500.0,500.0,500.0,500.0,500.0,500.0,500.0,500.0,500,500,500,427.0,406,388.0,370.0,341.0,303.0,270.0
4,250.0,243.0,302,306,309,334.0,331.0,341.0,410.0,444.0,500.0,500.0,472.0,414.0,413,400,332,253.0,180,223.0,200.0,237.0,25.0,223.0
5,267.0,267.0,287,310,342,380.0,348.0,336.0,333.0,346.0,367.0,369.0,328.0,193.0,115,108,89,84.0,70,84.0,35.0,,,30.0
6,302.0,240.0,270,223,50,65.0,35.0,250.0,301.0,301.0,315.0,243.0,111.0,135.0,105,108,91,,140,113.0,155.0,293.0,40.0,30.0
7,336.0,328.0,320,308,302,60.0,65.0,35.0,345.0,355.0,375.0,392.0,374.0,374.0,60,376,333,302.0,175,,,,372.0,
8,,,337,186,370,370.0,396.0,358.0,339.0,329.0,,367.0,361.0,333.0,304,304,303,217.0,193,250.0,277.0,311.0,305.0,315.0
9,325.0,344.0,348,344,399,429.0,426.0,279.0,440.0,440.0,375.0,309.0,177.0,123.0,90,83,90,100.0,85,109.0,197.0,306.0,365.0,342.0
10,327.0,324.0,325,327,325,315.0,320.0,318.0,312.0,315.0,358.0,392.0,359.0,338.0,303,217,170,127.0,112,193.0,250.0,315.0,361.0,342.0
11,334.0,337.0,337,335,337,332.0,335.0,329.0,338.0,337.0,375.0,459.0,496.0,483.0,374,353,316,303.0,243,270.0,311.0,303.0,182.0,323.0
12,374.0,353.0,349,370,410,407.0,398.0,396.0,401.0,413.0,457.0,500.0,500.0,500.0,471,422,379,368.0,395,404.0,414.0,420.0,435.0,437.0
13,468.0,462.0,499,470,496,483.0,492.0,483.0,500.0,500.0,500.0,500.0,487.0,486.0,470,477,477,467.0,442,468.0,453.0,454.0,470.0,483.0
14,477.0,477.0,485,476,477,,469.0,,,,,,500.0,500.0,499,494,492,487.0,500,496.0,414.0,385.0,383.0,388.0
15,395.0,439.0,500,500,500,500.0,,,,,,,,,500,480,453,411.0,419,425.0,442.0,429.0,431.0,424.0
16,411.0,402.0,413,421,439,450.0,486.0,483.0,473.0,455.0,459.0,401.0,348.0,306.0,213,129,129,215.0,241,203.0,220.0,267.0,301.0,359.0
17,365.0,350.0,322,325,350,390.0,414.0,35.0,302.0,253.0,157.0,230.0,143.0,75.0,45,47,45,40.0,42,63.0,107.0,127.0,220.0,290.0
18,273.0,301.0,306,306,302,301.0,203.0,180.0,163.0,160.0,167.0,167.0,123.0,103.0,87,67,57,57.0,58,89.0,84.0,104.0,130.0,
19,290.0,301.0,308,267,243,230.0,240.0,200.0,180.0,,,220.0,180.0,107.0,157,110,84,95.0,95,89.0,120.0,237.0,250.0,325.0
20,329.0,318.0,302,303,308,304.0,312.0,316.0,312.0,321.0,325.0,357.0,382.0,362.0,325,233,163,167.0,170,287.0,314.0,353.0,382.0,418.0
21,379.0,392.0,395,384,393,387.0,397.0,396.0,407.0,398.0,422.0,440.0,396.0,393.0,322,273,167,177.0,180,220.0,336.0,352.0,352.0,374.0
22,359.0,388.0,369,356,363,361.0,356.0,359.0,367.0,353.0,398.0,407.0,369.0,365.0,332,297,287,,305,312.0,334.0,336.0,353.0,367.0
23,370.0,359.0,392,385,379,369.0,359.0,340.0,345.0,350.0,361.0,345.0,322.0,253.0,243,230,110,113.0,170,170.0,230.0,250.0,257.0,308.0
24,308.0,280.0,310,318,325,332.0,342.0,342.0,,325.0,365.0,342.0,319.0,302.0,230,170,160,120.0,183,223.0,310.0,308.0,303.0,303.0
25,310.0,,318,313,307,306.0,295.0,291.0,301.0,311.0,329.0,342.0,,299.0,183,143,147,167.0,170,233.0,318.0,323.0,335.0,316.0
26,345.0,336.0,342,323,324,315.0,304.0,308.0,305.0,270.0,302.0,327.0,316.0,150.0,110,109,119,108.0,150,325.0,244.0,166.0,101.0,72.0
27,72.0,50.0,58,57,57,45.0,48.0,40.0,44.0,63.0,143.0,147.0,190.0,174.0,157,166,193,197.0,167,167.0,267.0,290.0,187.0,157.0
28,47.0,34.0,34,44,63,31.0,32.0,23.0,36.0,48.0,37.0,32.0,46.0,70.0,88,77,70,67.0,64,51.0,63.0,63.0,63.0,55.0
29,52.0,50.0,65,57,147,92.0,58.0,48.0,51.0,72.0,85.0,120.0,111.0,108.0,95,96,117,89.0,70,67.0,75.0,127.0,157.0,297.0
30,230.0,253.0,220,183,150,220.0,140.0,127.0,107.0,88.0,85.0,93.0,98.0,133.0,201,140,130,127.0,123,113.0,177.0,217.0,200.0,260.0
"
"
December-2019,00:00:00,01:00:00,02:00:00,03:00:00,04:00:00,05:00:00,06:00:00,07:00:00,08:00:00,09:00:00,10:00:00,11:00:00,12:00:00,13:00:00,14:00:00,15:00:00,16:00:00,17:00:00,18:00:00,19:00:00,20:00:00,21:00:00,22:00:00,23:00:00
1,303.0,306.0,272.0,267.0,188.0,175.0,212.0,193.0,213.0,187.0,290.0,237.0,305,280.0,150.0,133.0,133,133.0,130.0,163.0,240.0,303.0,322.0,329.0
2,315.0,314.0,324.0,310.0,325.0,308.0,304.0,290.0,280.0,257.0,290.0,270.0,304,250.0,130.0,101.0,104,108.0,94.0,123.0,197.0,253.0,328.0,345.0
3,331.0,328.0,344.0,327.0,,314.0,293.0,273.0,250.0,253.0,240.0,316.0,303,213.0,144.0,107.0,108,113.0,123.0,213.0,253.0,273.0,309.0,311.0
4,332.0,318.0,319.0,312.0,308.0,303.0,302.0,287.0,293.0,303.0,310.0,305.0,310,318.0,301.0,287.0,193,125.0,143.0,240.0,340.0,309.0,366.0,354.0
5,351.0,342.0,348.0,340.0,333.0,334.0,329.0,337.0,328.0,333.0,385.0,352.0,379,352.0,328.0,293.0,223,314.0,318.0,350.0,383.0,408.0,405.0,410.0
6,393.0,398.0,401.0,384.0,407.0,413.0,396.0,406.0,391.0,399.0,414.0,429.0,431,411.0,382.0,333.0,348,350.0,340.0,335.0,358.0,393.0,395.0,423.0
7,413.0,395.0,371.0,338.0,332.0,329.0,335.0,314.0,308.0,302.0,344.0,373.0,391,,382.0,365.0,325,319.0,306.0,303.0,355.0,344.0,380.0,352.0
8,346.0,357.0,374.0,376.0,361.0,362.0,318.0,323.0,315.0,316.0,331.0,365.0,390,,,,267,167.0,140.0,217.0,290.0,325.0,338.0,374.0
9,333.0,348.0,342.0,,345.0,341.0,348.0,350.0,329.0,340.0,348.0,366.0,372,348.0,321.0,220.0,250,240.0,167.0,213.0,293.0,329.0,301.0,334.0
10,342.0,328.0,328.0,329.0,345.0,337.0,340.0,319.0,302.0,337.0,359.0,382.0,393,392.0,356.0,332.0,320,309.0,307.0,310.0,312.0,352.0,365.0,369.0
11,352.0,348.0,365.0,367.0,365.0,362.0,354.0,354.0,355.0,361.0,456.0,429.0,426,403.0,374.0,362.0,333,345.0,342.0,353.0,356.0,355.0,390.0,403.0
12,426.0,434.0,447.0,482.0,110.0,18.0,114.0,120.0,,108.0,108.0,492.0,70,419.0,388.0,369.0,361,345.0,341.0,340.0,354.0,59.0,71.0,52.0
13,,,,,,3.0,34.0,,40.0,237.0,50.0,,55,183.0,52.0,260.0,319,324.0,309.0,223.0,217.0,167.0,77.0,93.0
14,,120.0,130.0,73.0,75.0,60.0,52.0,63.0,45.0,47.0,68.0,183.0,315,280.0,250.0,233.0,230,200.0,217.0,243.0,250.0,197.0,207.0,197.0
15,217.0,183.0,193.0,183.0,183.0,167.0,130.0,127.0,140.0,150.0,180.0,237.0,257,293.0,257.0,220.0,167,150.0,140.0,147.0,163.0,197.0,223.0,237.0
16,197.0,167.0,207.0,180.0,197.0,150.0,150.0,140.0,130.0,130.0,143.0,95.0,85,98.0,127.0,140.0,123,147.0,127.0,157.0,133.0,143.0,150.0,177.0
17,160.0,140.0,147.0,143.0,140.0,147.0,130.0,123.0,130.0,120.0,95.0,130.0,120,127.0,147.0,133.0,160,180.0,170.0,180.0,203.0,183.0,157.0,193.0
18,183.0,203.0,233.0,197.0,193.0,197.0,177.0,223.0,203.0,163.0,187.0,223.0,303,308.0,302.0,304.0,303,308.0,304.0,273.0,302.0,310.0,293.0,311.0
19,250.0,243.0,197.0,237.0,260.0,230.0,273.0,308.0,302.0,309.0,303.0,302.0,310,,,363.0,422,490.0,489.0,444.0,426.0,420.0,395.0,386.0
20,375.0,379.0,370.0,358.0,347.0,335.0,333.0,336.0,332.0,325.0,319.0,324.0,328,332.0,346.0,388.0,404,417.0,411.0,392.0,386.0,374.0,354.0,335.0
21,325.0,315.0,332.0,331.0,335.0,348.0,363.0,353.0,358.0,375.0,336.0,342.0,357,379.0,375.0,368.0,348,353.0,345.0,324.0,329.0,344.0,354.0,345.0
22,328.0,332.0,287.0,207.0,,253.0,257.0,253.0,237.0,197.0,180.0,167.0,170,267.0,293.0,307.0,297,273.0,287.0,297.0,,308.0,315.0,328.0
23,315.0,305.0,311.0,303.0,306.0,304.0,304.0,307.0,304.0,297.0,287.0,312.0,325,316.0,311.0,324.0,323,327.0,328.0,312.0,312.0,338.0,324.0,321.0
24,321.0,308.0,257.0,183.0,314.0,342.0,367.0,367.0,342.0,342.0,342.0,356.0,350,392.0,413.0,423.0,423,,,,,,,
25,,,,305.0,270.0,240.0,207.0,177.0,157.0,150.0,133.0,147.0,143,203.0,273.0,257.0,273,305.0,322.0,333.0,345.0,350.0,328.0,312.0
26,277.0,287.0,304.0,302.0,,,302.0,,297.0,306.0,328.0,342.0,345,348.0,202.0,357.0,366,362.0,352.0,342.0,358.0,383.0,373.0,379.0
27,344.0,342.0,370.0,378.0,346.0,334.0,338.0,327.0,315.0,305.0,307.0,323.0,335,345.0,349.0,367.0,372,355.0,337.0,335.0,334.0,323.0,365.0,325.0
28,350.0,310.0,315.0,324.0,327.0,345.0,352.0,315.0,304.0,305.0,302.0,304.0,290,273.0,314.0,340.0,352,365.0,351.0,346.0,332.0,499.0,319.0,328.0
29,321.0,304.0,342.0,384.0,409.0,378.0,430.0,437.0,408.0,378.0,389.0,375.0,378,404.0,425.0,444.0,452,446.0,437.0,409.0,403.0,410.0,413.0,
30,,,,,,,,,,,,,391,95.0,373.0,405.0,427,454.0,492.0,474.0,486.0,430.0,385.0,361.0
31,362.0,365.0,373.0,351.0,342.0,332.0,323.0,341.0,340.0,329.0,342.0,352.0,362,372.0,378.0,395.0,370,346.0,353.0,348.0,450.0,397.0,363.0,369.0
"
"
Year,2020
January-2020,00:00:00,01:00:00,02:00:00,03:00:00,04:00:00,05:00:00,06:00:00,07:00:00,08:00:00,09:00:00,10:00:00,11:00:00,12:00:00,13:00:00,14:00:00,15:00:00,16:00:00,17:00:00,18:00:00,19:00:00,20:00:00,21:00:00,22:00:00,23:00:00
1,375.0,356.0,328.0,312.0,341,383,369.0,380,400,383.0,392.0,421.0,498.0,437.0,345.0,315.0,303.0,297.0,303.0,332.0,396.0,447.0,500.0,500.0
2,500.0,,,500.0,500,471,443.0,408,384,382.0,406.0,431.0,490.0,469.0,395.0,280.0,319.0,312.0,308.0,319.0,358.0,371.0,409.0,398.0
3,376.0,368.0,363.0,345.0,336,320,310.0,270,270,273.0,287.0,357.0,398.0,382.0,318.0,302.0,290.0,257.0,315.0,324.0,322.0,332.0,332.0,321.0
4,318.0,323.0,318.0,307.0,243,287,277.0,270,253,260.0,312.0,339.0,357.0,367.0,333.0,311.0,301.0,220.0,237.0,325.0,312.0,323.0,334.0,350.0
5,362.0,396.0,362.0,349.0,354,342,345.0,334,325,,,345.0,,,,,,,,,,,,
6,,,,329.0,318,318,308.0,304,308,310.0,322.0,348.0,388.0,373.0,337.0,332.0,150.0,,240.0,304.0,297.0,322.0,301.0,257.0
7,240.0,243.0,237.0,200.0,157,193,187.0,170,163,163.0,243.0,301.0,250.0,217.0,180.0,200.0,273.0,273.0,180.0,240.0,287.0,315.0,362.0,322.0
8,230.0,203.0,147.0,267.0,130,120,103.0,103,140,140.0,187.0,217.0,267.0,293.0,301.0,310.0,280.0,277.0,303.0,307.0,302.0,305.0,197.0,157.0
9,127.0,130.0,147.0,123.0,113,73,58.0,73,75,95.0,130.0,127.0,110.0,177.0,33.0,250.0,167.0,127.0,95.0,147.0,140.0,243.0,240.0,237.0
10,78.0,85.0,34.0,123.0,140,147,140.0,147,143,160.0,177.0,163.0,223.0,273.0,,71.0,79.0,193.0,130.0,130.0,163.0,230.0,304.0,308.0
11,312.0,315.0,303.0,306.0,310,306,304.0,267,243,290.0,305.0,322.0,325.0,277.0,150.0,130.0,123.0,127.0,130.0,133.0,150.0,293.0,250.0,321.0
12,312.0,318.0,318.0,320.0,320,311,319.0,319,314,311.0,336.0,346.0,329.0,306.0,217.0,177.0,60.0,113.0,130.0,170.0,316.0,308.0,363.0,325.0
13,367.0,356.0,396.0,462.0,408,404,401.0,392,382,358.0,349.0,321.0,310.0,319.0,318.0,324.0,312.0,320.0,319.0,318.0,273.0,257.0,130.0,133.0
14,120.0,110.0,193.0,127.0,98,92,,138,164,,177.0,127.0,120.0,160.0,207.0,163.0,56.0,95.0,95.0,80.0,103.0,150.0,203.0,243.0
15,257.0,220.0,133.0,107.0,110,123,,95,88,98.0,93.0,130.0,207.0,302.0,223.0,140.0,133.0,160.0,123.0,183.0,,,352.0,327.0
16,316.0,302.0,243.0,243.0,193,133,,147,147,150.0,163.0,270.0,321.0,329.0,329.0,312.0,273.0,220.0,187.0,207.0,187.0,203.0,290.0,315.0
17,302.0,303.0,312.0,302.0,290,297,,220,187,200.0,197.0,270.0,307.0,217.0,163.0,177.0,163.0,123.0,103.0,147.0,143.0,180.0,143.0,230.0
18,270.0,293.0,277.0,203.0,260,240,230.0,207,183,150.0,123.0,133.0,,250.0,287.0,,,,42.0,55.0,301.0,318.0,325.0,307.0
19,316.0,303.0,240.0,167.0,147,130,120.0,147,223,207.0,237.0,273.0,302.0,267.0,257.0,253.0,253.0,240.0,257.0,277.0,253.0,305.0,,243.0
20,233.0,203.0,180.0,167.0,123,105,110.0,130,130,160.0,170.0,220.0,280.0,287.0,,50.0,280.0,277.0,250.0,277.0,390.0,280.0,325.0,304.0
21,277.0,217.0,243.0,257.0,270,273,267.0,257,280,310.0,332.0,,,378.0,359.0,329.0,325.0,312.0,450.0,449.0,444.0,431.0,443.0,401.0
22,391.0,368.0,374.0,392.0,379,348,320.0,324,311,308.0,290.0,253.0,290.0,306.0,335.0,,318.0,314.0,308.0,304.0,302.0,306.0,287.0,302.0
23,250.0,197.0,150.0,143.0,217,187,107.0,167,183,203.0,120.0,217.0,183.0,86.0,68.0,79.0,67.0,69.0,68.0,67.0,68.0,103.0,150.0,170.0
24,187.0,133.0,150.0,97.0,83,77,72.0,78,73,88.0,123.0,127.0,53.0,85.0,85.0,75.0,75.0,75.0,68.0,63.0,73.0,85.0,101.0,160.0
25,193.0,163.0,193.0,180.0,157,183,180.0,187,177,213.0,250.0,307.0,237.0,157.0,120.0,88.0,88.0,92.0,107.0,120.0,160.0,180.0,213.0,302.0
26,324.0,310.0,302.0,306.0,312,293,293.0,267,302,303.0,329.0,329.0,308.0,225.0,140.0,75.0,77.0,85.0,91.0,120.0,207.0,223.0,200.0,325.0
27,250.0,253.0,307.0,314.0,307,297,311.0,318,312,301.0,323.0,340.0,385.0,408.0,362.0,362.0,99.0,290.0,321.0,345.0,324.0,350.0,320.0,163.0
28,87.0,103.0,113.0,200.0,110,157,133.0,193,92,113.0,133.0,140.0,207.0,277.0,270.0,270.0,300.0,310.0,312.0,312.0,309.0,130.0,143.0,120.0
29,143.0,123.0,150.0,110.0,72,70,52.0,40,37,40.0,140.0,223.0,143.0,123.0,95.0,67.0,65.0,61.0,49.0,65.0,75.0,110.0,140.0,150.0
30,157.0,160.0,,,173,142,140.0,123,127,87.0,110.0,140.0,187.0,200.0,167.0,75.0,70.0,61.0,56.0,48.0,65.0,98.0,177.0,157.0
31,157.0,147.0,177.0,127.0,97,80,75.0,77,70,107.0,127.0,133.0,180.0,,,,,,,,,,240.0,260.0
"
"
February-2020,00:00:00,01:00:00,02:00:00,03:00:00,04:00:00,05:00:00,06:00:00,07:00:00,08:00:00,09:00:00,10:00:00,11:00:00,12:00:00,13:00:00,14:00:00,15:00:00,16:00:00,17:00:00,18:00:00,19:00:00,20:00:00,21:00:00,22:00:00,23:00:00
1,237.0,304.0,316.0,303.0,280.0,273.0,177.0,177.0,170.0,223.0,250.0,305.0,305.0,157.0,133.0,150.0,97.0,87.0,93.0,123.0,183.0,237.0,308.0,316.0
2,306.0,302.0,325.0,332.0,197.0,130.0,103.0,88.0,87.0,123.0,140.0,187.0,217.0,305.0,207.0,,92.0,87.0,107.0,,185.0,302.0,412.0,334.0
3,323.0,323.0,315.0,257.0,240.0,187.0,220.0,243.0,267.0,250.0,257.0,293.0,253.0,200.0,170.0,103.0,93.0,95.0,77.0,75.0,97.0,100.0,304.0,332.0
4,371.0,357.0,342.0,342.0,322.0,333.0,339.0,354.0,350.0,349.0,374.0,354.0,314.0,257.0,213.0,177.0,125.0,101.0,107.0,130.0,200.0,270.0,335.0,353.0
5,,345.0,368.0,382.0,380.0,355.0,358.0,362.0,355.0,351.0,389.0,,,,,,416.0,57.0,56.0,127.0,167.0,250.0,316.0,310.0
6,304.0,297.0,314.0,253.0,217.0,250.0,167.0,95.0,113.0,,205.0,248.0,270.0,163.0,88.0,85.0,103.0,92.0,97.0,83.0,133.0,147.0,220.0,321.0
7,321.0,332.0,318.0,312.0,325.0,315.0,318.0,188.0,320.0,338.0,344.0,338.0,374.0,382.0,342.0,301.0,147.0,177.0,130.0,110.0,101.0,150.0,290.0,301.0
8,310.0,,332.0,,,,,,,,,,,319.0,308.0,260.0,301.0,187.0,220.0,213.0,233.0,308.0,267.0,277.0
9,308.0,312.0,319.0,351.0,358.0,312.0,237.0,217.0,273.0,243.0,243.0,324.0,345.0,334.0,310.0,183.0,107.0,120.0,123.0,147.0,207.0,237.0,302.0,312.0
10,323.0,311.0,312.0,310.0,319.0,309.0,324.0,332.0,310.0,277.0,315.0,398.0,401.0,370.0,243.0,233.0,217.0,197.0,223.0,233.0,302.0,315.0,310.0,290.0
11,273.0,287.0,320.0,320.0,320.0,57.0,315.0,270.0,257.0,267.0,325.0,407.0,311.0,345.0,302.0,302.0,157.0,183.0,180.0,150.0,230.0,237.0,,359.0
12,374.0,370.0,369.0,361.0,362.0,332.0,325.0,319.0,320.0,287.0,357.0,358.0,355.0,323.0,260.0,223.0,217.0,253.0,217.0,223.0,328.0,370.0,378.0,357.0
13,362.0,362.0,336.0,342.0,355.0,332.0,350.0,366.0,318.0,342.0,320.0,312.0,230.0,157.0,133.0,133.0,104.0,94.0,,95.0,233.0,260.0,123.0,123.0
14,270.0,305.0,267.0,307.0,324.0,340.0,332.0,307.0,361.0,358.0,328.0,329.0,257.0,,,257.0,107.0,111.0,99.0,92.0,75.0,123.0,301.0,319.0
15,363.0,358.0,342.0,342.0,305.0,318.0,315.0,316.0,277.0,183.0,277.0,170.0,157.0,140.0,127.0,116.0,119.0,109.0,97.0,83.0,130.0,193.0,333.0,399.0
16,398.0,395.0,379.0,352.0,355.0,318.0,287.0,160.0,150.0,140.0,217.0,304.0,324.0,314.0,223.0,170.0,150.0,136.0,124.0,120.0,140.0,220.0,301.0,325.0
17,322.0,332.0,346.0,351.0,327.0,319.0,302.0,305.0,303.0,303.0,293.0,,,,,,,,,82.0,203.0,324.0,353.0,329.0
18,308.0,302.0,302.0,273.0,240.0,305.0,312.0,287.0,302.0,193.0,280.0,320.0,315.0,230.0,177.0,193.0,,124.0,107.0,91.0,90.0,129.0,141.0,203.0
19,213.0,290.0,290.0,207.0,223.0,257.0,319.0,375.0,373.0,324.0,318.0,311.0,260.0,,,,,311.0,104.0,153.0,157.0,170.0,150.0,147.0
20,203.0,207.0,193.0,243.0,,150.0,207.0,213.0,223.0,240.0,217.0,194.0,221.0,193.0,193.0,212.0,184.0,171.0,165.0,148.0,153.0,157.0,220.0,230.0
21,183.0,140.0,277.0,267.0,273.0,163.0,113.0,130.0,71.0,53.0,62.0,76.0,81.0,73.0,75.0,64.0,69.0,78.0,76.0,56.0,57.0,,64.0,200.0
22,303.0,328.0,233.0,270.0,177.0,113.0,95.0,217.0,91.0,107.0,133.0,167.0,,,105.0,98.0,140.0,127.0,114.0,107.0,113.0,117.0,230.0,260.0
23,293.0,353.0,367.0,345.0,332.0,331.0,325.0,345.0,350.0,329.0,332.0,418.0,386.0,318.0,240.0,150.0,97.0,85.0,75.0,87.0,107.0,160.0,257.0,267.0
24,107.0,92.0,80.0,68.0,78.0,116.0,372.0,378.0,316.0,280.0,332.0,315.0,,,,,,,223.0,58.0,200.0,307.0,297.0,301.0
25,257.0,301.0,277.0,267.0,322.0,304.0,331.0,193.0,177.0,150.0,253.0,318.0,375.0,318.0,253.0,213.0,,,,,,230.0,220.0,277.0
26,332.0,,,,,,,,,,,,309.0,207.0,163.0,200.0,122.0,119.0,112.0,94.0,111.0,170.0,,
27,,,,,,,,,,,,,,,,,,230.0,132.0,126.0,125.0,193.0,213.0,207.0
28,237.0,257.0,257.0,243.0,197.0,187.0,193.0,140.0,147.0,163.0,143.0,134.0,150.0,144.0,143.0,138.0,135.0,130.0,127.0,134.0,133.0,160.0,163.0,127.0
29,110.0,104.0,110.0,103.0,92.0,120.0,97.0,97.0,103.0,93.0,110.0,109.0,123.0,124.0,115.0,118.0,117.0,,,,,,,
"
"
March-2020,00:00:00,01:00:00,02:00:00,03:00:00,04:00:00,05:00:00,06:00:00,07:00:00,08:00:00,09:00:00,10:00:00,11:00:00,12:00:00,13:00:00,14:00:00,15:00:00,16:00:00,17:00:00,18:00:00,19:00:00,20:00:00,21:00:00,22:00:00,23:00:00
1,,,,,,,,,,,,,,,,98.0,112.0,111.0,93.0,73.0,78.0,85.0,130.0,130.0
2,167.0,120.0,177.0,150.0,147.0,220.0,237.0,177.0,150.0,163.0,230.0,392.0,193.0,,,,,,2.0,61.0,100.0,116.0,207.0,253.0
3,243.0,297.0,250.0,329.0,323.0,318.0,327.0,332.0,302.0,280.0,,,378.0,233.0,183.0,113.0,,,,,,,,
4,,,,,,,,,,,,,243.0,143.0,136.0,144.0,143.0,127.0,117.0,141.0,73.0,,91.0,63.0
5,57.0,,,57.0,,,,,,,,,,64.0,67.0,66.0,89.0,87.0,81.0,71.0,81.0,53.0,49.0,33.0
6,46.0,39.0,47.0,55.0,55.0,66.0,55.0,41.0,30.0,38.0,38.0,47.0,,,,,45.0,70.0,64.0,54.0,55.0,49.0,54.0,49.0
7,35.0,38.0,42.0,48.0,48.0,42.0,46.0,44.0,33.0,37.0,58.0,52.0,61.0,78.0,80.0,77.0,78.0,83.0,72.0,62.0,69.0,147.0,143.0,163.0
8,157.0,,,,,,,,,,,,,,,,,,,,,,,
9,,,,,,,,,,,,,74.0,81.0,78.0,81.0,84.0,85.0,80.0,,67.0,86.0,140.0,243.0
10,370.0,339.0,322.0,357.0,351.0,337.0,312.0,260.0,270.0,230.0,171.0,147.0,109.0,136.0,144.0,146.0,143.0,138.0,92.0,84.0,86.0,95.0,95.0,92.0
11,107.0,94.0,140.0,119.0,107.0,101.0,97.0,101.0,95.0,92.0,93.0,89.0,92.0,97.0,98.0,101.0,94.0,95.0,101.0,92.0,89.0,101.0,99.0,83.0
12,80.0,85.0,85.0,36.0,45.0,133.0,119.0,129.0,111.0,126.0,143.0,133.0,,92.0,,,,,74.0,109.0,234.0,120.0,191.0,183.0
13,172.0,,,,115.0,109.0,90.0,108.0,257.0,233.0,311.0,277.0,217.0,177.0,188.0,219.0,288.0,277.0,237.0,232.0,246.0,290.0,279.0,237.0
14,164.0,61.0,131.0,145.0,153.0,315.0,290.0,273.0,253.0,270.0,301.0,99.0,96.0,104.0,115.0,116.0,152.0,151.0,138.0,129.0,116.0,122.0,125.0,129.0
15,127.0,112.0,108.0,109.0,111.0,193.0,307.0,309.0,150.0,163.0,207.0,280.0,365.0,302.0,177.0,193.0,168.0,153.0,140.0,111.0,108.0,217.0,318.0,314.0
16,320.0,333.0,321.0,280.0,207.0,273.0,243.0,334.0,357.0,315.0,342.0,324.0,237.0,98.0,102.0,101.0,106.0,109.0,95.0,72.0,75.0,178.0,,
17,,,,,,,,,,,,,,,,,163.0,106.0,114.0,78.0,91.0,88.0,96.0,117.0
18,109.0,113.0,123.0,237.0,250.0,323.0,342.0,355.0,333.0,362.0,382.0,327.0,130.0,116.0,114.0,107.0,112.0,111.0,103.0,93.0,95.0,99.0,147.0,117.0
19,139.0,130.0,197.0,213.0,203.0,,,,,,,,,,,128.0,138.0,134.0,125.0,119.0,152.0,157.0,177.0,145.0
20,,,,,,,,,,,,,,,,,,,,,62.0,65.0,183.0,177.0
21,193.0,270.0,180.0,167.0,127.0,105.0,,,,,,,,126.0,117.0,135.0,130.0,113.0,83.0,123.0,81.0,115.0,141.0,145.0
22,162.0,306.0,302.0,307.0,287.0,270.0,253.0,253.0,273.0,305.0,324.0,320.0,183.0,240.0,94.0,91.0,97.0,111.0,95.0,84.0,75.0,101.0,140.0,187.0
23,157.0,187.0,197.0,150.0,123.0,127.0,170.0,352.0,363.0,375.0,290.0,87.0,81.0,79.0,75.0,84.0,88.0,96.0,75.0,123.0,116.0,115.0,130.0,133.0
24,114.0,113.0,112.0,112.0,114.0,110.0,92.0,103.0,140.0,140.0,130.0,119.0,129.0,120.0,129.0,116.0,107.0,129.0,38.0,29.0,31.0,30.0,18.0,28.0
25,38.0,32.0,50.0,32.0,42.0,80.0,110.0,107.0,75.0,83.0,113.0,103.0,63.0,67.0,67.0,59.0,63.0,70.0,62.0,54.0,48.0,73.0,75.0,23.0
26,250.0,240.0,133.0,223.0,27.0,30.0,60.0,147.0,180.0,344.0,318.0,103.0,70.0,48.0,44.0,46.0,40.0,41.0,34.0,47.0,55.0,57.0,63.0,297.0
27,333.0,308.0,193.0,95.0,95.0,47.0,67.0,30.0,55.0,20.0,23.0,28.0,38.0,37.0,46.0,49.0,54.0,58.0,54.0,50.0,45.0,39.0,,
28,,,,,,,,,,,,,,,,,,,,,,,,
29,,,,,,,,,,,,,,,,,,,,,,,,
30,,,,,,,,,,,,,,,,,,,,,,,,
31,,,,,,,,,,,,,,,,,,,,,,,,
"
"
April-2020,00:00:00,01:00:00,02:00:00,03:00:00,04:00:00,05:00:00,06:00:00,07:00:00,08:00:00,09:00:00,10:00:00,11:00:00,12:00:00,13:00:00,14:00:00,15:00:00,16:00:00,17:00:00,18:00:00,19:00:00,20:00:00,21:00:00,22:00:00,23:00:00
1,,,,,,,,,,,,,,,,,,,,,,,,
2,,,,,,,,,,,,,,,,,,,,,,,,
3,,,,,,,,,,,,,,,,,,,,,,,,
4,,,,,,,,,,,,,,,,,,,,,,,,
5,,,,,,,,,,,,,,,,,,,,,,,,
6,,,,,,,,,,,,,,,,,,,,,,,,
7,,,,,,,,,,,,,,,,,,,,,,,,
8,,,,,,,,,,,,,,,,,,,,81.0,80.0,151.0,90.0,83.0
9,83.0,76.0,81.0,83.0,99.0,83.0,200.0,119.0,101.0,237.0,250.0,,,,,,,,,,,,,
10,,,,,,,,,,,,,,,,,80.0,,,,,,,
11,137.0,,125.0,115.0,112.0,117.0,187.0,,,318.0,277.0,120.0,115.0,105.0,105.0,93.0,99.0,96.0,124.0,102.0,115.0,140.0,129.0,129.0
12,131.0,127.0,207.0,157.0,110.0,78.0,177.0,220.0,140.0,270.0,240.0,101.0,84.0,91.0,103.0,102.0,102.0,99.0,104.0,81.0,113.0,140.0,168.0,200.0
13,316.0,370.0,348.0,233.0,240.0,217.0,187.0,148.0,145.0,302.0,183.0,124.0,80.0,85.0,91.0,84.0,101.0,109.0,94.0,99.0,119.0,163.0,174.0,296.0
14,238.0,179.0,160.0,153.0,149.0,334.0,337.0,344.0,328.0,322.0,290.0,111.0,,108.0,100.0,112.0,112.0,71.0,75.0,145.0,159.0,277.0,306.0,405.0
15,360.0,261.0,349.0,248.0,248.0,210.0,196.0,155.0,145.0,,205.0,,,,,,,143.0,115.0,109.0,108.0,119.0,146.0,177.0
16,143.0,159.0,270.0,322.0,322.0,309.0,203.0,134.0,137.0,170.0,207.0,230.0,230.0,175.0,120.0,102.0,125.0,131.0,107.0,78.0,111.0,149.0,169.0,164.0
17,157.0,142.0,142.0,123.0,115.0,122.0,131.0,103.0,105.0,,52.0,167.0,85.0,62.0,50.0,62.0,78.0,67.0,74.0,86.0,129.0,60.0,63.0,95.0
18,78.0,80.0,77.0,100.0,105.0,99.0,137.0,131.0,64.0,57.0,52.0,62.0,59.0,70.0,90.0,103.0,112.0,120.0,127.0,209.0,129.0,96.0,116.0,118.0
19,100.0,79.0,53.0,52.0,223.0,73.0,74.0,70.0,61.0,321.0,340.0,233.0,127.0,83.0,72.0,53.0,51.0,63.0,69.0,74.0,101.0,97.0,162.0,249.0
20,172.0,165.0,160.0,209.0,185.0,166.0,183.0,163.0,,,,,,,,,,,,,,,48.0,43.0
21,92.0,72.0,92.0,72.0,89.0,126.0,109.0,309.0,274.0,312.0,115.0,,88.0,107.0,80.0,,,,,,,,,
22,,,,,,,,,,,,,,,,,,50.0,86.0,69.0,118.0,126.0,149.0,183.0
23,233.0,249.0,193.0,187.0,157.0,174.0,133.0,133.0,145.0,147.0,96.0,64.0,66.0,61.0,88.0,341.0,81.0,,45.0,53.0,105.0,156.0,175.0,165.0
24,,,175.0,157.0,177.0,172.0,163.0,203.0,197.0,,,,,,25.0,31.0,80.0,81.0,,,,,,
25,175.0,144.0,117.0,107.0,89.0,33.0,54.0,,,41.0,41.0,45.0,33.0,33.0,38.0,31.0,30.0,38.0,34.0,40.0,53.0,183.0,139.0,197.0
26,210.0,189.0,174.0,163.0,145.0,141.0,147.0,155.0,184.0,68.0,86.0,16.0,24.0,55.0,141.0,50.0,67.0,56.0,,,31.0,,,
27,,,,36.0,35.0,,,,,,,,,,,,,,,,,,,40.0
28,40.0,7.0,,,,,,,,,,,,,,,,,,,,,,
29,,,,,,,,,,,,,,,,,,,,,,,,
30,,,,,,,,,,,,,,,,12.0,115.0,50.0,117.0,,141.0,175.0,119.0,111.0
"
"
May-2020,00:00:00,01:00:00,02:00:00,03:00:00,04:00:00,05:00:00,06:00:00,07:00:00,08:00:00,09:00:00,10:00:00,11:00:00,12:00:00,13:00:00,14:00:00,15:00:00,16:00:00,17:00:00,18:00:00,19:00:00,20:00:00,21:00:00,22:00:00,23:00:00
1,120.0,120.0,126.0,110.0,115.0,113.0,105.0,108.0,113.0,135.0,150.0,148.0,143.0,145.0,145.0,147.0,157.0,152.0,160.0,,155.0,145.0,141.0,124.0
2,115.0,107.0,95.0,101.0,95.0,83.0,72.0,66.0,74.0,67.0,78.0,88.0,,,,,,,,,,,,
3,,,,,,,,,,,,,,,,,,,,,,100.0,,
4,,,,,,,,,,,147.0,62.0,57.0,69.0,64.0,51.0,44.0,34.0,46.0,59.0,,69.0,90.0,123.0
5,129.0,123.0,,112.0,123.0,,,,354.0,,,177.0,170.0,75.0,69.0,66.0,74.0,74.0,64.0,69.0,92.0,111.0,183.0,197.0
6,307.0,240.0,356.0,188.0,153.0,168.0,178.0,157.0,104.0,74.0,75.0,163.0,191.0,133.0,105.0,,107.0,88.0,70.0,80.0,129.0,156.0,187.0,180.0
7,162.0,148.0,187.0,197.0,77.0,62.0,47.0,43.0,34.0,30.0,35.0,50.0,53.0,67.0,78.0,27.0,19.0,69.0,86.0,79.0,96.0,129.0,85.0,50.0
8,129.0,123.0,127.0,115.0,105.0,109.0,99.0,99.0,101.0,,,,,,123.0,21.0,42.0,62.0,115.0,115.0,115.0,62.0,167.0,145.0
9,145.0,33.0,131.0,108.0,100.0,91.0,92.0,103.0,111.0,133.0,131.0,123.0,125.0,113.0,112.0,,70.0,107.0,101.0,100.0,122.0,141.0,,55.0
10,51.0,109.0,99.0,102.0,112.0,107.0,107.0,123.0,124.0,133.0,133.0,137.0,137.0,,,,,,,,137.0,55.0,85.0,73.0
11,51.0,38.0,47.0,39.0,38.0,44.0,45.0,52.0,53.0,70.0,78.0,89.0,96.0,105.0,99.0,100.0,18.0,111.0,119.0,117.0,124.0,123.0,118.0,117.0
12,22.0,43.0,122.0,119.0,120.0,104.0,95.0,97.0,89.0,100.0,107.0,105.0,97.0,73.0,73.0,40.0,20.0,67.0,68.0,58.0,73.0,111.0,147.0,60.0
13,34.0,104.0,111.0,111.0,111.0,107.0,119.0,352.0,230.0,298.0,339.0,249.0,167.0,161.0,155.0,150.0,26.0,,115.0,119.0,135.0,109.0,123.0,124.0
14,109.0,100.0,88.0,,103.0,93.0,90.0,89.0,123.0,114.0,104.0,120.0,141.0,127.0,125.0,109.0,99.0,103.0,,,70.0,95.0,65.0,52.0
15,80.0,307.0,203.0,85.0,104.0,103.0,83.0,102.0,163.0,312.0,160.0,67.0,,86.0,88.0,102.0,91.0,104.0,109.0,85.0,,,,
16,,,,,,,,,,,,,,,,75.0,70.0,80.0,95.0,129.0,117.0,143.0,237.0,302.0
17,280.0,257.0,304.0,341.0,351.0,316.0,315.0,302.0,310.0,352.0,340.0,301.0,133.0,103.0,90.0,96.0,86.0,80.0,84.0,123.0,144.0,79.0,111.0,127.0
18,290.0,302.0,306.0,4.0,366.0,345.0,322.0,306.0,220.0,302.0,321.0,318.0,304.0,125.0,116.0,100.0,90.0,84.0,107.0,104.0,107.0,156.0,164.0,155.0
19,312.0,188.0,311.0,359.0,411.0,383.0,361.0,362.0,345.0,358.0,404.0,363.0,315.0,147.0,95.0,78.0,78.0,40.0,58.0,,,,,
20,,,,,,333.0,108.0,413.0,383.0,253.0,20.0,118.0,,,,,,,101.0,101.0,109.0,151.0,155.0,228.0
21,240.0,302.0,328.0,306.0,306.0,310.0,319.0,327.0,302.0,320.0,250.0,138.0,147.0,101.0,90.0,115.0,129.0,137.0,114.0,117.0,119.0,169.0,167.0,328.0
22,298.0,237.0,178.0,,,,,,,,,,,,,,,,,,,,179.0,65.0
23,233.0,175.0,183.0,173.0,167.0,157.0,157.0,163.0,161.0,171.0,184.0,181.0,246.0,169.0,133.0,14.0,13.0,107.0,111.0,111.0,157.0,224.0,256.0,245.0
24,197.0,175.0,181.0,161.0,207.0,243.0,162.0,151.0,156.0,204.0,297.0,174.0,135.0,119.0,114.0,99.0,89.0,99.0,95.0,86.0,107.0,140.0,155.0,163.0
25,152.0,237.0,316.0,277.0,260.0,302.0,290.0,193.0,193.0,240.0,167.0,147.0,90.0,90.0,55.0,85.0,80.0,102.0,99.0,111.0,101.0,116.0,148.0,155.0
26,157.0,191.0,181.0,189.0,194.0,149.0,142.0,157.0,155.0,152.0,156.0,228.0,197.0,204.0,162.0,133.0,115.0,100.0,92.0,433.0,159.0,234.0,183.0,190.0
27,332.0,177.0,131.0,101.0,94.0,96.0,112.0,117.0,107.0,152.0,13.0,,,,,,28.0,55.0,68.0,99.0,135.0,175.0,168.0,177.0
28,411.0,179.0,102.0,91.0,167.0,420.0,294.0,229.0,206.0,197.0,189.0,201.0,293.0,227.0,210.0,197.0,190.0,209.0,211.0,251.0,288.0,111.0,349.0,96.0
29,33.0,36.0,33.0,29.0,34.0,30.0,31.0,34.0,41.0,46.0,61.0,68.0,,74.0,,,67.0,92.0,107.0,111.0,69.0,55.0,51.0,48.0
30,38.0,45.0,33.0,25.0,26.0,26.0,25.0,23.0,29.0,34.0,50.0,48.0,47.0,,,,,,,,,,,
31,,,,,,,,,,,,,,,,,,50.0,68.0,90.0,106.0,111.0,113.0,115.0
"
"
June-2020,00:00:00,01:00:00,02:00:00,03:00:00,04:00:00,05:00:00,06:00:00,07:00:00,08:00:00,09:00:00,10:00:00,11:00:00,12:00:00,13:00:00,14:00:00,15:00:00,16:00:00,17:00:00,18:00:00,19:00:00,20:00:00,21:00:00,22:00:00,23:00:00
1,116.0,114.0,112.0,60.0,111.0,111.0,111.0,111.0,111.0,112.0,112.0,114.0,55.0,8.0,70.0,61.0,66.0,77.0,80.0,91.0,95.0,102.0,102.0,
2,,,,,,,,,,,,,70.0,85.0,80.0,57.0,64.0,69.0,55.0,55.0,61.0,107.0,88.0,105.0
3,105.0,,,,,,,,,,,,,,,,,,,,,,,
4,,,,,,,,,,,,,,,,,55.0,70.0,84.0,92.0,,48.0,14.0,45.0
5,55.0,85.0,87.0,85.0,84.0,78.0,83.0,75.0,78.0,69.0,51.0,58.0,47.0,,57.0,48.0,50.0,81.0,50.0,35.0,45.0,61.0,91.0,77.0
6,86.0,88.0,78.0,85.0,77.0,62.0,57.0,55.0,69.0,68.0,68.0,67.0,57.0,52.0,,62.0,70.0,68.0,68.0,79.0,69.0,85.0,80.0,90.0
7,101.0,95.0,95.0,90.0,94.0,78.0,86.0,35.0,19.0,15.0,27.0,,72.0,80.0,113.0,101.0,77.0,70.0,45.0,42.0,39.0,48.0,52.0,75.0
8,91.0,89.0,59.0,56.0,59.0,61.0,,64.0,83.0,89.0,100.0,96.0,,88.0,85.0,104.0,89.0,94.0,95.0,96.0,103.0,114.0,115.0,114.0
9,109.0,126.0,127.0,140.0,127.0,124.0,130.0,143.0,180.0,177.0,127.0,125.0,122.0,129.0,133.0,135.0,127.0,135.0,122.0,111.0,105.0,109.0,127.0,135.0
10,99.0,88.0,99.0,99.0,96.0,107.0,105.0,112.0,115.0,122.0,107.0,120.0,111.0,105.0,107.0,109.0,111.0,107.0,,,,,,
11,,,,,,,,,,,133.0,18.0,20.0,60.0,38.0,47.0,47.0,38.0,32.0,111.0,111.0,138.0,130.0,123.0
12,116.0,152.0,303.0,187.0,140.0,124.0,116.0,123.0,123.0,127.0,137.0,131.0,134.0,127.0,117.0,165.0,109.0,105.0,123.0,150.0,163.0,165.0,177.0,160.0
13,169.0,169.0,156.0,153.0,138.0,120.0,105.0,101.0,123.0,127.0,107.0,107.0,104.0,117.0,56.0,68.0,45.0,51.0,62.0,84.0,125.0,119.0,140.0,143.0
14,138.0,155.0,306.0,311.0,318.0,344.0,240.0,220.0,200.0,90.0,80.0,217.0,167.0,105.0,111.0,116.0,114.0,101.0,101.0,91.0,96.0,101.0,99.0,113.0
15,112.0,50.0,123.0,100.0,94.0,99.0,102.0,108.0,105.0,112.0,108.0,107.0,115.0,108.0,103.0,104.0,101.0,92.0,100.0,101.0,105.0,281.0,335.0,145.0
16,153.0,141.0,141.0,131.0,116.0,85.0,63.0,51.0,57.0,53.0,69.0,59.0,89.0,94.0,84.0,85.0,99.0,104.0,68.0,68.0,78.0,108.0,115.0,133.0
17,145.0,121.0,109.0,117.0,79.0,62.0,56.0,48.0,50.0,55.0,55.0,66.0,77.0,99.0,99.0,101.0,115.0,114.0,105.0,89.0,104.0,122.0,126.0,109.0
18,100.0,103.0,79.0,57.0,45.0,51.0,53.0,67.0,67.0,64.0,63.0,68.0,124.0,156.0,,,,,,,113.0,117.0,168.0,149.0
19,116.0,99.0,107.0,117.0,118.0,83.0,67.0,70.0,78.0,89.0,119.0,218.0,430.0,447.0,430.0,425.0,430.0,414.0,356.0,289.0,268.0,268.0,244.0,201.0
20,177.0,80.0,70.0,90.0,78.0,74.0,70.0,102.0,121.0,335.0,422.0,50.0,67.0,77.0,105.0,118.0,124.0,126.0,162.0,73.0,48.0,48.0,52.0,62.0
21,61.0,63.0,63.0,66.0,83.0,83.0,40.0,43.0,60.0,23.0,17.0,57.0,83.0,95.0,,20.0,,,,34.0,29.0,,8.0,
22,,19.0,19.0,,,6.0,,,,,,23.0,,35.0,42.0,50.0,51.0,55.0,155.0,33.0,61.0,89.0,105.0,111.0
23,111.0,109.0,111.0,94.0,64.0,53.0,36.0,39.0,44.0,40.0,42.0,47.0,50.0,51.0,48.0,78.0,122.0,114.0,122.0,152.0,131.0,104.0,126.0,127.0
24,166.0,174.0,142.0,63.0,119.0,135.0,131.0,132.0,138.0,106.0,124.0,107.0,113.0,58.0,132.0,58.0,24.0,,30.0,51.0,66.0,66.0,75.0,58.0
25,15.0,,,,55.0,119.0,90.0,112.0,146.0,144.0,126.0,161.0,155.0,176.0,46.0,,,,,,,,,
26,,,,,,,,,,,,,,38.0,38.0,21.0,68.0,140.0,102.0,156.0,130.0,114.0,121.0,115.0
27,120.0,126.0,103.0,74.0,70.0,80.0,77.0,68.0,75.0,83.0,78.0,95.0,112.0,149.0,146.0,145.0,159.0,362.0,129.0,18.0,126.0,151.0,179.0,188.0
28,193.0,202.0,199.0,210.0,240.0,248.0,268.0,296.0,162.0,96.0,134.0,170.0,187.0,213.0,292.0,460.0,432.0,411.0,422.0,428.0,417.0,391.0,346.0,305.0
29,376.0,255.0,221.0,178.0,188.0,117.0,107.0,109.0,156.0,91.0,89.0,123.0,145.0,192.0,250.0,295.0,300.0,295.0,239.0,239.0,138.0,67.0,42.0,81.0
30,,,,,,,,,,,,,,,78.0,121.0,94.0,100.0,109.0,109.0,112.0,115.0,141.0,119.0
"
"
July-2020,00:00:00,01:00:00,02:00:00,03:00:00,04:00:00,05:00:00,06:00:00,07:00:00,08:00:00,09:00:00,10:00:00,11:00:00,12:00:00,13:00:00,14:00:00,15:00:00,16:00:00,17:00:00,18:00:00,19:00:00,20:00:00,21:00:00,22:00:00,23:00:00
1,117.0,157.0,127.0,121.0,176.0,104.0,114.0,115.0,136.0,121.0,119.0,113.0,121.0,138.0,182.0,129,120.0,158.0,126.0,137.0,172.0,33.0,34.0,
2,,,,,24.0,,,,26.0,180.0,120.0,140.0,,,,156,56.0,155.0,133.0,155.0,129.0,157.0,186.0,168.0
3,165.0,157.0,177.0,133.0,133.0,123.0,117.0,117.0,150.0,147.0,145.0,141.0,152.0,159.0,152.0,163,74.0,91.0,70.0,112.0,141.0,137.0,157.0,92.0
4,89.0,107.0,95.0,79.0,52.0,56.0,55.0,70.0,101.0,127.0,109.0,107.0,109.0,164.0,107.0,103,109.0,105.0,97.0,107.0,109.0,117.0,96.0,120.0
5,203.0,237.0,,97.0,,103.0,40.0,40.0,43.0,45.0,45.0,50.0,50.0,55.0,83.0,66,90.0,98.0,89.0,64.0,57.0,62.0,68.0,58.0
6,72.0,78.0,87.0,87.0,63.0,93.0,157.0,150.0,250.0,243.0,220.0,217.0,104.0,96.0,84.0,83,105.0,110.0,88.0,89.0,96.0,64.0,68.0,58.0
7,61.0,69.0,68.0,73.0,61.0,44.0,42.0,35.0,38.0,42.0,33.0,31.0,41.0,52.0,46.0,51,30.0,15.0,20.0,22.0,14.0,17.0,20.0,22.0
8,19.0,11.0,9.0,42.0,30.0,28.0,38.0,47.0,75.0,67.0,70.0,67.0,25.0,28.0,40.0,55,56.0,50.0,64.0,30.0,22.0,23.0,,35.0
9,40.0,,45.0,20.0,45.0,50.0,55.0,60.0,83.0,130.0,140.0,68.0,55.0,43.0,49.0,50,40.0,33.0,,40.0,37.0,33.0,47.0,38.0
10,61.0,91.0,130.0,77.0,55.0,53.0,51.0,46.0,62.0,61.0,50.0,52.0,,38.0,123.0,96,108.0,138.0,159.0,,,,,
11,,,,,,,,,,,,,,52.0,35.0,48,50.0,42.0,50.0,62.0,78.0,102.0,,
12,48.0,97.0,103.0,97.0,86.0,62.0,63.0,69.0,35.0,38.0,,27.0,35.0,35.0,40.0,20,24.0,28.0,25.0,26.0,23.0,20.0,31.0,41.0
13,57.0,50.0,40.0,30.0,47.0,59.0,65.0,167.0,16.0,70.0,69.0,55.0,39.0,39.0,111.0,142,161.0,189.0,183.0,163.0,168.0,187.0,193.0,175.0
14,109.0,92.0,92.0,57.0,52.0,56.0,51.0,63.0,85.0,88.0,100.0,96.0,97.0,117.0,123.0,140,139.0,138.0,149.0,141.0,142.0,153.0,170.0,186.0
15,233.0,230.0,237.0,151.0,131.0,123.0,117.0,200.0,243.0,193.0,127.0,91.0,101.0,131.0,115.0,105,97.0,83.0,99.0,101.0,40.0,28.0,115.0,25.0
16,66.0,57.0,,63.0,58.0,,51.0,56.0,63.0,55.0,88.0,83.0,86.0,40.0,47.0,53,67.0,83.0,95.0,97.0,119.0,78.0,66.0,89.0
17,96.0,143.0,20.0,8.0,66.0,57.0,59.0,63.0,22.0,22.0,28.0,25.0,,17.0,92.0,83,24.0,33.0,34.0,24.0,167.0,111.0,170.0,
18,,,,,,,,,,,,,,96.0,107.0,108,96.0,140.0,133.0,193.0,48.0,112.0,78.0,81.0
19,80.0,123.0,40.0,18.0,35.0,35.0,40.0,45.0,40.0,,,40.0,45.0,30.0,35.0,24,23.0,34.0,60.0,87.0,73.0,50.0,57.0,63.0
20,,,,,,,,,,,,,,66.0,38.0,18,32.0,32.0,40.0,30.0,28.0,,,
21,,,,,,,,,,,,,,38.0,60.0,15,13.0,,40.0,55.0,62.0,75.0,65.0,92.0
22,55.0,55.0,50.0,60.0,45.0,45.0,50.0,50.0,55.0,55.0,60.0,62.0,57.0,50.0,50.0,10,20.0,25.0,,,,,,
23,,,,,,,,,,,,30.0,55.0,70.0,58.0,57,34.0,38.0,40.0,40.0,58.0,103.0,33.0,50.0
24,98.0,96.0,223.0,267.0,270.0,15.0,24.0,26.0,290.0,167.0,101.0,83.0,127.0,157.0,,55,52.0,62.0,67.0,50.0,30.0,15.0,35.0,50.0
25,87.0,38.0,30.0,57.0,39.0,33.0,33.0,42.0,15.0,15.0,15.0,58.0,59.0,56.0,,38,78.0,130.0,45.0,48.0,61.0,62.0,70.0,63.0
26,73.0,50.0,150.0,147.0,67.0,55.0,51.0,57.0,97.0,50.0,167.0,80.0,58.0,52.0,57.0,64,59.0,63.0,130.0,147.0,81.0,75.0,75.0,86.0
27,147.0,301.0,307.0,4.0,140.0,90.0,97.0,87.0,77.0,75.0,85.0,73.0,72.0,,,57,52.0,44.0,44.0,57.0,77.0,53.0,22.0,29.0
28,30.0,38.0,19.0,4.0,11.0,25.0,24.0,36.0,36.0,40.0,47.0,50.0,58.0,46.0,50.0,53,63.0,79.0,75.0,64.0,64.0,81.0,112.0,91.0
29,75.0,74.0,130.0,104.0,104.0,9.0,10.0,21.0,67.0,86.0,59.0,75.0,116.0,127.0,127.0,144,129.0,73.0,41.0,45.0,36.0,39.0,35.0,50.0
30,58.0,72.0,68.0,58.0,77.0,15.0,,,,,,,,,20.0,20,,21.0,21.0,21.0,22.0,18.0,28.0,27.0
31,32.0,20.0,45.0,33.0,29.0,30.0,39.0,51.0,62.0,111.0,143.0,130.0,59.0,60.0,55.0,45,70.0,64.0,110.0,78.0,74.0,80.0,63.0,74.0
"
"
August-2020,00:00:00,01:00:00,02:00:00,03:00:00,04:00:00,05:00:00,06:00:00,07:00:00,08:00:00,09:00:00,10:00:00,11:00:00,12:00:00,13:00:00,14:00:00,15:00:00,16:00:00,17:00:00,18:00:00,19:00:00,20:00:00,21:00:00,22:00:00,23:00:00
1,75.0,64.0,58.0,55.0,47.0,70.0,63.0,93.0,67.0,69.0,110.0,48.0,59.0,66.0,,43.0,47.0,68.0,50.0,48.0,57.0,48.0,48.0,56.0
2,50.0,50.0,60.0,47.0,50.0,50.0,50.0,50.0,50.0,50.0,45.0,45.0,45.0,45.0,45.0,40.0,50.0,55.0,51.0,69.0,52.0,51.0,81.0,72.0
3,70.0,75.0,75.0,66.0,75.0,80.0,75.0,70.0,70.0,75.0,75.0,75.0,,,48.0,40.0,35.0,50.0,55.0,40.0,40.0,45.0,45.0,50.0
4,55.0,50.0,50.0,24.0,55.0,55.0,55.0,50.0,50.0,55.0,60.0,60.0,60.0,57.0,60.0,77.0,58.0,66.0,73.0,,45.0,45.0,67.0,
5,94.0,85.0,78.0,100.0,101.0,109.0,107.0,107.0,133.0,95.0,90.0,,90.0,72.0,70.0,40.0,40.0,50.0,63.0,60.0,65.0,,100.0,140.0
6,123.0,95.0,103.0,51.0,62.0,60.0,62.0,60.0,60.0,60.0,55.0,55.0,52.0,48.0,50.0,44.0,35.0,35.0,35.0,41.0,35.0,35.0,41.0,40.0
7,40.0,40.0,40.0,27.0,35.0,35.0,38.0,,65.0,70.0,,70.0,70.0,70.0,70.0,48.0,60.0,60.0,57.0,55.0,44.0,55.0,78.0,85.0
8,95.0,150.0,180.0,170.0,65.0,73.0,80.0,80.0,120.0,157.0,83.0,70.0,70.0,70.0,70.0,65.0,88.0,87.0,43.0,40.0,98.0,95.0,113.0,130.0
9,65.0,37.0,35.0,23.0,35.0,35.0,40.0,40.0,40.0,58.0,35.0,50.0,52.0,48.0,50.0,60.0,,,65.0,40.0,40.0,50.0,,
10,72.0,90.0,,45.0,60.0,50.0,,,48.0,45.0,,,,40.0,45.0,48.0,58.0,65.0,45.0,65.0,60.0,65.0,75.0,75.0
11,75.0,77.0,78.0,73.0,80.0,75.0,75.0,70.0,78.0,93.0,75.0,,65.0,65.0,70.0,50.0,47.0,57.0,47.0,50.0,57.0,50.0,50.0,45.0
12,43.0,40.0,40.0,18.0,40.0,40.0,45.0,40.0,40.0,40.0,40.0,55.0,59.0,67.0,70.0,,73.0,,,61.0,61.0,56.0,73.0,73.0
13,,,,,,,,2.0,,,40.0,40.0,,,5.0,,,5.0,52.0,62.0,65.0,70.0,70.0,75.0
14,60.0,70.0,70.0,,88.0,60.0,9.0,75.0,,,,,,,,,,,,2.0,55.0,70.0,90.0,70.0
15,70.0,68.0,50.0,68.0,68.0,40.0,40.0,40.0,140.0,47.0,40.0,40.0,40.0,53.0,44.0,50.0,60.0,60.0,60.0,62.0,65.0,70.0,70.0,
16,,65.0,65.0,41.0,70.0,70.0,55.0,68.0,74.0,65.0,70.0,60.0,52.0,61.0,57.0,48.0,40.0,40.0,40.0,43.0,43.0,55.0,55.0,69.0
17,62.0,59.0,50.0,70.0,68.0,52.0,53.0,68.0,84.0,90.0,101.0,57.0,45.0,45.0,60.0,,55.0,,45.0,80.0,90.0,92.0,102.0,101.0
18,95.0,95.0,90.0,63.0,80.0,75.0,75.0,75.0,80.0,80.0,87.0,72.0,74.0,70.0,68.0,,,,,,,,,
19,,,,,,,,,,,,,,,,,45.0,40.0,50.0,50.0,73.0,63.0,78.0,67.0
20,67.0,65.0,78.0,57.0,48.0,50.0,30.0,30.0,35.0,,14.0,65.0,68.0,70.0,70.0,40.0,40.0,40.0,50.0,72.0,83.0,70.0,80.0,82.0
21,88.0,88.0,78.0,44.0,55.0,50.0,50.0,56.0,85.0,75.0,45.0,40.0,50.0,45.0,45.0,45.0,43.0,,27.0,,,,70.0,82.0
22,95.0,101.0,92.0,70.0,73.0,60.0,60.0,62.0,65.0,65.0,65.0,,,60.0,60.0,40.0,40.0,40.0,45.0,40.0,45.0,52.0,50.0,48.0
23,45.0,45.0,45.0,22.0,40.0,40.0,40.0,45.0,50.0,68.0,50.0,55.0,45.0,45.0,45.0,40.0,40.0,40.0,40.0,40.0,40.0,60.0,65.0,65.0
24,70.0,70.0,70.0,14.0,68.0,65.0,70.0,70.0,75.0,72.0,72.0,75.0,70.0,70.0,75.0,36.0,40.0,40.0,40.0,43.0,43.0,50.0,58.0,50.0
25,50.0,45.0,40.0,20.0,40.0,40.0,40.0,45.0,50.0,45.0,45.0,45.0,40.0,40.0,40.0,35.0,38.0,47.0,40.0,40.0,40.0,40.0,62.0,65.0
26,60.0,65.0,65.0,11.0,65.0,60.0,65.0,65.0,65.0,68.0,,,65.0,65.0,,35.0,,,62.0,65.0,65.0,70.0,70.0,70.0
27,70.0,72.0,75.0,30.0,75.0,75.0,70.0,75.0,72.0,70.0,70.0,70.0,,,60.0,35.0,55.0,60.0,55.0,60.0,60.0,65.0,55.0,55.0
28,55.0,61.0,55.0,19.0,50.0,52.0,55.0,50.0,50.0,50.0,51.0,,,,,,,,48.0,50.0,48.0,60.0,80.0,95.0
29,101.0,95.0,90.0,65.0,85.0,85.0,80.0,75.0,70.0,140.0,150.0,113.0,88.0,70.0,70.0,43.0,40.0,48.0,43.0,48.0,56.0,73.0,73.0,65.0
30,70.0,75.0,75.0,67.0,58.0,63.0,57.0,40.0,40.0,40.0,40.0,40.0,40.0,40.0,40.0,,,,40.0,40.0,40.0,40.0,,40.0
31,38.0,,,12.0,40.0,35.0,35.0,35.0,35.0,40.0,40.0,40.0,40.0,40.0,40.0,20.0,60.0,60.0,60.0,62.0,68.0,70.0,50.0,55.0
"
"
September-2020,00:00:00,01:00:00,02:00:00,03:00:00,04:00:00,05:00:00,06:00:00,07:00:00,08:00:00,09:00:00,10:00:00,11:00:00,12:00:00,13:00:00,14:00:00,15:00:00,16:00:00,17:00:00,18:00:00,19:00:00,20:00:00,21:00:00,22:00:00,23:00:00
1,55.0,55.0,55.0,17.0,55.0,60.0,60.0,60.0,60.0,55.0,55.0,55.0,,55.0,60.0,40.0,40.0,38.0,35.0,40.0,40.0,48.0,50.0,47.0
2,45.0,45.0,40.0,14.0,40.0,45.0,45.0,45.0,45.0,45.0,40.0,45.0,45.0,45.0,45.0,40.0,40.0,45.0,51.0,73.0,78.0,92.0,104.0,73.0
3,66.0,62.0,69.0,70.0,73.0,91.0,105.0,88.0,85.0,70.0,64.0,62.0,48.0,55.0,46.0,51.0,48.0,41.0,,50.0,53.0,52.0,75.0,88.0
4,95.0,83.0,98.0,65.0,67.0,70.0,65.0,83.0,,97.0,77.0,51.0,50.0,45.0,40.0,45.0,,40.0,57.0,40.0,40.0,43.0,45.0,57.0
5,62.0,50.0,92.0,63.0,63.0,65.0,60.0,74.0,87.0,163.0,123.0,77.0,47.0,38.0,35.0,35.0,35.0,35.0,38.0,53.0,39.0,35.0,35.0,40.0
6,38.0,40.0,35.0,14.0,35.0,35.0,35.0,35.0,35.0,41.0,60.0,65.0,70.0,70.0,70.0,40.0,40.0,40.0,40.0,42.0,45.0,52.0,61.0,64.0
7,70.0,70.0,80.0,91.0,85.0,68.0,,,,,,133.0,70.0,65.0,,62.0,65.0,18.0,67.0,69.0,55.0,55.0,55.0,55.0
8,60.0,55.0,60.0,,,,,,,,,,,26.0,40.0,40.0,44.0,55.0,55.0,55.0,77.0,74.0,103.0,155.0
9,111.0,103.0,103.0,100.0,127.0,130.0,143.0,140.0,123.0,243.0,113.0,100.0,75.0,68.0,83.0,,,70.0,65.0,104.0,55.0,103.0,88.0,
10,78.0,97.0,109.0,93.0,95.0,92.0,95.0,93.0,98.0,233.0,150.0,97.0,,55.0,77.0,72.0,80.0,84.0,73.0,92.0,123.0,297.0,277.0,310.0
11,260.0,233.0,319.0,307.0,305.0,310.0,309.0,314.0,332.0,334.0,270.0,160.0,103.0,78.0,90.0,78.0,88.0,80.0,90.0,73.0,96.0,140.0,180.0,223.0
12,217.0,267.0,270.0,257.0,213.0,183.0,230.0,260.0,307.0,318.0,260.0,129.0,116.0,114.0,116.0,107.0,45.0,102.0,101.0,108.0,127.0,233.0,233.0,260.0
13,243.0,243.0,293.0,306.0,277.0,303.0,303.0,314.0,316.0,319.0,325.0,318.0,197.0,240.0,257.0,183.0,197.0,203.0,193.0,302.0,250.0,302.0,217.0,308.0
14,9.0,62.0,302.0,203.0,270.0,302.0,302.0,352.0,367.0,374.0,70.0,323.0,200.0,183.0,104.0,113.0,97.0,95.0,91.0,89.0,115.0,60.0,123.0,113.0
15,105.0,105.0,110.0,111.0,133.0,130.0,111.0,140.0,140.0,170.0,207.0,115.0,111.0,97.0,96.0,96.0,99.0,104.0,100.0,105.0,119.0,112.0,112.0,90.0
16,184.0,138.0,167.0,185.0,163.0,133.0,177.0,177.0,167.0,207.0,183.0,127.0,127.0,127.0,127.0,119.0,,,,,,,,122.0
17,122.0,80.0,120.0,105.0,95.0,91.0,92.0,79.0,96.0,123.0,115.0,109.0,85.0,81.0,70.0,66.0,68.0,73.0,94.0,92.0,85.0,105.0,105.0,107.0
18,129.0,131.0,107.0,91.0,86.0,72.0,75.0,78.0,74.0,70.0,75.0,81.0,,,,,55.0,60.0,55.0,,,,,
19,,,,,,,80.0,70.0,85.0,84.0,69.0,75.0,75.0,65.0,134.0,107.0,103.0,86.0,103.0,100.0,119.0,133.0,141.0,144.0
20,137.0,80.0,159.0,129.0,111.0,103.0,107.0,103.0,102.0,65.0,125.0,133.0,135.0,122.0,118.0,112.0,92.0,84.0,101.0,101.0,65.0,72.0,170.0,125.0
21,129.0,120.0,157.0,123.0,113.0,127.0,163.0,109.0,120.0,127.0,135.0,145.0,139.0,135.0,123.0,116.0,116.0,116.0,60.0,102.0,105.0,109.0,126.0,147.0
22,118.0,107.0,116.0,127.0,117.0,140.0,207.0,193.0,180.0,177.0,86.0,72.0,86.0,61.0,62.0,50.0,65.0,70.0,77.0,80.0,75.0,75.0,80.0,80.0
23,80.0,90.0,85.0,88.0,85.0,92.0,70.0,70.0,70.0,70.0,70.0,60.0,60.0,60.0,65.0,52.0,53.0,64.0,57.0,89.0,90.0,102.0,107.0,105.0
24,103.0,95.0,97.0,45.0,55.0,55.0,57.0,60.0,60.0,55.0,57.0,61.0,57.0,66.0,60.0,68.0,96.0,88.0,65.0,102.0,135.0,202.0,,180.0
25,193.0,150.0,130.0,101.0,139.0,109.0,102.0,112.0,107.0,111.0,113.0,,105.0,65.0,55.0,107.0,,95.0,101.0,55.0,114.0,130.0,151.0,156.0
26,155.0,215.0,271.0,163.0,157.0,133.0,140.0,157.0,170.0,200.0,112.0,111.0,96.0,92.0,92.0,45.0,80.0,62.0,79.0,70.0,116.0,92.0,97.0,113.0
27,85.0,85.0,85.0,,,85.0,85.0,85.0,90.0,90.0,90.0,85.0,80.0,80.0,75.0,89.0,102.0,96.0,94.0,96.0,115.0,134.0,156.0,141.0
28,140.0,405.0,428.0,,,,127.0,127.0,,,139.0,85.0,,70.0,70.0,65.0,145.0,131.0,137.0,144.0,181.0,167.0,172.0,155.0
29,152.0,163.0,163.0,167.0,143.0,134.0,130.0,144.0,141.0,153.0,193.0,168.0,80.0,,70.0,131.0,133.0,134.0,141.0,139.0,148.0,145.0,182.0,150.0
30,141.0,192.0,177.0,156.0,130.0,115.0,111.0,105.0,107.0,126.0,143.0,155.0,156.0,141.0,127.0,123.0,135.0,115.0,121.0,129.0,55.0,157.0,151.0,151.0
"
"
October-2020,00:00:00,01:00:00,02:00:00,03:00:00,04:00:00,05:00:00,06:00:00,07:00:00,08:00:00,09:00:00,10:00:00,11:00:00,12:00:00,13:00:00,14:00:00,15:00:00,16:00:00,17:00:00,18:00:00,19:00:00,20:00:00,21:00:00,22:00:00,23:00:00
1,143.0,184.0,141.0,130.0,123.0,119.0,117.0,113.0,123.0,135.0,142.0,139.0,141.0,130.0,131.0,117.0,107.0,112.0,133.0,127.0,57.0,179.0,177.0,210.0
2,296.0,234.0,183.0,163.0,160.0,135.0,127.0,137.0,123.0,135.0,165.0,163.0,149.0,123.0,120.0,146.0,174.0,195.0,171.0,139.0,159.0,171.0,405.0,203.0
3,203.0,203.0,187.0,304.0,250.0,187.0,183.0,167.0,187.0,183.0,187.0,154.0,184.0,168.0,167.0,184.0,171.0,146.0,134.0,119.0,166.0,257.0,243.0,202.0
4,157.0,177.0,153.0,187.0,160.0,157.0,140.0,140.0,130.0,160.0,203.0,160.0,168.0,183.0,197.0,195.0,127.0,202.0,179.0,145.0,219.0,233.0,165.0,152.0
5,197.0,177.0,187.0,146.0,155.0,,155.0,62.0,75.0,159.0,207.0,217.0,184.0,,193.0,186.0,186.0,178.0,127.0,73.0,72.0,82.0,82.0,
6,55.0,80.0,172.0,145.0,144.0,131.0,131.0,126.0,135.0,168.0,187.0,189.0,215.0,207.0,180.0,163.0,173.0,162.0,137.0,131.0,163.0,267.0,203.0,243.0
7,187.0,183.0,213.0,156.0,217.0,200.0,177.0,163.0,193.0,203.0,,170.0,237.0,237.0,189.0,211.0,178.0,175.0,149.0,149.0,221.0,187.0,209.0,152.0
8,150.0,170.0,180.0,,,,,,,,,163.0,,202.0,196.0,181.0,,135.0,169.0,140.0,187.0,183.0,177.0,187.0
9,233.0,287.0,223.0,253.0,217.0,160.0,150.0,145.0,160.0,141.0,180.0,162.0,195.0,178.0,171.0,269.0,191.0,,,87.0,,,80.0,95.0
10,,,280.0,280.0,85.0,,,,41.0,70.0,243.0,223.0,,54.0,214.0,234.0,241.0,186.0,137.0,145.0,183.0,435.0,390.0,187.0
11,183.0,336.0,207.0,197.0,147.0,180.0,193.0,193.0,177.0,207.0,197.0,197.0,216.0,247.0,227.0,201.0,204.0,191.0,158.0,156.0,75.0,82.0,290.0,381.0
12,243.0,284.0,230.0,220.0,217.0,223.0,145.0,203.0,220.0,187.0,203.0,203.0,203.0,227.0,274.0,276.0,157.0,175.0,149.0,165.0,250.0,253.0,260.0,297.0
13,267.0,310.0,297.0,326.0,250.0,280.0,280.0,287.0,280.0,304.0,357.0,333.0,322.0,309.0,200.0,208.0,197.0,,,,,,95.0,15.0
14,,,6.0,,,3.0,,85.0,,,85.0,323.0,195.0,149.0,150.0,223.0,223.0,260.0,233.0,223.0,273.0,312.0,320.0,315.0
15,338.0,344.0,370.0,355.0,375.0,378.0,372.0,390.0,392.0,407.0,397.0,361.0,340.0,325.0,165.0,120.0,117.0,111.0,89.0,218.0,270.0,197.0,230.0,260.0
16,177.0,243.0,200.0,,183.0,250.0,,230.0,213.0,233.0,267.0,186.0,154.0,167.0,168.0,188.0,202.0,224.0,144.0,149.0,223.0,233.0,273.0,323.0
17,293.0,309.0,312.0,314.0,318.0,319.0,312.0,316.0,308.0,314.0,311.0,280.0,240.0,,152.0,,223.0,175.0,143.0,149.0,,90.0,290.0,273.0
18,312.0,332.0,325.0,319.0,309.0,302.0,297.0,310.0,310.0,327.0,342.0,344.0,308.0,162.0,145.0,147.0,157.0,159.0,119.0,131.0,160.0,301.0,303.0,277.0
19,250.0,213.0,237.0,233.0,243.0,243.0,223.0,,220.0,273.0,314.0,324.0,182.0,190.0,177.0,143.0,138.0,134.0,105.0,145.0,212.0,75.0,217.0,293.0
20,277.0,260.0,233.0,270.0,253.0,207.0,207.0,230.0,237.0,257.0,311.0,273.0,257.0,260.0,,187.0,144.0,128.0,101.0,139.0,146.0,155.0,257.0,237.0
21,260.0,297.0,310.0,302.0,302.0,297.0,293.0,287.0,,309.0,361.0,327.0,240.0,170.0,129.0,180.0,176.0,132.0,108.0,111.0,221.0,221.0,241.0,237.0
22,,95.0,220.0,193.0,220.0,223.0,260.0,327.0,332.0,320.0,375.0,423.0,380.0,404.0,233.0,178.0,250.0,227.0,290.0,230.0,293.0,315.0,319.0,328.0
23,329.0,332.0,332.0,354.0,345.0,354.0,348.0,351.0,365.0,362.0,441.0,468.0,466.0,70.0,277.0,258.0,255.0,195.0,60.0,97.0,95.0,302.0,320.0,353.0
24,325.0,333.0,333.0,338.0,342.0,350.0,342.0,335.0,340.0,344.0,368.0,393.0,393.0,75.0,310.0,243.0,195.0,223.0,156.0,230.0,237.0,328.0,349.0,417.0
25,,,,371.0,368.0,369.0,365.0,345.0,340.0,342.0,365.0,348.0,362.0,362.0,321.0,309.0,240.0,260.0,207.0,277.0,280.0,332.0,,362.0
26,,,,355.0,357.0,380.0,365.0,362.0,351.0,356.0,395.0,430.0,370.0,324.0,,304.0,183.0,200.0,122.0,153.0,273.0,223.0,303.0,325.0
27,338.0,333.0,,,,,340.0,348.0,354.0,365.0,396.0,413.0,413.0,167.0,260.0,149.0,140.0,149.0,121.0,137.0,157.0,200.0,200.0,375.0
28,293.0,325.0,358.0,332.0,325.0,315.0,310.0,302.0,287.0,290.0,287.0,,,423.0,,319.0,211.0,206.0,332.0,336.0,362.0,98.0,382.0,397.0
29,409.0,403.0,423.0,424.0,428.0,437.0,431.0,429.0,416.0,423.0,450.0,435.0,68.0,357.0,336.0,207.0,187.0,223.0,233.0,287.0,,,,
30,,,,,,,,,,,,,167.0,,,124.0,122.0,120.0,182.0,189.0,175.0,302.0,328.0,358.0
31,433.0,442.0,460.0,465.0,489.0,453.0,456.0,472.0,469.0,478.0,500.0,486.0,398.0,339.0,230.0,154.0,,147.0,137.0,149.0,226.0,308.0,332.0,349.0
"
"
November-2020,00:00:00,01:00:00,02:00:00,03:00:00,04:00:00,05:00:00,06:00:00,07:00:00,08:00:00,09:00:00,10:00:00,11:00:00,12:00:00,13:00:00,14:00:00,15:00:00,16:00:00,17:00:00,18:00:00,19:00:00,20:00:00,21:00:00,22:00:00,23:00:00
1,395.0,435.0,435,452.0,407.0,376.0,353,342.0,328.0,337.0,329.0,367.0,380.0,240.0,156,137.0,140.0,129.0,129.0,147.0,167.0,293.0,346.0,411.0
2,331.0,331.0,323,319.0,306.0,257.0,250,230.0,233.0,240.0,78.0,200.0,277.0,145.0,116,137.0,126.0,107.0,109.0,133.0,270.0,257.0,253.0,250.0
3,250.0,316.0,338,323.0,321.0,314.0,308,307.0,304.0,302.0,324.0,287.0,297.0,159.0,156,136.0,145.0,152.0,119.0,119.0,167.0,213.0,314.0,314.0
4,304.0,308.0,319,318.0,312.0,306.0,303,280.0,260.0,302.0,85.0,102.0,417.0,463.0,500,500.0,,500.0,101.0,102.0,440.0,449.0,466.0,500.0
5,499.0,492.0,486,493.0,495.0,493.0,486,469.0,450.0,437.0,423.0,353.0,95.0,157.0,424,397.0,362.0,321.0,332.0,332.0,352.0,356.0,357.0,416.0
6,361.0,369.0,413,395.0,378.0,371.0,361,359.0,342.0,349.0,356.0,348.0,366.0,406.0,384,401.0,378.0,354.0,335.0,345.0,380.0,419.0,446.0,440.0
7,446.0,466.0,476,484.0,489.0,487.0,485,479.0,477.0,479.0,479.0,500.0,480.0,442.0,369,249.0,204.0,328.0,309.0,307.0,314.0,,410.0,468.0
8,416.0,,411,395.0,392.0,388.0,379,400.0,387.0,388.0,398.0,408.0,416.0,477.0,477,500.0,500.0,500.0,456.0,431.0,441.0,440.0,464.0,500.0
9,500.0,500.0,500,500.0,500.0,500.0,500,500.0,500.0,500.0,500.0,500.0,500.0,500.0,500,,109.0,500.0,500.0,500.0,500.0,500.0,500.0,500.0
10,500.0,500.0,500,500.0,500.0,500.0,500,500.0,500.0,500.0,500.0,500.0,500.0,500.0,376,365.0,407.0,373.0,301.0,302.0,321.0,332.0,337.0,376.0
11,450.0,427.0,413,416.0,417.0,413.0,435,444.0,406.0,388.0,383.0,346.0,312.0,220.0,163,186.0,195.0,179.0,180.0,180.0,257.0,348.0,352.0,349.0
12,353.0,356.0,337,336.0,337.0,340.0,339,345.0,335.0,336.0,384.0,433.0,411.0,,25,33.0,200.0,253.0,197.0,85.0,327.0,323.0,213.0,365.0
13,382.0,372.0,368,368.0,,362.0,365,366.0,371.0,,53.0,369.0,329.0,323.0,200,148.0,213.0,170.0,123.0,143.0,273.0,339.0,365.0,392.0
14,404.0,403.0,402,409.0,427.0,449.0,430,451.0,444.0,450.0,465.0,500.0,500.0,500.0,456,367.0,349.0,328.0,328.0,361.0,397.0,429.0,500.0,500.0
15,500.0,500.0,500,500.0,480.0,476.0,451,429.0,426.0,423.0,404.0,378.0,353.0,323.0,310,302.0,297.0,297.0,302.0,217.0,303.0,310.0,323.0,325.0
16,319.0,321.0,305,290.0,287.0,240.0,197,273.0,243.0,70.0,167.0,157.0,120.0,103.0,106,,96.0,,66.0,107.0,187.0,200.0,267.0,270.0
17,273.0,302.0,333,322.0,309.0,273.0,200,147.0,,,,,,98.0,121,120.0,72.0,119.0,73.0,74.0,100.0,163.0,240.0,273.0
18,277.0,270.0,270,135.0,305.0,301.0,305,280.0,273.0,260.0,,,156.0,223.0,162,220.0,200.0,203.0,163.0,167.0,230.0,223.0,302.0,302.0
19,340.0,328.0,328,329.0,179.0,342.0,333,334.0,356.0,366.0,416.0,418.0,215.0,267.0,260,200.0,181.0,147.0,139.0,187.0,243.0,304.0,325.0,
20,359.0,370.0,375,401.0,424.0,438.0,500,441.0,429.0,411.0,402.0,402.0,156.0,302.0,230,162.0,176.0,170.0,,,,,,
21,,367.0,375,358.0,351.0,361.0,352,378.0,395.0,371.0,365.0,362.0,325.0,237.0,129,128.0,137.0,135.0,99.0,123.0,177.0,213.0,273.0,303.0
22,307.0,319.0,355,332.0,324.0,310.0,297,301.0,293.0,287.0,319.0,337.0,306.0,287.0,197,160.0,152.0,116.0,107.0,118.0,180.0,280.0,287.0,290.0
23,309.0,339.0,322,323.0,328.0,319.0,306,312.0,318.0,327.0,,321.0,314.0,203.0,160,179.0,248.0,250.0,217.0,303.0,237.0,302.0,315.0,345.0
24,339.0,335.0,359,359.0,345.0,365.0,363,361.0,376.0,371.0,388.0,402.0,349.0,337.0,318,304.0,308.0,280.0,301.0,345.0,389.0,463.0,478.0,464.0
25,430.0,421.0,424,,419.0,413.0,405,387.0,376.0,378.0,416.0,404.0,346.0,333.0,324,319.0,315.0,327.0,354.0,414.0,427.0,416.0,417.0,406.0
26,400.0,395.0,407,417.0,400.0,375.0,380,378.0,359.0,338.0,321.0,58.0,81.0,107.0,114,121.0,117.0,108.0,80.0,61.0,96.0,103.0,167.0,120.0
27,95.0,97.0,95,98.0,120.0,120.0,133,113.0,113.0,110.0,170.0,230.0,,133.0,124,128.0,132.0,107.0,75.0,85.0,157.0,193.0,193.0,230.0
28,213.0,220.0,267,233.0,301.0,308.0,230,230.0,230.0,260.0,312.0,315.0,267.0,163.0,133,136.0,145.0,123.0,92.0,109.0,127.0,200.0,348.0,443.0
29,434.0,305.0,293,,,,22,,17.0,23.0,253.0,,257.0,149.0,172,157.0,107.0,103.0,,103.0,103.0,,21.0,19.0
30,13.0,20.0,20,15.0,95.0,329.0,331,328.0,328.0,,338.0,322.0,84.0,311.0,309,290.0,177.0,130.0,147.0,180.0,297.0,312.0,323.0,320.0
"
"
December-2020,00:00:00,01:00:00,02:00:00,03:00:00,04:00:00,05:00:00,06:00:00,07:00:00,08:00:00,09:00:00,10:00:00,11:00:00,12:00:00,13:00:00,14:00:00,15:00:00,16:00:00,17:00:00,18:00:00,19:00:00,20:00:00,21:00:00,22:00:00,23:00:00
1,340.0,315.0,328.0,331.0,339.0,346.0,353.0,345.0,342.0,362.0,361.0,378,379.0,362.0,329.0,324,303,273.0,200.0,233,257.0,323.0,332.0,327.0
2,332.0,352.0,346.0,342.0,345.0,335.0,335.0,339.0,339.0,334.0,351.0,356,354.0,348.0,310.0,250,233,217.0,183.0,230,302.0,302.0,324.0,314.0
3,331.0,328.0,320.0,321.0,318.0,316.0,308.0,304.0,303.0,303.0,319.0,319,335.0,312.0,302.0,287,237,240.0,237.0,257,302.0,325.0,337.0,345.0
4,354.0,354.0,345.0,345.0,,342.0,347.0,346.0,340.0,337.0,351.0,413,413.0,82.0,342.0,310,305,302.0,270.0,273,368.0,85.0,379.0,395.0
5,409.0,408.0,404.0,407.0,405.0,396.0,392.0,400.0,401.0,404.0,290.0,403,378.0,346.0,321.0,265,329,316.0,316.0,333,365.0,383.0,386.0,401.0
6,405.0,410.0,413.0,407.0,400.0,396.0,396.0,396.0,395.0,387.0,382.0,430,410.0,152.0,342.0,329,318,312.0,267.0,315,352.0,382.0,401.0,420.0
7,426.0,430.0,436.0,432.0,434.0,434.0,101.0,404.0,373.0,345.0,80.0,362,388.0,432.0,407.0,375,340,339.0,325.0,324,348.0,376.0,391.0,359.0
8,365.0,376.0,368.0,342.0,332.0,305.0,319.0,306.0,307.0,302.0,323.0,345,404.0,354.0,312.0,230,230,125.0,203.0,223,207.0,253.0,280.0,302.0
9,305.0,,,349.0,333.0,348.0,,,,,,332,76.0,327.0,293.0,270,253,203.0,92.0,143,267.0,293.0,309.0,314.0
10,332.0,,318.0,305.0,312.0,310.0,318.0,305.0,270.0,237.0,290.0,318,336.0,335.0,270.0,127,127,102.0,103.0,103,,160.0,273.0,277.0
11,267.0,277.0,,223.0,260.0,250.0,240.0,250.0,220.0,304.0,302.0,318,328.0,338.0,,115,365,,321.0,85,352.0,337.0,328.0,100.0
12,362.0,411.0,396.0,392.0,398.0,393.0,395.0,369.0,324.0,187.0,177.0,157,203.0,260.0,305.0,318,323,342.0,463.0,437,433.0,425.0,414.0,387.0
13,,,,,,,,,,55.0,68.0,87,113.0,120.0,93.0,88,95,130.0,92.0,83,93.0,130.0,157.0,177.0
14,163.0,110.0,167.0,93.0,97.0,87.0,110.0,88.0,87.0,98.0,97.0,56,83.0,75.0,79.0,89,130,98.0,85.0,80,103.0,243.0,302.0,250.0
15,220.0,257.0,143.0,160.0,98.0,78.0,65.0,87.0,107.0,110.0,140.0,197,290.0,306.0,220.0,180,130,113.0,127.0,187,240.0,203.0,237.0,230.0
16,253.0,297.0,322.0,,,,,197.0,167.0,143.0,113.0,127,,110.0,67.0,203,220,220.0,183.0,217,303.0,320.0,328.0,327.0
17,329.0,324.0,314.0,280.0,250.0,230.0,203.0,217.0,230.0,217.0,230.0,250,267.0,290.0,303.0,307,297,290.0,305.0,297,302.0,315.0,328.0,332.0
18,324.0,327.0,312.0,305.0,207.0,197.0,200.0,170.0,183.0,207.0,217.0,273,220.0,200.0,157.0,117,117,,77.0,101,113.0,,,
19,290.0,,315.0,312.0,307.0,309.0,293.0,318.0,325.0,328.0,344.0,346,332.0,305.0,213.0,233,253,118.0,197.0,260,301.0,318.0,328.0,322.0
20,314.0,,303.0,315.0,305.0,311.0,290.0,267.0,287.0,290.0,320.0,350,333.0,325.0,304.0,290,290,167.0,177.0,203,303.0,,335.0,341.0
21,346.0,,342.0,335.0,327.0,320.0,305.0,253.0,240.0,267.0,302.0,328,340.0,325.0,322.0,310,312,273.0,302.0,311,322.0,335.0,348.0,375.0
22,370.0,360.0,363.0,354.0,348.0,354.0,349.0,337.0,349.0,336.0,353.0,396,,404.0,349.0,318,302,237.0,306.0,301,315.0,325.0,,
23,,,,,,,,,350.0,341.0,344.0,414,,,,154,149,329.0,349.0,353,365.0,374.0,371.0,388.0
24,375.0,378.0,348.0,328.0,332.0,318.0,323.0,318.0,312.0,106.0,328.0,359,378.0,395.0,378.0,345,290,302.0,323.0,349,352.0,348.0,356.0,373.0
25,354.0,358.0,375.0,353.0,355.0,340.0,336.0,323.0,316.0,320.0,316.0,348,84.0,363.0,318.0,200,137,133.0,113.0,108,304.0,304.0,293.0,305.0
26,314.0,325.0,335.0,325.0,323.0,322.0,318.0,312.0,309.0,301.0,304.0,310,325.0,319.0,311.0,132,187,207.0,207.0,207,237.0,310.0,384.0,386.0
27,399.0,395.0,392.0,371.0,365.0,376.0,363.0,370.0,371.0,373.0,401.0,486,456.0,357.0,341.0,341,358,337.0,328.0,332,379.0,393.0,412.0,376.0
28,223.0,,186.0,161.0,152.0,167.0,189.0,240.0,233.0,230.0,277.0,351,320.0,194.0,,91,151,155.0,153.0,145,165.0,250.0,167.0,175.0
29,230.0,,250.0,223.0,270.0,233.0,240.0,220.0,187.0,203.0,260.0,348,361.0,322.0,302.0,297,250,141.0,119.0,108,117.0,197.0,230.0,255.0
30,245.0,298.0,298.0,268.0,283.0,308.0,313.0,300.0,,237.0,253.0,223,237.0,306.0,145.0,145,319,315.0,,323,338.0,348.0,341.0,325.0
31,290.0,,70.0,301.0,308.0,328.0,312.0,306.0,293.0,280.0,303.0,303,315.0,341.0,368.0,379,373,70.0,371.0,358,340.0,333.0,341.0,348.0
"
"
Year,2021
January-2021,00:00:00,01:00:00,02:00:00,03:00:00,04:00:00,05:00:00,06:00:00,07:00:00,08:00:00,09:00:00,10:00:00,11:00:00,12:00:00,13:00:00,14:00:00,15:00:00,16:00:00,17:00:00,18:00:00,19:00:00,20:00:00,21:00:00,22:00:00,23:00:00
1,325.0,343.0,335.0,325.0,311.0,311.0,312.0,312.0,,314.0,280.0,318.0,419,500.0,500.0,500.0,497.0,486.0,464.0,494.0,447.0,402.0,380.0,396.0
2,429.0,,482.0,500.0,500.0,485.0,457.0,444.0,437.0,446.0,441.0,437.0,400,420.0,433.0,375.0,336.0,325.0,327.0,333.0,341.0,355.0,364.0,375.0
3,357.0,344.0,353.0,356.0,362.0,365.0,386.0,391.0,380.0,372.0,65.0,,72,277.0,223.0,223.0,203.0,147.0,87.0,80.0,75.0,73.0,93.0,78.0
4,68.0,73.0,55.0,2.0,65.0,113.0,107.0,95.0,63.0,61.0,60.0,53.0,73,147.0,147.0,62.0,207.0,240.0,273.0,311.0,160.0,123.0,,67.0
5,50.0,55.0,57.0,42.0,60.0,40.0,37.0,47.0,52.0,38.0,43.0,75.0,85,147.0,183.0,220.0,220.0,60.0,97.0,70.0,147.0,,,
6,93.0,120.0,160.0,120.0,127.0,157.0,197.0,200.0,260.0,260.0,293.0,318.0,337,341.0,359.0,,75.0,305.0,257.0,273.0,141.0,301.0,273.0,267.0
7,257.0,257.0,293.0,267.0,240.0,187.0,129.0,170.0,127.0,143.0,143.0,177.0,187,213.0,200.0,68.0,63.0,197.0,193.0,150.0,147.0,147.0,127.0,92.0
8,60.0,92.0,177.0,95.0,95.0,77.0,99.0,88.0,61.0,74.0,77.0,60.0,109,130.0,297.0,293.0,240.0,260.0,237.0,217.0,217.0,233.0,230.0,233.0
9,183.0,130.0,103.0,123.0,123.0,60.0,200.0,170.0,147.0,147.0,207.0,293.0,316,315.0,308.0,302.0,59.0,52.0,312.0,270.0,277.0,310.0,310.0,305.0
10,,,155.0,149.0,135.0,119.0,113.0,116.0,111.0,111.0,111.0,109.0,111,107.0,107.0,111.0,111.0,240.0,240.0,302.0,312.0,301.0,312.0,302.0
11,253.0,217.0,260.0,243.0,267.0,163.0,223.0,197.0,177.0,143.0,150.0,183.0,260,260.0,253.0,207.0,183.0,187.0,187.0,207.0,297.0,322.0,311.0,240.0
12,193.0,213.0,170.0,95.0,95.0,98.0,98.0,113.0,107.0,147.0,306.0,336.0,340,355.0,342.0,328.0,312.0,309.0,308.0,308.0,305.0,310.0,257.0,304.0
13,260.0,273.0,80.0,253.0,233.0,304.0,307.0,301.0,302.0,290.0,250.0,270.0,270,257.0,290.0,327.0,315.0,312.0,302.0,311.0,315.0,305.0,438.0,434.0
14,481.0,457.0,362.0,420.0,447.0,471.0,446.0,432.0,433.0,411.0,410.0,413.0,470,500.0,500.0,424.0,450.0,132.0,104.0,416.0,463.0,480.0,470.0,465.0
15,436.0,414.0,418.0,413.0,383.0,438.0,455.0,444.0,410.0,390.0,392.0,404.0,421,,444.0,444.0,184.0,124.0,438.0,424.0,430.0,460.0,439.0,425.0
16,356.0,109.0,365.0,337.0,316.0,315.0,312.0,311.0,304.0,297.0,290.0,302.0,312,318.0,323.0,309.0,273.0,287.0,293.0,302.0,309.0,305.0,305.0,277.0
17,70.0,90.0,314.0,290.0,150.0,170.0,230.0,303.0,257.0,260.0,328.0,318.0,387,410.0,417.0,388.0,,101.0,100.0,429.0,407.0,398.0,388.0,387.0
18,368.0,358.0,342.0,336.0,334.0,342.0,345.0,345.0,348.0,339.0,345.0,380.0,382,375.0,352.0,,341.0,82.0,78.0,,308.0,316.0,329.0,319.0
19,403.0,419.0,401.0,365.0,352.0,312.0,312.0,312.0,308.0,309.0,302.0,290.0,302,290.0,345.0,334.0,340.0,,24.0,318.0,280.0,293.0,293.0,280.0
20,267.0,273.0,293.0,280.0,243.0,223.0,237.0,243.0,203.0,230.0,223.0,273.0,297,257.0,233.0,253.0,253.0,287.0,297.0,,,,,
21,,,,,,,,203.0,177.0,133.0,110.0,233.0,260,,,,130.0,,,147.0,,230.0,,
22,303.0,,305.0,,304.0,358.0,,403.0,387.0,371.0,392.0,382.0,414,403.0,384.0,378.0,349.0,308.0,312.0,339.0,355.0,365.0,352.0,359.0
23,361.0,354.0,333.0,318.0,306.0,273.0,218.0,203.0,200.0,237.0,240.0,297.0,318,316.0,307.0,309.0,315.0,318.0,312.0,313.0,315.0,328.0,336.0,
24,326.0,320.0,,312.0,304.0,311.0,,312.0,305.0,302.0,304.0,309.0,305,302.0,328.0,332.0,332.0,337.0,332.0,325.0,304.0,307.0,320.0,312.0
25,319.0,301.0,290.0,277.0,280.0,237.0,237.0,280.0,293.0,280.0,293.0,287.0,302,277.0,253.0,240.0,240.0,237.0,287.0,277.0,297.0,250.0,273.0,220.0
26,183.0,203.0,70.0,2.0,70.0,157.0,60.0,127.0,60.0,127.0,200.0,257.0,260,290.0,237.0,257.0,277.0,253.0,197.0,157.0,187.0,243.0,311.0,327.0
27,306.0,309.0,,280.0,301.0,237.0,243.0,280.0,297.0,290.0,267.0,312.0,328,314.0,280.0,223.0,193.0,163.0,140.0,157.0,157.0,287.0,217.0,273.0
28,270.0,304.0,315.0,290.0,233.0,316.0,320.0,335.0,325.0,311.0,306.0,353.0,356,322.0,305.0,240.0,217.0,125.0,92.0,207.0,243.0,318.0,297.0,344.0
29,321.0,344.0,358.0,315.0,314.0,312.0,308.0,307.0,303.0,310.0,320.0,318.0,342,340.0,318.0,270.0,200.0,120.0,147.0,167.0,126.0,312.0,336.0,345.0
30,344.0,346.0,358.0,328.0,308.0,306.0,302.0,302.0,290.0,260.0,72.0,308.0,325,,,,,,,,,,,
31,,,,,,,,,,,,,315,253.0,207.0,111.0,104.0,118.0,83.0,110.0,260.0,346.0,388.0,348.0
"
"
February-2021,00:00:00,01:00:00,02:00:00,03:00:00,04:00:00,05:00:00,06:00:00,07:00:00,08:00:00,09:00:00,10:00:00,11:00:00,12:00:00,13:00:00,14:00:00,15:00:00,16:00:00,17:00:00,18:00:00,19:00:00,20:00:00,21:00:00,22:00:00,23:00:00
1,345.0,348.0,346.0,342.0,395.0,414.0,400.0,396.0,401.0,382.0,374.0,,398.0,117.0,253.0,110.0,97.0,86.0,102.0,109.0,250.0,,406.0,408.0
2,,387.0,361.0,371.0,357.0,358.0,335.0,342.0,327.0,293.0,310.0,379.0,421.0,362.0,349.0,273.0,170.0,172.0,109.0,89.0,180.0,253.0,333.0,334.0
3,361.0,359.0,345.0,335.0,328.0,335.0,342.0,329.0,339.0,328.0,,307.0,257.0,237.0,131.0,,170.0,155.0,123.0,144.0,187.0,260.0,319.0,323.0
4,311.0,322.0,319.0,318.0,325.0,335.0,,,,,,346.0,339.0,344.0,320.0,308.0,233.0,187.0,103.0,103.0,66.0,87.0,77.0,107.0
5,90.0,143.0,,,,,,,,,,,,,,,,,61.0,57.0,85.0,103.0,280.0,193.0
6,193.0,157.0,180.0,217.0,147.0,140.0,110.0,103.0,110.0,163.0,243.0,312.0,170.0,130.0,98.0,101.0,120.0,104.0,87.0,69.0,93.0,143.0,170.0,305.0
7,365.0,351.0,362.0,351.0,342.0,316.0,336.0,325.0,,,,323.0,327.0,270.0,213.0,183.0,143.0,123.0,133.0,140.0,203.0,312.0,315.0,316.0
8,311.0,312.0,308.0,273.0,301.0,233.0,163.0,65.0,230.0,203.0,304.0,273.0,307.0,217.0,167.0,167.0,167.0,163.0,127.0,127.0,203.0,250.0,,
9,,,,,,,,,,,,,,,,,,,116.0,96.0,111.0,273.0,280.0,
10,288.0,309.0,314.0,313.0,315.0,319.0,333.0,334.0,,343.0,346.0,324.0,232.0,177.0,115.0,,167.0,162.0,222.0,270.0,,72.0,83.0,380.0
11,368.0,362.0,346.0,340.0,339.0,293.0,227.0,207.0,187.0,164.0,154.0,206.0,309.0,342.0,342.0,311.0,284.0,192.0,194.0,237.0,309.0,329.0,319.0,327.0
12,331.0,329.0,314.0,312.0,314.0,316.0,264.0,217.0,211.0,244.0,315.0,328.0,348.0,343.0,323.0,313.0,303.0,303.0,309.0,307.0,309.0,324.0,322.0,316.0
13,301.0,,,,301.0,187.0,181.0,155.0,138.0,168.0,183.0,194.0,211.0,276.0,308.0,296.0,268.0,264.0,279.0,252.0,247.0,287.0,311.0,319.0
14,315.0,311.0,303.0,299.0,332.0,332.0,309.0,319.0,313.0,312.0,328.0,372.0,382.0,326.0,314.0,288.0,222.0,197.0,182.0,206.0,271.0,313.0,324.0,358.0
15,359.0,340.0,330.0,332.0,324.0,332.0,332.0,330.0,334.0,333.0,325.0,336.0,311.0,288.0,191.0,186.0,34.0,175.0,119.0,111.0,228.0,331.0,355.0,358.0
16,361.0,358.0,341.0,341.0,328.0,324.0,323.0,325.0,332.0,328.0,345.0,345.0,120.0,198.0,219.0,218.0,223.0,162.0,318.0,318.0,317.0,316.0,335.0,349.0
17,337.0,339.0,348.0,322.0,228.0,303.0,301.0,224.0,185.0,138.0,117.0,121.0,243.0,328.0,342.0,298.0,144.0,129.0,100.0,96.0,111.0,130.0,158.0,166.0
18,212.0,222.0,270.0,284.0,305.0,301.0,293.0,304.0,263.0,255.0,292.0,306.0,323.0,304.0,237.0,187.0,166.0,141.0,132.0,104.0,151.0,250.0,310.0,315.0
19,312.0,336.0,352.0,393.0,371.0,,,193.0,141.0,118.0,112.0,101.0,123.0,220.0,349.0,333.0,250.0,123.0,163.0,183.0,207.0,306.0,277.0,260.0
20,217.0,203.0,183.0,157.0,150.0,123.0,97.0,80.0,75.0,70.0,77.0,70.0,120.0,290.0,302.0,240.0,126.0,110.0,89.0,77.0,88.0,109.0,170.0,183.0
21,207.0,302.0,324.0,318.0,287.0,297.0,240.0,233.0,163.0,207.0,267.0,335.0,345.0,324.0,306.0,273.0,183.0,129.0,110.0,86.0,63.0,5.0,31.0,70.0
22,65.0,97.0,333.0,315.0,253.0,213.0,213.0,177.0,,,,,,,,,,,,,,,,
23,,,,,,,,,,,,,,,,,,,,,,,,
24,,,,,,,,,,,,,,,,,,,,,,,,
25,,,,,,,,,,,,,,,,,,,,,,,,
26,,,,,,,,,122.0,119.0,280.0,277.0,250.0,163.0,111.0,89.0,101.0,101.0,90.0,108.0,107.0,121.0,166.0,210.0
27,265.0,197.0,123.0,122.0,,111.0,118.0,109.0,,142.0,146.0,151.0,157.0,148.0,152.0,142.0,105.0,115.0,105.0,118.0,135.0,137.0,149.0,147.0
28,170.0,190.0,254.0,381.0,353.0,378.0,349.0,323.0,311.0,308.0,403.0,416.0,78.0,229.0,160.0,145.0,147.0,139.0,134.0,133.0,129.0,159.0,165.0,257.0
"
"
March-2021,00:00:00,01:00:00,02:00:00,03:00:00,04:00:00,05:00:00,06:00:00,07:00:00,08:00:00,09:00:00,10:00:00,11:00:00,12:00:00,13:00:00,14:00:00,15:00:00,16:00:00,17:00:00,18:00:00,19:00:00,20:00:00,21:00:00,22:00:00,23:00:00
1,273.0,297.0,312.0,297.0,230.0,220.0,338.0,324.0,322.0,339.0,373.0,393.0,325.0,139.0,117.0,121.0,118.0,110.0,92.0,86.0,101.0,133.0,196.0,309.0
2,314.0,322.0,346.0,351.0,339.0,339.0,,,350.0,80.0,316.0,200.0,147.0,141.0,133.0,129.0,114.0,97.0,74.0,73.0,89.0,157.0,170.0,394.0
3,417.0,345.0,323.0,301.0,273.0,250.0,180.0,116.0,121.0,131.0,170.0,150.0,217.0,193.0,115.0,96.0,111.0,108.0,92.0,161.0,111.0,412.0,77.0,152.0
4,156.0,169.0,197.0,240.0,297.0,295.0,270.0,267.0,297.0,,,,237.0,161.0,167.0,179.0,192.0,152.0,115.0,95.0,114.0,190.0,240.0,253.0
5,233.0,223.0,250.0,250.0,325.0,319.0,418.0,446.0,396.0,365.0,336.0,237.0,126.0,150.0,,123.0,117.0,105.0,95.0,86.0,138.0,394.0,346.0,447.0
6,354.0,306.0,270.0,339.0,304.0,233.0,237.0,150.0,140.0,193.0,310.0,297.0,253.0,177.0,114.0,118.0,126.0,125.0,124.0,86.0,105.0,122.0,129.0,163.0
7,203.0,205.0,233.0,290.0,249.0,304.0,310.0,267.0,253.0,324.0,327.0,223.0,179.0,174.0,137.0,123.0,,100.0,129.0,155.0,162.0,181.0,155.0,155.0
8,150.0,149.0,149.0,143.0,137.0,139.0,129.0,145.0,135.0,177.0,273.0,302.0,260.0,200.0,213.0,229.0,193.0,178.0,181.0,217.0,195.0,199.0,237.0,253.0
9,280.0,297.0,318.0,312.0,312.0,315.0,312.0,321.0,351.0,321.0,302.0,,223.0,230.0,221.0,179.0,160.0,168.0,163.0,181.0,70.0,77.0,169.0,60.0
10,69.0,57.0,55.0,24.0,60.0,315.0,322.0,293.0,223.0,325.0,372.0,213.0,120.0,98.0,121.0,120.0,130.0,106.0,89.0,80.0,88.0,118.0,143.0,193.0
11,235.0,253.0,321.0,397.0,357.0,346.0,333.0,332.0,311.0,308.0,345.0,376.0,312.0,182.0,162.0,156.0,141.0,,127.0,129.0,141.0,168.0,184.0,197.0
12,202.0,277.0,223.0,237.0,207.0,220.0,213.0,193.0,253.0,135.0,144.0,163.0,141.0,120.0,103.0,101.0,130.0,105.0,107.0,69.0,72.0,69.0,49.0,197.0
13,301.0,325.0,328.0,321.0,320.0,310.0,303.0,376.0,346.0,321.0,437.0,450.0,372.0,297.0,193.0,134.0,146.0,120.0,96.0,66.0,84.0,99.0,107.0,135.0
14,142.0,151.0,287.0,306.0,354.0,337.0,337.0,338.0,334.0,325.0,304.0,233.0,140.0,133.0,113.0,105.0,110.0,107.0,99.0,85.0,107.0,177.0,230.0,277.0
15,315.0,315.0,331.0,344.0,346.0,378.0,390.0,362.0,319.0,323.0,348.0,290.0,203.0,129.0,131.0,119.0,145.0,139.0,148.0,137.0,159.0,163.0,186.0,179.0
16,217.0,174.0,243.0,315.0,336.0,332.0,327.0,243.0,193.0,349.0,366.0,318.0,237.0,209.0,248.0,268.0,250.0,330.0,265.0,240.0,288.0,260.0,278.0,431.0
17,309.0,287.0,336.0,344.0,281.0,278.0,325.0,297.0,322.0,332.0,406.0,248.0,,,,,,94.0,235.0,251.0,300.0,414.0,,
18,,,,,,,,,,,,,,287.0,287.0,95.0,99.0,177.0,172.0,192.0,221.0,224.0,322.0,312.0
19,265.0,413.0,350.0,344.0,342.0,335.0,314.0,,,,,,,341.0,98.0,135.0,121.0,116.0,109.0,135.0,175.0,167.0,190.0,149.0
20,468.0,405.0,316.0,310.0,320.0,243.0,177.0,160.0,167.0,183.0,233.0,170.0,177.0,155.0,135.0,122.0,125.0,119.0,122.0,118.0,68.0,171.0,175.0,168.0
21,163.0,159.0,167.0,360.0,310.0,266.0,297.0,316.0,311.0,301.0,323.0,217.0,155.0,129.0,134.0,119.0,121.0,125.0,127.0,139.0,167.0,167.0,168.0,178.0
22,227.0,187.0,197.0,206.0,171.0,157.0,127.0,111.0,113.0,115.0,140.0,167.0,166.0,184.0,186.0,241.0,141.0,157.0,145.0,152.0,155.0,193.0,189.0,256.0
23,189.0,197.0,220.0,195.0,219.0,219.0,219.0,193.0,177.0,250.0,210.0,266.0,244.0,268.0,311.0,305.0,134.0,96.0,119.0,59.0,,,,
24,,155.0,129.0,103.0,101.0,74.0,69.0,68.0,75.0,75.0,329.0,336.0,257.0,123.0,121.0,153.0,170.0,155.0,142.0,137.0,145.0,133.0,148.0,153.0
25,149.0,149.0,137.0,135.0,332.0,373.0,331.0,336.0,332.0,315.0,310.0,114.0,108.0,101.0,81.0,66.0,74.0,77.0,59.0,75.0,79.0,180.0,375.0,463.0
26,320.0,321.0,307.0,302.0,306.0,335.0,325.0,319.0,293.0,293.0,312.0,187.0,96.0,92.0,94.0,79.0,84.0,77.0,111.0,90.0,105.0,129.0,151.0,141.0
27,187.0,200.0,180.0,213.0,273.0,301.0,306.0,318.0,314.0,312.0,328.0,127.0,90.0,88.0,96.0,91.0,89.0,77.0,84.0,100.0,,,,304.0
28,217.0,307.0,309.0,344.0,328.0,329.0,363.0,338.0,324.0,348.0,,,,,111.0,119.0,113.0,108.0,105.0,,,,,
29,,,,,,,,,,,,,,,,,,,,,,,,
30,,,,,,,,,,,,,,,,,,,,,,,,
31,,,,,,,,,,,,,,,,,,,,,,,,
"
"
April-2021,00:00:00,01:00:00,02:00:00,03:00:00,04:00:00,05:00:00,06:00:00,07:00:00,08:00:00,09:00:00,10:00:00,11:00:00,12:00:00,13:00:00,14:00:00,15:00:00,16:00:00,17:00:00,18:00:00,19:00:00,20:00:00,21:00:00,22:00:00,23:00:00
1,134.0,168.0,302.0,267.0,260.0,273.0,290.0,245.0,230.0,193.0,197.0,141.0,157.0,126.0,189.0,141.0,248.0,216.0,171.0,149.0,150.0,131.0,164.0,153.0
2,170.0,143.0,150.0,277.0,311.0,340.0,311.0,303.0,273.0,223.0,260.0,137.0,91.0,83.0,73.0,61.0,57.0,59.0,66.0,66.0,86.0,111.0,152.0,137.0
3,159.0,257.0,312.0,223.0,157.0,180.0,273.0,270.0,302.0,340.0,362.0,270.0,121.0,115.0,105.0,79.0,62.0,59.0,61.0,56.0,105.0,131.0,163.0,191.0
4,230.0,290.0,211.0,273.0,250.0,237.0,340.0,339.0,388.0,410.0,378.0,243.0,104.0,101.0,102.0,85.0,96.0,,,,123.0,153.0,163.0,171.0
5,249.0,319.0,306.0,277.0,302.0,297.0,273.0,293.0,287.0,307.0,312.0,200.0,146.0,,142.0,,,,,,237.0,276.0,396.0,401.0
6,336.0,384.0,294.0,282.0,278.0,263.0,197.0,203.0,223.0,240.0,243.0,277.0,261.0,303.0,301.0,257.0,210.0,254.0,312.0,281.0,288.0,295.0,320.0,256.0
7,249.0,252.0,366.0,485.0,432.0,153.0,114.0,117.0,160.0,142.0,148.0,167.0,196.0,200.0,156.0,139.0,120.0,107.0,105.0,99.0,115.0,179.0,209.0,188.0
8,143.0,135.0,141.0,177.0,133.0,250.0,183.0,112.0,183.0,351.0,325.0,213.0,112.0,94.0,89.0,73.0,72.0,67.0,60.0,51.0,84.0,135.0,197.0,306.0
9,260.0,243.0,230.0,328.0,312.0,308.0,318.0,315.0,335.0,366.0,307.0,163.0,119.0,114.0,69.0,64.0,79.0,70.0,55.0,57.0,144.0,179.0,276.0,210.0
10,237.0,230.0,253.0,277.0,323.0,312.0,301.0,319.0,312.0,355.0,311.0,230.0,120.0,83.0,145.0,103.0,79.0,70.0,64.0,74.0,126.0,193.0,451.0,355.0
11,336.0,268.0,287.0,305.0,315.0,315.0,312.0,312.0,325.0,358.0,297.0,233.0,153.0,146.0,109.0,95.0,84.0,88.0,139.0,114.0,197.0,259.0,246.0,261.0
12,207.0,233.0,273.0,297.0,341.0,403.0,394.0,361.0,315.0,323.0,410.0,250.0,190.0,156.0,124.0,117.0,127.0,117.0,112.0,123.0,130.0,262.0,228.0,325.0
13,340.0,224.0,254.0,230.0,219.0,219.0,391.0,413.0,425.0,441.0,314.0,168.0,131.0,131.0,116.0,119.0,138.0,122.0,121.0,129.0,134.0,160.0,186.0,282.0
14,304.0,325.0,287.0,213.0,219.0,290.0,277.0,303.0,453.0,312.0,243.0,167.0,141.0,118.0,107.0,105.0,102.0,115.0,112.0,117.0,155.0,295.0,432.0,431.0
15,340.0,282.0,175.0,255.0,221.0,303.0,318.0,273.0,183.0,200.0,360.0,256.0,295.0,344.0,261.0,171.0,146.0,133.0,147.0,165.0,191.0,304.0,464.0,430.0
16,385.0,421.0,451.0,410.0,401.0,408.0,334.0,,,,,,,,,,,287.0,165.0,463.0,150.0,88.0,29.0,
17,,,,,,,,,,,,,,,,,,,,,,,,
18,,,,,,,,,,,,,,,,,,,,,,,,
19,,,,,,,,,,,,,,,129.0,126.0,115.0,108.0,111.0,119.0,145.0,182.0,206.0,202.0
20,235.0,199.0,223.0,293.0,340.0,319.0,312.0,345.0,424.0,367.0,315.0,223.0,142.0,115.0,127.0,125.0,121.0,143.0,137.0,161.0,402.0,103.0,83.0,79.0
21,88.0,104.0,89.0,95.0,105.0,315.0,297.0,287.0,287.0,280.0,203.0,80.0,74.0,72.0,95.0,88.0,62.0,70.0,59.0,55.0,73.0,147.0,316.0,350.0
22,302.0,133.0,121.0,115.0,114.0,122.0,120.0,124.0,137.0,365.0,310.0,133.0,112.0,103.0,72.0,74.0,70.0,,86.0,92.0,111.0,127.0,139.0,127.0
23,116.0,130.0,107.0,96.0,104.0,105.0,90.0,92.0,104.0,124.0,155.0,126.0,162.0,144.0,150.0,140.0,131.0,120.0,105.0,107.0,84.0,84.0,103.0,133.0
24,131.0,119.0,121.0,320.0,386.0,329.0,305.0,280.0,253.0,362.0,237.0,83.0,61.0,57.0,58.0,75.0,86.0,104.0,89.0,89.0,120.0,185.0,484.0,237.0
25,315.0,302.0,349.0,366.0,366.0,413.0,463.0,439.0,416.0,333.0,152.0,115.0,109.0,109.0,96.0,109.0,102.0,101.0,88.0,83.0,90.0,265.0,363.0,381.0
26,500.0,422.0,410.0,362.0,352.0,335.0,319.0,314.0,280.0,301.0,321.0,240.0,124.0,120.0,152.0,135.0,131.0,125.0,135.0,142.0,251.0,178.0,177.0,355.0
27,459.0,401.0,364.0,404.0,292.0,251.0,234.0,252.0,230.0,246.0,407.0,234.0,156.0,161.0,186.0,,171.0,153.0,187.0,185.0,184.0,219.0,212.0,309.0
28,390.0,500.0,426.0,413.0,407.0,401.0,382.0,341.0,325.0,290.0,370.0,367.0,312.0,172.0,179.0,189.0,148.0,150.0,139.0,140.0,235.0,270.0,328.0,414.0
29,330.0,323.0,327.0,370.0,405.0,410.0,436.0,419.0,403.0,407.0,446.0,362.0,186.0,177.0,185.0,161.0,174.0,137.0,115.0,408.0,316.0,494.0,319.0,293.0
30,287.0,271.0,,,,,,,,,,,329.0,301.0,283.0,274.0,263.0,230.0,226.0,222.0,362.0,435.0,500.0,414.0
"
"
May-2021,00:00:00,01:00:00,02:00:00,03:00:00,04:00:00,05:00:00,06:00:00,07:00:00,08:00:00,09:00:00,10:00:00,11:00:00,12:00:00,13:00:00,14:00:00,15:00:00,16:00:00,17:00:00,18:00:00,19:00:00,20:00:00,21:00:00,22:00:00,23:00:00
1,468.0,249.0,143.0,139.0,137.0,267.0,144.0,147.0,185.0,182.0,179.0,166.0,184.0,129.0,123.0,115.0,108.0,116.0,135.0,131.0,454,191,145.0,155.0
2,133.0,156.0,237.0,302.0,315.0,306.0,303.0,267.0,220.0,250.0,163.0,105.0,109.0,107.0,101.0,75.0,417.0,211.0,61.0,85.0,125,131,135.0,409.0
3,487.0,500.0,417.0,340.0,403.0,435.0,452.0,455.0,457.0,497.0,459.0,315.0,266.0,153.0,125.0,101.0,101.0,109.0,107.0,104.0,119,153,194.0,174.0
4,414.0,324.0,359.0,336.0,348.0,342.0,342.0,325.0,315.0,203.0,125.0,104.0,107.0,91.0,74.0,75.0,81.0,84.0,86.0,91.0,102,335,164.0,302.0
5,224.0,169.0,156.0,169.0,151.0,140.0,301.0,312.0,322.0,319.0,360.0,401.0,171.0,149.0,150.0,174.0,120.0,127.0,115.0,159.0,164,199,163.0,157.0
6,140.0,133.0,122.0,115.0,99.0,94.0,105.0,112.0,121.0,131.0,143.0,146.0,146.0,137.0,131.0,138.0,417.0,216.0,79.0,69.0,102,40,47.0,59.0
7,58.0,150.0,280.0,353.0,304.0,243.0,147.0,203.0,277.0,456.0,338.0,157.0,99.0,101.0,102.0,84.0,72.0,88.0,99.0,97.0,99,105,250.0,312.0
8,319.0,344.0,356.0,328.0,325.0,328.0,332.0,328.0,344.0,375.0,163.0,88.0,84.0,66.0,65.0,67.0,75.0,66.0,71.0,65.0,61,111,187.0,177.0
9,183.0,197.0,220.0,135.0,109.0,96.0,92.0,100.0,105.0,120.0,114.0,107.0,107.0,107.0,107.0,94.0,88.0,105.0,131.0,92.0,83,99,118.0,75.0
10,52.0,56.0,110.0,67.0,68.0,72.0,74.0,73.0,89.0,117.0,140.0,,133.0,111.0,101.0,105.0,102.0,99.0,99.0,107.0,115,123,147.0,
11,135.0,135.0,,,,,,,,,,,,,,,,,,62.0,130,171,68.0,57.0
12,362.0,79.0,51.0,58.0,50.0,50.0,52.0,55.0,81.0,97.0,103.0,81.0,88.0,119.0,234.0,171.0,281.0,137.0,273.0,148.0,125,137,145.0,142.0
13,80.0,73.0,77.0,75.0,105.0,186.0,69.0,66.0,47.0,68.0,57.0,66.0,69.0,77.0,80.0,72.0,73.0,69.0,90.0,68.0,52,61,,
14,,,,,,,,,,,,,,,84.0,91.0,100.0,104.0,109.0,108.0,109,115,67.0,75.0
15,67.0,58.0,66.0,61.0,62.0,51.0,53.0,61.0,267.0,204.0,101.0,108.0,123.0,102.0,80.0,80.0,97.0,107.0,429.0,119.0,108,131,146.0,237.0
16,161.0,123.0,123.0,197.0,129.0,115.0,109.0,115.0,133.0,139.0,116.0,104.0,92.0,95.0,91.0,104.0,77.0,79.0,102.0,107.0,108,127,151.0,177.0
17,149.0,143.0,187.0,150.0,325.0,369.0,382.0,348.0,366.0,404.0,379.0,240.0,126.0,104.0,121.0,109.0,104.0,105.0,105.0,115.0,121,163,164.0,78.0
18,64.0,59.0,40.0,33.0,40.0,40.0,47.0,48.0,53.0,77.0,56.0,61.0,68.0,75.0,47.0,35.0,35.0,35.0,47.0,53.0,58,61,75.0,75.0
19,75.0,68.0,77.0,77.0,73.0,68.0,60.0,55.0,55.0,55.0,55.0,55.0,52.0,48.0,41.0,45.0,37.0,30.0,37.0,30.0,32,27,25.0,25.0
20,25.0,23.0,25.0,4.0,20.0,20.0,20.0,20.0,24.0,27.0,23.0,25.0,40.0,67.0,73.0,40.0,47.0,41.0,47.0,48.0,51,65,68.0,110.0
21,143.0,177.0,85.0,48.0,45.0,43.0,40.0,30.0,29.0,25.0,30.0,33.0,35.0,37.0,40.0,40.0,42.0,44.0,47.0,53.0,55,55,52.0,56.0
22,57.0,51.0,50.0,44.0,32.0,36.0,35.0,36.0,30.0,33.0,38.0,48.0,57.0,55.0,54.0,52.0,57.0,55.0,56.0,50.0,40,42,56.0,70.0
23,88.0,83.0,113.0,78.0,197.0,500.0,303.0,418.0,444.0,441.0,334.0,312.0,334.0,500.0,500.0,500.0,500.0,430.0,290.0,191.0,127,135,153.0,118.0
24,92.0,68.0,85.0,122.0,312.0,133.0,243.0,305.0,280.0,302.0,177.0,163.0,92.0,88.0,90.0,107.0,109.0,107.0,107.0,101.0,102,100,137.0,157.0
25,78.0,93.0,93.0,293.0,147.0,305.0,305.0,297.0,318.0,253.0,103.0,57.0,51.0,51.0,52.0,50.0,53.0,59.0,60.0,49.0,32,33,93.0,177.0
26,123.0,98.0,207.0,203.0,302.0,287.0,95.0,77.0,260.0,329.0,304.0,98.0,63.0,56.0,55.0,80.0,78.0,78.0,80.0,75.0,88,185,133.0,137.0
27,204.0,238.0,213.0,193.0,147.0,122.0,108.0,97.0,108.0,114.0,127.0,115.0,120.0,117.0,89.0,81.0,84.0,,,,126,115,144.0,174.0
28,177.0,168.0,140.0,124.0,101.0,,,,,,,,,,73.0,63.0,69.0,84.0,84.0,88.0,104,126,127.0,124.0
29,88.0,90.0,109.0,96.0,75.0,40.0,35.0,41.0,35.0,56.0,58.0,,78.0,89.0,,129.0,144.0,167.0,127.0,153.0,155,129,90.0,90.0
30,105.0,103.0,67.0,44.0,241.0,123.0,137.0,108.0,73.0,75.0,120.0,70.0,69.0,73.0,73.0,77.0,77.0,99.0,458.0,188.0,89,61,58.0,35.0
31,38.0,64.0,55.0,62.0,68.0,62.0,88.0,101.0,77.0,72.0,70.0,91.0,127.0,113.0,100.0,101.0,283.0,115.0,149.0,160.0,162,190,193.0,218.0
"
"
June-2021,00:00:00,01:00:00,02:00:00,03:00:00,04:00:00,05:00:00,06:00:00,07:00:00,08:00:00,09:00:00,10:00:00,11:00:00,12:00:00,13:00:00,14:00:00,15:00:00,16:00:00,17:00:00,18:00:00,19:00:00,20:00:00,21:00:00,22:00:00,23:00:00
1,181,341.0,408.0,32.0,31.0,24.0,22.0,20.0,20.0,34.0,36.0,38.0,39.0,70,64.0,61,77.0,88.0,85.0,84,89,99,92,115.0
2,109,116.0,110.0,108.0,99.0,105.0,105.0,133.0,180.0,312.0,237.0,127.0,109.0,109,107.0,72,56.0,53.0,45.0,34,74,92,83,88.0
3,78,67.0,69.0,92.0,306.0,306.0,302.0,277.0,302.0,328.0,187.0,143.0,114.0,97,81.0,72,73.0,84.0,95.0,114,141,137,143,150.0
4,167,193.0,187.0,143.0,170.0,177.0,163.0,312.0,293.0,177.0,133.0,120.0,118.0,130,109.0,107,107.0,111.0,196.0,185,32,30,42,109.0
5,108,,,,,,,,,,,,,90,113.0,118,125.0,124.0,145.0,56,35,40,75,83.0
6,94,83.0,80.0,85.0,80.0,70.0,73.0,72.0,90.0,78.0,70.0,115.0,157.0,161,150.0,145,137.0,134.0,131.0,133,134,151,157,153.0
7,134,137.0,135.0,141.0,131.0,125.0,177.0,290.0,257.0,151.0,133.0,137.0,127.0,117,109.0,105,,,111.0,109,114,115,131,168.0
8,167,150.0,163.0,148.0,156.0,185.0,178.0,175.0,140.0,131.0,149.0,185.0,175.0,186,232.0,261,259.0,266.0,255.0,329,422,478,481,473.0
9,434,403.0,305.0,172.0,115.0,95.0,96.0,102.0,115.0,152.0,250.0,212.0,230.0,237,223.0,209,197.0,204.0,201.0,171,197,223,201,205.0
10,189,163.0,120.0,89.0,74.0,124.0,163.0,174.0,137.0,139.0,159.0,187.0,199.0,218,254.0,266,265.0,263.0,223.0,212,193,185,118,95.0
11,84,113.0,27.0,44.0,45.0,39.0,30.0,31.0,46.0,96.0,101.0,124.0,149.0,229,293.0,270,289.0,293.0,246.0,246,256,245,234,178.0
12,120,102.0,90.0,73.0,66.0,63.0,63.0,74.0,75.0,79.0,90.0,100.0,104.0,121,147.0,133,155.0,134.0,85.0,78,74,53,250,36.0
13,25,25.0,28.0,19.0,31.0,55.0,63.0,64.0,69.0,64.0,69.0,57.0,52.0,42,30.0,39,68.0,64.0,67.0,73,63,68,80,92.0
14,85,93.0,127.0,110.0,105.0,103.0,59.0,41.0,,44.0,44.0,,74.0,70,72.0,67,72.0,100.0,111.0,119,127,166,151,140.0
15,109,100.0,81.0,53.0,55.0,68.0,80.0,69.0,66.0,74.0,78.0,83.0,99.0,97,108.0,107,105.0,150.0,116.0,100,68,94,102,123.0
16,80,73.0,115.0,58.0,53.0,57.0,61.0,62.0,74.0,68.0,63.0,90.0,80.0,66,57.0,36,36.0,48.0,59.0,70,77,78,89,111.0
17,121,112.0,143.0,94.0,91.0,89.0,109.0,133.0,213.0,207.0,79.0,66.0,91.0,94,86.0,72,79.0,85.0,75.0,86,91,97,102,99.0
18,102,63.0,57.0,69.0,73.0,59.0,64.0,57.0,59.0,56.0,51.0,50.0,69.0,68,64.0,66,63.0,66.0,69.0,53,41,39,31,51.0
19,45,39.0,45.0,29.0,27.0,36.0,41.0,39.0,67.0,77.0,50.0,55.0,50.0,61,41.0,48,55.0,69.0,41.0,40,47,35,40,38.0
20,31,35.0,30.0,33.0,31.0,68.0,75.0,68.0,68.0,61.0,38.0,24.0,31.0,27,39.0,40,30.0,41.0,47.0,39,39,42,48,35.0
21,44,45.0,44.0,46.0,42.0,40.0,66.0,68.0,81.0,85.0,79.0,86.0,68.0,46,42.0,58,72.0,70.0,77.0,66,74,100,109,115.0
22,101,91.0,90.0,83.0,103.0,105.0,102.0,112.0,123.0,124.0,133.0,133.0,116.0,144,122.0,126,125.0,123.0,135.0,124,123,144,137,147.0
23,148,175.0,403.0,481.0,500.0,494.0,500.0,500.0,426.0,325.0,248.0,166.0,142.0,121,105.0,107,111.0,113.0,44.0,47,122,146,175,189.0
24,177,152.0,96.0,78.0,69.0,69.0,63.0,67.0,89.0,92.0,84.0,100.0,112.0,133,143.0,155,155.0,500.0,184.0,105,101,118,111,122.0
25,129,115.0,114.0,104.0,88.0,83.0,90.0,107.0,107.0,139.0,163.0,122.0,115.0,117,120.0,137,111.0,118.0,127.0,129,274,40,39,85.0
26,56,56.0,52.0,53.0,46.0,52.0,78.0,,90.0,104.0,119.0,120.0,,116,119.0,124,122.0,,137.0,57,73,84,107,
27,107,266.0,234.0,189.0,163.0,167.0,137.0,117.0,140.0,273.0,318.0,346.0,273.0,137,161.0,144,142.0,151.0,151.0,148,152,159,163,163.0
28,151,146.0,137.0,129.0,123.0,115.0,150.0,293.0,345.0,197.0,129.0,116.0,120.0,105,105.0,100,113.0,117.0,107.0,119,121,118,130,139.0
29,143,140.0,183.0,193.0,,230.0,233.0,230.0,230.0,240.0,147.0,130.0,152.0,150,145.0,144,139.0,137.0,127.0,123,127,135,153,163.0
30,163,165.0,167.0,174.0,153.0,146.0,133.0,119.0,119.0,135.0,206.0,178.0,174.0,191,,334,,,,325,295,261,227,209.0
"
"
July-2021,00:00:00,01:00:00,02:00:00,03:00:00,04:00:00,05:00:00,06:00:00,07:00:00,08:00:00,09:00:00,10:00:00,11:00:00,12:00:00,13:00:00,14:00:00,15:00:00,16:00:00,17:00:00,18:00:00,19:00:00,20:00:00,21:00:00,22:00:00,23:00:00
1,173.0,126.0,105.0,81.0,90.0,108.0,120.0,126.0,149.0,175.0,274.0,228.0,215.0,201.0,183.0,177.0,166.0,168.0,166,28.0,153.0,157.0,175.0,160.0
2,145.0,130.0,112.0,145.0,141.0,115.0,115.0,131.0,169.0,169.0,207.0,241.0,279.0,255.0,288.0,312.0,319.0,278.0,255,300.0,91.0,91.0,90.0,83.0
3,107.0,90.0,51.0,69.0,47.0,64.0,72.0,79.0,113.0,74.0,64.0,61.0,86.0,120.0,148.0,162.0,170.0,190.0,193,155.0,64.0,64.0,70.0,57.0
4,63.0,88.0,92.0,89.0,66.0,64.0,81.0,,,,,,,,,,,,81,15.0,40.0,133.0,143.0,119.0
5,86.0,69.0,62.0,70.0,73.0,80.0,101.0,83.0,83.0,180.0,109.0,103.0,123.0,,,,127.0,40.0,131,144.0,135.0,135.0,78.0,70.0
6,123.0,148.0,124.0,131.0,107.0,86.0,100.0,108.0,105.0,97.0,81.0,100.0,114.0,125.0,125.0,135.0,137.0,122.0,40,133.0,145.0,149.0,157.0,151.0
7,189.0,143.0,151.0,145.0,156.0,138.0,116.0,109.0,127.0,122.0,115.0,119.0,123.0,127.0,,,,35.0,33,133.0,118.0,156.0,129.0,95.0
8,105.0,105.0,109.0,111.0,104.0,138.0,107.0,125.0,137.0,151.0,163.0,187.0,190.0,174.0,171.0,153.0,145.0,153.0,138,141.0,153.0,146.0,160.0,175.0
9,428.0,131.0,97.0,120.0,103.0,91.0,85.0,81.0,77.0,80.0,84.0,107.0,99.0,104.0,117.0,126.0,107.0,101.0,109,,111.0,133.0,112.0,113.0
10,112.0,99.0,88.0,101.0,77.0,74.0,69.0,69.0,62.0,73.0,58.0,64.0,64.0,95.0,78.0,80.0,83.0,63.0,64,69.0,59.0,69.0,83.0,78.0
11,83.0,90.0,60.0,50.0,63.0,64.0,57.0,67.0,67.0,73.0,80.0,91.0,88.0,95.0,84.0,79.0,86.0,90.0,114,124.0,140.0,109.0,85.0,74.0
12,56.0,65.0,50.0,40.0,38.0,,,,,,,,,117.0,101.0,78.0,63.0,55.0,55,,,,,
13,,,,,,,,,,,,,,,42.0,53.0,56.0,46.0,37,38.0,30.0,44.0,47.0,75.0
14,63.0,63.0,67.0,46.0,53.0,61.0,58.0,55.0,53.0,67.0,67.0,61.0,57.0,47.0,33.0,25.0,27.0,30.0,30,33.0,42.0,55.0,57.0,47.0
15,52.0,40.0,55.0,58.0,67.0,68.0,67.0,60.0,92.0,88.0,68.0,59.0,46.0,48.0,38.0,38.0,48.0,79.0,74,52.0,50.0,53.0,85.0,83.0
16,77.0,92.0,97.0,59.0,55.0,53.0,48.0,53.0,55.0,62.0,72.0,70.0,78.0,70.0,70.0,68.0,62.0,63.0,70,77.0,72.0,105.0,111.0,120.0
17,104.0,108.0,91.0,83.0,73.0,68.0,66.0,70.0,75.0,88.0,100.0,96.0,80.0,85.0,78.0,68.0,67.0,73.0,70,74.0,59.0,63.0,79.0,52.0
18,42.0,59.0,52.0,47.0,42.0,42.0,38.0,39.0,48.0,61.0,90.0,81.0,70.0,74.0,74.0,83.0,101.0,119.0,88,25.0,33.0,25.0,25.0,25.0
19,25.0,25.0,25.0,25.0,25.0,25.0,25.0,25.0,25.0,25.0,25.0,25.0,25.0,25.0,25.0,25.0,25.0,25.0,25,27.0,30.0,30.0,33.0,35.0
20,,43.0,45.0,45.0,38.0,32.0,30.0,30.0,38.0,41.0,52.0,63.0,47.0,68.0,86.0,84.0,102.0,111.0,29,19.0,22.0,25.0,25.0,25.0
21,25.0,27.0,33.0,44.0,41.0,48.0,47.0,40.0,42.0,40.0,52.0,52.0,101.0,41.0,40.0,44.0,61.0,70.0,72,77.0,97.0,103.0,114.0,103.0
22,107.0,57.0,29.0,23.0,25.0,25.0,28.0,50.0,31.0,52.0,79.0,74.0,80.0,83.0,62.0,47.0,32.0,30.0,33,32.0,41.0,46.0,52.0,39.0
23,45.0,57.0,52.0,33.0,37.0,37.0,37.0,50.0,50.0,45.0,40.0,47.0,47.0,59.0,53.0,53.0,62.0,52.0,37,33.0,34.0,57.0,72.0,72.0
24,84.0,85.0,95.0,84.0,84.0,74.0,78.0,62.0,68.0,97.0,99.0,111.0,88.0,75.0,52.0,44.0,44.0,30.0,25,30.0,30.0,33.0,30.0,31.0
25,42.0,42.0,45.0,45.0,46.0,60.0,163.0,110.0,133.0,133.0,93.0,48.0,40.0,34.0,39.0,35.0,38.0,34.0,36,31.0,30.0,41.0,53.0,61.0
26,74.0,83.0,75.0,52.0,47.0,55.0,40.0,42.0,52.0,63.0,67.0,68.0,70.0,63.0,77.0,94.0,79.0,69.0,93,99.0,177.0,113.0,94.0,77.0
27,78.0,99.0,197.0,203.0,170.0,140.0,123.0,110.0,58.0,22.0,27.0,28.0,32.0,38.0,62.0,37.0,42.0,38.0,38,25.0,28.0,30.0,34.0,35.0
28,27.0,30.0,32.0,34.0,40.0,,,,,,,,,,,,,,22,48.0,55.0,60.0,60.0,60.0
29,60.0,65.0,62.0,10.0,65.0,65.0,65.0,68.0,67.0,67.0,70.0,60.0,60.0,60.0,60.0,55.0,,33.0,25,25.0,25.0,25.0,25.0,32.0
30,40.0,52.0,52.0,51.0,,57.0,57.0,45.0,67.0,57.0,65.0,60.0,75.0,120.0,68.0,63.0,88.0,87.0,25,27.0,25.0,30.0,28.0,30.0
31,37.0,45.0,60.0,23.0,45.0,32.0,42.0,25.0,27.0,,25.0,25.0,25.0,122.0,30.0,30.0,33.0,30.0,34,33.0,30.0,32.0,35.0,37.0
"
"
August-2021,00:00:00,01:00:00,02:00:00,03:00:00,04:00:00,05:00:00,06:00:00,07:00:00,08:00:00,09:00:00,10:00:00,11:00:00,12:00:00,13:00:00,14:00:00,15:00:00,16:00:00,17:00:00,18:00:00,19:00:00,20:00:00,21:00:00,22:00:00,23:00:00
1,40.0,43.0,47.0,22.0,35.0,35.0,35.0,30.0,28.0,30.0,32.0,30.0,30.0,27.0,25.0,27.0,30.0,39.0,50.0,30.0,32.0,33.0,40.0,52.0
2,55.0,73.0,,,,,,,,,37.0,32.0,60.0,42.0,88.0,83.0,30.0,35.0,37.0,48.0,42.0,47.0,57.0,55.0
3,53.0,56.0,59.0,70.0,65.0,65.0,67.0,65.0,77.0,63.0,51.0,70.0,73.0,,,,,31.0,33.0,30.0,,45.0,44.0,57.0
4,66.0,52.0,46.0,72.0,84.0,72.0,48.0,32.0,31.0,20.0,20.0,25.0,27.0,41.0,44.0,38.0,35.0,42.0,30.0,14.0,35.0,73.0,75.0,
5,,,,,,,,,,,,,,,,30.0,30.0,45.0,46.0,61.0,46.0,47.0,63.0,84.0
6,80.0,77.0,101.0,85.0,80.0,78.0,66.0,121.0,120.0,307.0,230.0,127.0,83.0,59.0,88.0,103.0,108.0,111.0,86.0,75.0,70.0,95.0,59.0,32.0
7,52.0,43.0,52.0,40.0,48.0,48.0,55.0,55.0,65.0,123.0,88.0,65.0,80.0,93.0,67.0,35.0,40.0,32.0,35.0,70.0,,,,
8,58.0,70.0,60.0,78.0,65.0,78.0,77.0,93.0,70.0,97.0,50.0,293.0,280.0,130.0,65.0,47.0,35.0,35.0,40.0,45.0,47.0,60.0,60.0,78.0
9,73.0,80.0,92.0,92.0,93.0,88.0,93.0,133.0,133.0,197.0,220.0,105.0,35.0,77.0,70.0,93.0,150.0,70.0,143.0,140.0,100.0,130.0,103.0,95.0
10,75.0,45.0,65.0,62.0,58.0,70.0,63.0,69.0,75.0,61.0,69.0,84.0,105.0,127.0,150.0,159.0,155.0,153.0,159.0,161.0,146.0,126.0,114.0,108.0
11,80.0,63.0,61.0,63.0,56.0,52.0,48.0,47.0,53.0,58.0,73.0,92.0,104.0,104.0,102.0,101.0,105.0,103.0,103.0,99.0,103.0,107.0,91.0,77.0
12,69.0,53.0,50.0,48.0,43.0,48.0,52.0,51.0,62.0,72.0,78.0,96.0,103.0,112.0,107.0,125.0,99.0,95.0,92.0,95.0,81.0,96.0,95.0,102.0
13,95.0,80.0,72.0,72.0,67.0,74.0,73.0,58.0,58.0,59.0,70.0,84.0,95.0,94.0,81.0,89.0,83.0,90.0,86.0,92.0,101.0,90.0,101.0,99.0
14,86.0,73.0,62.0,59.0,55.0,48.0,52.0,53.0,56.0,66.0,72.0,84.0,90.0,91.0,107.0,108.0,108.0,111.0,108.0,113.0,,,,
15,,72.0,58.0,61.0,57.0,56.0,58.0,55.0,81.0,73.0,88.0,112.0,127.0,137.0,130.0,137.0,131.0,129.0,129.0,135.0,131.0,119.0,144.0,134.0
16,139.0,126.0,135.0,120.0,120.0,86.0,73.0,77.0,67.0,75.0,78.0,85.0,84.0,84.0,97.0,94.0,108.0,118.0,126.0,123.0,127.0,127.0,119.0,115.0
17,133.0,137.0,131.0,119.0,123.0,123.0,118.0,117.0,101.0,91.0,114.0,116.0,122.0,,,122.0,125.0,123.0,125.0,135.0,135.0,129.0,135.0,144.0
18,,131.0,125.0,120.0,122.0,116.0,134.0,116.0,126.0,146.0,150.0,124.0,129.0,138.0,129.0,127.0,131.0,127.0,124.0,125.0,126.0,114.0,118.0,149.0
19,135.0,139.0,143.0,118.0,107.0,111.0,120.0,115.0,129.0,153.0,153.0,145.0,127.0,121.0,133.0,131.0,127.0,117.0,114.0,115.0,127.0,144.0,,143.0
20,147.0,113.0,150.0,112.0,103.0,95.0,96.0,101.0,101.0,99.0,101.0,109.0,102.0,83.0,55.0,65.0,48.0,38.0,49.0,57.0,63.0,59.0,64.0,70.0
21,58.0,50.0,52.0,40.0,32.0,30.0,29.0,31.0,32.0,25.0,30.0,35.0,48.0,30.0,30.0,35.0,35.0,35.0,37.0,40.0,35.0,48.0,73.0,66.0
22,55.0,35.0,30.0,18.0,35.0,30.0,37.0,40.0,52.0,52.0,35.0,58.0,57.0,50.0,57.0,50.0,48.0,42.0,45.0,52.0,50.0,70.0,35.0,35.0
23,38.0,40.0,61.0,48.0,47.0,48.0,50.0,50.0,47.0,63.0,57.0,87.0,41.0,32.0,30.0,31.0,52.0,68.0,58.0,33.0,35.0,38.0,40.0,45.0
24,61.0,58.0,75.0,65.0,47.0,52.0,72.0,63.0,60.0,88.0,77.0,57.0,47.0,38.0,34.0,35.0,,,,,,,,
25,,,,,,,,,,,,,,,96.0,91.0,86.0,95.0,85.0,85.0,84.0,84.0,73.0,62.0
26,56.0,51.0,56.0,56.0,46.0,42.0,50.0,55.0,72.0,103.0,114.0,,124.0,125.0,121.0,124.0,127.0,118.0,109.0,105.0,100.0,97.0,105.0,99.0
27,102.0,96.0,84.0,80.0,81.0,83.0,75.0,81.0,85.0,107.0,109.0,127.0,146.0,,,,,,,55.0,137.0,150.0,152.0,137.0
28,129.0,145.0,209.0,165.0,123.0,114.0,120.0,119.0,105.0,115.0,122.0,108.0,111.0,115.0,119.0,123.0,124.0,115.0,125.0,116.0,95.0,115.0,107.0,114.0
29,97.0,119.0,114.0,105.0,96.0,78.0,84.0,94.0,94.0,105.0,105.0,113.0,126.0,131.0,142.0,111.0,129.0,88.0,96.0,100.0,77.0,74.0,108.0,109.0
30,95.0,59.0,52.0,39.0,30.0,38.0,30.0,30.0,35.0,33.0,32.0,35.0,62.0,85.0,,,,,,,,,,
31,,,,,,,,30.0,30.0,36.0,35.0,46.0,50.0,28.0,30.0,35.0,40.0,40.0,40.0,38.0,,,52.0,65.0
"
"
September-2021,00:00:00,01:00:00,02:00:00,03:00:00,04:00:00,05:00:00,06:00:00,07:00:00,08:00:00,09:00:00,10:00:00,11:00:00,12:00:00,13:00:00,14:00:00,15:00:00,16:00:00,17:00:00,18:00:00,19:00:00,20:00:00,21:00:00,22:00:00,23:00:00
1,56.0,46.0,45.0,41.0,39.0,35.0,44.0,47.0,25.0,25.0,25.0,28.0,30.0,32.0,28.0,30.0,30.0,38.0,48.0,57.0,65.0,75.0,75.0,55.0
2,50.0,50.0,58.0,2.0,67.0,62.0,58.0,65.0,70.0,48.0,33.0,40.0,47.0,40.0,45.0,54.0,66.0,65.0,57.0,47.0,52.0,60.0,88.0,80.0
3,37.0,37.0,50.0,36.0,30.0,28.0,30.0,32.0,42.0,58.0,97.0,88.0,79.0,38.0,29.0,33.0,30.0,35.0,30.0,25.0,11.0,13.0,,
4,8.0,40.0,,,,11.0,,,,,30.0,35.0,,56.0,29.0,20.0,,,42.0,62.0,50.0,67.0,73.0,65.0
5,45.0,55.0,65.0,67.0,72.0,67.0,67.0,45.0,45.0,43.0,58.0,50.0,46.0,40.0,40.0,25.0,27.0,47.0,,,,,,
6,,,,,,,,,,,,8.0,37.0,78.0,53.0,48.0,40.0,37.0,45.0,33.0,,,88.0,122.0
7,120.0,101.0,75.0,53.0,52.0,47.0,55.0,55.0,65.0,58.0,,,,,,,,,,,,,,65.0
8,,70.0,68.0,53.0,36.0,35.0,34.0,30.0,34.0,31.0,30.0,32.0,35.0,38.0,29.0,30.0,30.0,,,36.0,45.0,59.0,64.0,58.0
9,57.0,64.0,46.0,36.0,35.0,35.0,35.0,40.0,38.0,48.0,50.0,56.0,53.0,59.0,50.0,58.0,44.0,35.0,48.0,58.0,48.0,58.0,68.0,89.0
10,81.0,63.0,68.0,52.0,63.0,65.0,30.0,35.0,40.0,63.0,87.0,80.0,88.0,73.0,70.0,57.0,47.0,40.0,40.0,38.0,50.0,48.0,30.0,38.0
11,40.0,30.0,35.0,29.0,30.0,30.0,30.0,32.0,30.0,30.0,33.0,38.0,45.0,37.0,33.0,42.0,30.0,35.0,48.0,50.0,45.0,52.0,62.0,60.0
12,40.0,37.0,35.0,23.0,30.0,30.0,30.0,30.0,32.0,35.0,48.0,42.0,50.0,40.0,40.0,50.0,63.0,44.0,30.0,32.0,37.0,40.0,48.0,70.0
13,57.0,68.0,68.0,68.0,55.0,58.0,60.0,83.0,130.0,303.0,52.0,110.0,120.0,73.0,45.0,63.0,35.0,42.0,45.0,47.0,53.0,65.0,67.0,70.0
14,58.0,50.0,50.0,39.0,52.0,36.0,39.0,36.0,42.0,63.0,75.0,68.0,80.0,95.0,107.0,70.0,62.0,52.0,47.0,44.0,45.0,68.0,111.0,141.0
15,32.0,40.0,37.0,20.0,25.0,25.0,26.0,28.0,27.0,28.0,25.0,25.0,25.0,25.0,25.0,30.0,33.0,39.0,51.0,58.0,57.0,70.0,83.0,77.0
16,61.0,44.0,42.0,46.0,50.0,51.0,41.0,38.0,48.0,40.0,51.0,28.0,44.0,30.0,25.0,28.0,33.0,40.0,42.0,42.0,45.0,48.0,50.0,45.0
17,40.0,38.0,45.0,34.0,41.0,47.0,53.0,39.0,61.0,44.0,42.0,31.0,35.0,47.0,46.0,55.0,42.0,38.0,47.0,38.0,55.0,58.0,88.0,73.0
18,45.0,47.0,46.0,44.0,39.0,32.0,30.0,37.0,64.0,48.0,48.0,50.0,63.0,61.0,53.0,55.0,55.0,48.0,45.0,51.0,57.0,73.0,92.0,94.0
19,102.0,177.0,85.0,68.0,53.0,48.0,55.0,50.0,58.0,80.0,63.0,38.0,34.0,32.0,31.0,35.0,39.0,38.0,30.0,35.0,46.0,58.0,61.0,66.0
20,59.0,64.0,65.0,52.0,40.0,57.0,48.0,47.0,46.0,83.0,63.0,58.0,65.0,40.0,50.0,41.0,30.0,31.0,34.0,37.0,50.0,67.0,83.0,63.0
21,73.0,81.0,85.0,94.0,80.0,66.0,58.0,57.0,64.0,90.0,64.0,46.0,48.0,59.0,57.0,40.0,42.0,40.0,111.0,37.0,41.0,50.0,56.0,58.0
22,47.0,42.0,40.0,55.0,59.0,57.0,55.0,47.0,48.0,63.0,46.0,47.0,42.0,23.0,25.0,30.0,30.0,32.0,32.0,45.0,62.0,46.0,50.0,48.0
23,51.0,55.0,73.0,28.0,30.0,30.0,30.0,37.0,35.0,35.0,45.0,50.0,42.0,50.0,44.0,41.0,36.0,40.0,37.0,53.0,55.0,35.0,37.0,37.0
24,35.0,35.0,35.0,24.0,32.0,36.0,30.0,35.0,41.0,55.0,62.0,53.0,51.0,39.0,46.0,51.0,47.0,52.0,30.0,30.0,37.0,40.0,48.0,63.0
25,60.0,63.0,43.0,35.0,40.0,39.0,42.0,64.0,58.0,88.0,97.0,85.0,77.0,88.0,75.0,57.0,46.0,42.0,45.0,40.0,34.0,38.0,42.0,47.0
26,45.0,44.0,40.0,9.0,6.0,,,,,,,,36.0,36.0,51.0,58.0,59.0,48.0,48.0,53.0,63.0,68.0,69.0,85.0
27,81.0,69.0,85.0,63.0,63.0,78.0,68.0,65.0,60.0,67.0,78.0,56.0,62.0,57.0,58.0,75.0,89.0,84.0,93.0,83.0,69.0,77.0,75.0,88.0
28,93.0,143.0,163.0,127.0,130.0,109.0,115.0,110.0,92.0,130.0,150.0,69.0,52.0,41.0,38.0,30.0,35.0,36.0,41.0,53.0,62.0,64.0,75.0,58.0
29,57.0,70.0,61.0,66.0,58.0,41.0,46.0,36.0,42.0,42.0,46.0,44.0,38.0,41.0,42.0,41.0,38.0,40.0,39.0,39.0,59.0,74.0,95.0,104.0
30,89.0,83.0,80.0,69.0,45.0,48.0,63.0,55.0,63.0,86.0,64.0,59.0,57.0,48.0,42.0,45.0,41.0,50.0,53.0,69.0,62.0,86.0,74.0,86.0
"
"
October-2021,00:00:00,01:00:00,02:00:00,03:00:00,04:00:00,05:00:00,06:00:00,07:00:00,08:00:00,09:00:00,10:00:00,11:00:00,12:00:00,13:00:00,14:00:00,15:00:00,16:00:00,17:00:00,18:00:00,19:00:00,20:00:00,21:00:00,22:00:00,23:00:00
1,73.0,60.0,70.0,63.0,69.0,77.0,69.0,65.0,77.0,102.0,88.0,72.0,48.0,44.0,42,58,65,57.0,61.0,78.0,107.0,129.0,102.0,101.0
2,104.0,97.0,107.0,110.0,98.0,101.0,83.0,36.0,39.0,55.0,52.0,62.0,52.0,63.0,53,55,66,64.0,57.0,70.0,81.0,68.0,105.0,73.0
3,68.0,79.0,67.0,46.0,44.0,46.0,53.0,51.0,48.0,62.0,46.0,36.0,55.0,56.0,70,40,51,29.0,28.0,34.0,52.0,55.0,61.0,55.0
4,62.0,58.0,68.0,59.0,45.0,45.0,39.0,44.0,44.0,56.0,59.0,40.0,50.0,40.0,39,30,36,31.0,33.0,33.0,61.0,63.0,62.0,101.0
5,115.0,69.0,48.0,46.0,53.0,59.0,51.0,56.0,62.0,79.0,127.0,138.0,85.0,57.0,55,59,90,79.0,84.0,57.0,48.0,41.0,53.0,92.0
6,123.0,99.0,83.0,50.0,48.0,53.0,50.0,50.0,56.0,77.0,105.0,105.0,68.0,48.0,42,35,45,44.0,55.0,63.0,97.0,114.0,107.0,105.0
7,89.0,206.0,126.0,75.0,85.0,73.0,77.0,65.0,83.0,87.0,115.0,120.0,133.0,113.0,101,101,107,115.0,113.0,123.0,121.0,159.0,,
8,,,,,,,,130.0,130.0,193.0,237.0,220.0,121.0,125.0,130,117,114,111.0,104.0,113.0,133.0,123.0,155.0,180.0
9,152.0,157.0,183.0,116.0,109.0,101.0,104.0,101.0,121.0,150.0,167.0,122.0,139.0,105.0,91,92,81,80.0,84.0,96.0,115.0,129.0,133.0,135.0
10,126.0,125.0,111.0,118.0,105.0,101.0,100.0,101.0,105.0,133.0,127.0,142.0,119.0,109.0,95,79,85,74.0,70.0,70.0,131.0,97.0,116.0,123.0
11,123.0,141.0,130.0,121.0,115.0,131.0,118.0,180.0,177.0,170.0,124.0,61.0,61.0,72.0,51,58,62,62.0,73.0,83.0,138.0,149.0,159.0,161.0
12,163.0,149.0,126.0,134.0,126.0,126.0,126.0,129.0,150.0,207.0,163.0,115.0,99.0,103.0,94,69,64,67.0,77.0,109.0,131.0,131.0,137.0,135.0
13,144.0,137.0,200.0,133.0,127.0,147.0,140.0,143.0,147.0,163.0,240.0,207.0,180.0,145.0,124,120,113,100.0,111.0,111.0,124.0,145.0,143.0,187.0
14,180.0,163.0,193.0,140.0,130.0,120.0,133.0,143.0,129.0,134.0,167.0,177.0,163.0,80.0,10,112,129,,,,,,,
15,,,,,,,183.0,167.0,177.0,207.0,187.0,197.0,167.0,147.0,129,112,99,96.0,99.0,123.0,200.0,220.0,287.0,306.0
16,260.0,273.0,309.0,310.0,303.0,308.0,257.0,305.0,307.0,312.0,324.0,318.0,308.0,270.0,207,203,213,287.0,280.0,312.0,273.0,293.0,312.0,307.0
17,306.0,323.0,373.0,427.0,480.0,481.0,477.0,478.0,370.0,332.0,472.0,352.0,213.0,143.0,129,126,61,35.0,35.0,35.0,35.0,38.0,38.0,25.0
18,30.0,27.0,28.0,17.0,20.0,20.0,25.0,23.0,23.0,25.0,28.0,30.0,33.0,30.0,33,35,33,31.0,28.0,38.0,25.0,30.0,33.0,45.0
19,45.0,83.0,45.0,8.0,55.0,42.0,31.0,32.0,30.0,75.0,53.0,52.0,43.0,50.0,56,65,70,95.0,133.0,130.0,167.0,180.0,217.0,220.0
20,260.0,290.0,297.0,240.0,203.0,170.0,147.0,133.0,143.0,123.0,163.0,207.0,207.0,197.0,193,147,115,105.0,104.0,107.0,187.0,160.0,200.0,273.0
21,260.0,237.0,193.0,167.0,140.0,111.0,101.0,103.0,105.0,125.0,117.0,149.0,152.0,147.0,160,143,147,139.0,135.0,129.0,129.0,135.0,152.0,145.0
22,143.0,140.0,92.0,117.0,109.0,103.0,102.0,86.0,85.0,97.0,111.0,102.0,75.0,70.0,79,73,56,53.0,,63.0,94.0,120.0,185.0,200.0
23,215.0,196.0,187.0,194.0,165.0,129.0,109.0,111.0,109.0,109.0,147.0,115.0,84.0,64.0,73,86,91,83.0,89.0,95.0,101.0,112.0,134.0,129.0
24,123.0,153.0,131.0,217.0,200.0,200.0,111.0,99.0,97.0,120.0,143.0,150.0,121.0,123.0,109,96,89,115.0,77.0,52.0,46.0,80.0,40.0,55.0
25,48.0,30.0,32.0,33.0,42.0,41.0,42.0,39.0,40.0,55.0,127.0,87.0,67.0,59.0,69,71,70,66.0,52.0,45.0,53.0,73.0,88.0,133.0
26,150.0,185.0,177.0,140.0,110.0,97.0,93.0,92.0,87.0,97.0,150.0,220.0,140.0,92.0,84,91,96,108.0,108.0,108.0,127.0,140.0,143.0,148.0
27,,,,,,,,,,,,,,,163,50,123,124.0,131.0,129.0,139.0,203.0,248.0,200.0
28,220.0,309.0,277.0,270.0,273.0,277.0,240.0,287.0,302.0,309.0,320.0,324.0,321.0,270.0,183,163,124,140.0,133.0,150.0,167.0,395.0,318.0,290.0
29,325.0,321.0,328.0,314.0,304.0,304.0,304.0,297.0,290.0,277.0,324.0,349.0,339.0,332.0,321,213,133,98.0,147.0,150.0,197.0,273.0,287.0,309.0
30,400.0,306.0,318.0,305.0,301.0,302.0,297.0,280.0,303.0,309.0,336.0,345.0,318.0,287.0,116,78,89,96.0,107.0,116.0,140.0,237.0,260.0,301.0
31,303.0,302.0,307.0,301.0,314.0,309.0,277.0,253.0,267.0,233.0,237.0,267.0,273.0,183.0,171,142,123,116.0,109.0,109.0,124.0,200.0,230.0,233.0
"
"
November-2021,00:00:00,01:00:00,02:00:00,03:00:00,04:00:00,05:00:00,06:00:00,07:00:00,08:00:00,09:00:00,10:00:00,11:00:00,12:00:00,13:00:00,14:00:00,15:00:00,16:00:00,17:00:00,18:00:00,19:00:00,20:00:00,21:00:00,22:00:00,23:00:00
1,213.0,203.0,270.0,240.0,273.0,267.0,290.0,277.0,310.0,316.0,318.0,250.0,200.0,220.0,193.0,142.0,109.0,127.0,149,237,287,314,315,309
2,315.0,310.0,338.0,333.0,342.0,342.0,327.0,325.0,328.0,339.0,338.0,253.0,237.0,237.0,237.0,233.0,223.0,183.0,177,200,309,309,301,310
3,309.0,309.0,316.0,312.0,314.0,331.0,,,,,,319.0,302.0,260.0,243.0,240.0,197.0,197.0,177,257,329,335,350,345
4,342.0,339.0,351.0,348.0,350.0,366.0,403.0,407.0,417.0,420.0,453.0,500.0,500.0,490.0,463.0,419.0,414.0,413.0,436,463,481,500,500,500
5,500.0,500.0,500.0,500.0,500.0,500.0,500.0,460.0,402.0,440.0,485.0,460.0,446.0,413.0,404.0,384.0,384.0,378.0,391,416,449,439,428,449
6,489.0,480.0,472.0,466.0,443.0,435.0,422.0,410.0,401.0,399.0,390.0,413.0,410.0,398.0,414.0,444.0,457.0,485.0,464,459,466,477,483,500
7,484.0,460.0,440.0,420.0,398.0,365.0,351.0,346.0,329.0,308.0,312.0,378.0,433.0,429.0,367.0,314.0,302.0,293.0,302,311,357,356,365,411
8,373.0,370.0,378.0,378.0,365.0,362.0,369.0,367.0,362.0,373.0,388.0,456.0,459.0,409.0,375.0,345.0,315.0,311.0,306,320,392,379,392,359
9,367.0,362.0,365.0,362.0,353.0,365.0,358.0,346.0,359.0,379.0,395.0,440.0,428.0,402.0,368.0,348.0,332.0,304.0,260,257,310,312,325,460
10,366.0,351.0,362.0,348.0,348.0,339.0,339.0,332.0,332.0,348.0,339.0,345.0,368.0,393.0,366.0,350.0,351.0,358.0,366,382,400,398,392,422
11,429.0,450.0,449.0,425.0,419.0,416.0,416.0,413.0,418.0,408.0,431.0,405.0,368.0,359.0,371.0,376.0,384.0,388.0,397,400,396,404,417,413
12,393.0,401.0,406.0,411.0,420.0,417.0,404.0,411.0,386.0,433.0,447.0,455.0,497.0,500.0,500.0,500.0,482.0,451.0,431,456,443,456,489,485
13,493.0,476.0,489.0,500.0,500.0,500.0,500.0,500.0,487.0,477.0,449.0,,,,383.0,345.0,143.0,170.0,147,220,302,306,312,308
14,312.0,318.0,332.0,329.0,311.0,322.0,314.0,319.0,327.0,322.0,342.0,332.0,352.0,351.0,323.0,305.0,160.0,157.0,133,150,187,280,307,312
15,315.0,331.0,349.0,338.0,332.0,325.0,327.0,332.0,324.0,335.0,395.0,401.0,387.0,367.0,358.0,338.0,324.0,328.0,325,338,353,376,382,388
16,418.0,408.0,390.0,403.0,403.0,395.0,398.0,388.0,392.0,380.0,401.0,424.0,446.0,397.0,351.0,320.0,273.0,270.0,273,267,322,342,367,358
17,362.0,342.0,350.0,345.0,338.0,332.0,340.0,333.0,329.0,345.0,373.0,390.0,408.0,380.0,351.0,328.0,301.0,140.0,157,177,203,257,290,342
18,328.0,333.0,332.0,325.0,329.0,325.0,324.0,315.0,331.0,325.0,345.0,432.0,459.0,424.0,327.0,280.0,253.0,257.0,302,277,311,316,384,349
19,340.0,344.0,348.0,352.0,350.0,356.0,352.0,345.0,318.0,325.0,363.0,397.0,388.0,373.0,361.0,335.0,316.0,315.0,312,318,335,339,348,361
20,362.0,359.0,353.0,374.0,359.0,350.0,340.0,341.0,336.0,358.0,375.0,380.0,383.0,391.0,349.0,348.0,342.0,322.0,319,327,329,333,356,387
21,390.0,378.0,380.0,384.0,367.0,379.0,387.0,383.0,387.0,367.0,404.0,410.0,356.0,312.0,180.0,133.0,127.0,233.0,260,305,327,342,345,359
22,,,,,,,,318.0,324.0,332.0,365.0,362.0,336.0,308.0,223.0,125.0,120.0,120.0,120,127,163,193,230,267
23,280.0,257.0,277.0,267.0,177.0,213.0,223.0,250.0,243.0,253.0,250.0,270.0,309.0,328.0,,,,,120,143,207,301,240,301
24,308.0,322.0,354.0,325.0,338.0,322.0,315.0,311.0,304.0,303.0,328.0,357.0,356.0,345.0,321.0,220.0,167.0,129.0,107,237,358,383,387,395
25,385.0,399.0,407.0,410.0,414.0,406.0,392.0,384.0,402.0,401.0,396.0,401.0,375.0,335.0,320.0,303.0,233.0,230.0,220,250,250,321,318,358
26,354.0,354.0,349.0,349.0,348.0,342.0,348.0,345.0,348.0,338.0,355.0,447.0,468.0,435.0,359.0,312.0,302.0,308.0,316,321,335,349,353,384
27,392.0,396.0,383.0,388.0,388.0,375.0,361.0,361.0,358.0,371.0,387.0,420.0,411.0,346.0,332.0,318.0,348.0,349.0,365,380,400,383,378,375
28,378.0,362.0,393.0,421.0,449.0,444.0,442.0,435.0,436.0,437.0,447.0,457.0,431.0,390.0,373.0,358.0,349.0,353.0,372,390,388,375,382,395
29,384.0,373.0,354.0,391.0,375.0,370.0,327.0,62.0,293.0,60.0,328.0,395.0,410.0,386.0,355.0,306.0,230.0,213.0,237,280,307,315,339,342
30,337.0,332.0,332.0,319.0,308.0,306.0,301.0,287.0,290.0,308.0,331.0,344.0,358.0,358.0,349.0,327.0,314.0,308.0,304,306,315,348,356,345
"
"
December-2021,00:00:00,01:00:00,02:00:00,03:00:00,04:00:00,05:00:00,06:00:00,07:00:00,08:00:00,09:00:00,10:00:00,11:00:00,12:00:00,13:00:00,14:00:00,15:00:00,16:00:00,17:00:00,18:00:00,19:00:00,20:00:00,21:00:00,22:00:00,23:00:00
1,345.0,344.0,348.0,346.0,346.0,333.0,329.0,334.0,336.0,345.0,353.0,358.0,350.0,340.0,328.0,332.0,332.0,332.0,332.0,345.0,386.0,386.0,413.0,405.0
2,423.0,434.0,443.0,446.0,440.0,427.0,421.0,428.0,414.0,423.0,426.0,437.0,443.0,443.0,422.0,395.0,413.0,401.0,392.0,387.0,378.0,362.0,348.0,328.0
3,310.0,297.0,293.0,253.0,303.0,270.0,240.0,253.0,301.0,309.0,315.0,324.0,355.0,373.0,375.0,365.0,328.0,314.0,315.0,316.0,308.0,314.0,314.0,287.0
4,303.0,301.0,309.0,315.0,311.0,307.0,303.0,303.0,310.0,307.0,338.0,356.0,359.0,344.0,316.0,237.0,150.0,120.0,97.0,103.0,97.0,177.0,220.0,187.0
5,197.0,,293.0,217.0,306.0,332.0,310.0,320.0,318.0,315.0,323.0,324.0,325.0,297.0,301.0,257.0,270.0,301.0,267.0,305.0,320.0,324.0,354.0,363.0
6,346.0,369.0,382.0,379.0,357.0,357.0,352.0,338.0,307.0,315.0,316.0,308.0,277.0,170.0,113.0,157.0,257.0,203.0,167.0,197.0,167.0,302.0,323.0,297.0
7,257.0,302.0,308.0,307.0,290.0,253.0,250.0,230.0,157.0,197.0,270.0,314.0,320.0,253.0,140.0,170.0,97.0,75.0,83.0,163.0,183.0,197.0,257.0,273.0
8,267.0,243.0,243.0,213.0,243.0,220.0,157.0,177.0,197.0,223.0,250.0,290.0,309.0,223.0,177.0,110.0,123.0,93.0,95.0,120.0,125.0,177.0,303.0,253.0
9,230.0,257.0,243.0,200.0,233.0,203.0,257.0,267.0,267.0,257.0,270.0,303.0,311.0,315.0,306.0,220.0,257.0,233.0,223.0,302.0,257.0,302.0,302.0,303.0
10,309.0,311.0,306.0,301.0,273.0,270.0,280.0,277.0,270.0,280.0,301.0,311.0,332.0,324.0,297.0,193.0,170.0,167.0,213.0,250.0,302.0,290.0,321.0,320.0
11,315.0,306.0,303.0,267.0,243.0,203.0,203.0,163.0,203.0,240.0,237.0,290.0,303.0,267.0,217.0,78.0,57.0,67.0,57.0,69.0,84.0,157.0,177.0,180.0
12,223.0,217.0,314.0,297.0,304.0,304.0,297.0,293.0,305.0,307.0,315.0,306.0,257.0,147.0,123.0,107.0,113.0,103.0,107.0,99.0,163.0,253.0,277.0,302.0
13,320.0,335.0,315.0,345.0,358.0,333.0,332.0,335.0,324.0,312.0,322.0,351.0,332.0,311.0,207.0,163.0,127.0,157.0,133.0,143.0,143.0,180.0,193.0,213.0
14,315.0,323.0,304.0,348.0,327.0,388.0,373.0,375.0,374.0,375.0,435.0,442.0,437.0,339.0,321.0,302.0,277.0,260.0,310.0,332.0,363.0,356.0,348.0,348.0
15,351.0,349.0,363.0,345.0,348.0,340.0,348.0,342.0,348.0,370.0,349.0,378.0,400.0,370.0,337.0,310.0,,,,120.0,177.0,257.0,306.0,302.0
16,312.0,309.0,306.0,315.0,334.0,334.0,341.0,365.0,401.0,401.0,388.0,420.0,439.0,440.0,422.0,367.0,240.0,270.0,,,,,,
17,407.0,382.0,395.0,357.0,342.0,341.0,316.0,312.0,308.0,318.0,328.0,355.0,356.0,324.0,305.0,310.0,270.0,183.0,147.0,187.0,,,,
18,,,,,,,,,260.0,267.0,280.0,308.0,323.0,321.0,273.0,183.0,157.0,120.0,109.0,150.0,187.0,217.0,253.0,240.0
19,207.0,203.0,223.0,160.0,163.0,150.0,160.0,160.0,147.0,163.0,193.0,253.0,290.0,273.0,277.0,233.0,207.0,197.0,207.0,250.0,280.0,312.0,323.0,339.0
20,345.0,323.0,323.0,312.0,304.0,297.0,280.0,260.0,243.0,223.0,287.0,260.0,293.0,260.0,223.0,183.0,150.0,163.0,140.0,143.0,220.0,243.0,306.0,322.0
21,318.0,335.0,324.0,316.0,322.0,318.0,311.0,311.0,310.0,314.0,338.0,380.0,395.0,356.0,332.0,302.0,147.0,157.0,167.0,163.0,,,,
22,,352.0,340.0,325.0,328.0,318.0,312.0,320.0,318.0,318.0,355.0,395.0,423.0,378.0,338.0,302.0,187.0,203.0,213.0,,,,,
23,,450.0,398.0,431.0,405.0,423.0,431.0,431.0,413.0,419.0,420.0,456.0,397.0,387.0,350.0,346.0,328.0,303.0,290.0,319.0,362.0,414.0,422.0,400.0
24,404.0,418.0,429.0,418.0,403.0,396.0,378.0,369.0,362.0,362.0,361.0,365.0,357.0,333.0,303.0,200.0,277.0,308.0,302.0,327.0,348.0,372.0,383.0,382.0
25,365.0,383.0,375.0,374.0,375.0,378.0,392.0,352.0,369.0,384.0,390.0,407.0,431.0,444.0,411.0,260.0,345.0,356.0,344.0,464.0,481.0,487.0,499.0,459.0
26,459.0,437.0,487.0,470.0,500.0,500.0,500.0,487.0,462.0,455.0,434.0,434.0,441.0,418.0,384.0,395.0,404.0,401.0,418.0,416.0,442.0,449.0,434.0,432.0
27,401.0,385.0,387.0,382.0,356.0,335.0,324.0,312.0,280.0,277.0,304.0,325.0,316.0,237.0,183.0,163.0,143.0,113.0,127.0,133.0,143.0,220.0,315.0,316.0
28,344.0,322.0,325.0,318.0,322.0,318.0,315.0,306.0,315.0,312.0,305.0,328.0,354.0,374.0,359.0,352.0,342.0,323.0,332.0,331.0,342.0,373.0,345.0,325.0
29,312.0,277.0,302.0,290.0,307.0,280.0,304.0,277.0,223.0,68.0,287.0,297.0,312.0,324.0,287.0,133.0,95.0,64.0,74.0,69.0,92.0,88.0,253.0,321.0
30,253.0,273.0,250.0,237.0,223.0,223.0,223.0,230.0,,223.0,312.0,335.0,308.0,304.0,140.0,120.0,95.0,68.0,75.0,66.0,103.0,220.0,302.0,240.0
31,240.0,253.0,250.0,230.0,39.0,8.0,45.0,43.0,,,,,,,,,,,,,,,68.0,287.0
"
"
Year,2022
January-2022,00:00:00,01:00:00,02:00:00,03:00:00,04:00:00,05:00:00,06:00:00,07:00:00,08:00:00,09:00:00,10:00:00,11:00:00,12:00:00,13:00:00,14:00:00,15:00:00,16:00:00,17:00:00,18:00:00,19:00:00,20:00:00,21:00:00,22:00:00,23:00:00
1,307.0,315.0,306.0,318.0,310.0,301.0,307.0,308.0,315.0,311.0,318.0,315.0,334.0,358.0,376.0,,350.0,348.0,342.0,341.0,339.0,382.0,368.0,349.0
2,356.0,348.0,341.0,328.0,328.0,329.0,333.0,315.0,308.0,310.0,355.0,358.0,366.0,383.0,356.0,339.0,314.0,302.0,290.0,302.0,325.0,338.0,342.0,355.0
3,319.0,334.0,333.0,334.0,331.0,305.0,315.0,290.0,297.0,260.0,322.0,349.0,363.0,362.0,342.0,324.0,310.0,310.0,316.0,307.0,304.0,297.0,,
4,,,,,,,,,,,,,,,,,,,,,,,,
5,,,,,,,,,,,,,,,,,,358.0,,,,,,
6,,,,,,,,,,,,,,,,,,,143.0,130.0,180.0,203.0,230.0,243.0
7,243.0,180.0,183.0,220.0,240.0,197.0,150.0,167.0,183.0,217.0,217.0,170.0,170.0,163.0,157.0,103.0,88.0,98.0,75.0,73.0,73.0,85.0,113.0,68.0
8,60.0,73.0,88.0,70.0,65.0,68.0,63.0,40.0,42.0,46.0,65.0,50.0,41.0,45.0,47.0,60.0,75.0,68.0,58.0,63.0,53.0,60.0,58.0,48.0
9,55.0,53.0,67.0,53.0,36.0,36.0,29.0,27.0,30.0,30.0,,,65.0,59.0,59.0,22.0,14.0,23.0,16.0,12.0,,,10.0,15.0
10,16.0,10.0,14.0,16.0,12.0,,,8.0,,,8.0,26.0,150.0,207.0,257.0,223.0,170.0,127.0,97.0,107.0,95.0,147.0,143.0,75.0
11,93.0,170.0,55.0,,,,75.0,92.0,87.0,47.0,50.0,50.0,120.0,140.0,130.0,180.0,167.0,140.0,113.0,120.0,167.0,170.0,,167.0
12,133.0,170.0,147.0,89.0,57.0,50.0,57.0,58.0,47.0,55.0,65.0,111.0,,197.0,193.0,,170.0,180.0,157.0,157.0,123.0,193.0,177.0,197.0
13,197.0,187.0,170.0,147.0,65.0,68.0,65.0,167.0,60.0,170.0,50.0,110.0,120.0,160.0,101.0,112.0,107.0,237.0,237.0,30.0,203.0,250.0,320.0,
14,379.0,375.0,362.0,331.0,290.0,260.0,267.0,257.0,280.0,,193.0,257.0,267.0,324.0,357.0,346.0,348.0,375.0,338.0,,334.0,301.0,42.0,187.0
15,197.0,47.0,197.0,217.0,122.0,105.0,92.0,95.0,94.0,97.0,108.0,117.0,123.0,240.0,267.0,250.0,257.0,243.0,257.0,267.0,,,,
16,,,,,,,,,,,,163.0,197.0,253.0,250.0,230.0,203.0,200.0,183.0,183.0,160.0,311.0,331.0,368.0
17,382.0,404.0,392.0,358.0,344.0,293.0,200.0,180.0,150.0,143.0,180.0,223.0,287.0,302.0,297.0,308.0,312.0,322.0,315.0,302.0,287.0,303.0,250.0,260.0
18,253.0,233.0,287.0,243.0,293.0,325.0,352.0,358.0,341.0,333.0,322.0,318.0,331.0,352.0,338.0,344.0,325.0,304.0,318.0,318.0,310.0,307.0,310.0,303.0
19,287.0,213.0,163.0,140.0,177.0,217.0,250.0,301.0,303.0,315.0,334.0,344.0,350.0,349.0,345.0,336.0,323.0,319.0,315.0,318.0,321.0,323.0,327.0,346.0
20,340.0,344.0,388.0,398.0,399.0,388.0,365.0,344.0,327.0,314.0,302.0,309.0,346.0,396.0,401.0,395.0,393.0,391.0,453.0,378.0,365.0,362.0,368.0,365.0
21,362.0,319.0,67.0,293.0,302.0,307.0,315.0,335.0,327.0,304.0,257.0,237.0,318.0,329.0,328.0,328.0,339.0,333.0,341.0,342.0,332.0,322.0,329.0,324.0
22,327.0,370.0,358.0,337.0,327.0,322.0,318.0,303.0,277.0,260.0,267.0,243.0,157.0,140.0,160.0,180.0,187.0,200.0,207.0,253.0,301.0,301.0,257.0,193.0
23,103.0,170.0,140.0,143.0,157.0,147.0,140.0,25.0,98.0,133.0,143.0,200.0,223.0,220.0,207.0,157.0,113.0,75.0,78.0,95.0,143.0,92.0,110.0,107.0
24,107.0,73.0,30.0,55.0,47.0,48.0,57.0,,,,,,,,,,,,,,78.0,103.0,163.0,113.0
25,143.0,233.0,163.0,4.0,60.0,55.0,140.0,92.0,87.0,84.0,91.0,86.0,90.0,97.0,120.0,107.0,167.0,147.0,125.0,122.0,120.0,147.0,115.0,98.0
26,113.0,89.0,150.0,97.0,97.0,75.0,89.0,84.0,94.0,94.0,93.0,147.0,170.0,180.0,163.0,187.0,133.0,113.0,107.0,140.0,217.0,267.0,243.0,98.0
27,47.0,103.0,43.0,3.0,45.0,95.0,42.0,97.0,127.0,130.0,107.0,163.0,160.0,130.0,127.0,87.0,90.0,87.0,95.0,97.0,163.0,180.0,200.0,180.0
28,183.0,177.0,187.0,140.0,163.0,150.0,120.0,,,,120.0,163.0,163.0,110.0,97.0,68.0,64.0,58.0,80.0,87.0,107.0,130.0,243.0,302.0
29,250.0,213.0,230.0,177.0,167.0,163.0,230.0,207.0,223.0,193.0,217.0,223.0,170.0,127.0,123.0,97.0,85.0,67.0,56.0,61.0,77.0,85.0,92.0,187.0
30,220.0,270.0,270.0,277.0,312.0,237.0,237.0,267.0,243.0,240.0,270.0,312.0,315.0,270.0,213.0,193.0,157.0,130.0,157.0,187.0,220.0,290.0,306.0,312.0
31,318.0,310.0,307.0,260.0,267.0,197.0,163.0,180.0,,167.0,240.0,358.0,346.0,354.0,309.0,280.0,297.0,,426.0,,,390.0,382.0,384.0
"
"
February-2022,00:00:00,01:00:00,02:00:00,03:00:00,04:00:00,05:00:00,06:00:00,07:00:00,08:00:00,09:00:00,10:00:00,11:00:00,12:00:00,13:00:00,14:00:00,15:00:00,16:00:00,17:00:00,18:00:00,19:00:00,20:00:00,21:00:00,22:00:00,23:00:00
1,375.0,,,,,,,,,,,,,,,,,,,,,,,
2,,280.0,301.0,287.0,267.0,257.0,257.0,243.0,237.0,213.0,203.0,243.0,302.0,307.0,297.0,267.0,187.0,180.0,133.0,197.0,315.0,361.0,345.0,349.0
3,372.0,365.0,334.0,323.0,331.0,334.0,332.0,339.0,348.0,345.0,334.0,312.0,250.0,305.0,312.0,312.0,315.0,312.0,315.0,312.0,312.0,315.0,308.0,203.0
4,140.0,120.0,20.0,67.0,68.0,55.0,38.0,52.0,50.0,48.0,57.0,65.0,57.0,35.0,38.0,38.0,42.0,32.0,35.0,42.0,55.0,68.0,73.0,77.0
5,70.0,120.0,93.0,203.0,333.0,197.0,27.0,87.0,85.0,87.0,92.0,92.0,85.0,83.0,85.0,35.0,,42.0,55.0,50.0,63.0,65.0,140.0,336.0
6,319.0,306.0,307.0,334.0,363.0,327.0,319.0,240.0,200.0,213.0,220.0,315.0,240.0,167.0,97.0,75.0,68.0,65.0,62.0,61.0,167.0,170.0,308.0,323.0
7,312.0,328.0,346.0,315.0,306.0,,,,,,,,177.0,118.0,108.0,92.0,95.0,100.0,101.0,109.0,123.0,167.0,303.0,302.0
8,273.0,308.0,323.0,311.0,307.0,297.0,301.0,287.0,301.0,277.0,287.0,312.0,318.0,270.0,133.0,131.0,,,243.0,320.0,,312.0,315.0,325.0
9,331.0,325.0,362.0,374.0,383.0,367.0,95.0,103.0,92.0,88.0,77.0,110.0,88.0,81.0,95.0,116.0,109.0,95.0,97.0,88.0,96.0,117.0,122.0,133.0
10,133.0,123.0,105.0,113.0,83.0,65.0,77.0,70.0,70.0,68.0,35.0,120.0,160.0,237.0,126.0,115.0,109.0,88.0,70.0,59.0,63.0,74.0,89.0,102.0
11,160.0,103.0,240.0,203.0,257.0,133.0,133.0,133.0,127.0,133.0,163.0,167.0,123.0,115.0,120.0,,,40.0,,,,108.0,134.0,130.0
12,,,,,,,,,,,,,,,,,,77.0,68.0,69.0,,,,
13,,,,,,,,,,,,,,,,,,,,,,,,
14,,,,,,,,,,,,,,,,,,,,,,,,
15,,,,,,,,,,,,,,,,,,,,,,,133.0,157.0
16,151.0,140.0,180.0,170.0,162.0,137.0,147.0,130.0,163.0,200.0,290.0,304.0,297.0,233.0,250.0,290.0,147.0,193.0,94.0,101.0,127.0,230.0,207.0,187.0
17,194.0,193.0,297.0,277.0,243.0,213.0,187.0,143.0,150.0,177.0,213.0,290.0,237.0,177.0,140.0,95.0,81.0,83.0,68.0,70.0,92.0,109.0,217.0,220.0
18,157.0,213.0,220.0,240.0,217.0,217.0,257.0,250.0,207.0,230.0,280.0,312.0,270.0,113.0,71.0,72.0,69.0,,,,,,,
19,,,,,,,,,,,,,,,,,,,,,,,,
20,,,,,,,,,,,,,,,114.0,,,,,,,,,
21,,,,,,,,,,,,,,126.0,104.0,,111.0,88.0,78.0,81.0,94.0,117.0,135.0,146.0
22,202.0,271.0,297.0,243.0,218.0,220.0,270.0,237.0,207.0,167.0,164.0,172.0,240.0,200.0,185.0,207.0,196.0,182.0,219.0,184.0,160.0,143.0,149.0,146.0
23,140.0,145.0,150.0,193.0,203.0,213.0,253.0,280.0,290.0,305.0,303.0,287.0,250.0,243.0,217.0,260.0,243.0,243.0,230.0,217.0,250.0,273.0,250.0,297.0
24,273.0,297.0,287.0,253.0,277.0,316.0,320.0,308.0,325.0,327.0,345.0,375.0,353.0,302.0,267.0,159.0,150.0,139.0,130.0,126.0,130.0,163.0,273.0,312.0
25,302.0,311.0,319.0,302.0,308.0,287.0,287.0,257.0,257.0,233.0,303.0,356.0,355.0,233.0,171.0,168.0,164.0,160.0,156.0,171.0,181.0,129.0,36.0,48.0
26,55.0,66.0,58.0,51.0,69.0,38.0,37.0,34.0,29.0,24.0,31.0,38.0,44.0,61.0,64.0,50.0,46.0,50.0,46.0,46.0,50.0,,,
27,,,,,,,,,,,,,,55.0,52.0,43.0,43.0,42.0,51.0,,,28.0,73.0,104.0
28,171.0,90.0,68.0,52.0,50.0,92.0,50.0,55.0,62.0,77.0,105.0,85.0,68.0,62.0,55.0,40.0,37.0,39.0,36.0,50.0,51.0,72.0,95.0,104.0
"
"
March-2022,00:00:00,01:00:00,02:00:00,03:00:00,04:00:00,05:00:00,06:00:00,07:00:00,08:00:00,09:00:00,10:00:00,11:00:00,12:00:00,13:00:00,14:00:00,15:00:00,16:00:00,17:00:00,18:00:00,19:00:00,20:00:00,21:00:00,22:00:00,23:00:00
1,113.0,110.0,177.0,200.0,197.0,217.0,157.0,140.0,140.0,143.0,200.0,183.0,103.0,75.0,69.0,68.0,66.0,64.0,66.0,68.0,131.0,133.0,130.0,163.0
2,257.0,322.0,315.0,307.0,301.0,253.0,220.0,220.0,77.0,233.0,308.0,303.0,160.0,134.0,114.0,109.0,70.0,52.0,72.0,64.0,171.0,141.0,173.0,277.0
3,260.0,253.0,310.0,113.0,143.0,130.0,110.0,92.0,107.0,130.0,213.0,133.0,111.0,114.0,103.0,84.0,69.0,75.0,74.0,105.0,282.0,411.0,169.0,193.0
4,250.0,287.0,257.0,273.0,170.0,213.0,183.0,230.0,187.0,180.0,187.0,220.0,88.0,68.0,58.0,,,57.0,51.0,57.0,68.0,86.0,109.0,94.0
5,92.0,77.0,107.0,163.0,98.0,88.0,108.0,113.0,110.0,93.0,100.0,120.0,78.0,69.0,62.0,68.0,74.0,105.0,65.0,86.0,91.0,66.0,102.0,113.0
6,105.0,92.0,378.0,197.0,157.0,113.0,98.0,96.0,120.0,103.0,167.0,140.0,110.0,75.0,79.0,84.0,86.0,83.0,108.0,105.0,123.0,147.0,213.0,233.0
7,257.0,203.0,243.0,223.0,177.0,183.0,197.0,223.0,240.0,213.0,302.0,314.0,223.0,200.0,133.0,106.0,120.0,141.0,184.0,193.0,290.0,256.0,290.0,309.0
8,304.0,311.0,293.0,308.0,319.0,309.0,328.0,325.0,339.0,345.0,419.0,378.0,223.0,150.0,111.0,92.0,76.0,84.0,84.0,30.0,28.0,30.0,182.0,160.0
9,149.0,161.0,180.0,180.0,200.0,140.0,109.0,105.0,101.0,130.0,302.0,200.0,123.0,88.0,89.0,81.0,77.0,69.0,73.0,74.0,119.0,107.0,124.0,127.0
10,133.0,144.0,184.0,270.0,220.0,143.0,147.0,157.0,177.0,147.0,307.0,243.0,123.0,107.0,109.0,109.0,84.0,79.0,101.0,140.0,119.0,167.0,201.0,197.0
11,220.0,197.0,192.0,253.0,302.0,230.0,213.0,183.0,197.0,187.0,,307.0,133.0,124.0,109.0,103.0,91.0,96.0,101.0,92.0,120.0,137.0,123.0,150.0
12,237.0,318.0,290.0,304.0,183.0,143.0,120.0,111.0,107.0,118.0,233.0,230.0,203.0,116.0,95.0,84.0,86.0,,,,185.0,133.0,134.0,187.0
13,233.0,270.0,314.0,312.0,230.0,160.0,160.0,187.0,183.0,149.0,250.0,127.0,122.0,133.0,127.0,109.0,117.0,123.0,111.0,109.0,181.0,153.0,172.0,253.0
14,273.0,307.0,302.0,,,,,,220.0,207.0,308.0,310.0,180.0,144.0,141.0,129.0,113.0,96.0,111.0,112.0,153.0,175.0,213.0,233.0
15,277.0,253.0,302.0,253.0,200.0,207.0,213.0,230.0,223.0,260.0,324.0,250.0,170.0,143.0,146.0,131.0,124.0,125.0,124.0,147.0,157.0,174.0,237.0,267.0
16,297.0,332.0,305.0,257.0,163.0,133.0,177.0,257.0,280.0,293.0,328.0,273.0,193.0,163.0,145.0,129.0,153.0,124.0,129.0,135.0,137.0,129.0,145.0,500.0
17,418.0,319.0,321.0,280.0,193.0,134.0,126.0,111.0,118.0,217.0,372.0,318.0,200.0,157.0,167.0,163.0,126.0,123.0,120.0,124.0,134.0,267.0,308.0,332.0
18,349.0,348.0,361.0,333.0,328.0,321.0,325.0,337.0,350.0,357.0,342.0,318.0,311.0,260.0,230.0,213.0,163.0,157.0,157.0,147.0,233.0,223.0,260.0,253.0
19,220.0,277.0,312.0,267.0,233.0,213.0,193.0,197.0,197.0,230.0,314.0,223.0,143.0,135.0,130.0,119.0,109.0,91.0,88.0,90.0,,240.0,267.0,253.0
20,280.0,297.0,301.0,305.0,304.0,306.0,302.0,290.0,310.0,314.0,257.0,160.0,131.0,115.0,114.0,105.0,121.0,118.0,114.0,115.0,156.0,137.0,155.0,205.0
21,205.0,175.0,167.0,200.0,233.0,243.0,260.0,260.0,306.0,,390.0,427.0,382.0,320.0,260.0,,,,,,,,,
22,,,,,,,,,,,,,,,,,,,,,,,,
23,,,,,,,,,,,,,250.0,180.0,156.0,133.0,131.0,160.0,,191.0,145.0,168.0,204.0,323.0
24,273.0,293.0,304.0,252.0,255.0,235.0,241.0,243.0,277.0,304.0,303.0,184.0,191.0,184.0,155.0,152.0,159.0,159.0,149.0,135.0,155.0,155.0,162.0,234.0
25,233.0,197.0,213.0,187.0,207.0,207.0,287.0,172.0,155.0,180.0,217.0,220.0,233.0,155.0,118.0,107.0,109.0,116.0,118.0,123.0,145.0,146.0,435.0,321.0
26,319.0,410.0,385.0,341.0,312.0,253.0,155.0,165.0,161.0,163.0,287.0,188.0,168.0,165.0,168.0,133.0,153.0,149.0,109.0,117.0,123.0,259.0,301.0,362.0
27,376.0,344.0,348.0,315.0,320.0,197.0,153.0,140.0,150.0,161.0,220.0,,,,,,,,115.0,127.0,,,,
28,171.0,173.0,163.0,157.0,160.0,167.0,164.0,200.0,220.0,301.0,301.0,189.0,184.0,142.0,,111.0,116.0,105.0,129.0,113.0,152.0,186.0,204.0,230.0
29,224.0,199.0,277.0,257.0,267.0,233.0,207.0,194.0,183.0,253.0,311.0,253.0,213.0,181.0,131.0,131.0,131.0,131.0,125.0,143.0,161.0,206.0,206.0,190.0
30,185.0,189.0,178.0,181.0,179.0,181.0,179.0,197.0,213.0,261.0,401.0,348.0,213.0,,127.0,134.0,119.0,86.0,90.0,90.0,123.0,190.0,375.0,371.0
31,339.0,260.0,342.0,399.0,287.0,281.0,263.0,253.0,302.0,320.0,307.0,215.0,193.0,192.0,169.0,173.0,178.0,167.0,199.0,222.0,210.0,199.0,304.0,302.0
"
"
April-2022,00:00:00,01:00:00,02:00:00,03:00:00,04:00:00,05:00:00,06:00:00,07:00:00,08:00:00,09:00:00,10:00:00,11:00:00,12:00:00,13:00:00,14:00:00,15:00:00,16:00:00,17:00:00,18:00:00,19:00:00,20:00:00,21:00:00,22:00:00,23:00:00
1,197.0,163.0,167.0,163.0,129.0,143.0,153.0,307.0,335.0,302.0,312.0,293.0,134.0,115.0,105.0,96.0,107.0,109.0,109.0,100.0,119.0,150.0,182.0,420.0
2,430.0,325.0,344.0,325.0,220.0,167.0,171.0,207.0,230.0,302.0,307.0,159.0,115.0,102.0,117.0,119.0,118.0,97.0,96.0,108.0,143.0,201.0,298.0,311.0
3,255.0,250.0,267.0,237.0,253.0,183.0,163.0,163.0,167.0,159.0,230.0,153.0,160.0,178.0,133.0,119.0,115.0,108.0,107.0,118.0,140.0,177.0,272.0,185.0
4,193.0,202.0,302.0,325.0,321.0,207.0,201.0,216.0,177.0,178.0,196.0,221.0,227.0,190.0,194.0,159.0,122.0,111.0,107.0,105.0,123.0,117.0,160.0,277.0
5,388.0,403.0,374.0,337.0,315.0,302.0,304.0,233.0,203.0,207.0,207.0,153.0,137.0,116.0,112.0,104.0,105.0,101.0,81.0,84.0,120.0,159.0,171.0,178.0
6,171.0,312.0,312.0,318.0,340.0,369.0,356.0,306.0,273.0,260.0,253.0,160.0,133.0,111.0,114.0,112.0,101.0,97.0,86.0,94.0,118.0,126.0,223.0,500.0
7,422.0,405.0,407.0,359.0,312.0,293.0,207.0,180.0,223.0,273.0,329.0,197.0,142.0,121.0,125.0,115.0,116.0,101.0,95.0,80.0,114.0,129.0,177.0,259.0
8,418.0,405.0,320.0,308.0,203.0,223.0,213.0,197.0,243.0,312.0,318.0,197.0,135.0,118.0,111.0,107.0,105.0,105.0,101.0,100.0,118.0,177.0,348.0,274.0
9,216.0,256.0,230.0,194.0,197.0,217.0,206.0,219.0,253.0,290.0,302.0,155.0,130.0,137.0,122.0,109.0,109.0,91.0,77.0,94.0,109.0,,445.0,262.0
10,249.0,,302.0,305.0,,293.0,171.0,165.0,,175.0,328.0,273.0,,175.0,126.0,,,,,,,,,
11,,,,,,,,,,,,,,,,,,,,,,35.0,,
12,,,,,,,,,,194.0,,155.0,157.0,137.0,129.0,122.0,,,104.0,121.0,145.0,219.0,430.0,380.0
13,401.0,446.0,283.0,217.0,222.0,212.0,211.0,237.0,227.0,246.0,277.0,179.0,171.0,159.0,148.0,141.0,177.0,145.0,141.0,139.0,147.0,178.0,199.0,326.0
14,480.0,413.0,336.0,311.0,255.0,205.0,321.0,216.0,235.0,227.0,272.0,355.0,271.0,217.0,155.0,149.0,149.0,137.0,126.0,127.0,160.0,446.0,274.0,468.0
15,401.0,189.0,123.0,122.0,124.0,112.0,100.0,143.0,142.0,157.0,174.0,187.0,175.0,199.0,272.0,215.0,175.0,163.0,137.0,133.0,168.0,209.0,304.0,240.0
16,245.0,243.0,248.0,237.0,232.0,268.0,235.0,232.0,309.0,336.0,295.0,183.0,179.0,157.0,151.0,145.0,141.0,131.0,129.0,120.0,129.0,165.0,277.0,284.0
17,354.0,355.0,306.0,294.0,319.0,312.0,309.0,315.0,312.0,368.0,328.0,191.0,189.0,184.0,147.0,135.0,130.0,114.0,,,175.0,250.0,330.0,276.0
18,288.0,243.0,273.0,256.0,229.0,194.0,196.0,217.0,200.0,222.0,220.0,179.0,149.0,141.0,131.0,149.0,135.0,135.0,126.0,127.0,129.0,147.0,279.0,221.0
19,229.0,227.0,418.0,381.0,334.0,368.0,319.0,332.0,311.0,254.0,296.0,366.0,321.0,259.0,222.0,218.0,197.0,197.0,173.0,147.0,173.0,215.0,500.0,378.0
20,411.0,361.0,316.0,315.0,323.0,334.0,332.0,375.0,384.0,413.0,335.0,212.0,179.0,175.0,186.0,163.0,170.0,123.0,116.0,120.0,129.0,179.0,240.0,273.0
21,399.0,426.0,405.0,407.0,410.0,414.0,385.0,215.0,171.0,,465.0,500.0,484.0,492.0,332.0,,38.0,117.0,115.0,111.0,123.0,201.0,210.0,259.0
22,246.0,449.0,332.0,133.0,53.0,53.0,115.0,115.0,101.0,107.0,129.0,147.0,135.0,115.0,124.0,123.0,135.0,131.0,137.0,133.0,155.0,181.0,232.0,265.0
23,246.0,319.0,350.0,344.0,344.0,390.0,394.0,385.0,389.0,437.0,432.0,325.0,181.0,156.0,127.0,123.0,115.0,113.0,114.0,108.0,101.0,135.0,308.0,217.0
24,223.0,287.0,360.0,413.0,416.0,441.0,420.0,406.0,385.0,409.0,415.0,318.0,190.0,153.0,146.0,147.0,167.0,161.0,170.0,178.0,196.0,209.0,251.0,249.0
25,276.0,295.0,308.0,308.0,319.0,368.0,405.0,405.0,406.0,391.0,337.0,287.0,171.0,145.0,143.0,,,140.0,148.0,145.0,221.0,422.0,146.0,160.0
26,250.0,,,,,,,,,,,,253.0,195.0,175.0,199.0,204.0,205.0,202.0,205.0,274.0,199.0,244.0,268.0
27,238.0,260.0,318.0,312.0,388.0,415.0,427.0,410.0,406.0,410.0,406.0,253.0,141.0,117.0,104.0,,,,96.0,113.0,121.0,178.0,332.0,403.0
28,480.0,437.0,454.0,470.0,449.0,336.0,321.0,307.0,301.0,304.0,340.0,312.0,155.0,149.0,146.0,134.0,127.0,126.0,111.0,183.0,97.0,396.0,488.0,411.0
29,405.0,370.0,325.0,325.0,315.0,310.0,325.0,293.0,206.0,189.0,209.0,177.0,177.0,209.0,192.0,,,118.0,108.0,109.0,130.0,237.0,316.0,401.0
30,500.0,443.0,333.0,319.0,319.0,309.0,336.0,349.0,332.0,226.0,165.0,172.0,144.0,126.0,120.0,105.0,119.0,80.0,78.0,77.0,85.0,123.0,141.0,149.0
"
"
May-2022,00:00:00,01:00:00,02:00:00,03:00:00,04:00:00,05:00:00,06:00:00,07:00:00,08:00:00,09:00:00,10:00:00,11:00:00,12:00:00,13:00:00,14:00:00,15:00:00,16:00:00,17:00:00,18:00:00,19:00:00,20:00:00,21:00:00,22:00:00,23:00:00
1,345.0,290.0,308.0,240.0,204.0,314.0,277.0,287.0,266.0,284.0,335.0,340.0,282.0,263.0,248.0,199.0,185.0,188.0,189.0,188.0,189.0,164.0,145.0,142.0
2,144.0,174.0,265.0,228.0,193.0,181.0,185.0,190.0,206.0,234.0,230.0,196.0,183.0,189.0,190.0,199.0,196.0,215.0,224.0,216.0,211.0,219.0,205.0,184.0
3,187.0,175.0,169.0,162.0,159.0,152.0,,153.0,159.0,156.0,164.0,230.0,414.0,441.0,464.0,469.0,439.0,441.0,435.0,424.0,432.0,432.0,426.0,420.0
4,405.0,350.0,326.0,284.0,221.0,223.0,175.0,173.0,185.0,217.0,256.0,424.0,294.0,282.0,246.0,306.0,239.0,233.0,161.0,184.0,107.0,75.0,78.0,74.0
5,62.0,62.0,57.0,59.0,66.0,79.0,83.0,96.0,329.0,287.0,157.0,124.0,129.0,127.0,135.0,149.0,150.0,146.0,151.0,150.0,150.0,185.0,233.0,253.0
6,303.0,303.0,321.0,371.0,314.0,318.0,320.0,312.0,323.0,334.0,325.0,273.0,230.0,476.0,490.0,421.0,370.0,319.0,295.0,186.0,155.0,187.0,167.0,200.0
7,,,137.0,131.0,148.0,160.0,153.0,144.0,149.0,165.0,160.0,199.0,212.0,,,,155.0,156.0,153.0,153.0,175.0,194.0,257.0,285.0
8,288.0,245.0,334.0,260.0,213.0,170.0,177.0,182.0,193.0,220.0,163.0,160.0,153.0,145.0,138.0,135.0,139.0,201.0,181.0,179.0,179.0,181.0,193.0,173.0
9,170.0,148.0,130.0,119.0,117.0,121.0,120.0,130.0,147.0,138.0,148.0,,,,,,,,,,,,,
10,145.0,133.0,119.0,124.0,122.0,119.0,122.0,120.0,116.0,137.0,141.0,137.0,137.0,131.0,,,,,,,144.0,157.0,134.0,129.0
11,137.0,153.0,131.0,85.0,73.0,68.0,80.0,92.0,119.0,146.0,140.0,133.0,137.0,,129.0,127.0,131.0,129.0,135.0,137.0,152.0,181.0,212.0,142.0
12,138.0,153.0,129.0,111.0,101.0,101.0,99.0,102.0,118.0,129.0,135.0,131.0,127.0,124.0,137.0,141.0,135.0,131.0,130.0,135.0,143.0,195.0,200.0,206.0
13,199.0,193.0,196.0,177.0,129.0,111.0,101.0,99.0,109.0,117.0,126.0,149.0,153.0,169.0,169.0,164.0,168.0,173.0,171.0,147.0,192.0,217.0,256.0,256.0
14,217.0,237.0,290.0,227.0,234.0,207.0,237.0,234.0,250.0,,277.0,276.0,,155.0,69.0,134.0,135.0,119.0,108.0,96.0,97.0,109.0,137.0,145.0
15,418.0,301.0,395.0,325.0,308.0,293.0,220.0,200.0,217.0,287.0,192.0,178.0,153.0,137.0,171.0,160.0,144.0,119.0,129.0,131.0,149.0,,207.0,292.0
16,311.0,211.0,266.0,151.0,144.0,175.0,171.0,339.0,394.0,420.0,423.0,453.0,422.0,390.0,371.0,326.0,309.0,263.0,251.0,221.0,212.0,239.0,246.0,436.0
17,277.0,349.0,193.0,102.0,85.0,74.0,66.0,70.0,102.0,129.0,186.0,240.0,295.0,319.0,334.0,,262.0,238.0,265.0,181.0,283.0,276.0,279.0,259.0
18,259.0,249.0,224.0,212.0,192.0,251.0,,20.0,,,,,,,54.0,77.0,285.0,201.0,195.0,163.0,153.0,165.0,500.0,218.0
19,187.0,200.0,191.0,170.0,165.0,148.0,147.0,152.0,167.0,189.0,204.0,241.0,239.0,223.0,202.0,191.0,193.0,182.0,181.0,185.0,182.0,181.0,298.0,326.0
20,290.0,312.0,243.0,221.0,205.0,221.0,202.0,237.0,251.0,293.0,339.0,308.0,278.0,,189.0,173.0,162.0,181.0,196.0,185.0,,179.0,271.0,32.0
21,23.0,32.0,25.0,197.0,318.0,,260.0,262.0,200.0,169.0,239.0,311.0,308.0,277.0,283.0,271.0,250.0,270.0,268.0,156.0,461.0,445.0,125.0,127.0
22,86.0,100.0,123.0,115.0,280.0,416.0,414.0,403.0,402.0,328.0,160.0,141.0,135.0,149.0,115.0,116.0,126.0,127.0,133.0,127.0,129.0,179.0,194.0,192.0
23,175.0,165.0,,162.0,130.0,133.0,149.0,278.0,64.0,,35.0,35.0,25.0,,,1.0,102.0,103.0,104.0,105.0,105.0,112.0,124.0,125.0
24,,,,,,30.0,12.0,,33.0,28.0,,,,59.0,52.0,58.0,64.0,83.0,88.0,94.0,103.0,109.0,118.0,133.0
25,138.0,123.0,130.0,121.0,157.0,268.0,,398.0,400.0,372.0,277.0,112.0,116.0,117.0,120.0,123.0,116.0,102.0,85.0,,85.0,43.0,160.0,267.0
26,308.0,312.0,302.0,273.0,353.0,332.0,336.0,325.0,359.0,393.0,348.0,150.0,,78.0,84.0,91.0,111.0,127.0,111.0,102.0,131.0,166.0,169.0,167.0
27,273.0,305.0,321.0,329.0,336.0,346.0,341.0,342.0,337.0,306.0,217.0,180.0,163.0,177.0,189.0,197.0,201.0,288.0,,,,,,
28,,,,,,,,,,,235.0,380.0,406.0,403.0,410.0,381.0,346.0,326.0,311.0,293.0,306.0,339.0,342.0,432.0
29,418.0,399.0,287.0,,227.0,159.0,228.0,261.0,396.0,,332.0,374.0,346.0,330.0,267.0,278.0,271.0,249.0,254.0,239.0,376.0,181.0,147.0,168.0
30,165.0,193.0,178.0,163.0,125.0,127.0,135.0,157.0,189.0,193.0,,213.0,212.0,206.0,204.0,195.0,186.0,224.0,150.0,141.0,109.0,120.0,,135.0
31,131.0,130.0,116.0,123.0,119.0,124.0,123.0,118.0,144.0,193.0,314.0,341.0,346.0,382.0,405.0,431.0,413.0,401.0,380.0,342.0,278.0,413.0,281.0,339.0
"
"
June-2022,00:00:00,01:00:00,02:00:00,03:00:00,04:00:00,05:00:00,06:00:00,07:00:00,08:00:00,09:00:00,10:00:00,11:00:00,12:00:00,13:00:00,14:00:00,15:00:00,16:00:00,17:00:00,18:00:00,19:00:00,20:00:00,21:00:00,22:00:00,23:00:00
1,399.0,382.0,403.0,341.0,,267.0,226.0,218.0,249.0,255.0,,292.0,,149.0,135.0,137.0,140.0,142.0,177.0,155.0,152.0,151.0,143.0,127.0
2,126.0,115.0,129.0,147.0,253.0,116.0,119.0,119.0,126.0,187.0,284.0,,234.0,199.0,177.0,170.0,161.0,138.0,140.0,127.0,133.0,191.0,302.0,342.0
3,414.0,206.0,219.0,219.0,319.0,304.0,311.0,197.0,206.0,246.0,255.0,179.0,125.0,116.0,119.0,119.0,120.0,129.0,118.0,115.0,122.0,152.0,179.0,164.0
4,,,164.0,24.0,,,19.0,10.0,200.0,304.0,,,,,,140.0,,,,,,,188.0,362.0
5,,272.0,249.0,178.0,,132.0,141.0,160.0,,188.0,188.0,230.0,250.0,236.0,195.0,167.0,155.0,36.0,35.0,31.0,29.0,289.0,411.0,212.0
6,174.0,175.0,145.0,133.0,135.0,,107.0,42.0,65.0,166.0,164.0,199.0,201.0,171.0,130.0,111.0,46.0,50.0,55.0,51.0,121.0,173.0,232.0,261.0
7,213.0,216.0,,130.0,179.0,,165.0,192.0,171.0,,,,,,455.0,,33.0,,,,103.0,,46.0,44.0
8,433.0,389.0,277.0,230.0,221.0,,282.0,284.0,296.0,396.0,,500.0,462.0,431.0,,,,,,,,,,
9,,,,,,,,,,,,,,,,,,,,431.0,,241.0,290.0,282.0
10,251.0,221.0,239.0,187.0,185.0,217.0,250.0,305.0,255.0,319.0,411.0,439.0,422.0,402.0,369.0,298.0,273.0,206.0,185.0,202.0,206.0,193.0,219.0,192.0
11,190.0,179.0,254.0,,222.0,305.0,310.0,217.0,193.0,189.0,228.0,406.0,281.0,255.0,228.0,218.0,185.0,164.0,173.0,170.0,193.0,252.0,277.0,294.0
12,268.0,282.0,300.0,328.0,314.0,337.0,196.0,196.0,263.0,160.0,,188.0,204.0,252.0,224.0,228.0,194.0,197.0,,273.0,192.0,193.0,438.0,499.0
13,336.0,197.0,169.0,141.0,146.0,146.0,99.0,133.0,114.0,109.0,116.0,,178.0,204.0,239.0,281.0,241.0,183.0,190.0,174.0,161.0,274.0,228.0,150.0
14,139.0,157.0,124.0,114.0,112.0,171.0,156.0,160.0,240.0,,179.0,163.0,153.0,167.0,200.0,202.0,222.0,230.0,200.0,200.0,202.0,144.0,121.0,101.0
15,83.0,78.0,73.0,67.0,74.0,108.0,167.0,,,,,,,,109.0,,,,,,,,,
16,,,85.0,,,,,,,,,,,,,184.0,121.0,115.0,,,88.0,,81.0,
17,,,,52.0,42.0,107.0,114.0,38.0,39.0,40.0,43.0,45.0,65.0,67.0,127.0,175.0,73.0,66.0,80.0,48.0,44.0,56.0,62.0,73.0
18,53.0,38.0,58.0,92.0,97.0,98.0,143.0,101.0,120.0,98.0,95.0,98.0,101.0,101.0,103.0,103.0,88.0,90.0,91.0,,80.0,63.0,75.0,90.0
19,77.0,75.0,58.0,83.0,53.0,47.0,,75.0,37.0,33.0,30.0,38.0,41.0,,80.0,60.0,,50.0,53.0,61.0,,78.0,101.0,
20,99.0,65.0,63.0,62.0,65.0,72.0,104.0,297.0,336.0,324.0,230.0,107.0,77.0,,72.0,66.0,74.0,75.0,69.0,83.0,79.0,81.0,97.0,94.0
21,105.0,141.0,166.0,146.0,141.0,133.0,123.0,118.0,130.0,101.0,79.0,91.0,47.0,48.0,69.0,84.0,63.0,70.0,81.0,72.0,64.0,78.0,111.0,137.0
22,121.0,115.0,119.0,121.0,137.0,140.0,133.0,162.0,59.0,61.0,105.0,84.0,86.0,105.0,123.0,112.0,113.0,119.0,121.0,104.0,121.0,121.0,112.0,104.0
23,102.0,101.0,223.0,341.0,345.0,323.0,213.0,135.0,143.0,115.0,107.0,103.0,96.0,101.0,107.0,169.0,193.0,204.0,193.0,171.0,171.0,163.0,146.0,410.0
24,494.0,384.0,413.0,421.0,344.0,346.0,270.0,188.0,197.0,325.0,280.0,152.0,181.0,195.0,197.0,191.0,171.0,153.0,127.0,127.0,137.0,149.0,153.0,166.0
25,187.0,205.0,248.0,297.0,302.0,284.0,260.0,239.0,246.0,273.0,197.0,170.0,,139.0,150.0,155.0,162.0,149.0,145.0,149.0,175.0,175.0,141.0,159.0
26,162.0,167.0,159.0,164.0,178.0,164.0,141.0,127.0,134.0,123.0,,126.0,126.0,188.0,122.0,120.0,123.0,120.0,153.0,179.0,129.0,133.0,125.0,129.0
27,116.0,115.0,113.0,107.0,105.0,107.0,103.0,104.0,109.0,117.0,120.0,114.0,115.0,107.0,101.0,108.0,108.0,101.0,95.0,96.0,111.0,177.0,130.0,141.0
28,145.0,131.0,131.0,122.0,104.0,114.0,,115.0,140.0,159.0,141.0,116.0,137.0,96.0,105.0,111.0,107.0,133.0,170.0,167.0,233.0,260.0,316.0,250.0
29,250.0,250.0,260.0,129.0,,80.0,74.0,84.0,168.0,113.0,131.0,218.0,285.0,,,,,,,,,,,
30,,4.0,4.0,,2.0,3.0,3.0,2.0,2.0,2.0,,2.0,,8.0,20.0,30.0,,30.0,22.0,24.0,33.0,38.0,65.0,
"
"
July-2022,00:00:00,01:00:00,02:00:00,03:00:00,04:00:00,05:00:00,06:00:00,07:00:00,08:00:00,09:00:00,10:00:00,11:00:00,12:00:00,13:00:00,14:00:00,15:00:00,16:00:00,17:00:00,18:00:00,19:00:00,20:00:00,21:00:00,22:00:00,23:00:00
1,68.0,61.0,67.0,41.0,55.0,73.0,80.0,52.0,37.0,50.0,57.0,51.0,83.0,97.0,25.0,26.0,24.0,,23.0,20.0,23.0,25.0,50.0,57.0
2,50.0,63.0,59.0,58.0,,92.0,92.0,110.0,77.0,99.0,86.0,64.0,59.0,67.0,55.0,48.0,48.0,59.0,67.0,66.0,57.0,64.0,81.0,94.0
3,83.0,53.0,51.0,31.0,23.0,24.0,37.0,50.0,50.0,35.0,41.0,30.0,44.0,38.0,62.0,60.0,47.0,44.0,70.0,101.0,78.0,110.0,95.0,123.0
4,101.0,70.0,60.0,73.0,83.0,123.0,103.0,,143.0,111.0,101.0,90.0,97.0,120.0,113.0,170.0,143.0,85.0,86.0,91.0,95.0,133.0,187.0,220.0
5,303.0,131.0,180.0,143.0,163.0,301.0,303.0,304.0,30.0,123.0,183.0,118.0,,,,,,66.0,75.0,,86.0,101.0,180.0,107.0
6,110.0,97.0,,90.0,85.0,81.0,74.0,75.0,89.0,92.0,96.0,100.0,110.0,89.0,94.0,,,,,,,,,
7,,,,,,,,,,,,,,90.0,74.0,,66.0,62.0,56.0,53.0,75.0,101.0,109.0,91.0
8,78.0,63.0,86.0,78.0,77.0,69.0,74.0,79.0,83.0,84.0,78.0,88.0,73.0,68.0,63.0,57.0,56.0,48.0,53.0,58.0,74.0,109.0,92.0,131.0
9,157.0,129.0,133.0,109.0,,90.0,94.0,96.0,112.0,100.0,94.0,,113.0,125.0,109.0,77.0,125.0,70.0,,68.0,67.0,62.0,67.0,
10,56.0,55.0,80.0,96.0,77.0,56.0,38.0,34.0,,,,,67.0,77.0,27.0,19.0,15.0,,20.0,24.0,,,29.0,
11,,,40.0,42.0,56.0,62.0,,86.0,,,85.0,102.0,101.0,,77.0,28.0,22.0,38.0,30.0,40.0,,78.0,83.0,65.0
12,69.0,63.0,67.0,60.0,57.0,107.0,102.0,111.0,110.0,79.0,,31.0,30.0,35.0,38.0,31.0,42.0,44.0,61.0,82.0,90.0,89.0,100.0,96.0
13,,103.0,98.0,,100.0,98.0,,89.0,104.0,,56.0,36.0,32.0,,52.0,57.0,50.0,53.0,70.0,77.0,74.0,67.0,77.0,80.0
14,89.0,89.0,68.0,68.0,61.0,61.0,63.0,66.0,68.0,,,,,44.0,48.0,44.0,127.0,46.0,31.0,24.0,27.0,39.0,41.0,66.0
15,52.0,63.0,59.0,47.0,,57.0,39.0,38.0,38.0,45.0,56.0,67.0,64.0,33.0,35.0,29.0,59.0,68.0,73.0,62.0,70.0,83.0,75.0,92.0
16,52.0,63.0,79.0,64.0,57.0,46.0,41.0,42.0,39.0,46.0,57.0,50.0,55.0,47.0,89.0,22.0,25.0,30.0,28.0,33.0,37.0,42.0,43.0,48.0
17,50.0,34.0,45.0,40.0,42.0,44.0,36.0,24.0,17.0,20.0,22.0,22.0,20.0,34.0,41.0,56.0,55.0,67.0,123.0,147.0,73.0,,66.0,72.0
18,95.0,68.0,80.0,77.0,57.0,,48.0,41.0,50.0,107.0,147.0,193.0,80.0,74.0,68.0,72.0,66.0,61.0,120.0,,115.0,105.0,100.0,105.0
19,108.0,125.0,197.0,121.0,105.0,,,,,,,,67.0,57.0,55.0,62.0,58.0,57.0,67.0,78.0,64.0,28.0,33.0,75.0
20,103.0,127.0,127.0,113.0,98.0,81.0,74.0,84.0,45.0,47.0,40.0,,25.0,25.0,28.0,27.0,22.0,25.0,20.0,,28.0,27.0,24.0,21.0
21,20.0,20.0,,20.0,20.0,22.0,24.0,22.0,24.0,32.0,73.0,60.0,29.0,31.0,29.0,35.0,30.0,36.0,37.0,38.0,66.0,70.0,81.0,97.0
22,89.0,92.0,147.0,119.0,160.0,107.0,101.0,,107.0,243.0,213.0,315.0,321.0,,,22.0,33.0,35.0,73.0,32.0,32.0,77.0,70.0,88.0
23,58.0,32.0,32.0,73.0,73.0,41.0,42.0,41.0,38.0,55.0,,,,50.0,40.0,32.0,27.0,40.0,,,,59.0,55.0,
24,,,,,60.0,48.0,38.0,35.0,29.0,38.0,33.0,50.0,44.0,42.0,45.0,,45.0,52.0,57.0,52.0,52.0,17.0,28.0,
25,45.0,41.0,68.0,57.0,58.0,57.0,38.0,38.0,42.0,47.0,,,47.0,,50.0,50.0,,,,,,,,25.0
26,,30.0,35.0,,,,,,,,,,65.0,58.0,39.0,37.0,36.0,23.0,,27.0,47.0,38.0,35.0,63.0
27,69.0,58.0,74.0,70.0,73.0,77.0,51.0,56.0,56.0,,,,52.0,52.0,60.0,40.0,,22.0,29.0,29.0,57.0,67.0,57.0,40.0
28,15.0,27.0,84.0,83.0,80.0,88.0,50.0,30.0,15.0,18.0,22.0,20.0,20.0,20.0,24.0,19.0,17.0,16.0,17.0,18.0,17.0,15.0,18.0,20.0
29,20.0,20.0,,20.0,20.0,38.0,40.0,20.0,22.0,20.0,32.0,52.0,45.0,41.0,36.0,15.0,35.0,28.0,15.0,20.0,20.0,20.0,15.0,15.0
30,15.0,15.0,18.0,20.0,27.0,20.0,,28.0,28.0,35.0,65.0,55.0,48.0,59.0,59.0,41.0,42.0,15.0,25.0,39.0,,27.0,27.0,27.0
31,24.0,30.0,38.0,33.0,,25.0,28.0,28.0,20.0,29.0,41.0,48.0,56.0,62.0,57.0,52.0,47.0,42.0,48.0,34.0,27.0,28.0,40.0,41.0
"
"
August-2022,00:00:00,01:00:00,02:00:00,03:00:00,04:00:00,05:00:00,06:00:00,07:00:00,08:00:00,09:00:00,10:00:00,11:00:00,12:00:00,13:00:00,14:00:00,15:00:00,16:00:00,17:00:00,18:00:00,19:00:00,20:00:00,21:00:00,22:00:00,23:00:00
1,34.0,34.0,36.0,42.0,64.0,60.0,52.0,39.0,36.0,31.0,29.0,28.0,30.0,39.0,39.0,38.0,31.0,36.0,40.0,29.0,39.0,34.0,23.0,22.0
2,20.0,20.0,20.0,31.0,31.0,,38.0,27.0,38.0,40.0,36.0,35.0,31.0,30.0,39.0,44.0,40.0,44.0,47.0,51.0,66.0,77.0,88.0,98.0
3,95.0,33.0,75.0,77.0,56.0,41.0,40.0,46.0,41.0,66.0,63.0,52.0,56.0,70.0,66.0,92.0,85.0,100.0,,100.0,,,166.0,174.0
4,91.0,80.0,81.0,77.0,85.0,85.0,94.0,92.0,106.0,119.0,106.0,86.0,86.0,82.0,72.0,72.0,48.0,45.0,,73.0,,35.0,,
5,103.0,,53.0,,,,,,,,,,70.0,,,20.0,67.0,,,32.0,,,85.0,103.0
6,133.0,99.0,89.0,,,95.0,28.0,,120.0,,87.0,50.0,57.0,,67.0,,23.0,,,,78.0,,143.0,167.0
7,187.0,133.0,,,,,,,207.0,,217.0,,,,,20.0,20.0,20.0,,27.0,32.0,50.0,57.0,75.0
8,58.0,40.0,39.0,34.0,38.0,32.0,35.0,,57.0,94.0,84.0,66.0,,,97.0,,58.0,74.0,,67.0,120.0,177.0,,127.0
9,129.0,125.0,167.0,,120.0,,97.0,123.0,180.0,101.0,,58.0,46.0,47.0,,47.0,,36.0,,48.0,,27.0,,100.0
10,,,,,,,,,,,51.0,39.0,41.0,44.0,,,27.0,23.0,28.0,33.0,,51.0,80.0,
11,55.0,56.0,,,,,,,,,41.0,42.0,,,34.0,34.0,,33.0,35.0,44.0,59.0,61.0,72.0,75.0
12,58.0,64.0,68.0,53.0,59.0,50.0,,,,,,,,,,,,,,,48.0,52.0,46.0,45.0
13,40.0,47.0,34.0,35.0,45.0,39.0,35.0,50.0,47.0,40.0,44.0,,75.0,75.0,45.0,31.0,25.0,25.0,22.0,39.0,42.0,53.0,52.0,68.0
14,57.0,48.0,59.0,57.0,31.0,32.0,38.0,15.0,15.0,15.0,20.0,20.0,17.0,31.0,30.0,28.0,,33.0,45.0,38.0,38.0,40.0,52.0,47.0
15,58.0,45.0,45.0,56.0,53.0,,57.0,42.0,25.0,28.0,32.0,35.0,31.0,33.0,25.0,23.0,31.0,28.0,33.0,24.0,25.0,27.0,25.0,33.0
16,33.0,44.0,,50.0,40.0,35.0,25.0,33.0,33.0,38.0,50.0,64.0,86.0,92.0,61.0,39.0,46.0,44.0,47.0,24.0,20.0,22.0,18.0,16.0
17,14.0,15.0,13.0,,15.0,15.0,15.0,10.0,14.0,17.0,22.0,23.0,25.0,23.0,18.0,17.0,19.0,22.0,22.0,30.0,24.0,33.0,38.0,61.0
18,67.0,39.0,42.0,25.0,25.0,27.0,24.0,34.0,36.0,28.0,28.0,25.0,28.0,18.0,18.0,19.0,,18.0,20.0,20.0,24.0,39.0,40.0,41.0
19,53.0,46.0,58.0,33.0,30.0,16.0,18.0,13.0,16.0,19.0,,27.0,24.0,24.0,22.0,20.0,23.0,29.0,30.0,30.0,30.0,33.0,115.0,45.0
20,69.0,44.0,52.0,48.0,38.0,38.0,35.0,40.0,44.0,48.0,48.0,51.0,52.0,58.0,48.0,61.0,56.0,48.0,52.0,59.0,66.0,66.0,53.0,78.0
21,63.0,99.0,99.0,103.0,90.0,99.0,93.0,73.0,76.0,,121.0,74.0,,83.0,76.0,74.0,63.0,62.0,58.0,72.0,70.0,89.0,94.0,102.0
22,,90.0,99.0,58.0,56.0,72.0,87.0,98.0,110.0,114.0,133.0,100.0,67.0,72.0,70.0,52.0,51.0,42.0,47.0,48.0,61.0,75.0,,81.0
23,63.0,48.0,40.0,44.0,40.0,42.0,,56.0,50.0,,57.0,75.0,85.0,96.0,79.0,55.0,47.0,53.0,42.0,33.0,35.0,44.0,42.0,39.0
24,35.0,23.0,15.0,13.0,15.0,18.0,20.0,23.0,28.0,38.0,44.0,41.0,50.0,63.0,52.0,38.0,40.0,50.0,55.0,68.0,63.0,70.0,,66.0
25,46.0,38.0,58.0,51.0,42.0,47.0,55.0,70.0,64.0,34.0,23.0,19.0,39.0,69.0,84.0,70.0,69.0,73.0,89.0,86.0,99.0,102.0,115.0,104.0
26,105.0,97.0,63.0,57.0,39.0,47.0,48.0,39.0,56.0,78.0,91.0,85.0,68.0,56.0,,66.0,62.0,64.0,53.0,50.0,51.0,52.0,75.0,84.0
27,127.0,67.0,69.0,84.0,67.0,59.0,70.0,80.0,88.0,85.0,100.0,119.0,104.0,89.0,83.0,70.0,69.0,69.0,58.0,68.0,,36.0,72.0,63.0
28,61.0,69.0,86.0,85.0,73.0,80.0,100.0,103.0,103.0,111.0,121.0,124.0,114.0,120.0,115.0,109.0,112.0,109.0,107.0,114.0,114.0,134.0,123.0,212.0
29,127.0,107.0,101.0,100.0,96.0,94.0,91.0,84.0,96.0,108.0,121.0,135.0,114.0,112.0,114.0,109.0,111.0,116.0,119.0,115.0,108.0,81.0,83.0,
30,80.0,74.0,77.0,83.0,69.0,64.0,63.0,69.0,81.0,107.0,113.0,123.0,117.0,113.0,100.0,73.0,,,,,,,,
31,,,,,,,,,,,,,,,94.0,84.0,90.0,83.0,111.0,66.0,61.0,59.0,72.0,79.0
"
"
September-2022,00:00:00,01:00:00,02:00:00,03:00:00,04:00:00,05:00:00,06:00:00,07:00:00,08:00:00,09:00:00,10:00:00,11:00:00,12:00:00,13:00:00,14:00:00,15:00:00,16:00:00,17:00:00,18:00:00,19:00:00,20:00:00,21:00:00,22:00:00,23:00:00
"
"
October-2022,00:00:00,01:00:00,02:00:00,03:00:00,04:00:00,05:00:00,06:00:00,07:00:00,08:00:00,09:00:00,10:00:00,11:00:00,12:00:00,13:00:00,14:00:00,15:00:00,16:00:00,17:00:00,18:00:00,19:00:00,20:00:00,21:00:00,22:00:00,23:00:00
1,207.0,,170.0,163.0,147.0,127.0,130.0,130.0,103.0,103.0,163.0,160.0,110.0,111.0,88.0,111.0,119.0,101.0,100.0,59.0,127.0,157.0,,
2,,,,,,,,,,,,,,,,74.0,85.0,81.0,91.0,92.0,104.0,88.0,79.0,79.0
3,84.0,86.0,89.0,92.0,78.0,78.0,69.0,79.0,75.0,81.0,102.0,105.0,86.0,84.0,90.0,86.0,,80.0,77.0,74.0,72.0,78.0,72.0,70.0
4,62.0,74.0,140.0,109.0,95.0,69.0,57.0,60.0,,,,118.0,123.0,170.0,139.0,129.0,101.0,107.0,101.0,107.0,108.0,113.0,101.0,120.0
5,116.0,116.0,129.0,167.0,277.0,213.0,200.0,167.0,163.0,143.0,213.0,260.0,267.0,257.0,123.0,107.0,95.0,91.0,86.0,100.0,120.0,122.0,21.0,100.0
6,81.0,61.0,36.0,28.0,28.0,24.0,15.0,18.0,22.0,23.0,24.0,36.0,41.0,,42.0,38.0,35.0,43.0,41.0,46.0,67.0,45.0,20.0,22.0
7,33.0,35.0,25.0,14.0,20.0,18.0,7.0,20.0,,30.0,27.0,25.0,26.0,40.0,21.0,30.0,26.0,22.0,40.0,44.0,40.0,30.0,40.0,24.0
8,24.0,25.0,25.0,,,,,,25.0,28.0,30.0,30.0,32.0,37.0,40.0,15.0,16.0,27.0,15.0,15.0,16.0,19.0,20.0,24.0
9,20.0,18.0,27.0,17.0,18.0,18.0,17.0,,15.0,27.0,23.0,22.0,16.0,19.0,26.0,33.0,26.0,23.0,25.0,25.0,27.0,32.0,32.0,
10,23.0,22.0,18.0,23.0,20.0,20.0,15.0,18.0,20.0,25.0,25.0,25.0,25.0,25.0,25.0,23.0,30.0,34.0,37.0,55.0,58.0,47.0,35.0,35.0
11,33.0,30.0,30.0,19.0,30.0,23.0,22.0,25.0,24.0,20.0,28.0,37.0,36.0,39.0,44.0,,45.0,46.0,41.0,39.0,38.0,50.0,65.0,
12,,75.0,,,,,,,,,,,,80.0,65.0,63.0,60.0,58.0,60.0,67.0,75.0,48.0,55.0,65.0
13,73.0,85.0,123.0,85.0,69.0,50.0,50.0,50.0,65.0,80.0,78.0,85.0,92.0,88.0,86.0,73.0,61.0,55.0,55.0,56.0,58.0,48.0,,81.0
14,110.0,113.0,160.0,187.0,110.0,103.0,95.0,85.0,98.0,120.0,150.0,163.0,116.0,107.0,,83.0,90.0,89.0,101.0,96.0,161.0,190.0,,175.0
15,167.0,177.0,213.0,163.0,200.0,177.0,143.0,133.0,160.0,163.0,240.0,277.0,147.0,131.0,118.0,108.0,105.0,99.0,100.0,99.0,197.0,133.0,111.0,157.0
16,180.0,163.0,163.0,183.0,130.0,150.0,,203.0,197.0,230.0,267.0,260.0,180.0,177.0,131.0,123.0,80.0,81.0,67.0,79.0,79.0,24.0,123.0,133.0
17,127.0,157.0,213.0,217.0,265.0,170.0,177.0,170.0,170.0,243.0,315.0,303.0,143.0,102.0,102.0,,,,102.0,44.0,120.0,123.0,143.0,163.0
18,183.0,223.0,287.0,243.0,287.0,267.0,250.0,230.0,207.0,230.0,293.0,257.0,150.0,95.0,85.0,96.0,89.0,105.0,102.0,92.0,114.0,137.0,138.0,148.0
19,199.0,281.0,268.0,243.0,237.0,200.0,167.0,147.0,167.0,207.0,160.0,116.0,113.0,,89.0,,,,,116.0,,,196.0,
20,,,223.0,183.0,187.0,170.0,183.0,157.0,115.0,123.0,140.0,107.0,95.0,86.0,91.0,89.0,95.0,101.0,129.0,149.0,83.0,167.0,226.0,271.0
21,260.0,250.0,306.0,306.0,318.0,311.0,303.0,257.0,253.0,302.0,314.0,183.0,163.0,109.0,92.0,115.0,105.0,95.0,86.0,131.0,127.0,180.0,157.0,203.0
22,200.0,233.0,277.0,302.0,320.0,310.0,293.0,301.0,273.0,303.0,315.0,311.0,180.0,,105.0,112.0,101.0,115.0,120.0,143.0,145.0,,270.0,250.0
23,302.0,297.0,312.0,240.0,301.0,293.0,223.0,240.0,233.0,233.0,297.0,267.0,237.0,243.0,111.0,113.0,140.0,143.0,130.0,163.0,207.0,,311.0,318.0
24,314.0,312.0,332.0,319.0,322.0,,311.0,308.0,312.0,312.0,322.0,336.0,335.0,312.0,301.0,167.0,160.0,113.0,95.0,147.0,193.0,273.0,302.0,
25,,,,333.0,323.0,316.0,305.0,318.0,,,302.0,260.0,170.0,143.0,143.0,126.0,122.0,121.0,125.0,,,,,
26,,,,,,,,,,,,,,187.0,,,111.0,113.0,150.0,207.0,332.0,329.0,345.0,358.0
27,346.0,355.0,357.0,353.0,338.0,342.0,335.0,331.0,,,,333.0,325.0,311.0,,,,167.0,177.0,200.0,303.0,345.0,338.0,334.0
28,340.0,332.0,327.0,325.0,323.0,328.0,329.0,332.0,328.0,337.0,350.0,335.0,328.0,304.0,305.0,309.0,345.0,324.0,341.0,344.0,348.0,403.0,399.0,411.0
29,416.0,404.0,397.0,392.0,395.0,393.0,390.0,384.0,363.0,21.0,370.0,374.0,373.0,397.0,357.0,357.0,203.0,72.0,167.0,243.0,267.0,309.0,309.0,329.0
30,321.0,336.0,354.0,341.0,338.0,349.0,331.0,325.0,323.0,315.0,339.0,332.0,302.0,230.0,273.0,328.0,342.0,351.0,353.0,352.0,362.0,362.0,385.0,396.0
31,392.0,388.0,395.0,398.0,388.0,380.0,369.0,359.0,344.0,350.0,341.0,316.0,313.0,319.0,334.0,344.0,,339.0,353.0,,414.0,447.0,447.0,436.0
"
"
November-2022,00:00:00,01:00:00,02:00:00,03:00:00,04:00:00,05:00:00,06:00:00,07:00:00,08:00:00,09:00:00,10:00:00,11:00:00,12:00:00,13:00:00,14:00:00,15:00:00,16:00:00,17:00:00,18:00:00,19:00:00,20:00:00,21:00:00,22:00:00,23:00:00
1,421.0,420.0,411.0,414.0,408.0,404.0,392.0,388.0,379.0,374.0,382.0,353.0,358.0,336.0,315.0,253.0,197.0,160.0,233.0,315.0,337.0,351.0,338.0,338.0
2,348.0,382.0,355.0,395.0,378.0,387.0,375.0,309.0,217.0,253.0,280.0,316.0,332.0,315.0,319.0,315.0,321.0,314.0,325.0,331.0,353.0,365.0,385.0,390.0
3,391.0,388.0,417.0,,426.0,449.0,464.0,,493.0,473.0,500.0,,,500.0,,,,,500.0,,461.0,482.0,481.0,
4,487.0,476.0,480.0,470.0,468.0,469.0,469.0,468.0,461.0,461.0,489.0,,481.0,456.0,447.0,441.0,429.0,416.0,407.0,433.0,460.0,483.0,457.0,442.0
5,431.0,414.0,395.0,376.0,359.0,362.0,368.0,372.0,356.0,344.0,355.0,359.0,345.0,339.0,340.0,349.0,355.0,356.0,352.0,350.0,357.0,361.0,,374.0
6,370.0,,,,,,,,,,,,322.0,,310.0,,,,,297.0,323.0,,365.0,355.0
7,,,358.0,,,357.0,,,386.0,382.0,382.0,369.0,336.0,290.0,127.0,130.0,105.0,,157.0,170.0,305.0,346.0,348.0,350.0
8,349.0,,358.0,382.0,384.0,397.0,405.0,393.0,395.0,392.0,404.0,453.0,440.0,408.0,,310.0,320.0,312.0,302.0,416.0,,429.0,393.0,200.0
9,87.0,73.0,78.0,,,,133.0,,,193.0,230.0,,83.0,133.0,111.0,,,123.0,137.0,135.0,217.0,293.0,,321.0
10,,307.0,304.0,273.0,,,280.0,,307.0,306.0,315.0,180.0,113.0,91.0,88.0,87.0,77.0,78.0,89.0,119.0,140.0,220.0,308.0,418.0
11,468.0,484.0,486.0,462.0,474.0,482.0,475.0,496.0,500.0,500.0,500.0,490.0,420.0,315.0,293.0,140.0,113.0,113.0,101.0,115.0,150.0,223.0,197.0,217.0
12,220.0,260.0,333.0,348.0,390.0,400.0,410.0,407.0,414.0,388.0,380.0,348.0,305.0,237.0,140.0,133.0,111.0,133.0,147.0,240.0,267.0,308.0,312.0,297.0
13,293.0,257.0,270.0,233.0,250.0,257.0,280.0,287.0,277.0,267.0,324.0,359.0,345.0,290.0,307.0,223.0,127.0,180.0,163.0,207.0,301.0,311.0,316.0,315.0
14,327.0,325.0,345.0,336.0,,,318.0,320.0,325.0,333.0,356.0,321.0,253.0,143.0,113.0,107.0,,80.0,117.0,,280.0,349.0,318.0,230.0
15,200.0,183.0,243.0,200.0,193.0,170.0,183.0,223.0,290.0,287.0,321.0,311.0,233.0,217.0,69.0,85.0,83.0,70.0,83.0,94.0,130.0,240.0,240.0,257.0
16,315.0,328.0,323.0,342.0,333.0,328.0,320.0,319.0,325.0,338.0,375.0,378.0,336.0,277.0,133.0,73.0,58.0,56.0,55.0,75.0,105.0,160.0,257.0,303.0
17,315.0,315.0,308.0,332.0,333.0,340.0,311.0,301.0,304.0,311.0,361.0,354.0,257.0,133.0,107.0,,,103.0,55.0,103.0,130.0,315.0,315.0,316.0
18,318.0,303.0,305.0,290.0,301.0,318.0,307.0,306.0,302.0,302.0,335.0,64.0,361.0,312.0,157.0,101.0,79.0,68.0,92.0,140.0,140.0,403.0,500.0,325.0
19,303.0,319.0,321.0,322.0,318.0,318.0,315.0,312.0,306.0,311.0,318.0,314.0,197.0,147.0,144.0,88.0,87.0,111.0,110.0,120.0,207.0,309.0,355.0,365.0
20,351.0,366.0,375.0,379.0,358.0,355.0,359.0,353.0,346.0,345.0,351.0,357.0,340.0,328.0,304.0,302.0,200.0,163.0,147.0,200.0,312.0,336.0,346.0,362.0
21,371.0,357.0,336.0,325.0,318.0,312.0,302.0,311.0,318.0,335.0,362.0,375.0,378.0,304.0,180.0,147.0,113.0,94.0,99.0,120.0,223.0,321.0,374.0,316.0
22,322.0,322.0,318.0,293.0,223.0,243.0,237.0,213.0,200.0,257.0,323.0,325.0,253.0,157.0,108.0,89.0,96.0,73.0,97.0,121.0,150.0,223.0,280.0,277.0
23,322.0,306.0,280.0,240.0,207.0,197.0,203.0,177.0,183.0,193.0,253.0,273.0,243.0,140.0,115.0,101.0,,,50.0,126.0,109.0,130.0,160.0,167.0
24,193.0,163.0,193.0,127.0,150.0,130.0,120.0,113.0,113.0,127.0,213.0,237.0,287.0,187.0,157.0,115.0,101.0,97.0,101.0,113.0,116.0,233.0,293.0,327.0
25,314.0,315.0,308.0,302.0,311.0,314.0,307.0,309.0,311.0,308.0,327.0,312.0,243.0,130.0,157.0,167.0,112.0,127.0,116.0,183.0,280.0,287.0,339.0,358.0
26,362.0,387.0,407.0,378.0,362.0,339.0,336.0,323.0,315.0,310.0,328.0,331.0,331.0,308.0,323.0,314.0,267.0,240.0,260.0,273.0,324.0,500.0,385.0,354.0
27,365.0,,456.0,,,,,,,,,,,,307.0,302.0,213.0,120.0,140.0,130.0,197.0,213.0,270.0,297.0
28,304.0,309.0,324.0,342.0,337.0,339.0,325.0,334.0,332.0,331.0,349.0,383.0,359.0,359.0,95.0,293.0,,293.0,51.0,290.0,293.0,312.0,367.0,357.0
29,359.0,352.0,362.0,327.0,335.0,333.0,327.0,315.0,332.0,329.0,348.0,401.0,423.0,351.0,309.0,203.0,223.0,257.0,240.0,250.0,243.0,287.0,314.0,342.0
30,329.0,327.0,322.0,329.0,346.0,345.0,340.0,336.0,334.0,332.0,344.0,372.0,374.0,368.0,348.0,318.0,270.0,230.0,220.0,270.0,312.0,301.0,320.0,349.0
"
"
December-2022,00:00:00,01:00:00,02:00:00,03:00:00,04:00:00,05:00:00,06:00:00,07:00:00,08:00:00,09:00:00,10:00:00,11:00:00,12:00:00,13:00:00,14:00:00,15:00:00,16:00:00,17:00:00,18:00:00,19:00:00,20:00:00,21:00:00,22:00:00,23:00:00
1,497,360,351.0,345.0,336.0,331.0,328.0,327.0,322.0,325,328.0,359.0,372,350.0,348.0,319.0,297.0,273.0,293.0,280.0,309.0,307.0,332,332.0
2,340,338,332.0,340.0,358.0,358.0,,336.0,336.0,328,342.0,358.0,351,323.0,302.0,81.0,,,,250.0,,260.0,332,333.0
3,7,9,,12.0,,,,,,12,,45.0,54,376.0,332.0,315.0,327.0,333.0,337.0,,,,384,399.0
4,382,365,365.0,351.0,409.0,396.0,348.0,332.0,328.0,328,338.0,362.0,393,419.0,420.0,378.0,310.0,303.0,297.0,290.0,315.0,332.0,328,350.0
5,339,340,312.0,342.0,342.0,333.0,331.0,333.0,318.0,312,315.0,345.0,354,332.0,302.0,302.0,293.0,297.0,302.0,306.0,315.0,327.0,358,356.0
6,346,356,365.0,350.0,344.0,350.0,354.0,349.0,339.0,333,327.0,357.0,371,365.0,358.0,331.0,316.0,334.0,336.0,335.0,319.0,325.0,337,319.0
7,312,303,280.0,250.0,243.0,267.0,260.0,253.0,277.0,273,312.0,340.0,328,307.0,280.0,,48.0,35.0,16.0,35.0,297.0,302.0,287,293.0
8,253,273,309.0,277.0,237.0,177.0,187.0,193.0,217.0,187,240.0,316.0,331,315.0,304.0,240.0,223.0,203.0,197.0,230.0,267.0,312.0,306,315.0
9,318,312,315.0,307.0,302.0,260.0,257.0,243.0,230.0,233,301.0,338.0,340,,,304.0,78.0,170.0,163.0,167.0,170.0,260.0,310,301.0
10,309,303,315.0,314.0,314.0,308.0,308.0,290.0,301.0,257,328.0,352.0,345,329.0,341.0,280.0,160.0,130.0,103.0,147.0,187.0,220.0,253,287.0
11,380,315,316.0,325.0,321.0,312.0,293.0,253.0,250.0,243,305.0,321.0,328,312.0,240.0,123.0,92.0,75.0,75.0,88.0,103.0,441.0,192,217.0
12,203,170,163.0,163.0,150.0,160.0,150.0,120.0,101.0,157,220.0,267.0,277,197.0,147.0,143.0,73.0,61.0,68.0,80.0,411.0,500.0,257,187.0
13,223,270,237.0,197.0,187.0,183.0,167.0,157.0,150.0,147,230.0,220.0,197,160.0,,101.0,36.0,,69.0,88.0,241.0,119.0,396,233.0
14,223,140,127.0,133.0,150.0,147.0,160.0,123.0,130.0,147,163.0,157.0,130,90.0,94.0,68.0,67.0,45.0,63.0,84.0,104.0,111.0,123,133.0
15,255,220,213.0,170.0,143.0,113.0,97.0,85.0,81.0,90,123.0,237.0,143,114.0,99.0,90.0,57.0,49.0,75.0,96.0,108.0,133.0,183,233.0
16,177,243,270.0,180.0,193.0,157.0,157.0,140.0,140.0,160,193.0,223.0,180,113.0,114.0,97.0,94.0,100.0,42.0,74.0,100.0,160.0,119,213.0
17,143,233,238.0,270.0,302.0,305.0,287.0,287.0,301.0,287,301.0,260.0,253,157.0,150.0,143.0,133.0,107.0,109.0,140.0,180.0,177.0,180,301.0
18,323,312,315.0,312.0,321.0,325.0,324.0,321.0,325.0,319,342.0,323.0,319,322.0,334.0,342.0,324.0,319.0,316.0,314.0,331.0,342.0,348,361.0
19,366,365,349.0,359.0,350.0,310.0,311.0,250.0,250.0,277,220.0,328.0,344,391.0,386.0,370.0,406.0,449.0,382.0,388.0,361.0,367.0,387,351.0
20,331,306,333.0,331.0,315.0,305.0,230.0,207.0,213.0,203,193.0,193.0,223,290.0,366.0,409.0,336.0,325.0,315.0,329.0,340.0,375.0,384,
21,354,331,339.0,301.0,223.0,223.0,180.0,240.0,302.0,220,197.0,267.0,336,411.0,444.0,418.0,435.0,435.0,407.0,384.0,361.0,363.0,355,348.0
22,342,325,323.0,301.0,143.0,237.0,163.0,163.0,113.0,110,140.0,200.0,303,351.0,354.0,344.0,336.0,345.0,336.0,346.0,324.0,337.0,312,327.0
23,332,318,240.0,290.0,273.0,207.0,240.0,177.0,160.0,147,147.0,293.0,315,345.0,423.0,420.0,410.0,70.0,82.0,406.0,376.0,378.0,382,404.0
24,416,423,401.0,342.0,287.0,260.0,305.0,240.0,220.0,177,187.0,297.0,243,233.0,250.0,197.0,147.0,177.0,180.0,193.0,243.0,267.0,315,311.0
25,305,303,200.0,213.0,267.0,237.0,230.0,220.0,223.0,207,240.0,302.0,329,359.0,362.0,324.0,323.0,315.0,316.0,304.0,277.0,324.0,315,333.0
26,340,348,,,,,,,163.0,133,140.0,,193,223.0,293.0,328.0,335.0,328.0,332.0,325.0,320.0,309.0,303,240.0
27,233,273,302.0,280.0,,,,197.0,183.0,187,197.0,237.0,213,309.0,312.0,315.0,315.0,316.0,318.0,322.0,328.0,342.0,337,321.0
28,315,310,324.0,308.0,287.0,267.0,217.0,217.0,207.0,253,273.0,312.0,328,50.0,53.0,207.0,167.0,127.0,127.0,167.0,58.0,170.0,230,280.0
29,307,293,301.0,260.0,250.0,240.0,207.0,200.0,207.0,200,223.0,243.0,257,240.0,150.0,113.0,88.0,48.0,,8.0,88.0,94.0,447,469.0
30,470,453,459.0,436.0,421.0,416.0,410.0,404.0,393.0,393,407.0,382.0,383,355.0,334.0,342.0,350.0,352.0,346.0,351.0,363.0,367.0,427,440.0
31,411,411,404.0,375.0,370.0,367.0,348.0,341.0,314.0,233,240.0,277.0,297,273.0,240.0,277.0,187.0,147.0,110.0,94.0,130.0,157.0,177,163.0
"
"
Year,2023
January-2023,00:00:00,01:00:00,02:00:00,03:00:00,04:00:00,05:00:00,06:00:00,07:00:00,08:00:00,09:00:00,10:00:00,11:00:00,12:00:00,13:00:00,14:00:00,15:00:00,16:00:00,17:00:00,18:00:00,19:00:00,20:00:00,21:00:00,22:00:00,23:00:00
1,93.0,92.0,25.0,127,25.0,92,85,88,95,97,130,203.0,230,267,177.0,130,123,174,103,113,123,160.0,243.0,260.0
2,277.0,293.0,325.0,304,280.0,320,338,332,338,342,336,356.0,406,440,431.0,431,60,411,421,405,392,393.0,370.0,337.0
3,322.0,325.0,348.0,334,334.0,335,332,324,329,337,350,386.0,399,400,405.0,400,402,391,363,373,388,408.0,386.0,348.0
4,335.0,332.0,321.0,321,309.0,293,220,253,230,270,304,305.0,308,314,315.0,316,312,315,316,314,311,321.0,311.0,320.0
5,322.0,312.0,58.0,273,280.0,250,180,197,113,130,127,140.0,177,207,304.0,332,327,331,328,323,325,348.0,342.0,305.0
6,220.0,237.0,400.0,361,342.0,315,308,273,237,220,213,,220,223,316.0,325,329,320,312,318,358,,,
7,,,314.0,353,350.0,321,308,253,167,160,147,170.0,160,187,270.0,287,318,328,331,324,318,331.0,348.0,334.0
8,342.0,345.0,65.0,310,55.0,233,203,170,170,147,143,157.0,177,213,273.0,334,348,348,348,341,334,423.0,392.0,378.0
9,362.0,391.0,373.0,427,463.0,392,362,355,345,340,329,333.0,338,348,397.0,427,466,464,452,431,432,423.0,429.0,423.0
10,419.0,378.0,104.0,327,320.0,316,309,305,223,170,177,170.0,207,273,332.0,332,325,311,315,322,323,327.0,356.0,362.0
11,352.0,351.0,257.0,233,170.0,140,127,97,103,120,95,103.0,98,170,273.0,260,305,333,375,392,382,365.0,393.0,390.0
12,358.0,350.0,348.0,344,342.0,342,350,349,342,342,334,362.0,375,352,336.0,321,323,315,316,331,329,355.0,367.0,359.0
13,348.0,345.0,340.0,335,,318,339,340,342,348,338,341.0,372,366,365.0,369,387,391,392,374,348,339.0,328.0,349.0
14,349.0,332.0,354.0,334,331.0,325,329,321,327,323,327,325.0,328,318,309.0,318,203,160,110,150,197,243.0,273.0,250.0
15,183.0,170.0,143.0,133,133.0,130,123,107,102,112,167,157.0,131,113,105.0,96,115,96,91,101,118,119.0,260.0,230.0
16,250.0,277.0,243.0,213,203.0,203,193,193,177,230,157,273.0,309,223,177.0,143,167,180,130,120,160,277.0,302.0,280.0
17,312.0,327.0,335.0,314,304.0,287,290,304,260,305,303,312.0,287,180,197.0,177,77,68,69,101,105,147.0,243.0,273.0
18,240.0,,301.0,301,260.0,293,280,308,316,312,314,310.0,287,203,130.0,119,75,257,197,147,170,203.0,223.0,328.0
19,311.0,328.0,332.0,325,319.0,319,327,320,328,327,345,369.0,333,307,170.0,72,157,163,130,150,147,233.0,243.0,324.0
20,332.0,324.0,329.0,306,147.0,107,73,78,98,113,147,187.0,143,150,112.0,117,114,80,68,67,200,302.0,290.0,230.0
21,207.0,,,113,150.0,157,127,193,243,203,230,302.0,318,338,355.0,348,350,357,354,361,361,372.0,359.0,378.0
22,368.0,379.0,386.0,376,375.0,339,328,327,304,280,308,315.0,371,440,407.0,387,385,392,365,386,396,405.0,392.0,405.0
23,400.0,395.0,429.0,414,392.0,378,350,342,320,339,337,365.0,374,325,240.0,193,177,130,207,230,270,267.0,267.0,306.0
24,308.0,327.0,325.0,325,321.0,311,319,328,332,301,97,79.0,90,95,113.0,89,73,67,68,68,73,80.0,85.0,113.0
25,103.0,93.0,88.0,72,92.0,83,73,60,34,75,95,143.0,240,287,302.0,287,273,308,342,287,267,243.0,230.0,223.0
26,157.0,257.0,257.0,220,304.0,308,277,318,305,293,273,293.0,319,332,325.0,314,306,302,309,304,270,301.0,240.0,187.0
27,197.0,217.0,167.0,187,200.0,170,187,200,170,203,257,273.0,213,187,163.0,107,113,110,97,98,133,233.0,253.0,318.0
28,297.0,316.0,297.0,253,187.0,257,207,170,163,150,187,253.0,250,223,133.0,133,150,147,147,183,240,323.0,312.0,318.0
29,321.0,322.0,332.0,332,318.0,322,353,333,335,336,342,339.0,321,277,213.0,180,287,203,270,302,311,307.0,309.0,316.0
30,308.0,267.0,250.0,302,200.0,27,26,29,25,20,27,27.0,67,40,,58,35,73,107,107,123,143.0,177.0,197.0
31,160.0,147.0,60.0,140,133.0,183,110,80,80,75,78,83.0,83,120,110.0,110,97,120,157,130,120,183.0,223.0,203.0
"
"
February-2023,00:00:00,01:00:00,02:00:00,03:00:00,04:00:00,05:00:00,06:00:00,07:00:00,08:00:00,09:00:00,10:00:00,11:00:00,12:00:00,13:00:00,14:00:00,15:00:00,16:00:00,17:00:00,18:00:00,19:00:00,20:00:00,21:00:00,22:00:00,23:00:00
1,203.0,160.0,170.0,120.0,120.0,127.0,163.0,217.0,170.0,140.0,130,130.0,127,110.0,107,107,92.0,85,85.0,92.0,107.0,180.0,207.0,260.0
2,267.0,267.0,170.0,88.0,97.0,107.0,107.0,97.0,127.0,147.0,163,220.0,180,147.0,120,93,97.0,86,,,,,,180.0
3,,197.0,167.0,110.0,127.0,143.0,93.0,95.0,95.0,88.0,93,140.0,130,35.0,96,84,65.0,83,70.0,77.0,85.0,103.0,150.0,217.0
4,290.0,237.0,193.0,167.0,177.0,163.0,120.0,110.0,147.0,157.0,177,207.0,203,163.0,127,101,85.0,86,127.0,203.0,233.0,260.0,257.0,253.0
5,243.0,253.0,243.0,213.0,213.0,180.0,160.0,170.0,177.0,160.0,183,197.0,217,163.0,115,96,78.0,74,68.0,66.0,84.0,97.0,113.0,113.0
6,187.0,207.0,250.0,177.0,203.0,177.0,220.0,328.0,319.0,327.0,319,277.0,183,147.0,121,122,114.0,112,105.0,86.0,101.0,124.0,253.0,302.0
7,302.0,307.0,310.0,304.0,315.0,341.0,353.0,344.0,325.0,315.0,315,267.0,157,140.0,99,91,80.0,69,58.0,62.0,70.0,63.0,97.0,167.0
8,193.0,143.0,103.0,92.0,98.0,113.0,88.0,83.0,91.0,86.0,89,107.0,115,122.0,75,62,62.0,60,53.0,63.0,114.0,193.0,150.0,167.0
9,240.0,207.0,277.0,207.0,213.0,197.0,163.0,177.0,163.0,180.0,240,315.0,240,120.0,129,99,75.0,73,84.0,109.0,123.0,135.0,171.0,148.0
10,129.0,113.0,109.0,130.0,143.0,140.0,133.0,160.0,183.0,170.0,237,260.0,183,137.0,126,63,73.0,88,79.0,83.0,94.0,105.0,104.0,117.0
11,215.0,260.0,273.0,257.0,230.0,250.0,339.0,403.0,378.0,315.0,217,297.0,320,321.0,223,163,203.0,153,183.0,223.0,152.0,203.0,270.0,280.0
12,,243.0,273.0,207.0,150.0,127.0,107.0,93.0,92.0,97.0,143,170.0,145,108.0,105,96,79.0,69,61.0,52.0,66.0,86.0,92.0,103.0
13,101.0,163.0,107.0,85.0,81.0,73.0,75.0,74.0,75.0,94.0,113,112.0,165,127.0,119,109,85.0,81,,,,,75.0,103.0
14,107.0,103.0,88.0,77.0,75.0,78.0,79.0,78.0,92.0,92.0,102,127.0,123,111.0,111,104,101.0,81,,,,123.0,230.0,203.0
15,213.0,280.0,250.0,220.0,187.0,114.0,160.0,160.0,143.0,157.0,200,,180,150.0,150,120,111.0,123,,,,,267.0,
16,,,,,,,22.0,19.0,193.0,213.0,233,307.0,310,310.0,315,301,273.0,280,302.0,308.0,315.0,327.0,337.0,
17,,333.0,348.0,322.0,65.0,,314.0,,308.0,,320,332.0,388,399.0,328,303,297.0,260,253.0,319.0,302.0,314.0,310.0,325.0
18,,349.0,358.0,325.0,324.0,,,,,,302,280.0,314,319.0,267,213,,243,270.0,163.0,243.0,267.0,267.0,303.0
19,,304.0,316.0,250.0,197.0,177.0,200.0,160.0,157.0,170.0,290,336.0,371,363.0,311,230,213.0,150,140.0,157.0,253.0,267.0,314.0,306.0
20,314.0,329.0,316.0,314.0,318.0,314.0,316.0,333.0,332.0,325.0,319,329.0,273,,118,92,92.0,86,84.0,92.0,159.0,200.0,240.0,230.0
21,250.0,250.0,217.0,127.0,130.0,122.0,120.0,127.0,147.0,193.0,170,134.0,207,213.0,207,183,233.0,223,237.0,287.0,310.0,329.0,354.0,340.0
22,342.0,336.0,338.0,303.0,293.0,160.0,130.0,127.0,107.0,127.0,130,177.0,230,293.0,322,318,307.0,267,250.0,318.0,270.0,267.0,310.0,270.0
23,310.0,310.0,304.0,273.0,,207.0,217.0,180.0,157.0,170.0,203,217.0,143,94.0,73,63,63.0,64,83.0,68.0,81.0,81.0,415.0,235.0
24,150.0,157.0,177.0,133.0,147.0,97.0,127.0,98.0,133.0,120.0,150,223.0,193,143.0,90,79,83.0,70,84.0,88.0,89.0,120.0,111.0,160.0
25,251.0,180.0,223.0,163.0,,,177.0,177.0,160.0,183.0,187,170.0,177,180.0,189,157,141.0,124,115.0,105.0,120.0,183.0,287.0,306.0
26,267.0,302.0,290.0,310.0,303.0,310.0,318.0,322.0,318.0,315.0,321,365.0,332,306.0,260,111,116.0,118,111.0,107.0,127.0,223.0,297.0,306.0
27,319.0,306.0,314.0,310.0,301.0,,,,,290.0,308,342.0,302,270.0,140,102,72.0,88,108.0,111.0,107.0,125.0,142.0,160.0
28,207.0,213.0,260.0,200.0,217.0,193.0,193.0,177.0,193.0,180.0,301,314.0,277,140.0,101,167,123.0,118,138.0,130.0,161.0,134.0,127.0,131.0
"
"
March-2023,00:00:00,01:00:00,02:00:00,03:00:00,04:00:00,05:00:00,06:00:00,07:00:00,08:00:00,09:00:00,10:00:00,11:00:00,12:00:00,13:00:00,14:00:00,15:00:00,16:00:00,17:00:00,18:00:00,19:00:00,20:00:00,21:00:00,22:00:00,23:00:00
1,123,150,221,207,200.0,183.0,115.0,237.0,126.0,94.0,96.0,94,123,133,130,131,131,139,135.0,133.0,131,141,157,193
2,220,237,257,257,240.0,253.0,297.0,302.0,315.0,257.0,332.0,309,311,177,95,81,79,68,74.0,77.0,107,104,145,197
3,177,220,277,243,257.0,220.0,143.0,250.0,233.0,187.0,200.0,240,97,84,77,68,62,57,58.0,56.0,79,91,163,143
4,133,109,218,280,163.0,94.0,95.0,104.0,110.0,120.0,193.0,120,130,107,62,56,46,56,62.0,86.0,107,101,290,273
5,267,127,84,79,,51.0,50.0,80.0,104.0,210.0,180.0,99,86,67,57,48,47,48,48.0,53.0,79,70,92,163
6,157,187,197,143,,177.0,130.0,157.0,163.0,187.0,329.0,293,105,81,64,69,68,53,52.0,83.0,74,99,113,112
7,163,355,260,309,305.0,243.0,213.0,203.0,240.0,290.0,307.0,170,83,62,51,50,51,50,50.0,51.0,68,81,85,120
8,105,111,273,297,,,277.0,237.0,240.0,240.0,348.0,301,143,120,100,67,57,68,73.0,70.0,72,94,105,133
9,163,150,170,110,70.0,46.0,38.0,44.0,52.0,75.0,270.0,308,183,107,91,74,70,68,59.0,52.0,92,105,230,240
10,250,220,213,251,287.0,253.0,187.0,160.0,177.0,183.0,200.0,127,108,107,102,90,84,102,95.0,94.0,95,105,187,230
11,233,243,303,325,320.0,257.0,217.0,193.0,157.0,270.0,321.0,180,101,94,57,61,63,64,62.0,58.0,84,109,213,157
12,167,177,277,183,,183.0,187.0,187.0,197.0,197.0,310.0,170,126,109,85,95,75,68,78.0,111.0,127,165,197,187
13,213,253,250,223,,207.0,233.0,306.0,309.0,318.0,392.0,319,213,123,122,99,94,89,99.0,86.0,120,144,237,323
14,316,382,373,342,325.0,350.0,337.0,323.0,315.0,306.0,311.0,316,220,160,122,88,75,79,92.0,101.0,101,111,129,131
15,220,217,270,200,183.0,177.0,163.0,167.0,180.0,220.0,305.0,280,107,102,63,69,73,62,56.0,181.0,112,159,273,302
16,293,301,332,325,306.0,303.0,270.0,287.0,309.0,307.0,316.0,316,160,149,137,114,100,111,,99.0,125,91,101,92
17,79,85,123,318,287.0,217.0,177.0,277.0,280.0,277.0,375.0,340,290,243,163,175,80,100,,,115,152,237,280
18,260,270,301,233,240.0,180.0,163.0,167.0,170.0,233.0,177.0,98,147,123,140,147,92,70,75.0,63.0,60,60,70,80
19,103,98,113,103,92.0,63.0,77.0,160.0,140.0,143.0,220.0,203,130,133,157,52,157,140,277.0,267.0,30,31,40,64
20,53,53,67,63,70.0,72.0,90.0,107.0,84.0,92.0,120.0,92,77,58,51,56,118,99,79.0,73.0,53,20,21,26
21,28,32,26,30,32.0,40.0,34.0,44.0,46.0,59.0,110.0,113,97,123,80,65,50,45,47.0,52.0,57,95,103,99
22,104,109,104,111,112.0,103.0,101.0,105.0,150.0,140.0,270.0,328,368,183,64,70,77,79,72.0,103.0,102,36,32,38
23,45,52,20,51,52.0,36.0,39.0,36.0,56.0,103.0,193.0,103,75,55,51,52,52,56,61.0,59.0,133,123,124,111
24,233,235,187,157,127.0,,,,,,,117,80,52,39,42,53,55,82.0,93.0,80,66,60,48
25,47,40,22,65,67.0,58.0,45.0,36.0,29.0,45.0,31.0,39,46,52,54,56,60,62,57.0,51.0,58,107,107,120
26,163,230,318,345,293.0,197.0,270.0,170.0,120.0,103.0,109.0,113,116,153,139,135,149,146,156.0,144.0,184,349,191,167
27,162,124,107,183,193.0,403.0,293.0,306.0,200.0,180.0,328.0,230,85,78,67,60,62,63,72.0,60.0,127,111,152,147
28,230,308,318,253,217.0,193.0,319.0,311.0,301.0,308.0,325.0,143,74,69,77,61,67,67,67.0,66.0,101,130,111,145
29,159,187,220,179,168.0,171.0,151.0,197.0,197.0,233.0,233.0,203,213,142,122,109,109,80,94.0,111.0,100,112,108,109
30,113,107,101,107,105.0,129.0,353.0,318.0,331.0,319.0,163.0,148,150,130,122,127,118,119,122.0,86.0,51,42,36,34
31,18,20,15,19,20.0,21.0,20.0,20.0,18.0,24.0,20.0,28,50,54,74,79,68,83,41.0,36.0,37,27,42,52
"
"
April-2023,00:00:00,01:00:00,02:00:00,03:00:00,04:00:00,05:00:00,06:00:00,07:00:00,08:00:00,09:00:00,10:00:00,11:00:00,12:00:00,13:00:00,14:00:00,15:00:00,16:00:00,17:00:00,18:00:00,19:00:00,20:00:00,21:00:00,22:00:00,23:00:00
1,51.0,75.0,77.0,57.0,48.0,67.0,63.0,52.0,42,99,72.0,61,74,74,72.0,70.0,69,63,58,73,29,20,32,33
2,57.0,45.0,50.0,60.0,79.0,78.0,77.0,73.0,84,105,127.0,107,70,51,54.0,53.0,56,57,57,48,35,31,59,103
3,98.0,112.0,119.0,112.0,111.0,109.0,107.0,105.0,170,302,237.0,124,97,101,105.0,117.0,109,84,120,32,44,96,141,119
4,,,183.0,167.0,200.0,267.0,85.0,64.0,42,40,42.0,55,62,64,62.0,61.0,60,58,56,50,46,74,78,107
5,137.0,130.0,302.0,84.0,133.0,243.0,187.0,280.0,306,301,306.0,180,80,72,94.0,86.0,94,79,61,51,130,144,145,145
6,328.0,324.0,165.0,159.0,131.0,108.0,100.0,55.0,41,50,102.0,123,104,70,55.0,56.0,56,57,66,64,109,155,134,155
7,230.0,223.0,243.0,123.0,200.0,180.0,163.0,110.0,130,355,318.0,140,88,104,80.0,84.0,79,70,62,72,105,167,123,163
8,181.0,217.0,187.0,160.0,131.0,163.0,200.0,280.0,344,342,352.0,302,83,69,69.0,67.0,65,69,69,59,97,100,123,126
9,114.0,129.0,143.0,213.0,290.0,240.0,312.0,315.0,213,253,280.0,290,123,95,68.0,69.0,72,73,70,102,113,134,167,163
10,167.0,171.0,362.0,340.0,338.0,334.0,302.0,220.0,240,355,393.0,305,116,88,86.0,90.0,75,76,77,66,118,311,235,240
11,461.0,482.0,500.0,277.0,233.0,223.0,213.0,223.0,217,306,280.0,203,133,115,100.0,101.0,101,83,89,91,181,147,265,500
12,433.0,406.0,240.0,237.0,319.0,328.0,318.0,307.0,237,315,177.0,126,140,241,137.0,108.0,107,91,72,81,117,140,183,185
13,290.0,159.0,248.0,161.0,129.0,129.0,159.0,161.0,161,297,332.0,280,146,113,,,77,80,78,80,143,185,194,411
14,443.0,500.0,465.0,415.0,361.0,356.0,328.0,260.0,193,185,308.0,200,150,113,111.0,92.0,84,83,85,75,105,118,171,147
15,188.0,230.0,303.0,364.0,348.0,354.0,335.0,346.0,320,293,200.0,179,134,130,109.0,85.0,81,84,74,80,94,226,181,164
16,253.0,273.0,243.0,193.0,199.0,195.0,201.0,193.0,212,163,133.0,140,116,95,88.0,105.0,118,117,102,105,75,119,149,173
17,186.0,282.0,265.0,277.0,217.0,166.0,146.0,145.0,141,149,223.0,136,160,165,162.0,158.0,150,157,155,117,163,124,135,126
18,340.0,217.0,172.0,199.0,188.0,179.0,170.0,170.0,175,165,145.0,153,185,179,,,119,124,116,116,147,147,445,401
19,467.0,414.0,380.0,314.0,256.0,302.0,497.0,301.0,246,185,210.0,186,201,179,174.0,224.0,199,188,187,167,160,215,341,244
20,188.0,159.0,207.0,305.0,167.0,163.0,233.0,213.0,177,157,129.0,152,137,144,145.0,141.0,153,152,148,112,127,66,62,55
21,68.0,92.0,191.0,118.0,97.0,80.0,79.0,79.0,107,301,118.0,101,109,105,114.0,118.0,115,115,104,109,133,138,193,212
22,153.0,139.0,270.0,169.0,108.0,73.0,68.0,91.0,99,118,,86,75,83,85.0,96.0,93,94,86,92,109,149,213,152
23,69.0,105.0,175.0,94.0,56.0,57.0,53.0,51.0,73,95,74.0,79,88,60,62.0,61.0,63,65,123,61,74,133,131,155
24,165.0,,,,,,,,273,397,372.0,213,287,197,150.0,126.0,172,142,118,142,137,135,124,137
25,134.0,144.0,143.0,125.0,119.0,137.0,120.0,105.0,235,118,101.0,102,107,92,83.0,90.0,96,104,112,109,102,138,178,230
26,223.0,197.0,187.0,180.0,207.0,177.0,223.0,287.0,260,302,240.0,153,145,126,108.0,105.0,101,105,107,138,123,168,195,240
27,230.0,177.0,147.0,138.0,193.0,217.0,193.0,152.0,170,267,177.0,129,117,80,92.0,103.0,91,95,84,96,278,493,197,124
28,78.0,68.0,74.0,79.0,146.0,115.0,123.0,157.0,250,207,164.0,123,109,121,115.0,112.0,115,66,67,142,163,243,304,312
29,308.0,314.0,320.0,314.0,270.0,240.0,293.0,359.0,378,144,155.0,181,169,153,153.0,137.0,127,109,77,92,111,109,122,237
30,323.0,334.0,327.0,327.0,80.0,68.0,65.0,78.0,147,127,97.0,63,84,105,119.0,98.0,85,77,69,89,80,78,95,55
"
"
May-2023,00:00:00,01:00:00,02:00:00,03:00:00,04:00:00,05:00:00,06:00:00,07:00:00,08:00:00,09:00:00,10:00:00,11:00:00,12:00:00,13:00:00,14:00:00,15:00:00,16:00:00,17:00:00,18:00:00,19:00:00,20:00:00,21:00:00,22:00:00,23:00:00
1,52,59.0,92.0,95.0,63.0,47.0,57.0,78.0,87.0,70.0,63.0,68.0,70.0,78.0,48.0,52.0,29,47,73.0,65.0,63.0,95,110,83.0
2,88,95.0,113.0,75.0,50.0,47.0,25.0,33.0,47.0,68.0,60.0,65.0,63.0,78.0,90.0,92.0,88,113,87.0,91.0,65.0,63,75,78.0
3,78,85.0,78.0,88.0,77.0,63.0,68.0,68.0,80.0,90.0,78.0,84.0,84.0,73.0,74.0,64.0,118,39,31.0,30.0,32.0,33,55,45.0
4,31,48.0,45.0,52.0,60.0,57.0,63.0,63.0,50.0,67.0,60.0,93.0,78.0,60.0,73.0,75.0,71,74,76.0,72.0,44.0,57,127,253.0
5,301,253.0,213.0,167.0,167.0,145.0,147.0,133.0,243.0,240.0,337.0,250.0,133.0,74.0,75.0,78.0,83,85,79.0,68.0,78.0,157,203,323.0
6,290,341.0,,321.0,338.0,332.0,348.0,357.0,348.0,396.0,359.0,133.0,101.0,105.0,138.0,46.0,50,54,59.0,52.0,68.0,91,133,305.0
7,340,316.0,102.0,89.0,99.0,99.0,94.0,85.0,85.0,122.0,119.0,108.0,105.0,138.0,183.0,148.0,133,131,119.0,137.0,103.0,124,108,108.0
8,105,111.0,187.0,120.0,127.0,127.0,147.0,147.0,170.0,131.0,140.0,107.0,99.0,,92.0,92.0,102,101,101.0,107.0,114.0,133,127,120.0
9,145,223.0,243.0,266.0,331.0,312.0,260.0,250.0,318.0,395.0,406.0,348.0,90.0,124.0,120.0,115.0,105,105,115.0,126.0,164.0,237,335,303.0
10,328,335.0,344.0,358.0,348.0,370.0,393.0,387.0,369.0,378.0,342.0,143.0,86.0,90.0,94.0,96.0,98,96,95.0,,,163,310,460.0
11,371,358.0,375.0,383.0,414.0,382.0,384.0,332.0,243.0,253.0,250.0,187.0,140.0,105.0,105.0,112.0,113,114,,105.0,147.0,129,143,232.0
12,277,315.0,306.0,304.0,287.0,287.0,257.0,267.0,293.0,309.0,253.0,150.0,129.0,112.0,100.0,92.0,92,90,106.0,109.0,125.0,251,212,193.0
13,213,257.0,220.0,233.0,213.0,183.0,197.0,207.0,223.0,213.0,171.0,141.0,131.0,152.0,175.0,166.0,128,142,125.0,116.0,129.0,177,151,157.0
14,177,179.0,196.0,249.0,278.0,248.0,193.0,200.0,211.0,302.0,411.0,257.0,235.0,169.0,167.0,171.0,157,145,131.0,130.0,346.0,452,299,131.0
15,94,101.0,100.0,104.0,102.0,62.0,70.0,86.0,101.0,103.0,74.0,101.0,129.0,116.0,119.0,125.0,129,123,118.0,120.0,137.0,148,139,332.0
16,309,207.0,40.0,45.0,64.0,135.0,251.0,482.0,500.0,355.0,372.0,423.0,416.0,348.0,394.0,238.0,162,163,223.0,263.0,413.0,406,500,463.0
17,471,472.0,456.0,439.0,420.0,390.0,325.0,200.0,175.0,175.0,304.0,270.0,134.0,124.0,144.0,169.0,163,172,155.0,163.0,149.0,216,179,129.0
18,124,115.0,266.0,59.0,147.0,199.0,52.0,40.0,52.0,77.0,83.0,67.0,76.0,95.0,101.0,105.0,127,130,112.0,115.0,92.0,100,108,116.0
19,120,114.0,183.0,293.0,340.0,342.0,240.0,305.0,297.0,293.0,120.0,91.0,85.0,94.0,115.0,116.0,135,131,119.0,115.0,123.0,133,143,156.0
20,193,233.0,193.0,177.0,294.0,306.0,267.0,129.0,147.0,253.0,187.0,126.0,107.0,102.0,90.0,88.0,85,81,78.0,79.0,95.0,113,117,102.0
21,129,205.0,304.0,297.0,293.0,233.0,193.0,167.0,180.0,257.0,175.0,165.0,149.0,100.0,101.0,97.0,79,81,78.0,72.0,101.0,210,149,144.0
22,137,221.0,175.0,181.0,168.0,153.0,104.0,99.0,139.0,170.0,213.0,185.0,179.0,163.0,157.0,165.0,177,219,243.0,278.0,262.0,172,155,163.0
23,175,155.0,174.0,146.0,143.0,130.0,137.0,159.0,143.0,111.0,129.0,134.0,127.0,130.0,,,95,95,111.0,94.0,483.0,123,390,95.0
24,38,,,,,,,,,,,85.0,105.0,133.0,135.0,156.0,93,78,60.0,56.0,57.0,47,69,37.0
25,33,51.0,46.0,45.0,83.0,92.0,83.0,58.0,56.0,50.0,67.0,96.0,78.0,64.0,69.0,63.0,86,92,101.0,123.0,417.0,123,53,50.0
26,53,59.0,15.0,46.0,38.0,34.0,21.0,26.0,177.0,307.0,65.0,81.0,84.0,86.0,87.0,77.0,69,69,76.0,82.0,77.0,75,78,102.0
27,144,127.0,94.0,67.0,40.0,42.0,51.0,,,,,,,58.0,66.0,68.0,79,90,94.0,91.0,72.0,67,78,111.0
28,129,143.0,143.0,115.0,115.0,143.0,149.0,137.0,133.0,150.0,133.0,107.0,96.0,99.0,77.0,78.0,82,90,92.0,84.0,91.0,100,123,167.0
29,78,57.0,95.0,57.0,43.0,33.0,42.0,42.0,28.0,48.0,74.0,104.0,113.0,119.0,109.0,107.0,90,44,40.0,36.0,31.0,51,52,
30,73,56.0,62.0,56.0,,,,,193.0,127.0,92.0,80.0,81.0,87.0,80.0,82.0,83,88,76.0,75.0,48.0,44,33,42.0
31,157,180.0,260.0,193.0,58.0,50.0,38.0,30.0,62.0,59.0,50.0,54.0,54.0,55.0,56.0,57.0,60,57,54.0,48.0,33.0,32,42,65.0
"
"
June-2023,00:00:00,01:00:00,02:00:00,03:00:00,04:00:00,05:00:00,06:00:00,07:00:00,08:00:00,09:00:00,10:00:00,11:00:00,12:00:00,13:00:00,14:00:00,15:00:00,16:00:00,17:00:00,18:00:00,19:00:00,20:00:00,21:00:00,22:00:00,23:00:00
1,55.0,70.0,78.0,111.0,108.0,117.0,112.0,240.0,163.0,87.0,107.0,39.0,38.0,,,,,,61.0,60.0,46.0,38.0,45.0,67.0
2,73.0,72.0,73.0,81.0,92.0,103.0,160.0,267.0,220.0,85.0,68.0,68.0,78.0,78.0,75.0,65.0,67.0,66.0,64.0,63.0,52.0,74.0,104.0,
3,157.0,160.0,147.0,163.0,115.0,,,170.0,213.0,345.0,187.0,78.0,78.0,74.0,75.0,71.0,72.0,76.0,72.0,73.0,53.0,59.0,77.0,72.0
4,88.0,160.0,250.0,217.0,243.0,345.0,273.0,88.0,86.0,77.0,73.0,157.0,116.0,101.0,103.0,107.0,101.0,105.0,112.0,104.0,96.0,97.0,157.0,302.0
5,273.0,233.0,223.0,113.0,104.0,101.0,117.0,260.0,309.0,237.0,101.0,97.0,96.0,83.0,90.0,89.0,85.0,82.0,77.0,78.0,69.0,84.0,104.0,129.0
6,119.0,112.0,44.0,44.0,44.0,30.0,27.0,30.0,50.0,50.0,62.0,73.0,82.0,90.0,91.0,94.0,94.0,108.0,105.0,95.0,453.0,500.0,500.0,320.0
7,302.0,307.0,471.0,369.0,360.0,282.0,213.0,339.0,330.0,212.0,185.0,178.0,168.0,204.0,,,,,,,,,,177.0
8,175.0,122.0,140.0,114.0,116.0,114.0,111.0,130.0,267.0,293.0,157.0,100.0,99.0,97.0,85.0,90.0,101.0,97.0,105.0,94.0,99.0,121.0,125.0,133.0
9,115.0,114.0,135.0,169.0,88.0,61.0,57.0,68.0,129.0,119.0,113.0,131.0,101.0,111.0,97.0,100.0,107.0,111.0,127.0,112.0,414.0,86.0,56.0,50.0
10,42.0,48.0,58.0,55.0,56.0,57.0,45.0,52.0,78.0,92.0,129.0,170.0,161.0,160.0,141.0,137.0,118.0,109.0,111.0,270.0,111.0,90.0,155.0,99.0
11,86.0,102.0,104.0,92.0,62.0,53.0,58.0,70.0,67.0,70.0,63.0,68.0,78.0,73.0,104.0,145.0,131.0,143.0,153.0,207.0,156.0,159.0,161.0,266.0
12,169.0,292.0,253.0,137.0,105.0,104.0,124.0,149.0,260.0,150.0,108.0,104.0,162.0,182.0,184.0,175.0,157.0,145.0,169.0,171.0,163.0,164.0,157.0,159.0
13,155.0,202.0,175.0,175.0,179.0,193.0,223.0,243.0,244.0,135.0,129.0,141.0,146.0,133.0,147.0,137.0,183.0,223.0,252.0,255.0,205.0,157.0,143.0,145.0
14,195.0,147.0,206.0,159.0,159.0,149.0,167.0,185.0,,145.0,121.0,142.0,134.0,127.0,149.0,157.0,155.0,141.0,121.0,112.0,107.0,113.0,127.0,135.0
15,138.0,119.0,103.0,124.0,123.0,122.0,100.0,101.0,109.0,103.0,171.0,131.0,163.0,171.0,150.0,141.0,117.0,124.0,123.0,104.0,86.0,91.0,85.0,88.0
16,101.0,115.0,78.0,95.0,124.0,123.0,170.0,96.0,148.0,137.0,108.0,107.0,123.0,107.0,108.0,66.0,145.0,70.0,33.0,40.0,56.0,92.0,90.0,101.0
17,91.0,85.0,89.0,89.0,100.0,89.0,81.0,88.0,112.0,83.0,95.0,70.0,48.0,59.0,50.0,46.0,47.0,60.0,61.0,69.0,67.0,92.0,101.0,62.0
18,25.0,27.0,25.0,24.0,25.0,25.0,31.0,53.0,64.0,72.0,95.0,79.0,79.0,64.0,69.0,102.0,91.0,102.0,95.0,84.0,69.0,68.0,70.0,107.0
19,104.0,97.0,64.0,40.0,38.0,39.0,40.0,34.0,24.0,22.0,26.0,28.0,31.0,39.0,46.0,62.0,63.0,70.0,31.0,39.0,64.0,66.0,75.0,86.0
20,114.0,131.0,127.0,103.0,96.0,99.0,109.0,111.0,304.0,311.0,163.0,77.0,59.0,70.0,88.0,,100.0,79.0,85.0,90.0,127.0,127.0,88.0,104.0
21,89.0,84.0,75.0,57.0,51.0,53.0,64.0,75.0,29.0,27.0,32.0,34.0,39.0,69.0,85.0,86.0,99.0,108.0,119.0,116.0,117.0,66.0,38.0,41.0
22,51.0,51.0,63.0,73.0,62.0,48.0,51.0,,,,,,,,,,,,,,,,,
23,,,,,,,,,,,,,95.0,105.0,115.0,117.0,131.0,123.0,138.0,141.0,141.0,145.0,157.0,161.0
24,182.0,183.0,183.0,160.0,160.0,163.0,143.0,109.0,90.0,96.0,96.0,90.0,99.0,119.0,134.0,160.0,131.0,127.0,105.0,120.0,96.0,83.0,88.0,107.0
25,101.0,95.0,88.0,85.0,70.0,50.0,29.0,39.0,41.0,35.0,33.0,28.0,35.0,38.0,39.0,40.0,42.0,44.0,47.0,49.0,55.0,93.0,92.0,70.0
26,78.0,68.0,25.0,55.0,63.0,73.0,52.0,73.0,65.0,61.0,64.0,67.0,119.0,57.0,75.0,36.0,41.0,41.0,52.0,55.0,60.0,50.0,58.0,63.0
27,68.0,96.0,103.0,81.0,88.0,79.0,83.0,120.0,70.0,45.0,40.0,57.0,67.0,65.0,63.0,70.0,55.0,56.0,94.0,107.0,86.0,105.0,100.0,78.0
28,69.0,78.0,67.0,61.0,67.0,52.0,42.0,50.0,83.0,95.0,80.0,83.0,74.0,83.0,70.0,63.0,87.0,28.0,23.0,17.0,15.0,20.0,20.0,25.0
29,29.0,32.0,44.0,42.0,60.0,66.0,89.0,108.0,147.0,94.0,19.0,15.0,25.0,25.0,37.0,48.0,51.0,62.0,45.0,40.0,38.0,40.0,42.0,27.0
30,30.0,44.0,59.0,69.0,62.0,53.0,44.0,34.0,25.0,28.0,41.0,33.0,45.0,58.0,67.0,67.0,53.0,48.0,31.0,20.0,30.0,40.0,44.0,40.0
"
"
July-2023,00:00:00,01:00:00,02:00:00,03:00:00,04:00:00,05:00:00,06:00:00,07:00:00,08:00:00,09:00:00,10:00:00,11:00:00,12:00:00,13:00:00,14:00:00,15:00:00,16:00:00,17:00:00,18:00:00,19:00:00,20:00:00,21:00:00,22:00:00,23:00:00
1,40.0,40.0,35.0,34.0,,,,,,10.0,64.0,45.0,30.0,30.0,6.0,69.0,80.0,65.0,72.0,66.0,62.0,60.0,60.0,70.0
2,75.0,101.0,48.0,27.0,27.0,30.0,24.0,45.0,75.0,72.0,77.0,67.0,66.0,62.0,72.0,81.0,78.0,68.0,70.0,70.0,75.0,89.0,92.0,110.0
3,115.0,171.0,183.0,121.0,119.0,123.0,103.0,101.0,97.0,72.0,73.0,52.0,51.0,68.0,75.0,68.0,78.0,73.0,63.0,78.0,75.0,86.0,95.0,63.0
4,147.0,203.0,113.0,180.0,167.0,140.0,123.0,68.0,45.0,68.0,56.0,57.0,58.0,56.0,61.0,86.0,33.0,54.0,82.0,90.0,92.0,95.0,96.0,98.0
5,92.0,87.0,80.0,83.0,67.0,73.0,75.0,88.0,83.0,75.0,63.0,63.0,55.0,56.0,61.0,59.0,42.0,72.0,86.0,58.0,26.0,22.0,29.0,40.0
6,47.0,52.0,64.0,57.0,52.0,60.0,67.0,68.0,78.0,83.0,78.0,75.0,24.0,33.0,48.0,41.0,24.0,23.0,29.0,29.0,22.0,39.0,53.0,46.0
7,38.0,42.0,44.0,41.0,41.0,48.0,50.0,50.0,55.0,68.0,61.0,59.0,64.0,63.0,62.0,53.0,62.0,67.0,70.0,48.0,51.0,47.0,55.0,70.0
8,55.0,59.0,,,,,,,,,,10.0,28.0,,,,11.0,27.0,37.0,42.0,60.0,68.0,65.0,63.0
9,65.0,15.0,10.0,52.0,48.0,42.0,42.0,50.0,48.0,8.0,7.0,9.0,,,,20.0,11.0,,15.0,,,,,
10,,,,,,,,,,,,,,42.0,73.0,223.0,266.0,137.0,133.0,88.0,185.0,118.0,72.0,30.0
11,37.0,63.0,38.0,106.0,61.0,52.0,55.0,58.0,46.0,63.0,135.0,55.0,33.0,37.0,38.0,36.0,42.0,28.0,30.0,32.0,39.0,79.0,80.0,62.0
12,53.0,80.0,98.0,73.0,69.0,74.0,63.0,51.0,57.0,45.0,35.0,48.0,80.0,92.0,70.0,70.0,68.0,63.0,57.0,47.0,42.0,38.0,33.0,40.0
13,66.0,53.0,48.0,46.0,38.0,36.0,50.0,39.0,41.0,56.0,75.0,16.0,25.0,98.0,127.0,150.0,103.0,91.0,78.0,,,,,
14,,,,,,,,,,,,,,,,,,,,,,,,
15,,,,,,,,,,,,,,,,,,,,,,,,
16,,,,,,,,,,,,,,,,,,,,,,,,
17,,,,,,,,,,,,,,,,,,,,,,,,
18,,,,,,,,,,,,,,,,,,,,,,,,
19,,,,,,,,,,,,,,,,,,,,,,,,
20,,,,,,,,,,,,,,,,,,,,,,,,
21,,,,,,,,,,,,,86.0,,59.0,51.0,51.0,61.0,70.0,74.0,90.0,68.0,107.0,130.0
22,123.0,92.0,73.0,59.0,64.0,58.0,52.0,53.0,59.0,70.0,73.0,67.0,73.0,88.0,62.0,85.0,62.0,56.0,57.0,73.0,75.0,67.0,66.0,68.0
23,61.0,46.0,42.0,50.0,38.0,44.0,44.0,46.0,44.0,48.0,53.0,53.0,,,,,,40.0,56.0,46.0,,,,
24,,,,,,,,,,,,34.0,38.0,46.0,36.0,59.0,46.0,44.0,45.0,70.0,99.0,107.0,91.0,
25,,,,,,,,,,,,,,97.0,67.0,81.0,78.0,70.0,63.0,56.0,68.0,81.0,167.0,107.0
26,58.0,67.0,78.0,60.0,42.0,37.0,16.0,11.0,24.0,16.0,22.0,25.0,33.0,38.0,38.0,44.0,37.0,41.0,,32.0,47.0,53.0,77.0,77.0
27,79.0,70.0,67.0,44.0,46.0,44.0,41.0,46.0,62.0,57.0,20.0,47.0,64.0,55.0,67.0,67.0,38.0,14.0,20.0,18.0,22.0,18.0,20.0,20.0
28,16.0,15.0,17.0,,15.0,10.0,18.0,14.0,18.0,20.0,18.0,22.0,30.0,33.0,36.0,44.0,95.0,79.0,80.0,94.0,19.0,34.0,15.0,15.0
29,16.0,18.0,16.0,5.0,20.0,23.0,20.0,20.0,20.0,28.0,34.0,38.0,34.0,23.0,18.0,28.0,15.0,15.0,15.0,17.0,16.0,16.0,15.0,15.0
30,17.0,15.0,15.0,12.0,18.0,21.0,17.0,20.0,26.0,32.0,31.0,31.0,25.0,29.0,26.0,28.0,32.0,33.0,37.0,34.0,22.0,47.0,31.0,181.0
31,40.0,38.0,58.0,54.0,57.0,75.0,66.0,55.0,39.0,42.0,43.0,56.0,51.0,43.0,37.0,32.0,33.0,32.0,38.0,42.0,43.0,47.0,48.0,45.0
"
"
August-2023,00:00:00,01:00:00,02:00:00,03:00:00,04:00:00,05:00:00,06:00:00,07:00:00,08:00:00,09:00:00,10:00:00,11:00:00,12:00:00,13:00:00,14:00:00,15:00:00,16:00:00,17:00:00,18:00:00,19:00:00,20:00:00,21:00:00,22:00:00,23:00:00
1,47,36.0,27.0,34,31.0,31.0,15.0,15.0,15.0,15.0,15.0,15.0,15,15.0,15.0,15.0,14.0,14.0,61.0,45.0,50.0,42.0,42.0,48.0
2,45,50.0,53.0,15,20.0,22.0,20.0,22.0,30.0,38.0,27.0,28.0,20,22.0,20.0,20.0,20.0,27.0,20.0,20.0,20.0,25.0,25.0,20.0
3,20,16.0,20.0,12,20.0,24.0,25.0,25.0,20.0,23.0,32.0,27.0,20,82.0,90.0,97.0,,94.0,95.0,62.0,59.0,32.0,26.0,22.0
4,36,34.0,42.0,35,35.0,58.0,51.0,61.0,51.0,55.0,55.0,41.0,46,52.0,62.0,80.0,83.0,80.0,89.0,84.0,78.0,79.0,80.0,74.0
5,73,57.0,37.0,37,47.0,48.0,50.0,52.0,50.0,23.0,30.0,52.0,61,74.0,,,,,,,,68.0,67.0,78.0
6,83,88.0,109.0,112,70.0,55.0,58.0,58.0,55.0,57.0,66.0,77.0,81,81.0,84.0,75.0,77.0,83.0,70.0,80.0,70.0,69.0,58.0,62.0
7,67,66.0,66.0,61,62.0,67.0,63.0,58.0,63.0,62.0,75.0,86.0,90,85.0,90.0,94.0,101.0,79.0,84.0,80.0,79.0,83.0,70.0,80.0
8,77,75.0,77.0,70,70.0,62.0,74.0,73.0,78.0,81.0,89.0,101.0,101,107.0,119.0,130.0,126.0,129.0,118.0,118.0,88.0,90.0,85.0,85.0
9,92,99.0,107.0,105,96.0,94.0,91.0,73.0,75.0,75.0,92.0,100.0,103,111.0,111.0,118.0,115.0,114.0,118.0,122.0,129.0,141.0,133.0,127.0
10,129,123.0,127.0,118,116.0,101.0,96.0,85.0,89.0,91.0,92.0,97.0,107,123.0,124.0,123.0,118.0,112.0,120.0,112.0,114.0,113.0,90.0,33.0
11,42,48.0,57.0,74,95.0,104.0,101.0,95.0,91.0,99.0,88.0,96.0,105,96.0,102.0,113.0,116.0,119.0,123.0,127.0,116.0,129.0,146.0,127.0
12,123,113.0,109.0,103,100.0,89.0,81.0,79.0,83.0,88.0,92.0,90.0,97,102.0,103.0,99.0,100.0,109.0,115.0,119.0,101.0,100.0,91.0,86.0
13,73,69.0,63.0,61,55.0,50.0,50.0,56.0,47.0,67.0,73.0,83.0,102,86.0,95.0,80.0,77.0,80.0,96.0,103.0,85.0,88.0,114.0,102.0
14,97,90.0,81.0,96,94.0,85.0,77.0,77.0,83.0,104.0,97.0,92.0,92,75.0,97.0,111.0,89.0,88.0,79.0,69.0,75.0,77.0,89.0,108.0
15,85,78.0,77.0,80,66.0,68.0,58.0,66.0,67.0,88.0,96.0,95.0,107,107.0,111.0,104.0,99.0,86.0,83.0,97.0,107.0,101.0,105.0,107.0
16,119,94.0,107.0,95,86.0,85.0,74.0,61.0,67.0,105.0,89.0,75.0,90,113.0,111.0,116.0,112.0,113.0,102.0,117.0,123.0,116.0,119.0,121.0
17,142,88.0,79.0,59,57.0,58.0,74.0,97.0,104.0,115.0,118.0,123.0,122,115.0,120.0,113.0,118.0,116.0,109.0,117.0,121.0,103.0,108.0,105.0
18,116,112.0,105.0,109,101.0,91.0,111.0,111.0,119.0,143.0,153.0,155.0,157,159.0,153.0,148.0,141.0,131.0,129.0,131.0,131.0,147.0,133.0,139.0
19,122,122.0,124.0,137,142.0,139.0,122.0,50.0,19.0,20.0,,28.0,20,38.0,60.0,48.0,80.0,77.0,,47.0,46.0,52.0,,75.0
20,85,,92.0,90,85.0,149.0,120.0,66.0,75.0,74.0,50.0,44.0,42,,47.0,46.0,41.0,33.0,34.0,35.0,40.0,63.0,69.0,89.0
21,96,90.0,91.0,84,50.0,52.0,55.0,58.0,,72.0,66.0,73.0,62,41.0,38.0,40.0,41.0,30.0,39.0,38.0,37.0,55.0,48.0,95.0
22,86,86.0,77.0,66,73.0,73.0,,67.0,,39.0,36.0,57.0,57,55.0,58.0,62.0,70.0,63.0,73.0,86.0,109.0,75.0,51.0,
23,20,20.0,22.0,5,20.0,,20.0,24.0,41.0,47.0,51.0,42.0,42,46.0,44.0,50.0,64.0,69.0,57.0,,62.0,67.0,62.0,62.0
24,61,58.0,75.0,73,58.0,55.0,47.0,48.0,46.0,62.0,73.0,81.0,85,,94.0,89.0,81.0,94.0,84.0,74.0,84.0,92.0,88.0,75.0
25,72,64.0,69.0,70,70.0,68.0,62.0,56.0,66.0,67.0,91.0,109.0,115,113.0,118.0,114.0,113.0,109.0,100.0,108.0,,,,141.0
26,145,165.0,140.0,139,130.0,123.0,,118.0,112.0,111.0,123.0,159.0,166,163.0,157.0,149.0,148.0,149.0,144.0,147.0,,143.0,,145.0
27,145,150.0,,185,192.0,195.0,197.0,,222.0,211.0,179.0,171.0,186,185.0,181.0,185.0,185.0,174.0,166.0,,122.0,,109.0,
28,50,61.0,63.0,74,,119.0,134.0,,121.0,123.0,133.0,146.0,149,143.0,153.0,157.0,160.0,165.0,159.0,153.0,151.0,142.0,133.0,131.0
29,129,114.0,129.0,155,,101.0,,81.0,,108.0,126.0,,120,123.0,125.0,131.0,124.0,,126.0,124.0,,,159.0,143.0
30,141,155.0,209.0,134,109.0,114.0,108.0,112.0,105.0,118.0,129.0,126.0,145,159.0,,146.0,,138.0,140.0,142.0,,148.0,140.0,130.0
31,121,,111.0,107,,101.0,101.0,469.0,,,122.0,139.0,124,131.0,130.0,127.0,126.0,125.0,126.0,125.0,130.0,118.0,114.0,123.0
"
"
September-2023,00:00:00,01:00:00,02:00:00,03:00:00,04:00:00,05:00:00,06:00:00,07:00:00,08:00:00,09:00:00,10:00:00,11:00:00,12:00:00,13:00:00,14:00:00,15:00:00,16:00:00,17:00:00,18:00:00,19:00:00,20:00:00,21:00:00,22:00:00,23:00:00
1,119.0,124.0,218.0,120.0,107.0,104.0,99.0,81.0,97.0,117.0,133.0,133.0,120.0,119,115,107,,105,113.0,118.0,115.0,129.0,135.0,116.0
2,123.0,166.0,218.0,112.0,115.0,112.0,100.0,107.0,111.0,126.0,122.0,125.0,121.0,125,133,126,123.0,123,121.0,125.0,127.0,142.0,134.0,133.0
3,124.0,131.0,241.0,121.0,111.0,117.0,94.0,102.0,104.0,104.0,114.0,115.0,104.0,105,107,115,113.0,119,129.0,127.0,124.0,151.0,131.0,126.0
4,115.0,119.0,137.0,174.0,115.0,113.0,101.0,102.0,105.0,119.0,103.0,99.0,104.0,105,107,104,101.0,94,84.0,95.0,124.0,116.0,122.0,107.0
5,102.0,97.0,118.0,114.0,131.0,134.0,125.0,114.0,115.0,119.0,105.0,96.0,102.0,111,103,120,101.0,85,,,,,,
6,,,,,,,,,,,57.0,66.0,73.0,57,50,41,36.0,48,59.0,66.0,83.0,53.0,67.0,70.0
7,85.0,88.0,55.0,30.0,31.0,31.0,28.0,34.0,51.0,46.0,67.0,73.0,72.0,74,56,51,70.0,114,44.0,23.0,20.0,24.0,25.0,26.0
8,38.0,68.0,94.0,101.0,86.0,47.0,27.0,20.0,22.0,29.0,33.0,39.0,49.0,68,58,49,38.0,38,40.0,38.0,121.0,42.0,28.0,22.0
9,22.0,18.0,28.0,19.0,23.0,20.0,15.0,15.0,18.0,20.0,20.0,35.0,32.0,24,21,25,33.0,22,23.0,23.0,18.0,22.0,30.0,23.0
10,20.0,20.0,18.0,24.0,15.0,15.0,12.0,15.0,16.0,20.0,20.0,31.0,20.0,20,21,20,20.0,20,20.0,30.0,20.0,20.0,20.0,20.0
11,27.0,30.0,20.0,17.0,20.0,32.0,30.0,28.0,33.0,39.0,44.0,65.0,73.0,104,109,100,74.0,66,39.0,40.0,36.0,52.0,70.0,74.0
12,59.0,59.0,67.0,62.0,51.0,38.0,34.0,34.0,45.0,89.0,80.0,58.0,50.0,69,79,91,104.0,77,72.0,68.0,88.0,85.0,75.0,70.0
13,77.0,94.0,123.0,83.0,48.0,42.0,47.0,47.0,42.0,70.0,58.0,55.0,63.0,73,64,58,83.0,63,63.0,65.0,70.0,88.0,111.0,109.0
14,101.0,88.0,110.0,98.0,92.0,92.0,83.0,68.0,70.0,75.0,88.0,79.0,63.0,68,58,52,67.0,70,78.0,92.0,97.0,104.0,102.0,101.0
15,102.0,78.0,78.0,93.0,75.0,92.0,75.0,67.0,73.0,115.0,25.0,25.0,27.0,24,22,44,94.0,97,74.0,66.0,97.0,102.0,107.0,96.0
16,96.0,75.0,53.0,45.0,44.0,40.0,42.0,48.0,48.0,57.0,50.0,48.0,52.0,53,47,28,50.0,41,18.0,16.0,20.0,22.0,20.0,20.0
17,25.0,29.0,41.0,40.0,31.0,33.0,33.0,41.0,33.0,33.0,45.0,41.0,36.0,50,46,34,30.0,24,25.0,25.0,27.0,36.0,29.0,20.0
18,20.0,20.0,16.0,9.0,15.0,15.0,15.0,17.0,24.0,25.0,28.0,28.0,,29,23,25,24.0,22,23.0,28.0,33.0,62.0,61.0,52.0
19,50.0,39.0,45.0,47.0,45.0,32.0,42.0,45.0,39.0,56.0,61.0,53.0,50.0,47,42,44,36.0,40,57.0,67.0,51.0,78.0,92.0,115.0
20,89.0,92.0,100.0,73.0,72.0,74.0,84.0,86.0,67.0,69.0,68.0,38.0,40.0,36,37,44,40.0,44,36.0,35.0,40.0,63.0,101.0,117.0
21,109.0,127.0,153.0,131.0,101.0,84.0,81.0,80.0,78.0,80.0,63.0,56.0,55.0,62,55,43,48.0,72,57.0,91.0,57.0,47.0,83.0,56.0
22,46.0,33.0,33.0,34.0,42.0,39.0,38.0,42.0,40.0,58.0,100.0,86.0,101.0,88,89,92,86.0,72,70.0,69.0,80.0,81.0,69.0,99.0
23,91.0,108.0,163.0,90.0,87.0,90.0,91.0,90.0,77.0,75.0,83.0,75.0,95.0,95,126,35,44.0,44,48.0,52.0,62.0,74.0,66.0,68.0
24,60.0,68.0,78.0,94.0,99.0,88.0,88.0,85.0,88.0,130.0,123.0,97.0,84.0,87,68,66,72.0,101,58.0,59.0,67.0,68.0,92.0,80.0
25,84.0,81.0,64.0,77.0,84.0,,117.0,100.0,100.0,111.0,112.0,140.0,115.0,100,94,75,77.0,83,81.0,100.0,115.0,144.0,121.0,133.0
26,147.0,147.0,203.0,143.0,130.0,140.0,140.0,133.0,160.0,217.0,197.0,213.0,143.0,108,101,96,107.0,111,114.0,107.0,116.0,125.0,113.0,109.0
27,107.0,105.0,102.0,115.0,120.0,87.0,92.0,91.0,103.0,121.0,114.0,111.0,97.0,113,124,133,137.0,137,129.0,133.0,142.0,163.0,137.0,123.0
28,,,,,,,,,,,,,125.0,129,68,133,139.0,133,140.0,141.0,159.0,160.0,155.0,149.0
29,151.0,133.0,170.0,175.0,125.0,130.0,112.0,108.0,117.0,147.0,139.0,152.0,127.0,144,119,126,133.0,129,111.0,119.0,135.0,186.0,167.0,197.0
30,170.0,157.0,187.0,137.0,127.0,114.0,116.0,130.0,117.0,135.0,173.0,151.0,131.0,113,114,125,111.0,115,121.0,123.0,129.0,126.0,127.0,129.0
"
"
October-2023,00:00:00,01:00:00,02:00:00,03:00:00,04:00:00,05:00:00,06:00:00,07:00:00,08:00:00,09:00:00,10:00:00,11:00:00,12:00:00,13:00:00,14:00:00,15:00:00,16:00:00,17:00:00,18:00:00,19:00:00,20:00:00,21:00:00,22:00:00,23:00:00
1,119.0,108.0,110.0,97.0,100.0,105.0,100.0,109.0,103.0,112.0,194.0,183.0,159.0,146.0,141.0,125,126,123,125,137.0,149,209.0,183.0,157.0
2,143.0,131.0,170.0,123.0,110.0,107.0,98.0,83.0,105.0,120.0,155.0,123.0,151.0,131.0,119.0,99,101,94,107,115.0,167,185.0,181.0,149.0
3,177.0,170.0,143.0,130.0,193.0,120.0,120.0,147.0,197.0,170.0,131.0,122.0,135.0,122.0,122.0,123,115,123,126,127.0,133,147.0,148.0,160.0
4,169.0,233.0,302.0,263.0,163.0,141.0,133.0,127.0,138.0,149.0,159.0,190.0,163.0,155.0,145.0,127,125,121,109,121.0,141,149.0,157.0,162.0
5,249.0,178.0,207.0,135.0,120.0,115.0,123.0,119.0,135.0,142.0,179.0,166.0,168.0,149.0,129.0,137,135,129,115,133.0,149,217.0,273.0,230.0
6,237.0,297.0,280.0,260.0,243.0,237.0,233.0,240.0,213.0,207.0,171.0,113.0,118.0,111.0,105.0,95,95,99,107,121.0,166,179.0,169.0,217.0
7,190.0,150.0,193.0,170.0,157.0,157.0,163.0,197.0,187.0,143.0,104.0,107.0,115.0,107.0,105.0,109,107,101,101,104.0,157,144.0,146.0,155.0
8,143.0,167.0,149.0,153.0,156.0,142.0,127.0,122.0,107.0,90.0,100.0,99.0,107.0,115.0,111.0,105,105,104,97,97.0,134,151.0,149.0,155.0
9,143.0,159.0,194.0,199.0,131.0,105.0,97.0,105.0,112.0,107.0,96.0,97.0,107.0,108.0,117.0,117,115,107,112,107.0,151,179.0,,
10,,,,,,,,,,,,,,,111.0,119,109,111,115,125.0,141,173.0,164.0,177.0
11,200.0,230.0,318.0,378.0,354.0,349.0,338.0,320.0,,253.0,193.0,127.0,115.0,109.0,107.0,101,86,77,88,113.0,137,183.0,149.0,139.0
12,193.0,213.0,213.0,240.0,297.0,304.0,230.0,200.0,230.0,270.0,250.0,160.0,96.0,111.0,107.0,108,114,125,129,150.0,169,189.0,171.0,177.0
13,183.0,230.0,307.0,257.0,280.0,253.0,,,223.0,267.0,297.0,312.0,175.0,162.0,152.0,113,115,107,102,133.0,185,211.0,276.0,293.0
14,297.0,303.0,302.0,305.0,,308.0,301.0,305.0,312.0,334.0,339.0,267.0,183.0,135.0,97.0,101,107,109,95,101.0,157,186.0,204.0,187.0
15,194.0,203.0,207.0,217.0,200.0,183.0,183.0,197.0,230.0,270.0,267.0,164.0,137.0,204.0,163.0,135,120,124,122,123.0,162,210.0,277.0,288.0
16,237.0,202.0,182.0,181.0,233.0,197.0,189.0,305.0,200.0,223.0,196.0,403.0,146.0,149.0,44.0,39,168,146,147,149.0,112,101.0,95.0,72.0
17,81.0,30.0,15.0,23.0,35.0,38.0,37.0,38.0,38.0,46.0,75.0,57.0,56.0,55.0,74.0,105,126,113,123,95.0,75,65.0,73.0,233.0
18,273.0,230.0,253.0,277.0,273.0,160.0,123.0,92.0,110.0,123.0,157.0,83.0,53.0,49.0,48.0,50,49,55,63,57.0,66,74.0,72.0,91.0
19,123.0,163.0,157.0,140.0,187.0,250.0,183.0,170.0,103.0,110.0,197.0,123.0,78.0,57.0,61.0,59,68,56,63,59.0,92,109.0,110.0,163.0
20,177.0,163.0,183.0,203.0,233.0,257.0,280.0,305.0,319.0,325.0,346.0,303.0,87.0,95.0,81.0,66,66,78,88,88.0,100,133.0,193.0,203.0
21,203.0,207.0,207.0,223.0,280.0,280.0,306.0,310.0,301.0,287.0,325.0,335.0,287.0,230.0,163.0,147,94,95,103,147.0,167,,,
22,273.0,305.0,318.0,305.0,312.0,312.0,314.0,316.0,334.0,328.0,339.0,349.0,338.0,332.0,267.0,147,97,99,89,109.0,163,339.0,230.0,277.0
23,250.0,250.0,312.0,308.0,319.0,312.0,332.0,316.0,312.0,309.0,331.0,277.0,150.0,107.0,107.0,86,77,80,89,120.0,167,253.0,240.0,243.0
24,233.0,267.0,316.0,318.0,270.0,305.0,280.0,260.0,250.0,267.0,312.0,273.0,217.0,90.0,70.0,84,80,75,78,115.0,170,223.0,280.0,314.0
25,304.0,309.0,309.0,315.0,315.0,312.0,319.0,314.0,308.0,316.0,328.0,321.0,280.0,167.0,140.0,127,107,133,157,170.0,301,301.0,309.0,325.0
26,331.0,350.0,337.0,339.0,344.0,336.0,324.0,38.0,307.0,316.0,321.0,312.0,314.0,207.0,,183,51,62,80,,140,170.0,,
27,,,,,,,,,,,,305.0,250.0,250.0,140.0,120,157,107,163,200.0,243,253.0,316.0,337.0
28,333.0,362.0,370.0,355.0,348.0,344.0,340.0,339.0,337.0,337.0,346.0,323.0,277.0,253.0,230.0,213,200,197,230,233.0,303,327.0,348.0,340.0
29,344.0,341.0,345.0,345.0,338.0,342.0,341.0,352.0,372.0,375.0,,,,305.0,207.0,200,230,217,223,243.0,306,329.0,336.0,334.0
30,328.0,406.0,341.0,345.0,342.0,344.0,350.0,361.0,370.0,365.0,359.0,342.0,312.0,290.0,230.0,180,177,223,260,319.0,378,346.0,412.0,415.0
31,398.0,373.0,362.0,365.0,365.0,362.0,355.0,356.0,349.0,368.0,385.0,372.0,335.0,319.0,303.0,290,267,273,319,328.0,365,388.0,382.0,387.0
"
"
November-2023,00:00:00,01:00:00,02:00:00,03:00:00,04:00:00,05:00:00,06:00:00,07:00:00,08:00:00,09:00:00,10:00:00,11:00:00,12:00:00,13:00:00,14:00:00,15:00:00,16:00:00,17:00:00,18:00:00,19:00:00,20:00:00,21:00:00,22:00:00,23:00:00
1,383,382,393.0,372,371.0,376,367.0,357,359.0,355,402.0,352.0,319.0,303,293,315,345,315.0,325.0,340.0,365.0,388.0,417.0,396.0
2,401,396,391.0,401,414.0,404,407.0,414,422.0,417,449.0,486.0,480.0,444,418,447,462,475.0,,,,500.0,500.0,500.0
3,500,500,500.0,500,500.0,500,500.0,499,472.0,486,499.0,500.0,500.0,500,497,429,383,328.0,302.0,315.0,325.0,328.0,349.0,382.0
4,370,375,383.0,373,379.0,375,395.0,390,393.0,405,420.0,436.0,434.0,474,500,500,500,500.0,492.0,500.0,500.0,500.0,500.0,500.0
5,499,500,500.0,500,500.0,499,480.0,479,486.0,469,485.0,500.0,500.0,500,469,362,328,361.0,341.0,335.0,407.0,440.0,456.0,434.0
6,430,440,438.0,434,426.0,420,416.0,433,431.0,425,433.0,470.0,428.0,383,332,329,352,322.0,301.0,303.0,315.0,358.0,371.0,398.0
7,404,397,402.0,404,396.0,391,399.0,429,421.0,417,422.0,472.0,432.0,435,416,356,341,324.0,,366.0,407.0,431.0,434.0,434.0
8,444,440,449.0,431,435.0,434,434.0,431,435.0,438,463.0,500.0,500.0,446,444,417,417,,401.0,409.0,416.0,417.0,426.0,430.0
9,474,498,483.0,483,466.0,462,463.0,457,463.0,452,481.0,494.0,487.0,500,429,399,341,322.0,349.0,402.0,421.0,444.0,483.0,483.0
10,483,473,500.0,439,50.0,40,45.0,47,55.0,60,80.0,75.0,75.0,88,87,80,92,120.0,125.0,110.0,170.0,250.0,280.0,290.0
11,290,301,318.0,312,309.0,309,273.0,277,197.0,143,107.0,95.0,97.0,52,73,75,78,75.0,87.0,88.0,133.0,177.0,203.0,220.0
12,243,270,301.0,217,217.0,197,203.0,207,237.0,304,329.0,329.0,253.0,147,107,70,85,83.0,78.0,110.0,170.0,287.0,315.0,369.0
13,345,342,369.0,375,382.0,371,390.0,401,407.0,402,410.0,444.0,432.0,376,356,385,318,362.0,362.0,366.0,393.0,388.0,404.0,407.0
14,435,435,425.0,437,425.0,428,411.0,426,427.0,418,429.0,426.0,404.0,397,366,359,362,306.0,312.0,332.0,363.0,398.0,388.0,418.0
15,437,423,440.0,432,431.0,424,418.0,411,413.0,405,410.0,436.0,457.0,385,338,318,293,302.0,297.0,311.0,342.0,359.0,407.0,447.0
16,407,425,423.0,414,413.0,386,411.0,422,426.0,417,424.0,489.0,500.0,500,500,500,452,436.0,422.0,429.0,431.0,465.0,443.0,444.0
17,438,465,466.0,462,449.0,437,434.0,426,416.0,400,422.0,451.0,450.0,407,359,327,315,314.0,310.0,311.0,329.0,342.0,345.0,348.0
18,346,356,388.0,370,371.0,363,355.0,348,340.0,336,345.0,362.0,358.0,321,260,240,223,197.0,217.0,220.0,230.0,316.0,322.0,315.0
19,321,325,327.0,348,334.0,332,340.0,338,336.0,329,328.0,340.0,311.0,309,243,253,260,240.0,253.0,290.0,341.0,348.0,346.0,382.0
20,373,357,355.0,358,350.0,341,339.0,356,341.0,340,354.0,375.0,385.0,361,324,311,310,280.0,307.0,311.0,328.0,334.0,351.0,341.0
21,341,370,348.0,370,357.0,358,361.0,357,353.0,361,367.0,433.0,424.0,401,353,335,328,329.0,361.0,397.0,419.0,434.0,422.0,416.0
22,411,400,407.0,400,405.0,407,387.0,387,395.0,413,466.0,493.0,456.0,413,342,335,334,327.0,312.0,309.0,315.0,331.0,373.0,344.0
23,348,374,362.0,358,368.0,378,367.0,376,387.0,378,384.0,426.0,419.0,358,367,335,315,316.0,318.0,336.0,351.0,370.0,387.0,406.0
24,400,455,430.0,420,419.0,404,411.0,410,414.0,419,414.0,443.0,453.0,417,422,392,382,362.0,349.0,,366.0,,,
25,403,391,,411,,420,,406,,384,,,,410,382,345,325,327.0,307.0,318.0,323.0,358.0,355.0,342.0
26,356,356,359.0,363,386.0,376,363.0,361,375.0,357,376.0,413.0,405.0,400,382,365,351,365.0,349.0,357.0,379.0,413.0,411.0,406.0
27,434,428,423.0,416,402.0,388,390.0,402,407.0,443,459.0,449.0,413.0,390,392,372,334,332.0,358.0,348.0,378.0,327.0,328.0,329.0
28,333,338,342.0,328,315.0,312,318.0,321,297.0,314,349.0,335.0,325.0,120,93,107,143,67.0,160.0,140.0,133.0,147.0,243.0,260.0
29,243,304,310.0,200,220.0,203,193.0,183,203.0,237,293.0,332.0,366.0,378,358,333,331,336.0,335.0,345.0,361.0,354.0,386.0,404.0
30,362,407,406.0,395,395.0,429,411.0,407,387.0,387,396.0,407.0,438.0,440,408,395,387,384.0,395.0,411.0,416.0,422.0,378.0,362.0
"
"
December-2023,00:00:00,01:00:00,02:00:00,03:00:00,04:00:00,05:00:00,06:00:00,07:00:00,08:00:00,09:00:00,10:00:00,11:00:00,12:00:00,13:00:00,14:00:00,15:00:00,16:00:00,17:00:00,18:00:00,19:00:00,20:00:00,21:00:00,22:00:00,23:00:00
1,346,331.0,324.0,325.0,332.0,332.0,332.0,325.0,318.0,322.0,337.0,384,419.0,404.0,382.0,417.0,378.0,335.0,348.0,358,398,404.0,418.0,413
2,407,376.0,353.0,318.0,307.0,270.0,183.0,230.0,240.0,213.0,207.0,213,230.0,324.0,319.0,297.0,193.0,310.0,170.0,207,223,267.0,297.0,328
3,307,293.0,293.0,223.0,213.0,38.0,40.0,35.0,40.0,44.0,197.0,180,297.0,55.0,207.0,193.0,217.0,203.0,280.0,308,329,325.0,332.0,341
4,332,320.0,331.0,316.0,309.0,306.0,297.0,305.0,293.0,287.0,302.0,327,325.0,314.0,318.0,260.0,267.0,170.0,97.0,113,203,207.0,320.0,325
5,314,323.0,315.0,327.0,324.0,335.0,340.0,338.0,411.0,453.0,373.0,401,390.0,304.0,213.0,290.0,193.0,123.0,120.0,140,217,305.0,310.0,319
6,314,328.0,321.0,315.0,312.0,306.0,303.0,302.0,304.0,290.0,310.0,328,324.0,310.0,273.0,240.0,107.0,97.0,72.0,75,177,230.0,314.0,308
7,308,308.0,305.0,309.0,306.0,309.0,308.0,310.0,297.0,308.0,318.0,344,349.0,328.0,318.0,312.0,257.0,213.0,147.0,280,302,314.0,328.0,324
8,328,323.0,314.0,304.0,302.0,312.0,312.0,307.0,305.0,297.0,305.0,302,332.0,310.0,243.0,217.0,167.0,167.0,147.0,177,220,315.0,302.0,332
9,331,338.0,337.0,316.0,320.0,318.0,309.0,280.0,25.0,240.0,318.0,323,,,,240.0,240.0,163.0,167.0,217,220,301.0,318.0,315
10,325,333.0,345.0,335.0,331.0,321.0,314.0,309.0,290.0,301.0,301.0,314,329.0,315.0,302.0,260.0,297.0,302.0,301.0,302,319,319.0,328.0,319
11,318,328.0,348.0,345.0,318.0,338.0,320.0,306.0,260.0,312.0,310.0,324,307.0,303.0,273.0,223.0,187.0,113.0,110.0,120,230,257.0,203.0,311
12,304,305.0,341.0,334.0,348.0,362.0,333.0,340.0,349.0,351.0,375.0,382,405.0,331.0,301.0,303.0,302.0,303.0,308.0,318,352,362.0,371.0,359
13,367,362.0,410.0,407.0,395.0,406.0,397.0,382.0,369.0,369.0,111.0,434,436.0,385.0,351.0,334.0,327.0,150.0,122.0,217,305,332.0,345.0,332
14,355,362.0,362.0,378.0,344.0,334.0,331.0,318.0,329.0,325.0,332.0,335,335.0,311.0,193.0,107.0,97.0,107.0,140.0,163,187,260.0,280.0,250
15,301,312.0,342.0,320.0,319.0,318.0,331.0,324.0,323.0,314.0,321.0,342,357.0,323.0,297.0,293.0,267.0,237.0,223.0,207,267,290.0,,322
16,332,318.0,344.0,342.0,340.0,331.0,328.0,319.0,303.0,62.0,310.0,341,384.0,362.0,318.0,147.0,72.0,120.0,177.0,200,260,183.0,267.0,305
17,309,316.0,331.0,341.0,355.0,338.0,328.0,310.0,335.0,342.0,401.0,425,411.0,342.0,312.0,250.0,207.0,240.0,267.0,340,336,348.0,356.0,345
18,350,371.0,367.0,354.0,351.0,341.0,331.0,315.0,306.0,309.0,316.0,345,332.0,302.0,240.0,233.0,237.0,157.0,217.0,230,240,260.0,310.0,322
19,320,312.0,293.0,306.0,303.0,311.0,304.0,270.0,233.0,257.0,277.0,309,325.0,273.0,,,,,,42,200,193.0,243.0,293
20,307,290.0,280.0,293.0,257.0,233.0,233.0,203.0,233.0,203.0,207.0,304,320.0,302.0,257.0,233.0,220.0,203.0,197.0,213,257,306.0,315.0,318
21,321,312.0,319.0,310.0,312.0,,,,,,,327,350.0,362.0,329.0,315.0,309.0,305.0,305.0,312,324,336.0,338.0,342
22,375,358.0,361.0,338.0,35.0,36.0,40.0,35.0,290.0,277.0,303.0,334,365.0,362.0,335.0,315.0,323.0,328.0,332.0,335,356,,356.0,102
23,410,422.0,422.0,416.0,429.0,456.0,447.0,465.0,462.0,449.0,440.0,487,499.0,497.0,500.0,500.0,404.0,305.0,322.0,325,339,338.0,335.0,369
24,348,357.0,359.0,418.0,413.0,440.0,420.0,413.0,382.0,371.0,353.0,382,441.0,429.0,348.0,333.0,303.0,319.0,335.0,359,351,375.0,380.0,374
25,361,,,,,,,,,,253.0,287,308.0,325.0,358.0,363.0,345.0,333.0,332.0,339,357,365.0,369.0,361
26,344,323.0,314.0,270.0,55.0,50.0,45.0,48.0,50.0,50.0,260.0,250,260.0,45.0,163.0,185.0,174.0,179.0,52.0,400,384,386.0,398.0,353
27,331,327.0,60.0,332.0,351.0,342.0,349.0,335.0,334.0,328.0,325.0,305,303.0,318.0,315.0,304.0,316.0,345.0,375.0,372,387,378.0,358.0,344
28,335,328.0,315.0,301.0,293.0,280.0,257.0,240.0,187.0,170.0,163.0,183,213.0,,287.0,303.0,304.0,309.0,314.0,327,358,368.0,357.0,354
29,363,357.0,357.0,351.0,335.0,320.0,318.0,311.0,304.0,277.0,277.0,277,305.0,319.0,361.0,420.0,429.0,374.0,363.0,365,365,369.0,431.0,470
30,468,472.0,455.0,441.0,434.0,413.0,404.0,393.0,367.0,358.0,362.0,376,393.0,411.0,423.0,428.0,420.0,417.0,413.0,402,426,437.0,442.0,438
31,431,420.0,418.0,396.0,399.0,392.0,390.0,386.0,376.0,370.0,374.0,379,376.0,393.0,400.0,409.0,406.0,409.0,400.0,405,410,432.0,338.0,327
"
"
